insert into classroom values('H', 236, 24);
insert into classroom values('G', 622, 11);
insert into classroom values('E', 916, 36);
insert into classroom values('J', 479, 60);
insert into classroom values('B', 988, 10);
insert into classroom values('B', 442, 10);
insert into classroom values('G', 584, 44);
insert into classroom values('J', 268, 107);
insert into classroom values('F', 893, 18);
insert into classroom values('F', 98, 107);
insert into department values('SS', 'J', 287072.49);
insert into department values('DK', 'H', 157366.83);
insert into department values('GO', 'E', 932590.51);
insert into department values('GT', 'C', 350868.95);
insert into department values('IF', 'I', 635314.96);
insert into department values('DF', 'G', 848782.76);
insert into department values('RR', 'H', 110369.99);
insert into department values('RQ', 'B', 363025.00);
insert into department values('DE', 'D', 808718.89);
insert into department values('KL', 'G', 800125.22);
insert into course values('525', 'IF0230', 'RQ', 4);
insert into course values('163', 'IF0230', 'RQ', 4);
insert into course values('791', 'IF5555', 'IF', 3);
insert into course values('288', 'IF3120', 'GO', 4);
insert into course values('232', 'IF3030', 'SS', 3);
insert into course values('191', 'IF3333', 'GT', 3);
insert into course values('417', 'IF4321', 'DF', 4);
insert into course values('293', 'IF0230', 'IF', 3);
insert into course values('843', 'IF3120', 'DE', 3);
insert into course values('222', 'IF3031', 'DE', 4);
insert into course values('935', 'IF3030', 'IF', 3);
insert into course values('375', 'IF3031', 'RQ', 4);
insert into course values('610', 'IF3211', 'IF', 3);
insert into course values('386', 'IF4321', 'GO', 3);
insert into course values('571', 'IF5555', 'RR', 4);
insert into course values('455', 'IF4041', 'DE', 3);
insert into course values('827', 'IF0230', 'SS', 4);
insert into course values('787', 'IF3030', 'RQ', 4);
insert into course values('662', 'IF0230', 'RR', 4);
insert into course values('296', 'IF3031', 'RQ', 4);
insert into course values('128', 'IF3030', 'IF', 3);
insert into course values('206', 'IF3120', 'IF', 3);
insert into course values('929', 'IF3333', 'SS', 3);
insert into course values('118', 'IF4321', 'SS', 4);
insert into course values('208', 'IF3022', 'DF', 3);
insert into course values('536', 'IF4321', 'RQ', 3);
insert into course values('900', 'IF0230', 'IF', 4);
insert into course values('707', 'IF3333', 'GT', 4);
insert into course values('310', 'IF3030', 'SS', 3);
insert into course values('737', 'IF4321', 'GT', 4);
insert into course values('478', 'IF3211', 'DE', 4);
insert into course values('355', 'IF5555', 'DK', 4);
insert into course values('855', 'IF3031', 'RQ', 4);
insert into course values('462', 'IF3030', 'GT', 4);
insert into course values('967', 'IF4041', 'RQ', 4);
insert into course values('365', 'IF0230', 'KL', 4);
insert into course values('216', 'IF4321', 'DE', 3);
insert into course values('932', 'IF3333', 'GO', 4);
insert into course values('762', 'IF3120', 'IF', 4);
insert into course values('955', 'IF3022', 'IF', 3);
insert into course values('774', 'IF3030', 'GO', 4);
insert into course values('784', 'IF3031', 'RR', 3);
insert into course values('418', 'IF5555', 'DE', 4);
insert into course values('873', 'IF3022', 'GO', 4);
insert into course values('182', 'IF0230', 'GO', 4);
insert into course values('271', 'IF3333', 'RR', 3);
insert into course values('409', 'IF4321', 'DK', 4);
insert into course values('521', 'IF3022', 'SS', 3);
insert into course values('289', 'IF3030', 'DE', 4);
insert into course values('805', 'IF3120', 'DF', 4);
insert into course values('252', 'IF3211', 'GT', 3);
insert into course values('593', 'IF3333', 'DF', 4);
insert into course values('821', 'IF3030', 'GO', 4);
insert into course values('602', 'IF5555', 'DE', 4);
insert into course values('548', 'IF3120', 'RR', 3);
insert into course values('950', 'IF5555', 'GO', 4);
insert into course values('638', 'IF4321', 'DF', 4);
insert into course values('712', 'IF3030', 'DF', 3);
insert into course values('130', 'IF3031', 'RQ', 3);
insert into course values('338', 'IF4041', 'GT', 4);
insert into course values('225', 'IF3333', 'SS', 3);
insert into course values('876', 'IF3022', 'RR', 3);
insert into course values('918', 'IF4321', 'DF', 3);
insert into course values('598', 'IF3211', 'DK', 3);
insert into course values('323', 'IF3022', 'RQ', 4);
insert into course values('308', 'IF3333', 'DE', 3);
insert into course values('382', 'IF3030', 'GO', 4);
insert into course values('733', 'IF5555', 'DE', 4);
insert into course values('666', 'IF3120', 'RR', 3);
insert into course values('298', 'IF5555', 'GO', 3);
insert into course values('669', 'IF0230', 'DK', 3);
insert into course values('384', 'IF0230', 'IF', 3);
insert into course values('724', 'IF3030', 'RQ', 3);
insert into course values('757', 'IF4041', 'KL', 4);
insert into course values('120', 'IF3333', 'KL', 3);
insert into course values('753', 'IF3120', 'RR', 3);
insert into course values('908', 'IF3022', 'DF', 3);
insert into course values('519', 'IF3333', 'RQ', 3);
insert into course values('981', 'IF5555', 'RR', 3);
insert into course values('991', 'IF4321', 'RQ', 3);
insert into course values('138', 'IF5555', 'IF', 3);
insert into course values('443', 'IF3031', 'IF', 3);
insert into course values('719', 'IF3030', 'RR', 4);
insert into course values('711', 'IF3030', 'IF', 4);
insert into course values('581', 'IF3211', 'RQ', 3);
insert into course values('109', 'IF3120', 'SS', 4);
insert into course values('634', 'IF3333', 'RR', 4);
insert into course values('714', 'IF3333', 'GT', 3);
insert into course values('260', 'IF4321', 'DE', 3);
insert into course values('464', 'IF4041', 'GO', 3);
insert into course values('330', 'IF3120', 'GO', 4);
insert into course values('928', 'IF3030', 'DK', 4);
insert into course values('611', 'IF3333', 'SS', 4);
insert into course values('473', 'IF4321', 'SS', 3);
insert into course values('615', 'IF3333', 'DK', 3);
insert into course values('658', 'IF3120', 'GT', 3);
insert into course values('508', 'IF3120', 'DE', 4);
insert into course values('889', 'IF3030', 'SS', 3);
insert into course values('397', 'IF3120', 'SS', 3);
insert into course values('962', 'IF3333', 'KL', 4);
insert into course values('209', 'IF3211', 'GO', 3);
insert into course values('145', 'IF5555', 'GT', 3);
insert into course values('804', 'IF3031', 'DK', 4);
insert into course values('789', 'IF3022', 'RQ', 3);
insert into course values('931', 'IF4041', 'KL', 3);
insert into course values('718', 'IF3031', 'KL', 3);
insert into course values('103', 'IF3211', 'RQ', 3);
insert into course values('377', 'IF3120', 'DE', 3);
insert into course values('809', 'IF0230', 'GT', 3);
insert into course values('471', 'IF3030', 'GT', 3);
insert into course values('575', 'IF3333', 'IF', 4);
insert into course values('512', 'IF3031', 'RQ', 4);
insert into course values('944', 'IF3211', 'GT', 4);
insert into course values('992', 'IF3031', 'RQ', 4);
insert into course values('588', 'IF0230', 'SS', 4);
insert into course values('874', 'IF3333', 'RR', 3);
insert into course values('119', 'IF3030', 'GO', 3);
insert into course values('919', 'IF3030', 'DF', 4);
insert into course values('875', 'IF3031', 'GO', 3);
insert into course values('814', 'IF3211', 'IF', 3);
insert into course values('214', 'IF4321', 'DE', 3);
insert into course values('477', 'IF3333', 'GO', 3);
insert into course values('800', 'IF3333', 'SS', 4);
insert into course values('660', 'IF0230', 'SS', 3);
insert into course values('716', 'IF3211', 'KL', 4);
insert into course values('798', 'IF3022', 'RQ', 4);
insert into course values('104', 'IF3120', 'GO', 4);
insert into course values('423', 'IF0230', 'RQ', 4);
insert into course values('294', 'IF4321', 'GT', 4);
insert into course values('676', 'IF5555', 'GT', 4);
insert into course values('574', 'IF0230', 'GT', 4);
insert into course values('396', 'IF0230', 'RR', 3);
insert into course values('385', 'IF3022', 'RR', 3);
insert into course values('265', 'IF5555', 'RR', 4);
insert into course values('693', 'IF3211', 'SS', 3);
insert into course values('906', 'IF3030', 'RR', 3);
insert into course values('165', 'IF3120', 'DK', 3);
insert into course values('402', 'IF3022', 'DF', 3);
insert into course values('184', 'IF3120', 'KL', 4);
insert into course values('832', 'IF3333', 'DK', 3);
insert into course values('697', 'IF4041', 'RR', 4);
insert into course values('580', 'IF3333', 'DE', 3);
insert into course values('591', 'IF3031', 'DK', 4);
insert into course values('617', 'IF5555', 'KL', 4);
insert into course values('325', 'IF3022', 'RR', 3);
insert into course values('297', 'IF3031', 'DK', 4);
insert into course values('871', 'IF3022', 'IF', 3);
insert into course values('771', 'IF4041', 'RR', 4);
insert into course values('686', 'IF0230', 'DK', 4);
insert into course values('322', 'IF4321', 'RR', 4);
insert into course values('204', 'IF4321', 'RR', 4);
insert into course values('390', 'IF4041', 'DF', 4);
insert into course values('655', 'IF3333', 'SS', 3);
insert into course values('651', 'IF4041', 'GO', 4);
insert into course values('594', 'IF3022', 'SS', 3);
insert into course values('664', 'IF4321', 'RR', 3);
insert into course values('123', 'IF3211', 'GT', 3);
insert into course values('192', 'IF3022', 'IF', 4);
insert into course values('547', 'IF3031', 'KL', 3);
insert into course values('328', 'IF3022', 'DK', 4);
insert into course values('703', 'IF4321', 'DE', 4);
insert into course values('569', 'IF0230', 'GO', 3);
insert into course values('280', 'IF3030', 'KL', 3);
insert into course values('782', 'IF4041', 'DK', 4);
insert into course values('925', 'IF4041', 'RQ', 4);
insert into course values('807', 'IF3211', 'GT', 3);
insert into course values('878', 'IF3030', 'IF', 3);
insert into course values('738', 'IF3120', 'IF', 4);
insert into course values('115', 'IF4321', 'SS', 3);
insert into course values('162', 'IF3120', 'SS', 3);
insert into course values('248', 'IF3022', 'DK', 3);
insert into course values('635', 'IF3120', 'GO', 3);
insert into course values('659', 'IF4321', 'RQ', 3);
insert into course values('490', 'IF3030', 'DF', 4);
insert into course values('351', 'IF3120', 'GO', 4);
insert into course values('198', 'IF3333', 'IF', 3);
insert into course values('728', 'IF3333', 'GO', 4);
insert into course values('623', 'IF3333', 'GT', 3);
insert into course values('606', 'IF4321', 'DE', 3);
insert into course values('284', 'IF3211', 'GO', 4);
insert into course values('341', 'IF5555', 'RQ', 3);
insert into course values('801', 'IF3333', 'DE', 4);
insert into course values('834', 'IF5555', 'RQ', 4);
insert into course values('657', 'IF0230', 'DF', 4);
insert into course values('281', 'IF3333', 'DK', 4);
insert into course values('854', 'IF3211', 'DE', 3);
insert into course values('622', 'IF3030', 'DE', 4);
insert into course values('978', 'IF3031', 'GT', 4);
insert into course values('108', 'IF3120', 'IF', 4);
insert into course values('973', 'IF5555', 'DE', 4);
insert into course values('379', 'IF3031', 'GT', 3);
insert into course values('452', 'IF0230', 'KL', 4);
insert into course values('652', 'IF3022', 'IF', 3);
insert into course values('510', 'IF4321', 'DK', 4);
insert into course values('549', 'IF3211', 'GT', 3);
insert into course values('236', 'IF0230', 'RR', 4);
insert into course values('466', 'IF3022', 'RQ', 3);
insert into course values('247', 'IF4321', 'RQ', 3);
insert into course values('388', 'IF3211', 'DE', 4);
insert into course values('279', 'IF3120', 'DF', 3);
insert into instructor values('35153', 'Adri', 'GT', 107526.69);
insert into instructor values('84835', 'Ahmad', 'KL', 84306.90);
insert into instructor values('655', 'Yohan', 'IF', 113163.84);
insert into instructor values('52066', 'Ahmad', 'RQ', 35481.43);
insert into instructor values('12674', 'Yohan', 'GO', 110333.61);
insert into instructor values('25168', 'Ahmad', 'SS', 115755.27);
insert into instructor values('65959', 'Yohan', 'RR', 33507.08);
insert into instructor values('161', 'Yohan', 'IF', 111245.77);
insert into instructor values('39640', 'Josu', 'GT', 78844.77);
insert into instructor values('20713', 'Kiki', 'DE', 95464.82);
insert into instructor values('74261', 'Yohan', 'GT', 85403.89);
insert into instructor values('83106', 'Ahmad', 'KL', 56120.66);
insert into instructor values('74015', 'Ahmad', 'GO', 86304.54);
insert into instructor values('67940', 'Adri', 'GO', 88444.05);
insert into instructor values('61143', 'rahmat', 'DK', 34826.15);
insert into instructor values('73931', 'rahmat', 'IF', 41894.54);
insert into instructor values('45955', 'yuyun', 'GT', 121831.36);
insert into instructor values('44085', 'Adri', 'DF', 76341.63);
insert into instructor values('32745', 'Josu', 'IF', 52965.14);
insert into instructor values('59904', 'Budi', 'DE', 43677.99);
insert into instructor values('32050', 'Budi', 'RQ', 46752.84);
insert into instructor values('84624', 'Ande', 'DF', 61311.13);
insert into instructor values('62920', 'Ahmad', 'GT', 48021.52);
insert into instructor values('42982', 'Budi', 'RQ', 85092.32);
insert into instructor values('47383', 'Budi', 'RQ', 124994.94);
insert into instructor values('68585', 'rahmat', 'RR', 120980.54);
insert into instructor values('2895', 'Johan', 'GO', 32963.10);
insert into instructor values('31681', 'yuyun', 'RR', 37102.04);
insert into instructor values('93344', 'Adri', 'RQ', 82603.10);
insert into instructor values('96598', 'Kiki', 'GO', 50854.63);
insert into instructor values('71164', 'Ahmad', 'DF', 46828.97);
insert into instructor values('6357', 'Kiki', 'KL', 69319.11);
insert into instructor values('68120', 'Yohan', 'RQ', 76473.70);
insert into instructor values('89803', 'Adri', 'DF', 55478.27);
insert into instructor values('91786', 'Josu', 'RR', 72157.76);
insert into instructor values('61735', 'rahmat', 'GO', 77607.46);
insert into instructor values('35980', 'Johan', 'IF', 77373.77);
insert into instructor values('7420', 'rahmat', 'DK', 74688.95);
insert into instructor values('74295', 'Yohan', 'DK', 116118.34);
insert into instructor values('68732', 'Ande', 'KL', 36815.43);
insert into instructor values('60712', 'yuyun', 'DK', 97327.18);
insert into instructor values('51037', 'Adri', 'RQ', 56286.42);
insert into instructor values('21311', 'Johan', 'GO', 47921.05);
insert into instructor values('32055', 'Kiki', 'RQ', 52464.67);
insert into instructor values('84538', 'Yohan', 'GO', 116445.39);
insert into instructor values('26052', 'Adri', 'KL', 111447.76);
insert into instructor values('59262', 'rahmat', 'GT', 110087.52);
insert into instructor values('29343', 'Yohan', 'DK', 110223.48);
insert into instructor values('50638', 'Johan', 'DK', 89280.97);
insert into instructor values('92165', 'yuyun', 'GO', 114215.96);
insert into section values('784', '1', 'Fall', 2010, 'H', '236', 'C');
insert into section values('508', '1', 'Spring', 2003, 'B', '988', 'J');
insert into section values('714', '1', 'Fall', 2008, 'J', '268', 'E');
insert into section values('581', '1', 'Fall', 2010, 'G', '584', 'N');
insert into section values('574', '1', 'Spring', 2010, 'G', '584', 'O');
insert into section values('128', '1', 'Spring', 2004, 'B', '442', 'K');
insert into section values('622', '1', 'Spring', 2002, 'E', '916', 'O');
insert into section values('382', '1', 'Spring', 2004, 'G', '584', 'E');
insert into section values('789', '1', 'Spring', 2004, 'E', '916', 'B');
insert into section values('145', '1', 'Spring', 2003, 'G', '584', 'B');
insert into section values('771', '1', 'Spring', 2009, 'E', '916', 'N');
insert into section values('925', '1', 'Fall', 2003, 'E', '916', 'I');
insert into section values('365', '1', 'Fall', 2009, 'G', '584', 'K');
insert into section values('932', '1', 'Fall', 2002, 'H', '236', 'O');
insert into section values('611', '1', 'Fall', 2005, 'G', '622', 'J');
insert into section values('716', '1', 'Fall', 2004, 'F', '893', 'B');
insert into section values('208', '1', 'Fall', 2010, 'F', '893', 'P');
insert into section values('418', '1', 'Fall', 2004, 'H', '236', 'B');
insert into section values('182', '1', 'Spring', 2002, 'G', '584', 'E');
insert into section values('900', '1', 'Spring', 2007, 'J', '479', 'D');
insert into section values('801', '1', 'Spring', 2003, 'H', '236', 'J');
insert into section values('900', '2', 'Fall', 2003, 'G', '622', 'J');
insert into section values('834', '1', 'Fall', 2007, 'F', '98', 'P');
insert into section values('260', '1', 'Spring', 2008, 'J', '268', 'D');
insert into section values('462', '1', 'Spring', 2007, 'J', '268', 'B');
insert into section values('271', '1', 'Spring', 2010, 'G', '622', 'M');
insert into section values('962', '1', 'Spring', 2007, 'B', '442', 'H');
insert into section values('854', '1', 'Fall', 2001, 'H', '236', 'D');
insert into section values('325', '1', 'Fall', 2006, 'G', '622', 'L');
insert into section values('162', '1', 'Spring', 2007, 'B', '988', 'O');
insert into section values('827', '1', 'Spring', 2003, 'F', '98', 'O');
insert into section values('973', '1', 'Fall', 2010, 'F', '893', 'M');
insert into section values('365', '2', 'Spring', 2002, 'B', '442', 'I');
insert into section values('925', '2', 'Spring', 2004, 'F', '893', 'F');
insert into section values('874', '1', 'Spring', 2002, 'H', '236', 'L');
insert into section values('928', '1', 'Spring', 2002, 'G', '622', 'A');
insert into section values('471', '1', 'Spring', 2009, 'F', '98', 'I');
insert into section values('757', '1', 'Fall', 2008, 'E', '916', 'J');
insert into section values('390', '1', 'Spring', 2002, 'J', '479', 'H');
insert into section values('611', '2', 'Spring', 2006, 'G', '622', 'D');
insert into section values('289', '1', 'Spring', 2010, 'B', '442', 'G');
insert into section values('594', '1', 'Spring', 2010, 'E', '916', 'F');
insert into section values('214', '1', 'Spring', 2009, 'J', '479', 'O');
insert into section values('323', '1', 'Spring', 2004, 'J', '268', 'O');
insert into section values('417', '1', 'Fall', 2007, 'G', '584', 'N');
insert into section values('548', '1', 'Spring', 2005, 'J', '268', 'D');
insert into section values('462', '2', 'Fall', 2008, 'J', '479', 'J');
insert into section values('762', '1', 'Spring', 2008, 'G', '622', 'N');
insert into section values('123', '1', 'Fall', 2006, 'J', '268', 'M');
insert into section values('328', '1', 'Fall', 2005, 'J', '268', 'K');
insert into section values('676', '1', 'Spring', 2006, 'H', '236', 'L');
insert into section values('265', '1', 'Fall', 2010, 'G', '622', 'A');
insert into section values('120', '1', 'Spring', 2005, 'G', '622', 'B');
insert into section values('935', '1', 'Spring', 2006, 'G', '622', 'B');
insert into section values('932', '2', 'Fall', 2007, 'B', '442', 'H');
insert into section values('549', '1', 'Spring', 2008, 'E', '916', 'D');
insert into section values('814', '1', 'Fall', 2001, 'F', '893', 'G');
insert into section values('666', '1', 'Spring', 2008, 'B', '442', 'P');
insert into section values('208', '2', 'Spring', 2009, 'J', '268', 'N');
insert into section values('386', '1', 'Fall', 2002, 'B', '988', 'P');
insert into section values('652', '1', 'Spring', 2005, 'F', '893', 'I');
insert into section values('490', '1', 'Spring', 2008, 'E', '916', 'C');
insert into section values('929', '1', 'Spring', 2010, 'F', '893', 'H');
insert into section values('310', '1', 'Fall', 2004, 'J', '479', 'F');
insert into section values('617', '1', 'Fall', 2003, 'G', '622', 'N');
insert into section values('664', '1', 'Fall', 2010, 'F', '98', 'D');
insert into section values('834', '2', 'Fall', 2003, 'F', '98', 'N');
insert into section values('664', '2', 'Fall', 2008, 'B', '442', 'G');
insert into section values('655', '1', 'Spring', 2007, 'J', '268', 'L');
insert into section values('981', '1', 'Spring', 2008, 'B', '988', 'K');
insert into section values('384', '1', 'Spring', 2009, 'B', '988', 'K');
insert into section values('929', '2', 'Spring', 2008, 'H', '236', 'E');
insert into section values('165', '1', 'Fall', 2004, 'F', '893', 'I');
insert into section values('978', '1', 'Spring', 2007, 'F', '893', 'F');
insert into section values('791', '1', 'Spring', 2003, 'H', '236', 'P');
insert into section values('271', '2', 'Fall', 2008, 'G', '584', 'K');
insert into section values('714', '2', 'Fall', 2001, 'B', '988', 'C');
insert into section values('598', '1', 'Fall', 2010, 'F', '98', 'D');
insert into section values('519', '1', 'Spring', 2008, 'F', '893', 'D');
insert into section values('338', '1', 'Fall', 2009, 'B', '988', 'N');
insert into section values('247', '1', 'Fall', 2001, 'B', '442', 'F');
insert into section values('443', '1', 'Fall', 2006, 'H', '236', 'K');
insert into section values('464', '1', 'Fall', 2005, 'G', '584', 'M');
insert into section values('662', '1', 'Spring', 2004, 'F', '893', 'N');
insert into section values('330', '1', 'Fall', 2002, 'E', '916', 'I');
insert into section values('232', '1', 'Fall', 2006, 'G', '584', 'N');
insert into section values('103', '1', 'Fall', 2007, 'G', '584', 'E');
insert into section values('547', '1', 'Fall', 2005, 'B', '988', 'C');
insert into section values('265', '2', 'Spring', 2007, 'B', '442', 'E');
insert into section values('638', '1', 'Spring', 2007, 'G', '622', 'B');
insert into section values('686', '1', 'Fall', 2003, 'G', '622', 'H');
insert into section values('807', '1', 'Spring', 2005, 'F', '893', 'D');
insert into section values('991', '1', 'Spring', 2007, 'J', '268', 'J');
insert into section values('182', '2', 'Spring', 2009, 'F', '893', 'H');
insert into section values('478', '1', 'Spring', 2005, 'H', '236', 'A');
insert into section values('452', '1', 'Spring', 2007, 'G', '622', 'P');
insert into section values('536', '1', 'Fall', 2007, 'B', '988', 'D');
insert into section values('622', '2', 'Fall', 2010, 'F', '98', 'K');
insert into section values('198', '1', 'Spring', 2010, 'G', '584', 'P');
insert into section values('950', '1', 'Fall', 2008, 'F', '98', 'A');
insert into section values('889', '1', 'Spring', 2001, 'J', '268', 'B');
insert into section values('571', '1', 'Fall', 2006, 'G', '584', 'L');
insert into section values('145', '2', 'Spring', 2004, 'G', '622', 'C');
insert into section values('478', '2', 'Fall', 2010, 'B', '988', 'O');
insert into section values('593', '1', 'Spring', 2008, 'J', '479', 'F');
insert into section values('108', '1', 'Fall', 2005, 'B', '442', 'O');
insert into section values('591', '1', 'Spring', 2007, 'E', '916', 'D');
insert into section values('208', '3', 'Fall', 2010, 'J', '268', 'A');
insert into section values('935', '2', 'Fall', 2003, 'J', '479', 'K');
insert into section values('109', '1', 'Fall', 2008, 'F', '98', 'B');
insert into section values('409', '1', 'Fall', 2004, 'F', '893', 'K');
insert into section values('804', '1', 'Spring', 2009, 'J', '268', 'P');
insert into section values('351', '1', 'Spring', 2006, 'G', '622', 'O');
insert into section values('265', '3', 'Fall', 2001, 'G', '584', 'J');
insert into section values('906', '1', 'Spring', 2005, 'J', '268', 'E');
insert into section values('388', '1', 'Spring', 2006, 'H', '236', 'L');
insert into section values('115', '1', 'Spring', 2003, 'J', '268', 'D');
insert into section values('108', '2', 'Spring', 2005, 'F', '98', 'M');
insert into section values('955', '1', 'Fall', 2004, 'H', '236', 'E');
insert into section values('800', '1', 'Spring', 2001, 'J', '268', 'L');
insert into section values('330', '2', 'Spring', 2010, 'E', '916', 'A');
insert into section values('878', '1', 'Spring', 2004, 'G', '584', 'A');
insert into section values('119', '1', 'Fall', 2002, 'B', '988', 'H');
insert into section values('908', '1', 'Spring', 2003, 'J', '479', 'E');
insert into section values('284', '1', 'Fall', 2007, 'G', '584', 'A');
insert into section values('464', '2', 'Fall', 2002, 'J', '479', 'C');
insert into section values('225', '1', 'Fall', 2007, 'G', '584', 'E');
insert into section values('103', '2', 'Fall', 2009, 'F', '893', 'B');
insert into section values('918', '1', 'Fall', 2006, 'G', '622', 'F');
insert into section values('771', '2', 'Spring', 2010, 'F', '98', 'E');
insert into section values('525', '1', 'Spring', 2009, 'J', '479', 'B');
insert into section values('908', '2', 'Fall', 2010, 'G', '622', 'F');
insert into section values('549', '2', 'Fall', 2005, 'B', '442', 'D');
insert into section values('575', '1', 'Fall', 2008, 'J', '479', 'I');
insert into section values('598', '2', 'Fall', 2004, 'B', '988', 'I');
insert into section values('814', '2', 'Fall', 2002, 'B', '442', 'O');
insert into section values('192', '1', 'Spring', 2005, 'F', '98', 'G');
insert into section values('402', '1', 'Fall', 2008, 'J', '268', 'K');
insert into section values('657', '1', 'Fall', 2005, 'B', '442', 'N');
insert into section values('821', '1', 'Spring', 2009, 'J', '479', 'B');
insert into section values('874', '2', 'Spring', 2008, 'B', '442', 'M');
insert into section values('874', '3', 'Fall', 2008, 'B', '442', 'G');
insert into section values('669', '1', 'Fall', 2008, 'G', '584', 'O');
insert into section values('791', '2', 'Fall', 2008, 'F', '893', 'I');
insert into section values('962', '2', 'Spring', 2003, 'B', '988', 'H');
insert into section values('478', '3', 'Fall', 2004, 'J', '479', 'C');
insert into section values('525', '2', 'Fall', 2002, 'H', '236', 'C');
insert into section values('192', '2', 'Spring', 2002, 'B', '988', 'K');
insert into section values('130', '1', 'Fall', 2005, 'G', '584', 'G');
insert into section values('807', '2', 'Fall', 2008, 'G', '622', 'K');
insert into section values('252', '1', 'Spring', 2006, 'E', '916', 'C');
insert into section values('805', '1', 'Spring', 2007, 'F', '98', 'N');
insert into section values('118', '1', 'Spring', 2006, 'F', '98', 'G');
insert into section values('396', '1', 'Fall', 2001, 'E', '916', 'E');
insert into section values('809', '1', 'Spring', 2003, 'G', '584', 'M');
insert into section values('575', '2', 'Spring', 2006, 'F', '98', 'H');
insert into section values('548', '2', 'Fall', 2008, 'F', '98', 'A');
insert into section values('252', '2', 'Spring', 2004, 'E', '916', 'G');
insert into section values('108', '3', 'Fall', 2005, 'J', '268', 'C');
insert into section values('889', '2', 'Spring', 2001, 'H', '236', 'B');
insert into section values('854', '2', 'Fall', 2004, 'G', '622', 'H');
insert into section values('611', '3', 'Spring', 2001, 'H', '236', 'H');
insert into section values('298', '1', 'Fall', 2006, 'F', '893', 'H');
insert into section values('519', '2', 'Spring', 2006, 'G', '622', 'G');
insert into section values('784', '2', 'Fall', 2001, 'B', '442', 'E');
insert into section values('787', '1', 'Spring', 2005, 'B', '988', 'G');
insert into section values('281', '1', 'Fall', 2004, 'J', '268', 'C');
insert into section values('809', '2', 'Fall', 2010, 'B', '442', 'E');
insert into section values('288', '1', 'Fall', 2003, 'E', '916', 'O');
insert into section values('548', '3', 'Fall', 2004, 'B', '988', 'G');
insert into section values('651', '1', 'Spring', 2010, 'B', '442', 'O');
insert into section values('351', '2', 'Fall', 2006, 'J', '479', 'G');
insert into section values('191', '1', 'Fall', 2010, 'F', '893', 'I');
insert into section values('409', '2', 'Fall', 2003, 'H', '236', 'A');
insert into section values('236', '1', 'Fall', 2001, 'G', '584', 'L');
insert into section values('128', '2', 'Fall', 2009, 'F', '98', 'C');
insert into section values('297', '1', 'Fall', 2007, 'G', '584', 'H');
insert into section values('738', '1', 'Fall', 2004, 'F', '893', 'F');
insert into section values('293', '1', 'Fall', 2007, 'H', '236', 'E');
insert into section values('992', '1', 'Fall', 2007, 'G', '622', 'M');
insert into section values('397', '1', 'Fall', 2001, 'F', '893', 'M');
insert into section values('809', '3', 'Fall', 2010, 'G', '622', 'B');
insert into section values('918', '2', 'Fall', 2002, 'J', '479', 'L');
insert into section values('834', '3', 'Spring', 2008, 'B', '988', 'N');
insert into section values('800', '2', 'Fall', 2006, 'J', '479', 'G');
insert into section values('397', '2', 'Fall', 2007, 'J', '268', 'M');
insert into section values('279', '1', 'Spring', 2002, 'J', '479', 'P');
insert into section values('138', '1', 'Spring', 2001, 'B', '442', 'B');
insert into section values('932', '3', 'Fall', 2004, 'H', '236', 'B');
insert into section values('652', '2', 'Fall', 2007, 'G', '584', 'D');
insert into section values('588', '1', 'Spring', 2005, 'J', '479', 'C');
insert into section values('655', '2', 'Spring', 2005, 'G', '584', 'D');
insert into section values('762', '2', 'Fall', 2002, 'F', '893', 'K');
insert into section values('325', '2', 'Spring', 2005, 'H', '236', 'K');
insert into section values('782', '1', 'Fall', 2008, 'G', '622', 'J');
insert into section values('929', '3', 'Spring', 2003, 'F', '893', 'A');
insert into section values('738', '2', 'Fall', 2009, 'E', '916', 'G');
insert into section values('908', '3', 'Spring', 2004, 'F', '893', 'P');
insert into section values('707', '1', 'Fall', 2005, 'G', '622', 'F');
insert into section values('733', '1', 'Spring', 2006, 'B', '988', 'B');
insert into teaches values('26052', '962', '2', 'Spring', 2003);
insert into teaches values('32055', '834', '3', 'Spring', 2008);
insert into teaches values('89803', '490', '1', 'Spring', 2008);
insert into teaches values('35980', '935', '1', 'Spring', 2006);
insert into teaches values('59262', '809', '3', 'Fall', 2010);
insert into teaches values('32055', '581', '1', 'Fall', 2010);
insert into teaches values('35980', '108', '2', 'Spring', 2005);
insert into teaches values('84538', '950', '1', 'Fall', 2008);
insert into teaches values('45955', '145', '1', 'Spring', 2003);
insert into teaches values('59904', '801', '1', 'Spring', 2003);
insert into teaches values('89803', '402', '1', 'Fall', 2008);
insert into teaches values('91786', '874', '3', 'Fall', 2008);
insert into teaches values('92165', '382', '1', 'Spring', 2004);
insert into teaches values('25168', '655', '2', 'Spring', 2005);
insert into teaches values('26052', '452', '1', 'Spring', 2007);
insert into teaches values('92165', '288', '1', 'Fall', 2003);
insert into teaches values('25168', '594', '1', 'Spring', 2010);
insert into teaches values('92165', '932', '3', 'Fall', 2004);
insert into teaches values('91786', '906', '1', 'Spring', 2005);
insert into teaches values('91786', '771', '1', 'Spring', 2009);
insert into teaches values('59262', '471', '1', 'Spring', 2009);
insert into teaches values('35980', '575', '1', 'Fall', 2008);
insert into teaches values('92165', '182', '2', 'Spring', 2009);
insert into teaches values('59262', '252', '1', 'Spring', 2006);
insert into teaches values('25168', '929', '1', 'Spring', 2010);
insert into teaches values('59262', '462', '2', 'Fall', 2008);
insert into teaches values('92165', '351', '2', 'Fall', 2006);
insert into teaches values('92165', '284', '1', 'Fall', 2007);
insert into teaches values('35980', '762', '2', 'Fall', 2002);
insert into teaches values('25168', '397', '2', 'Fall', 2007);
insert into teaches values('59262', '191', '1', 'Fall', 2010);
insert into teaches values('59904', '478', '1', 'Spring', 2005);
insert into teaches values('35980', '652', '1', 'Spring', 2005);
insert into teaches values('32055', '834', '2', 'Fall', 2003);
insert into teaches values('59904', '260', '1', 'Spring', 2008);
insert into teaches values('59262', '714', '2', 'Fall', 2001);
insert into teaches values('50638', '782', '1', 'Fall', 2008);
insert into teaches values('32055', '103', '1', 'Fall', 2007);
insert into teaches values('84538', '351', '1', 'Spring', 2006);
insert into teaches values('25168', '611', '1', 'Fall', 2005);
insert into teaches values('59262', '978', '1', 'Spring', 2007);
insert into teaches values('32055', '925', '2', 'Spring', 2004);
insert into teaches values('26052', '716', '1', 'Fall', 2004);
insert into teaches values('25168', '232', '1', 'Fall', 2006);
insert into teaches values('89803', '918', '2', 'Fall', 2002);
insert into teaches values('35980', '814', '1', 'Fall', 2001);
insert into teaches values('91786', '571', '1', 'Fall', 2006);
insert into teaches values('29343', '165', '1', 'Fall', 2004);
insert into teaches values('92165', '182', '1', 'Spring', 2002);
insert into teaches values('62920', '123', '1', 'Fall', 2006);
insert into teaches values('89803', '593', '1', 'Spring', 2008);
insert into teaches values('20713', '478', '2', 'Fall', 2010);
insert into teaches values('91786', '771', '2', 'Spring', 2010);
insert into teaches values('35980', '128', '2', 'Fall', 2009);
insert into teaches values('84538', '119', '1', 'Fall', 2002);
insert into teaches values('92165', '464', '2', 'Fall', 2002);
insert into teaches values('25168', '310', '1', 'Fall', 2004);
insert into teaches values('92165', '464', '1', 'Fall', 2005);
insert into teaches values('59262', '809', '1', 'Spring', 2003);
insert into teaches values('32055', '323', '1', 'Spring', 2004);
insert into teaches values('35980', '738', '2', 'Fall', 2009);
insert into teaches values('91786', '664', '2', 'Fall', 2008);
insert into teaches values('62920', '338', '1', 'Fall', 2009);
insert into teaches values('91786', '981', '1', 'Spring', 2008);
insert into teaches values('59262', '574', '1', 'Spring', 2010);
insert into teaches values('50638', '598', '2', 'Fall', 2004);
insert into teaches values('25168', '929', '3', 'Spring', 2003);
insert into teaches values('29343', '328', '1', 'Fall', 2005);
insert into teaches values('91786', '271', '2', 'Fall', 2008);
insert into teaches values('35980', '443', '1', 'Fall', 2006);
insert into teaches values('59904', '854', '1', 'Fall', 2001);
insert into teaches values('32745', '955', '1', 'Fall', 2004);
insert into teaches values('25168', '800', '1', 'Spring', 2001);
insert into teaches values('71164', '657', '1', 'Fall', 2005);
insert into teaches values('31681', '548', '1', 'Spring', 2005);
insert into teaches values('26052', '547', '1', 'Fall', 2005);
insert into teaches values('25168', '611', '2', 'Spring', 2006);
insert into teaches values('93344', '519', '1', 'Spring', 2008);
insert into teaches values('25168', '800', '2', 'Fall', 2006);
insert into teaches values('51037', '103', '2', 'Fall', 2009);
insert into teaches values('35980', '935', '2', 'Fall', 2003);
insert into teaches values('32055', '925', '1', 'Fall', 2003);
insert into teaches values('59262', '807', '2', 'Fall', 2008);
insert into teaches values('91786', '784', '1', 'Fall', 2010);
insert into teaches values('59904', '418', '1', 'Fall', 2004);
insert into teaches values('35980', '738', '1', 'Fall', 2004);
insert into teaches values('25168', '397', '1', 'Fall', 2001);
insert into teaches values('26052', '120', '1', 'Spring', 2005);
insert into teaches values('71164', '918', '1', 'Fall', 2006);
insert into teaches values('92165', '651', '1', 'Spring', 2010);
insert into teaches values('68585', '662', '1', 'Spring', 2004);
insert into teaches values('32745', '108', '3', 'Fall', 2005);
insert into teaches values('25168', '225', '1', 'Fall', 2007);
insert into teaches values('50638', '686', '1', 'Fall', 2003);
insert into teaches values('25168', '889', '2', 'Spring', 2001);
insert into teaches values('71164', '208', '1', 'Fall', 2010);
insert into teaches values('25168', '827', '1', 'Spring', 2003);
insert into teaches values('89803', '390', '1', 'Spring', 2002);
insert into teaches values('89803', '208', '2', 'Spring', 2009);
insert into teaches values('91786', '548', '2', 'Fall', 2008);
insert into student values('46761', 'Yohan', 'DK', 114);
insert into student values('39946', 'Adri', 'GO', 91);
insert into student values('16593', 'Yohan', 'GT', 39);
insert into student values('525', 'Yohan', 'DK', 3);
insert into student values('75505', 'Ahmad', 'GT', 2);
insert into student values('81119', 'Yohan', 'IF', 11);
insert into student values('9548', 'Ande', 'DK', 11);
insert into student values('4176', 'Josu', 'DK', 22);
insert into student values('16557', 'yuyun', 'DF', 94);
insert into student values('63066', 'Yohan', 'GT', 46);
insert into student values('37227', 'Ande', 'DF', 83);
insert into student values('13886', 'Ahmad', 'DE', 113);
insert into student values('73188', 'Kiki', 'DK', 117);
insert into student values('58953', 'Ande', 'DF', 82);
insert into student values('11939', 'Kiki', 'DK', 125);
insert into student values('87955', 'Johan', 'RQ', 79);
insert into student values('44283', 'yuyun', 'DF', 128);
insert into student values('24125', 'Ande', 'DK', 95);
insert into student values('91633', 'Johan', 'RQ', 68);
insert into student values('44833', 'Adri', 'DE', 113);
insert into student values('74635', 'Yohan', 'RR', 126);
insert into student values('3555', 'yuyun', 'DF', 87);
insert into student values('31675', 'Johan', 'SS', 77);
insert into student values('90254', 'Kiki', 'KL', 96);
insert into student values('79770', 'yuyun', 'SS', 87);
insert into student values('29540', 'Yohan', 'KL', 99);
insert into student values('1599', 'Ahmad', 'RR', 22);
insert into student values('95207', 'Josu', 'IF', 10);
insert into student values('61416', 'Johan', 'DF', 57);
insert into student values('27260', 'Ande', 'IF', 6);
insert into student values('44561', 'Ahmad', 'SS', 106);
insert into student values('8648', 'Josu', 'DK', 46);
insert into student values('97914', 'Johan', 'DE', 17);
insert into student values('14389', 'rahmat', 'GT', 47);
insert into student values('5508', 'yuyun', 'GT', 115);
insert into student values('64013', 'Josu', 'RR', 124);
insert into student values('94164', 'yuyun', 'DF', 5);
insert into student values('87165', 'Josu', 'DK', 33);
insert into student values('13167', 'Johan', 'KL', 27);
insert into student values('44723', 'Adri', 'DE', 129);
insert into student values('50300', 'Josu', 'DF', 65);
insert into student values('17056', 'Kiki', 'SS', 3);
insert into student values('2436', 'rahmat', 'IF', 47);
insert into student values('97719', 'Johan', 'DE', 61);
insert into student values('89813', 'Johan', 'RR', 2);
insert into student values('39563', 'Ahmad', 'GO', 122);
insert into student values('74522', 'Johan', 'KL', 56);
insert into student values('73908', 'Kiki', 'DE', 85);
insert into student values('61668', 'Adri', 'IF', 67);
insert into student values('4202', 'Johan', 'DK', 32);
insert into student values('57988', 'Josu', 'DK', 54);
insert into student values('45320', 'Josu', 'IF', 44);
insert into student values('11277', 'Ande', 'KL', 67);
insert into student values('67146', 'rahmat', 'IF', 43);
insert into student values('20566', 'Kiki', 'GT', 51);
insert into student values('99535', 'Budi', 'KL', 80);
insert into student values('96822', 'Josu', 'RR', 6);
insert into student values('15383', 'Josu', 'GT', 5);
insert into student values('73222', 'Ahmad', 'RQ', 69);
insert into student values('70309', 'Yohan', 'RR', 3);
insert into student values('18434', 'Josu', 'GT', 99);
insert into student values('12989', 'rahmat', 'SS', 112);
insert into student values('76359', 'yuyun', 'KL', 22);
insert into student values('12199', 'Johan', 'RQ', 23);
insert into student values('96790', 'Budi', 'KL', 71);
insert into student values('67498', 'Johan', 'DK', 112);
insert into student values('91247', 'Josu', 'DF', 101);
insert into student values('54513', 'Yohan', 'IF', 78);
insert into student values('8567', 'Yohan', 'RR', 60);
insert into student values('52553', 'Kiki', 'RR', 20);
insert into student values('21458', 'yuyun', 'GO', 69);
insert into student values('37056', 'Ahmad', 'KL', 14);
insert into student values('42664', 'Adri', 'DK', 119);
insert into student values('871', 'Josu', 'DE', 53);
insert into student values('85187', 'Ahmad', 'DK', 87);
insert into student values('13617', 'rahmat', 'GO', 109);
insert into student values('6351', 'Josu', 'GO', 75);
insert into student values('36721', 'Johan', 'DK', 127);
insert into student values('96281', 'Ahmad', 'GT', 114);
insert into student values('89503', 'Kiki', 'KL', 5);
insert into student values('23536', 'Ahmad', 'KL', 3);
insert into student values('83635', 'rahmat', 'GT', 38);
insert into student values('16519', 'Kiki', 'IF', 73);
insert into student values('71848', 'Josu', 'KL', 12);
insert into student values('77904', 'Budi', 'GO', 57);
insert into student values('23802', 'Johan', 'KL', 81);
insert into student values('98817', 'Ande', 'GO', 79);
insert into student values('69735', 'Budi', 'DF', 59);
insert into student values('99411', 'rahmat', 'GT', 99);
insert into student values('41394', 'Ande', 'DE', 81);
insert into student values('42077', 'Budi', 'GO', 120);
insert into student values('50235', 'Kiki', 'DF', 48);
insert into student values('43421', 'Kiki', 'DK', 24);
insert into student values('95143', 'Ande', 'DE', 3);
insert into student values('19151', 'Kiki', 'DK', 128);
insert into student values('12862', 'rahmat', 'RQ', 72);
insert into student values('99027', 'Ahmad', 'IF', 98);
insert into student values('12487', 'Budi', 'GO', 65);
insert into student values('58731', 'Ande', 'IF', 17);
insert into student values('61197', 'Budi', 'DE', 45);
insert into takes values('21458', '962', '2', 'Spring', 2003, 'B ');
insert into takes values('87165', '123', '1', 'Fall', 2006, 'A ');
insert into takes values('36721', '384', '1', 'Spring', 2009, 'A-');
insert into takes values('14389', '889', '2', 'Spring', 2001, 'B-');
insert into takes values('39563', '908', '3', 'Spring', 2004, 'B-');
insert into takes values('74522', '182', '2', 'Spring', 2009, 'C-');
insert into takes values('64013', '549', '1', 'Spring', 2008, 'B ');
insert into takes values('70309', '182', '1', 'Spring', 2002, 'A ');
insert into takes values('58731', '638', '1', 'Spring', 2007, 'B-');
insert into takes values('64013', '478', '1', 'Spring', 2005, 'C+');
insert into takes values('15383', '443', '1', 'Fall', 2006, 'C ');
insert into takes values('31675', '384', '1', 'Spring', 2009, 'A ');
insert into takes values('74522', '265', '2', 'Spring', 2007, 'A+');
insert into takes values('89813', '409', '2', 'Fall', 2003, 'B+');
insert into takes values('50235', '814', '1', 'Fall', 2001, 'C-');
insert into takes values('61416', '809', '3', 'Fall', 2010, 'C+');
insert into takes values('37056', '809', '3', 'Fall', 2010, 'C ');
insert into takes values('1599', '669', '1', 'Fall', 2008, 'B ');
insert into takes values('87165', '652', '2', 'Fall', 2007, 'B-');
insert into takes values('14389', '519', '2', 'Spring', 2006, 'B ');
insert into takes values('11277', '591', '1', 'Spring', 2007, 'C+');
insert into takes values('36721', '676', '1', 'Spring', 2006, 'A ');
insert into takes values('95143', '549', '2', 'Fall', 2005, 'B+');
insert into takes values('12487', '714', '1', 'Fall', 2008, 'B ');
insert into takes values('61416', '289', '1', 'Spring', 2010, 'A ');
insert into takes values('63066', '889', '1', 'Spring', 2001, 'A ');
insert into takes values('8648', '478', '1', 'Spring', 2005, 'B-');
insert into takes values('67146', '908', '1', 'Spring', 2003, 'B-');
insert into takes values('75505', '365', '1', 'Fall', 2009, 'B+');
insert into takes values('11277', '611', '1', 'Fall', 2005, 'B-');
insert into takes values('69735', '236', '1', 'Fall', 2001, 'B+');
insert into takes values('41394', '900', '1', 'Spring', 2007, 'A ');
insert into takes values('87165', '655', '2', 'Spring', 2005, 'B ');
insert into takes values('871', '900', '1', 'Spring', 2007, 'A+');
insert into takes values('39946', '452', '1', 'Spring', 2007, 'B ');
insert into takes values('37056', '992', '1', 'Fall', 2007, 'A ');
insert into takes values('45320', '801', '1', 'Spring', 2003, 'A+');
insert into takes values('37227', '707', '1', 'Fall', 2005, 'A+');
insert into takes values('12862', '771', '1', 'Spring', 2009, 'C+');
insert into takes values('12487', '162', '1', 'Spring', 2007, 'A-');
insert into takes values('19151', '929', '1', 'Spring', 2010, 'C ');
insert into takes values('98817', '508', '1', 'Spring', 2003, 'C ');
insert into takes values('4202', '471', '1', 'Spring', 2009, 'C ');
insert into takes values('91633', '252', '2', 'Spring', 2004, 'B-');
insert into takes values('54513', '478', '1', 'Spring', 2005, 'B-');
insert into takes values('74522', '588', '1', 'Spring', 2005, 'C+');
insert into takes values('87955', '874', '3', 'Fall', 2008, 'A ');
insert into takes values('871', '397', '1', 'Fall', 2001, 'C+');
insert into takes values('71848', '478', '2', 'Fall', 2010, 'C-');
insert into takes values('89503', '247', '1', 'Fall', 2001, 'B+');
insert into takes values('52553', '396', '1', 'Fall', 2001, 'B-');
insert into takes values('525', '225', '1', 'Fall', 2007, 'A-');
insert into takes values('91247', '935', '2', 'Fall', 2003, 'B-');
insert into takes values('67146', '591', '1', 'Spring', 2007, 'B+');
insert into takes values('4202', '925', '1', 'Fall', 2003, 'A ');
insert into takes values('74635', '130', '1', 'Fall', 2005, 'C+');
insert into takes values('61416', '247', '1', 'Fall', 2001, 'B+');
insert into takes values('75505', '478', '1', 'Spring', 2005, 'C ');
insert into takes values('12199', '519', '2', 'Spring', 2006, 'A-');
insert into takes values('52553', '525', '1', 'Spring', 2009, 'C ');
insert into takes values('19151', '571', '1', 'Fall', 2006, 'C ');
insert into takes values('58731', '478', '1', 'Spring', 2005, 'C-');
insert into takes values('44723', '108', '3', 'Fall', 2005, 'C-');
insert into takes values('95207', '638', '1', 'Spring', 2007, 'C-');
insert into takes values('58953', '109', '1', 'Fall', 2008, 'C-');
insert into takes values('95207', '409', '2', 'Fall', 2003, 'A+');
insert into takes values('58731', '932', '2', 'Fall', 2007, 'A-');
insert into takes values('63066', '182', '2', 'Spring', 2009, 'C+');
insert into takes values('36721', '279', '1', 'Spring', 2002, 'C ');
insert into takes values('19151', '145', '2', 'Spring', 2004, 'A+');
insert into takes values('23536', '655', '1', 'Spring', 2007, 'B+');
insert into takes values('15383', '809', '2', 'Fall', 2010, 'B ');
insert into takes values('44561', '192', '1', 'Spring', 2005, 'A-');
insert into takes values('29540', '464', '1', 'Fall', 2005, 'C ');
insert into takes values('83635', '598', '1', 'Fall', 2010, 'C ');
insert into takes values('2436', '279', '1', 'Spring', 2002, 'C+');
insert into takes values('41394', '738', '1', 'Fall', 2004, 'B+');
insert into takes values('61668', '932', '1', 'Fall', 2002, 'B+');
insert into takes values('61197', '478', '3', 'Fall', 2004, 'B-');
insert into takes values('16519', '298', '1', 'Fall', 2006, 'A ');
insert into takes values('4176', '617', '1', 'Fall', 2003, 'B-');
insert into takes values('44283', '397', '2', 'Fall', 2007, 'C-');
insert into takes values('9548', '325', '1', 'Fall', 2006, 'C+');
insert into takes values('12487', '800', '1', 'Spring', 2001, 'A ');
insert into takes values('61416', '707', '1', 'Fall', 2005, 'B+');
insert into takes values('14389', '666', '1', 'Spring', 2008, 'A ');
insert into takes values('91247', '165', '1', 'Fall', 2004, 'A-');
insert into takes values('87955', '575', '1', 'Fall', 2008, 'A-');
insert into takes values('18434', '929', '1', 'Spring', 2010, 'A+');
insert into takes values('73188', '827', '1', 'Spring', 2003, 'C ');
insert into takes values('23536', '192', '1', 'Spring', 2005, 'B ');
insert into takes values('21458', '260', '1', 'Spring', 2008, 'B+');
insert into takes values('67498', '365', '1', 'Fall', 2009, 'C ');
insert into takes values('24125', '330', '1', 'Fall', 2002, 'A-');
insert into takes values('16557', '108', '2', 'Spring', 2005, 'B+');
insert into takes values('89813', '462', '2', 'Fall', 2008, 'C-');
insert into takes values('24125', '462', '1', 'Spring', 2007, 'C-');
insert into takes values('77904', '874', '3', 'Fall', 2008, 'C-');
insert into takes values('95207', '471', '1', 'Spring', 2009, 'B ');
insert into takes values('37056', '108', '2', 'Spring', 2005, 'A-');
insert into takes values('73908', '478', '2', 'Fall', 2010, 'C+');
insert into takes values('13886', '191', '1', 'Fall', 2010, 'A ');
insert into takes values('81119', '932', '1', 'Fall', 2002, 'A+');
insert into takes values('96790', '611', '2', 'Spring', 2006, 'B+');
insert into takes values('64013', '771', '1', 'Spring', 2009, 'C+');
insert into takes values('67146', '182', '1', 'Spring', 2002, 'C-');
insert into takes values('74522', '784', '2', 'Fall', 2001, 'B+');
insert into takes values('12199', '973', '1', 'Fall', 2010, 'A+');
insert into takes values('42664', '935', '2', 'Fall', 2003, 'B+');
insert into takes values('12862', '271', '2', 'Fall', 2008, 'A ');
insert into takes values('63066', '908', '1', 'Spring', 2003, 'C ');
insert into takes values('75505', '103', '1', 'Fall', 2007, 'B+');
insert into takes values('44283', '814', '2', 'Fall', 2002, 'B-');
insert into takes values('9548', '925', '2', 'Spring', 2004, 'A-');
insert into takes values('8648', '981', '1', 'Spring', 2008, 'C+');
insert into takes values('74635', '814', '2', 'Fall', 2002, 'A ');
insert into takes values('13617', '707', '1', 'Fall', 2005, 'C ');
insert into takes values('57988', '103', '1', 'Fall', 2007, 'C-');
insert into takes values('13617', '120', '1', 'Spring', 2005, 'B-');
insert into takes values('525', '464', '2', 'Fall', 2002, 'C ');
insert into takes values('23802', '208', '3', 'Fall', 2010, 'A ');
insert into takes values('50300', '109', '1', 'Fall', 2008, 'B ');
insert into takes values('83635', '525', '2', 'Fall', 2002, 'A-');
insert into takes values('12862', '676', '1', 'Spring', 2006, 'A ');
insert into takes values('8648', '738', '1', 'Fall', 2004, 'C-');
insert into takes values('18434', '664', '1', 'Fall', 2010, 'A+');
insert into takes values('67498', '662', '1', 'Spring', 2004, 'C-');
insert into takes values('19151', '771', '2', 'Spring', 2010, 'C ');
insert into takes values('76359', '928', '1', 'Spring', 2002, 'C ');
insert into takes values('2436', '801', '1', 'Spring', 2003, 'C-');
insert into takes values('61668', '814', '1', 'Fall', 2001, 'C-');
insert into takes values('525', '130', '1', 'Fall', 2005, 'B+');
insert into takes values('91633', '119', '1', 'Fall', 2002, 'B ');
insert into takes values('61416', '762', '2', 'Fall', 2002, 'C+');
insert into takes values('16519', '889', '1', 'Spring', 2001, 'A ');
insert into takes values('42664', '236', '1', 'Fall', 2001, 'B ');
insert into takes values('94164', '809', '1', 'Spring', 2003, 'C+');
insert into takes values('95143', '192', '1', 'Spring', 2005, 'C ');
insert into takes values('96822', '809', '1', 'Spring', 2003, 'C+');
insert into takes values('11277', '402', '1', 'Fall', 2008, 'A ');
insert into takes values('12862', '575', '1', 'Fall', 2008, 'B+');
insert into takes values('85187', '452', '1', 'Spring', 2007, 'B-');
insert into takes values('57988', '120', '1', 'Spring', 2005, 'B-');
insert into takes values('85187', '208', '1', 'Fall', 2010, 'A+');
insert into takes values('17056', '801', '1', 'Spring', 2003, 'B ');
insert into takes values('73188', '655', '2', 'Spring', 2005, 'A+');
insert into takes values('871', '991', '1', 'Spring', 2007, 'B+');
insert into takes values('13886', '807', '2', 'Fall', 2008, 'C-');
insert into takes values('16593', '991', '1', 'Spring', 2007, 'A ');
insert into takes values('97914', '119', '1', 'Fall', 2002, 'B+');
insert into takes values('4202', '252', '1', 'Spring', 2006, 'A ');
insert into takes values('46761', '900', '1', 'Spring', 2007, 'C-');
insert into takes values('98817', '281', '1', 'Fall', 2004, 'A+');
insert into takes values('8567', '929', '3', 'Spring', 2003, 'C-');
insert into takes values('50235', '386', '1', 'Fall', 2002, 'B ');
insert into takes values('46761', '874', '2', 'Spring', 2008, 'A+');
insert into takes values('99535', '490', '1', 'Spring', 2008, 'C+');
insert into takes values('13617', '284', '1', 'Fall', 2007, 'B+');
insert into takes values('50235', '791', '2', 'Fall', 2008, 'C ');
insert into takes values('29540', '908', '1', 'Spring', 2003, 'A-');
insert into takes values('89813', '397', '1', 'Fall', 2001, 'C ');
insert into takes values('871', '396', '1', 'Fall', 2001, 'A ');
insert into takes values('37227', '908', '1', 'Spring', 2003, 'B-');
insert into takes values('13167', '298', '1', 'Fall', 2006, 'C+');
insert into takes values('13167', '574', '1', 'Spring', 2010, 'C ');
insert into takes values('20566', '908', '1', 'Spring', 2003, 'A+');
insert into takes values('23536', '657', '1', 'Fall', 2005, 'C+');
insert into takes values('87165', '325', '1', 'Fall', 2006, 'C-');
insert into takes values('58953', '265', '2', 'Spring', 2007, 'B-');
insert into takes values('91633', '571', '1', 'Fall', 2006, 'C ');
insert into takes values('19151', '108', '3', 'Fall', 2005, 'B ');
insert into takes values('9548', '138', '1', 'Spring', 2001, 'B ');
insert into takes values('44833', '991', '1', 'Spring', 2007, 'A+');
insert into takes values('20566', '906', '1', 'Spring', 2005, 'A ');
insert into takes values('43421', '265', '1', 'Fall', 2010, 'A+');
insert into takes values('41394', '265', '3', 'Fall', 2001, 'B-');
insert into takes values('95207', '771', '2', 'Spring', 2010, 'A ');
insert into takes values('54513', '265', '1', 'Fall', 2010, 'B-');
insert into takes values('4176', '782', '1', 'Fall', 2008, 'B+');
insert into takes values('12199', '771', '1', 'Spring', 2009, 'C ');
insert into takes values('11939', '925', '2', 'Spring', 2004, 'C ');
insert into takes values('96281', '549', '2', 'Fall', 2005, 'C-');
insert into takes values('6351', '805', '1', 'Spring', 2007, 'C ');
insert into takes values('83635', '918', '1', 'Fall', 2006, 'A-');
insert into takes values('79770', '854', '2', 'Fall', 2004, 'C-');
insert into takes values('63066', '809', '2', 'Fall', 2010, 'A+');
insert into takes values('67146', '138', '1', 'Spring', 2001, 'B ');
insert into takes values('44561', '548', '1', 'Spring', 2005, 'C+');
insert into takes values('73908', '265', '2', 'Spring', 2007, 'A+');
insert into takes values('90254', '252', '1', 'Spring', 2006, 'A+');
insert into takes values('76359', '265', '3', 'Fall', 2001, 'B ');
insert into takes values('16557', '386', '1', 'Fall', 2002, 'A-');
insert into takes values('13167', '388', '1', 'Spring', 2006, 'B+');
insert into takes values('96790', '652', '2', 'Fall', 2007, 'C ');
insert into takes values('24125', '365', '1', 'Fall', 2009, 'C+');
insert into takes values('98817', '932', '2', 'Fall', 2007, 'C-');
insert into takes values('5508', '574', '1', 'Spring', 2010, 'A ');
insert into takes values('46761', '598', '1', 'Fall', 2010, 'B-');
insert into takes values('37056', '932', '2', 'Fall', 2007, 'C+');
insert into takes values('2436', '330', '2', 'Spring', 2010, 'B ');
insert into advisor values('46761', '68732');
insert into advisor values('39946', '52066');
insert into advisor values('16593', '7420');
insert into advisor values('525', '39640');
insert into advisor values('75505', '68585');
insert into advisor values('81119', '62920');
insert into advisor values('9548', '161');
insert into advisor values('4176', '42982');
insert into advisor values('16557', '73931');
insert into advisor values('63066', '96598');
insert into advisor values('37227', '655');
insert into advisor values('13886', '61735');
insert into advisor values('73188', '62920');
insert into advisor values('58953', '71164');
insert into advisor values('11939', '71164');
insert into advisor values('87955', '92165');
insert into advisor values('44283', '44085');
insert into advisor values('24125', '21311');
insert into advisor values('91633', '68732');
insert into advisor values('44833', '67940');
insert into advisor values('74635', '67940');
insert into advisor values('3555', '84835');
insert into advisor values('31675', '84624');
insert into advisor values('90254', '50638');
insert into advisor values('79770', '52066');
insert into advisor values('29540', '52066');
insert into advisor values('1599', '6357');
insert into advisor values('95207', '6357');
insert into advisor values('61416', '6357');
insert into advisor values('27260', '42982');
insert into advisor values('44561', '68585');
insert into advisor values('8648', '67940');
insert into advisor values('97914', '96598');
insert into advisor values('14389', '68732');
insert into advisor values('5508', '20713');
insert into advisor values('64013', '2895');
insert into advisor values('94164', '29343');
insert into advisor values('87165', '2895');
insert into advisor values('13167', '12674');
insert into advisor values('44723', '68732');
insert into advisor values('50300', '74015');
insert into advisor values('17056', '84624');
insert into advisor values('2436', '84835');
insert into advisor values('97719', '25168');
insert into advisor values('89813', '655');
insert into advisor values('39563', '7420');
insert into advisor values('74522', '84538');
insert into advisor values('73908', '74295');
insert into advisor values('61668', '71164');
insert into advisor values('4202', '84624');
insert into advisor values('57988', '12674');
insert into advisor values('45320', '92165');
insert into advisor values('11277', '60712');
insert into advisor values('67146', '59904');
insert into advisor values('20566', '35153');
insert into advisor values('99535', '91786');
insert into advisor values('96822', '35980');
insert into advisor values('15383', '60712');
insert into advisor values('73222', '50638');
insert into advisor values('70309', '32050');
insert into advisor values('18434', '47383');
insert into advisor values('12989', '31681');
insert into advisor values('76359', '61735');
insert into advisor values('12199', '84624');
insert into advisor values('96790', '31681');
insert into advisor values('67498', '2895');
insert into advisor values('91247', '59262');
insert into advisor values('54513', '68732');
insert into advisor values('8567', '26052');
insert into advisor values('52553', '59904');
insert into advisor values('21458', '68732');
insert into advisor values('37056', '74261');
insert into advisor values('42664', '74295');
insert into advisor values('871', '20713');
insert into advisor values('85187', '32055');
insert into advisor values('13617', '73931');
insert into advisor values('6351', '51037');
insert into advisor values('36721', '74295');
insert into advisor values('96281', '47383');
insert into advisor values('89503', '32055');
insert into advisor values('23536', '59904');
insert into advisor values('83635', '92165');
insert into advisor values('16519', '74295');
insert into advisor values('71848', '67940');
insert into advisor values('77904', '74261');
insert into advisor values('23802', '31681');
insert into advisor values('98817', '35153');
insert into advisor values('69735', '65959');
insert into advisor values('99411', '73931');
insert into advisor values('41394', '39640');
insert into advisor values('42077', '73931');
insert into advisor values('50235', '67940');
insert into advisor values('43421', '59904');
insert into advisor values('95143', '655');
insert into advisor values('19151', '32745');
insert into advisor values('12862', '25168');
insert into advisor values('99027', '45955');
insert into advisor values('12487', '96598');
insert into advisor values('58731', '45955');
insert into advisor values('61197', '91786');
insert into prereq values('294', '384');
insert into prereq values('252', '615');
insert into prereq values('666', '216');
insert into prereq values('341', '375');
insert into prereq values('279', '889');
insert into prereq values('409', '120');
insert into prereq values('981', '635');
insert into prereq values('676', '289');
insert into prereq values('351', '265');
insert into prereq values('423', '581');
insert into prereq values('834', '323');
insert into prereq values('232', '248');
insert into prereq values('138', '719');
insert into prereq values('462', '593');
insert into prereq values('615', '623');
insert into prereq values('162', '471');
insert into prereq values('162', '967');
insert into prereq values('932', '874');
insert into prereq values('209', '635');
insert into prereq values('662', '992');
insert into prereq values('198', '281');
insert into prereq values('280', '388');
insert into prereq values('525', '929');
insert into prereq values('208', '580');
insert into prereq values('593', '549');
insert into prereq values('798', '248');
insert into prereq values('935', '807');
insert into prereq values('293', '575');
insert into prereq values('652', '355');
insert into prereq values('464', '950');
insert into prereq values('214', '341');
insert into prereq values('548', '724');
insert into prereq values('288', '390');
insert into prereq values('452', '652');
insert into prereq values('471', '549');
insert into prereq values('659', '510');
insert into prereq values('308', '118');
insert into prereq values('738', '991');
insert into prereq values('978', '669');
insert into prereq values('908', '130');
insert into prereq values('928', '666');
insert into prereq values('182', '622');
insert into prereq values('606', '341');
insert into prereq values('718', '390');
insert into prereq values('128', '602');
insert into prereq values('385', '719');
insert into prereq values('192', '598');
insert into prereq values('622', '611');
insert into prereq values('510', '549');
insert into prereq values('191', '477');
insert into prereq values('108', '388');
insert into prereq values('955', '814');
insert into prereq values('281', '712');
insert into prereq values('712', '569');
insert into prereq values('216', '165');
insert into prereq values('569', '771');
insert into prereq values('992', '478');
insert into prereq values('397', '443');
insert into prereq values('774', '594');
insert into prereq values('807', '508');
insert into prereq values('789', '789');
insert into prereq values('918', '623');
insert into prereq values('832', '386');
insert into prereq values('623', '388');
insert into prereq values('325', '281');
insert into prereq values('365', '900');
insert into prereq values('782', '382');
insert into prereq values('932', '676');
insert into prereq values('638', '662');
insert into prereq values('660', '774');
insert into prereq values('355', '774');
insert into prereq values('874', '928');
insert into prereq values('418', '733');
insert into prereq values('757', '103');
insert into prereq values('297', '297');
insert into prereq values('323', '328');
insert into prereq values('981', '288');
insert into prereq values('967', '762');
insert into prereq values('192', '236');
insert into prereq values('294', '889');
insert into prereq values('365', '791');
insert into prereq values('801', '390');
insert into prereq values('703', '588');
insert into prereq values('659', '712');
insert into prereq values('409', '801');
insert into prereq values('664', '787');
insert into prereq values('805', '623');
insert into prereq values('658', '598');
insert into prereq values('854', '508');
insert into prereq values('390', '222');
insert into prereq values('549', '655');
insert into prereq values('209', '298');
insert into prereq values('471', '288');
insert into prereq values('247', '906');
insert into prereq values('355', '108');
insert into prereq values('574', '248');
insert into prereq values('906', '118');
insert into prereq values('118', '109');
insert into prereq values('737', '753');
insert into prereq values('289', '660');
