insert into classroom values('I', 120, 46);
insert into classroom values('H', 636, 118);
insert into classroom values('I', 422, 47);
insert into classroom values('C', 602, 56);
insert into classroom values('I', 116, 12);
insert into classroom values('E', 193, 17);
insert into classroom values('G', 880, 11);
insert into classroom values('H', 75, 18);
insert into classroom values('D', 831, 10);
insert into classroom values('D', 947, 30);
insert into department values('SS', 'I', 3838.18);
insert into department values('HI', 'D', 794452.29);
insert into department values('IF', 'D', 678052.70);
insert into department values('GF', 'D', 123109.04);
insert into department values('RQ', 'F', 464681.46);
insert into department values('KL', 'F', 195494.81);
insert into department values('DE', 'A', 985359.64);
insert into department values('HH', 'B', 46069.46);
insert into department values('EL', 'J', 636905.27);
insert into department values('MT', 'B', 524722.77);
insert into course values('345', 'IF5555', 'EL', 3);
insert into course values('780', 'IF4041', 'HI', 4);
insert into course values('484', 'IF3333', 'HI', 4);
insert into course values('897', 'IF3211', 'DE', 3);
insert into course values('485', 'IF4321', 'KL', 4);
insert into course values('638', 'IF3030', 'EL', 4);
insert into course values('108', 'IF3022', 'GF', 4);
insert into course values('669', 'IF5555', 'RQ', 3);
insert into course values('326', 'IF3120', 'GF', 4);
insert into course values('954', 'IF4321', 'SS', 3);
insert into course values('617', 'IF3120', 'DE', 4);
insert into course values('305', 'IF4041', 'MT', 4);
insert into course values('907', 'IF3211', 'KL', 3);
insert into course values('727', 'IF4041', 'GF', 4);
insert into course values('102', 'IF3031', 'GF', 3);
insert into course values('126', 'IF3030', 'RQ', 3);
insert into course values('248', 'IF5555', 'EL', 4);
insert into course values('632', 'IF3031', 'HI', 3);
insert into course values('966', 'IF3030', 'MT', 3);
insert into course values('430', 'IF3211', 'SS', 3);
insert into course values('665', 'IF3120', 'HH', 4);
insert into course values('480', 'IF3211', 'HH', 3);
insert into course values('973', 'IF4321', 'DE', 4);
insert into course values('998', 'IF3031', 'HH', 3);
insert into course values('185', 'IF3333', 'MT', 3);
insert into course values('522', 'IF3120', 'GF', 3);
insert into course values('613', 'IF3211', 'MT', 3);
insert into course values('723', 'IF3022', 'KL', 4);
insert into course values('893', 'IF3030', 'MT', 4);
insert into course values('957', 'IF4041', 'RQ', 3);
insert into course values('382', 'IF3211', 'SS', 3);
insert into course values('200', 'IF4321', 'IF', 3);
insert into course values('866', 'IF3120', 'IF', 4);
insert into course values('840', 'IF3030', 'GF', 4);
insert into course values('534', 'IF3030', 'DE', 3);
insert into course values('849', 'IF3030', 'HH', 3);
insert into course values('813', 'IF3022', 'SS', 3);
insert into course values('982', 'IF4041', 'GF', 3);
insert into course values('582', 'IF3022', 'HI', 4);
insert into course values('585', 'IF3333', 'KL', 3);
insert into course values('302', 'IF3030', 'IF', 3);
insert into course values('871', 'IF3333', 'IF', 3);
insert into course values('884', 'IF3211', 'EL', 3);
insert into course values('666', 'IF3031', 'SS', 3);
insert into course values('276', 'IF5555', 'GF', 3);
insert into course values('898', 'IF4041', 'GF', 4);
insert into course values('452', 'IF0230', 'EL', 3);
insert into course values('207', 'IF4321', 'DE', 4);
insert into course values('948', 'IF3030', 'RQ', 3);
insert into course values('171', 'IF3120', 'EL', 3);
insert into course values('359', 'IF3022', 'GF', 4);
insert into course values('295', 'IF3211', 'KL', 4);
insert into course values('206', 'IF3030', 'KL', 4);
insert into course values('676', 'IF3333', 'HH', 4);
insert into course values('352', 'IF3022', 'GF', 3);
insert into course values('978', 'IF3031', 'SS', 4);
insert into course values('236', 'IF4041', 'EL', 4);
insert into course values('371', 'IF3211', 'IF', 4);
insert into course values('567', 'IF0230', 'KL', 3);
insert into course values('964', 'IF5555', 'DE', 3);
insert into course values('709', 'IF3211', 'HI', 3);
insert into course values('769', 'IF4321', 'SS', 3);
insert into course values('962', 'IF0230', 'IF', 4);
insert into course values('904', 'IF4041', 'DE', 4);
insert into course values('133', 'IF3022', 'RQ', 4);
insert into course values('580', 'IF4321', 'DE', 4);
insert into course values('123', 'IF3120', 'RQ', 4);
insert into course values('417', 'IF3211', 'GF', 3);
insert into course values('190', 'IF3120', 'SS', 3);
insert into course values('501', 'IF0230', 'DE', 3);
insert into course values('465', 'IF5555', 'SS', 4);
insert into course values('713', 'IF0230', 'HI', 3);
insert into course values('554', 'IF5555', 'HH', 3);
insert into course values('575', 'IF3120', 'HI', 4);
insert into course values('641', 'IF4321', 'KL', 3);
insert into course values('953', 'IF3030', 'GF', 3);
insert into course values('464', 'IF5555', 'EL', 3);
insert into course values('569', 'IF4041', 'GF', 4);
insert into course values('457', 'IF3030', 'KL', 4);
insert into course values('415', 'IF5555', 'EL', 3);
insert into course values('722', 'IF3030', 'RQ', 4);
insert into course values('351', 'IF3120', 'RQ', 4);
insert into course values('167', 'IF5555', 'SS', 4);
insert into course values('208', 'IF5555', 'HI', 3);
insert into course values('745', 'IF3211', 'RQ', 3);
insert into course values('827', 'IF4321', 'RQ', 3);
insert into course values('275', 'IF4321', 'RQ', 3);
insert into course values('744', 'IF3030', 'DE', 4);
insert into course values('750', 'IF3120', 'KL', 4);
insert into course values('979', 'IF4041', 'EL', 3);
insert into course values('705', 'IF4041', 'KL', 4);
insert into course values('607', 'IF3022', 'DE', 3);
insert into course values('860', 'IF3120', 'KL', 4);
insert into course values('837', 'IF3022', 'DE', 3);
insert into course values('743', 'IF3022', 'IF', 4);
insert into course values('652', 'IF4041', 'EL', 3);
insert into course values('737', 'IF3030', 'DE', 3);
insert into course values('739', 'IF3120', 'MT', 4);
insert into course values('487', 'IF3333', 'SS', 3);
insert into course values('605', 'IF3022', 'EL', 4);
insert into course values('728', 'IF3031', 'GF', 3);
insert into course values('687', 'IF5555', 'SS', 4);
insert into course values('461', 'IF3211', 'SS', 4);
insert into course values('887', 'IF0230', 'MT', 3);
insert into course values('446', 'IF3333', 'MT', 4);
insert into course values('497', 'IF3211', 'HI', 4);
insert into course values('661', 'IF0230', 'DE', 4);
insert into course values('675', 'IF0230', 'EL', 3);
insert into course values('984', 'IF3030', 'MT', 4);
insert into course values('348', 'IF3030', 'IF', 4);
insert into course values('817', 'IF3022', 'EL', 4);
insert into course values('757', 'IF3022', 'HH', 4);
insert into course values('994', 'IF4041', 'SS', 4);
insert into course values('856', 'IF4041', 'GF', 4);
insert into course values('204', 'IF3031', 'IF', 3);
insert into course values('379', 'IF3333', 'MT', 3);
insert into course values('226', 'IF3120', 'GF', 3);
insert into course values('572', 'IF4321', 'HI', 4);
insert into course values('719', 'IF3120', 'GF', 4);
insert into course values('826', 'IF3030', 'HH', 4);
insert into course values('562', 'IF3030', 'EL', 4);
insert into course values('625', 'IF3333', 'IF', 3);
insert into course values('781', 'IF3120', 'MT', 3);
insert into course values('178', 'IF5555', 'SS', 4);
insert into course values('423', 'IF3031', 'IF', 3);
insert into course values('704', 'IF3031', 'RQ', 4);
insert into course values('145', 'IF4321', 'HH', 3);
insert into course values('177', 'IF3333', 'IF', 4);
insert into course values('390', 'IF4041', 'GF', 4);
insert into course values('672', 'IF3030', 'GF', 3);
insert into course values('299', 'IF3030', 'DE', 4);
insert into course values('789', 'IF3030', 'MT', 3);
insert into course values('252', 'IF4321', 'RQ', 3);
insert into course values('935', 'IF3120', 'RQ', 3);
insert into course values('507', 'IF3120', 'SS', 4);
insert into course values('368', 'IF4041', 'EL', 3);
insert into course values('896', 'IF0230', 'HI', 3);
insert into course values('770', 'IF3120', 'SS', 3);
insert into course values('470', 'IF3031', 'MT', 3);
insert into course values('211', 'IF4041', 'DE', 4);
insert into course values('150', 'IF5555', 'HI', 4);
insert into course values('375', 'IF3031', 'KL', 4);
insert into course values('203', 'IF3120', 'MT', 3);
insert into course values('272', 'IF3120', 'SS', 3);
insert into course values('645', 'IF3022', 'RQ', 3);
insert into course values('467', 'IF4321', 'IF', 3);
insert into course values('431', 'IF3022', 'DE', 3);
insert into course values('626', 'IF3120', 'RQ', 3);
insert into course values('202', 'IF3211', 'SS', 3);
insert into course values('843', 'IF0230', 'SS', 4);
insert into course values('601', 'IF3333', 'RQ', 4);
insert into course values('135', 'IF3030', 'MT', 3);
insert into course values('938', 'IF4041', 'IF', 3);
insert into course values('862', 'IF3120', 'HH', 4);
insert into course values('548', 'IF3022', 'HI', 4);
insert into course values('257', 'IF3030', 'GF', 4);
insert into course values('955', 'IF3031', 'RQ', 3);
insert into course values('176', 'IF3030', 'MT', 3);
insert into course values('223', 'IF3031', 'GF', 3);
insert into course values('266', 'IF3030', 'MT', 3);
insert into course values('775', 'IF3031', 'RQ', 3);
insert into course values('315', 'IF3333', 'GF', 3);
insert into course values('557', 'IF3030', 'RQ', 4);
insert into course values('175', 'IF3333', 'GF', 3);
insert into course values('127', 'IF4041', 'SS', 3);
insert into course values('392', 'IF3211', 'DE', 4);
insert into course values('681', 'IF3030', 'EL', 4);
insert into course values('513', 'IF4041', 'KL', 3);
insert into course values('256', 'IF3333', 'DE', 4);
insert into course values('376', 'IF3120', 'MT', 3);
insert into course values('931', 'IF0230', 'HI', 3);
insert into course values('255', 'IF4041', 'GF', 4);
insert into course values('166', 'IF3030', 'MT', 3);
insert into course values('322', 'IF4321', 'IF', 3);
insert into course values('173', 'IF3211', 'DE', 4);
insert into course values('365', 'IF4321', 'KL', 3);
insert into course values('225', 'IF3333', 'RQ', 3);
insert into course values('426', 'IF4041', 'IF', 4);
insert into course values('643', 'IF3030', 'HH', 4);
insert into course values('103', 'IF5555', 'HH', 3);
insert into course values('552', 'IF0230', 'HH', 4);
insert into course values('590', 'IF5555', 'DE', 3);
insert into course values('216', 'IF3333', 'EL', 3);
insert into course values('124', 'IF0230', 'GF', 4);
insert into course values('829', 'IF3031', 'HH', 3);
insert into course values('946', 'IF3120', 'RQ', 4);
insert into course values('950', 'IF3120', 'RQ', 4);
insert into course values('490', 'IF3031', 'HH', 4);
insert into course values('621', 'IF4321', 'RQ', 4);
insert into course values('823', 'IF3120', 'RQ', 3);
insert into course values('639', 'IF5555', 'EL', 3);
insert into course values('806', 'IF4321', 'HI', 4);
insert into course values('644', 'IF4321', 'HI', 4);
insert into course values('506', 'IF0230', 'GF', 3);
insert into course values('113', 'IF3022', 'EL', 3);
insert into course values('703', 'IF4321', 'SS', 4);
insert into course values('929', 'IF4321', 'RQ', 3);
insert into course values('834', 'IF0230', 'MT', 3);
insert into course values('740', 'IF4321', 'RQ', 3);
insert into course values('183', 'IF4041', 'DE', 3);
insert into instructor values('83478', 'Ande', 'KL', 118915.37);
insert into instructor values('33262', 'rahmat', 'GF', 63007.03);
insert into instructor values('92495', 'Adri', 'EL', 108500.99);
insert into instructor values('18330', 'Adri', 'KL', 128909.82);
insert into instructor values('64915', 'Ande', 'HH', 74200.04);
insert into instructor values('89617', 'Ande', 'IF', 69197.10);
insert into instructor values('24932', 'rahmat', 'GF', 84436.34);
insert into instructor values('91011', 'Kiki', 'GF', 78146.16);
insert into instructor values('11378', 'rahmat', 'HH', 59829.34);
insert into instructor values('87981', 'rahmat', 'DE', 84969.79);
insert into instructor values('77939', 'Josu', 'EL', 59175.39);
insert into instructor values('2609', 'Johan', 'IF', 125078.98);
insert into instructor values('84297', 'Yohan', 'IF', 82122.97);
insert into instructor values('63776', 'yuyun', 'DE', 67579.58);
insert into instructor values('12481', 'Johan', 'SS', 115497.99);
insert into instructor values('13937', 'Johan', 'HI', 31476.88);
insert into instructor values('56880', 'Johan', 'DE', 37051.90);
insert into instructor values('26408', 'Johan', 'EL', 73940.66);
insert into instructor values('77078', 'Ande', 'KL', 30346.51);
insert into instructor values('30706', 'Johan', 'SS', 87987.25);
insert into instructor values('96956', 'yuyun', 'HI', 57555.91);
insert into instructor values('58725', 'rahmat', 'SS', 104064.19);
insert into instructor values('78903', 'Johan', 'SS', 83157.31);
insert into instructor values('18786', 'Adri', 'EL', 50276.77);
insert into instructor values('37412', 'Johan', 'DE', 40799.01);
insert into instructor values('68500', 'Ahmad', 'EL', 89374.76);
insert into instructor values('43532', 'Yohan', 'RQ', 88075.12);
insert into instructor values('45648', 'Johan', 'IF', 117121.52);
insert into instructor values('48223', 'Johan', 'EL', 99503.07);
insert into instructor values('94293', 'Josu', 'HH', 76296.61);
insert into instructor values('3034', 'yuyun', 'GF', 106691.21);
insert into instructor values('11243', 'Johan', 'HI', 113336.94);
insert into instructor values('79907', 'yuyun', 'MT', 106500.58);
insert into instructor values('57157', 'Adri', 'MT', 80500.23);
insert into instructor values('25577', 'Ahmad', 'DE', 122945.80);
insert into instructor values('67905', 'rahmat', 'RQ', 65438.74);
insert into instructor values('99654', 'Adri', 'SS', 126646.96);
insert into instructor values('82244', 'Ande', 'HI', 112200.00);
insert into instructor values('88191', 'rahmat', 'EL', 86835.45);
insert into instructor values('34368', 'Ahmad', 'GF', 82924.98);
insert into instructor values('13536', 'Josu', 'GF', 55233.14);
insert into instructor values('12911', 'rahmat', 'IF', 97893.51);
insert into instructor values('42017', 'Ahmad', 'HH', 58565.98);
insert into instructor values('30839', 'Josu', 'DE', 83070.17);
insert into instructor values('72453', 'Josu', 'RQ', 107039.00);
insert into instructor values('12133', 'Yohan', 'EL', 48933.11);
insert into instructor values('17304', 'yuyun', 'MT', 109791.62);
insert into instructor values('98388', 'Kiki', 'MT', 122122.00);
insert into instructor values('17198', 'Ahmad', 'IF', 125168.27);
insert into instructor values('32005', 'Yohan', 'HH', 52320.36);
insert into section values('426', '1', 'Spring', 2005, 'C', '602', 'N');
insert into section values('827', '1', 'Fall', 2006, 'D', '947', 'A');
insert into section values('302', '1', 'Fall', 2002, 'C', '602', 'E');
insert into section values('862', '1', 'Fall', 2005, 'I', '116', 'I');
insert into section values('745', '1', 'Spring', 2004, 'G', '880', 'E');
insert into section values('643', '1', 'Spring', 2001, 'C', '602', 'L');
insert into section values('371', '1', 'Fall', 2005, 'H', '75', 'M');
insert into section values('552', '1', 'Spring', 2006, 'H', '636', 'C');
insert into section values('190', '1', 'Fall', 2010, 'D', '947', 'C');
insert into section values('675', '1', 'Spring', 2003, 'D', '831', 'O');
insert into section values('124', '1', 'Spring', 2008, 'E', '193', 'H');
insert into section values('465', '1', 'Spring', 2004, 'D', '947', 'K');
insert into section values('225', '1', 'Fall', 2008, 'D', '831', 'M');
insert into section values('548', '1', 'Spring', 2001, 'I', '422', 'J');
insert into section values('490', '1', 'Spring', 2010, 'G', '880', 'M');
insert into section values('126', '1', 'Spring', 2005, 'I', '422', 'E');
insert into section values('607', '1', 'Spring', 2009, 'I', '422', 'M');
insert into section values('669', '1', 'Spring', 2005, 'G', '880', 'O');
insert into section values('178', '1', 'Spring', 2008, 'C', '602', 'P');
insert into section values('371', '2', 'Fall', 2004, 'G', '880', 'M');
insert into section values('713', '1', 'Fall', 2001, 'H', '636', 'C');
insert into section values('548', '2', 'Spring', 2007, 'I', '422', 'F');
insert into section values('452', '1', 'Spring', 2010, 'H', '75', 'P');
insert into section values('813', '1', 'Spring', 2001, 'D', '947', 'E');
insert into section values('713', '2', 'Spring', 2010, 'G', '880', 'D');
insert into section values('352', '1', 'Fall', 2007, 'H', '636', 'F');
insert into section values('305', '1', 'Fall', 2003, 'I', '116', 'F');
insert into section values('272', '1', 'Spring', 2010, 'G', '880', 'D');
insert into section values('644', '1', 'Fall', 2005, 'D', '831', 'B');
insert into section values('829', '1', 'Spring', 2005, 'C', '602', 'C');
insert into section values('669', '2', 'Fall', 2005, 'C', '602', 'K');
insert into section values('605', '1', 'Fall', 2004, 'I', '422', 'M');
insert into section values('507', '1', 'Fall', 2010, 'I', '116', 'M');
insert into section values('740', '1', 'Fall', 2003, 'I', '422', 'D');
insert into section values('840', '1', 'Fall', 2008, 'I', '422', 'I');
insert into section values('557', '1', 'Spring', 2005, 'H', '75', 'P');
insert into section values('223', '1', 'Spring', 2003, 'E', '193', 'F');
insert into section values('984', '1', 'Spring', 2006, 'I', '120', 'G');
insert into section values('789', '1', 'Fall', 2007, 'I', '120', 'B');
insert into section values('465', '2', 'Fall', 2010, 'I', '120', 'I');
insert into section values('501', '1', 'Fall', 2010, 'I', '120', 'M');
insert into section values('775', '1', 'Spring', 2003, 'E', '193', 'K');
insert into section values('744', '1', 'Spring', 2008, 'I', '116', 'C');
insert into section values('392', '1', 'Spring', 2009, 'D', '947', 'A');
insert into section values('666', '1', 'Fall', 2007, 'E', '193', 'H');
insert into section values('108', '1', 'Spring', 2008, 'H', '636', 'J');
insert into section values('417', '1', 'Fall', 2004, 'D', '831', 'B');
insert into section values('371', '3', 'Fall', 2003, 'G', '880', 'O');
insert into section values('375', '1', 'Spring', 2003, 'G', '880', 'K');
insert into section values('973', '1', 'Spring', 2004, 'D', '831', 'E');
insert into section values('567', '1', 'Spring', 2006, 'D', '831', 'K');
insert into section values('430', '1', 'Fall', 2002, 'D', '831', 'D');
insert into section values('743', '1', 'Fall', 2004, 'I', '116', 'E');
insert into section values('376', '1', 'Fall', 2009, 'I', '422', 'H');
insert into section values('248', '1', 'Spring', 2008, 'D', '831', 'E');
insert into section values('938', '1', 'Fall', 2001, 'I', '422', 'I');
insert into section values('856', '1', 'Spring', 2003, 'D', '831', 'C');
insert into section values('166', '1', 'Fall', 2003, 'H', '636', 'L');
insert into section values('123', '1', 'Fall', 2001, 'I', '422', 'C');
insert into section values('176', '1', 'Fall', 2003, 'H', '75', 'E');
insert into section values('681', '1', 'Spring', 2010, 'G', '880', 'I');
insert into section values('127', '1', 'Spring', 2004, 'I', '116', 'K');
insert into section values('562', '1', 'Fall', 2006, 'D', '947', 'L');
insert into section values('639', '1', 'Spring', 2009, 'G', '880', 'L');
insert into section values('638', '1', 'Spring', 2007, 'E', '193', 'G');
insert into section values('994', '1', 'Fall', 2001, 'I', '422', 'O');
insert into section values('248', '2', 'Fall', 2006, 'H', '75', 'I');
insert into section values('605', '2', 'Spring', 2003, 'I', '116', 'H');
insert into section values('485', '1', 'Spring', 2003, 'I', '116', 'J');
insert into section values('823', '1', 'Fall', 2004, 'D', '947', 'L');
insert into section values('904', '1', 'Fall', 2006, 'G', '880', 'J');
insert into section values('470', '1', 'Spring', 2002, 'I', '422', 'D');
insert into section values('522', '1', 'Fall', 2001, 'D', '947', 'M');
insert into section values('955', '1', 'Spring', 2008, 'G', '880', 'F');
insert into section values('216', '1', 'Fall', 2008, 'G', '880', 'L');
insert into section values('737', '1', 'Fall', 2006, 'H', '636', 'P');
insert into section values('607', '2', 'Spring', 2010, 'D', '831', 'J');
insert into section values('719', '1', 'Fall', 2001, 'E', '193', 'N');
insert into section values('457', '1', 'Spring', 2008, 'H', '636', 'A');
insert into section values('840', '2', 'Fall', 2004, 'D', '831', 'D');
insert into section values('860', '1', 'Fall', 2005, 'I', '422', 'C');
insert into section values('896', '1', 'Fall', 2006, 'I', '120', 'F');
insert into section values('884', '1', 'Fall', 2007, 'D', '947', 'O');
insert into section values('896', '2', 'Spring', 2003, 'H', '636', 'E');
insert into section values('605', '3', 'Spring', 2006, 'D', '831', 'B');
insert into section values('613', '1', 'Spring', 2003, 'D', '947', 'G');
insert into section values('236', '1', 'Spring', 2004, 'H', '75', 'B');
insert into section values('954', '1', 'Fall', 2009, 'H', '636', 'C');
insert into section values('994', '2', 'Spring', 2007, 'C', '602', 'A');
insert into section values('299', '1', 'Spring', 2002, 'D', '947', 'L');
insert into section values('557', '2', 'Fall', 2010, 'H', '636', 'O');
insert into section values('567', '2', 'Fall', 2004, 'H', '75', 'D');
insert into section values('506', '1', 'Fall', 2007, 'D', '831', 'K');
insert into section values('757', '1', 'Fall', 2003, 'I', '116', 'M');
insert into section values('744', '2', 'Fall', 2010, 'C', '602', 'N');
insert into section values('625', '1', 'Fall', 2010, 'G', '880', 'A');
insert into section values('929', '1', 'Spring', 2001, 'I', '116', 'E');
insert into section values('248', '3', 'Spring', 2004, 'D', '947', 'C');
insert into section values('770', '1', 'Fall', 2008, 'D', '831', 'H');
insert into section values('645', '1', 'Fall', 2002, 'I', '422', 'L');
insert into section values('780', '1', 'Fall', 2010, 'H', '75', 'F');
insert into section values('666', '2', 'Fall', 2004, 'C', '602', 'N');
insert into section values('567', '3', 'Fall', 2007, 'I', '422', 'M');
insert into section values('417', '2', 'Spring', 2004, 'I', '422', 'M');
insert into section values('392', '2', 'Fall', 2001, 'E', '193', 'O');
insert into section values('351', '1', 'Fall', 2002, 'I', '116', 'I');
insert into section values('866', '1', 'Fall', 2003, 'H', '75', 'H');
insert into section values('626', '1', 'Fall', 2002, 'I', '422', 'N');
insert into section values('665', '1', 'Fall', 2010, 'E', '193', 'I');
insert into section values('236', '2', 'Spring', 2007, 'D', '831', 'C');
insert into section values('167', '1', 'Spring', 2006, 'H', '75', 'L');
insert into section values('127', '2', 'Spring', 2005, 'E', '193', 'O');
insert into section values('849', '1', 'Fall', 2006, 'D', '947', 'C');
insert into section values('931', '1', 'Spring', 2003, 'G', '880', 'H');
insert into section values('572', '1', 'Spring', 2002, 'I', '120', 'C');
insert into section values('613', '2', 'Spring', 2007, 'C', '602', 'N');
insert into section values('632', '1', 'Fall', 2010, 'I', '116', 'P');
insert into section values('840', '3', 'Fall', 2008, 'I', '116', 'A');
insert into section values('183', '1', 'Fall', 2006, 'I', '422', 'E');
insert into section values('522', '2', 'Fall', 2010, 'C', '602', 'A');
insert into section values('567', '4', 'Spring', 2004, 'G', '880', 'G');
insert into section values('127', '3', 'Fall', 2006, 'H', '75', 'H');
insert into section values('183', '2', 'Fall', 2006, 'I', '120', 'K');
insert into section values('487', '1', 'Fall', 2007, 'E', '193', 'K');
insert into section values('446', '1', 'Fall', 2009, 'E', '193', 'K');
insert into section values('709', '1', 'Spring', 2001, 'I', '116', 'N');
insert into section values('713', '3', 'Spring', 2008, 'C', '602', 'L');
insert into section values('946', '1', 'Spring', 2005, 'I', '120', 'J');
insert into section values('348', '1', 'Fall', 2006, 'G', '880', 'D');
insert into section values('554', '1', 'Spring', 2007, 'I', '422', 'O');
insert into section values('446', '2', 'Fall', 2003, 'E', '193', 'E');
insert into section values('813', '2', 'Fall', 2007, 'D', '947', 'C');
insert into section values('862', '2', 'Spring', 2005, 'I', '116', 'I');
insert into section values('302', '2', 'Fall', 2005, 'I', '116', 'C');
insert into section values('554', '2', 'Fall', 2003, 'I', '116', 'E');
insert into section values('513', '1', 'Fall', 2002, 'H', '636', 'N');
insert into section values('569', '1', 'Fall', 2008, 'C', '602', 'I');
insert into section values('452', '2', 'Fall', 2005, 'G', '880', 'L');
insert into section values('171', '1', 'Fall', 2005, 'H', '636', 'K');
insert into section values('379', '1', 'Fall', 2001, 'I', '120', 'D');
insert into section values('625', '2', 'Spring', 2007, 'D', '831', 'B');
insert into section values('743', '2', 'Fall', 2008, 'I', '116', 'B');
insert into section values('632', '2', 'Spring', 2009, 'D', '947', 'B');
insert into section values('368', '1', 'Spring', 2003, 'H', '636', 'L');
insert into section values('554', '3', 'Fall', 2004, 'D', '947', 'P');
insert into section values('743', '3', 'Fall', 2006, 'H', '75', 'E');
insert into section values('954', '2', 'Fall', 2009, 'H', '636', 'C');
insert into section values('676', '1', 'Spring', 2010, 'D', '831', 'E');
insert into section values('982', '1', 'Spring', 2007, 'G', '880', 'D');
insert into section values('643', '2', 'Fall', 2009, 'I', '422', 'M');
insert into section values('206', '1', 'Fall', 2006, 'C', '602', 'J');
insert into section values('935', '1', 'Fall', 2002, 'I', '422', 'I');
insert into section values('497', '1', 'Spring', 2006, 'H', '636', 'J');
insert into section values('904', '2', 'Fall', 2006, 'I', '422', 'L');
insert into section values('216', '2', 'Fall', 2003, 'D', '947', 'G');
insert into section values('994', '3', 'Spring', 2002, 'I', '116', 'I');
insert into section values('955', '2', 'Spring', 2001, 'I', '422', 'M');
insert into section values('739', '1', 'Spring', 2001, 'I', '116', 'J');
insert into section values('457', '2', 'Spring', 2006, 'D', '831', 'C');
insert into section values('178', '2', 'Fall', 2005, 'E', '193', 'G');
insert into section values('352', '2', 'Fall', 2005, 'H', '636', 'H');
insert into section values('962', '1', 'Spring', 2006, 'G', '880', 'H');
insert into section values('840', '4', 'Spring', 2005, 'I', '422', 'J');
insert into section values('709', '2', 'Spring', 2004, 'D', '947', 'M');
insert into section values('575', '1', 'Fall', 2005, 'D', '947', 'G');
insert into section values('946', '2', 'Fall', 2007, 'I', '422', 'K');
insert into section values('984', '2', 'Fall', 2008, 'H', '636', 'B');
insert into section values('467', '1', 'Spring', 2009, 'I', '116', 'F');
insert into section values('709', '3', 'Spring', 2010, 'I', '120', 'C');
insert into section values('166', '2', 'Fall', 2008, 'I', '422', 'H');
insert into section values('638', '2', 'Fall', 2006, 'I', '422', 'P');
insert into section values('464', '1', 'Spring', 2005, 'D', '831', 'D');
insert into section values('743', '4', 'Fall', 2008, 'G', '880', 'N');
insert into section values('982', '2', 'Fall', 2001, 'C', '602', 'L');
insert into section values('415', '1', 'Spring', 2006, 'D', '831', 'P');
insert into section values('984', '3', 'Fall', 2002, 'I', '120', 'C');
insert into section values('837', '1', 'Fall', 2002, 'I', '116', 'B');
insert into section values('703', '1', 'Spring', 2008, 'I', '422', 'H');
insert into section values('497', '2', 'Spring', 2002, 'I', '116', 'B');
insert into section values('382', '1', 'Fall', 2009, 'D', '831', 'G');
insert into section values('204', '1', 'Spring', 2001, 'G', '880', 'L');
insert into section values('829', '2', 'Fall', 2007, 'D', '947', 'C');
insert into section values('426', '2', 'Spring', 2007, 'E', '193', 'H');
insert into section values('371', '4', 'Spring', 2005, 'E', '193', 'H');
insert into section values('966', '1', 'Spring', 2003, 'H', '75', 'L');
insert into section values('681', '2', 'Spring', 2004, 'G', '880', 'J');
insert into section values('625', '3', 'Spring', 2004, 'D', '831', 'F');
insert into section values('645', '2', 'Fall', 2005, 'D', '831', 'I');
insert into section values('666', '3', 'Fall', 2010, 'I', '120', 'O');
insert into section values('938', '2', 'Fall', 2001, 'H', '75', 'B');
insert into section values('173', '1', 'Spring', 2008, 'H', '75', 'B');
insert into section values('580', '1', 'Spring', 2003, 'I', '116', 'F');
insert into section values('426', '3', 'Spring', 2007, 'D', '831', 'C');
insert into section values('743', '5', 'Spring', 2001, 'E', '193', 'F');
insert into section values('938', '3', 'Spring', 2003, 'H', '75', 'C');
insert into section values('849', '2', 'Fall', 2004, 'C', '602', 'P');
insert into section values('464', '2', 'Spring', 2003, 'H', '75', 'D');
insert into section values('705', '1', 'Fall', 2010, 'G', '880', 'J');
insert into section values('211', '1', 'Spring', 2010, 'D', '831', 'D');
insert into section values('935', '2', 'Spring', 2003, 'D', '947', 'J');
insert into teaches values('98388', '966', '1', 'Spring', 2003);
insert into teaches values('13536', '108', '1', 'Spring', 2008);
insert into teaches values('72453', '351', '1', 'Fall', 2002);
insert into teaches values('77078', '567', '4', 'Spring', 2004);
insert into teaches values('98388', '379', '1', 'Fall', 2001);
insert into teaches values('17198', '426', '3', 'Spring', 2007);
insert into teaches values('12911', '625', '2', 'Spring', 2007);
insert into teaches values('13536', '856', '1', 'Spring', 2003);
insert into teaches values('72453', '669', '2', 'Fall', 2005);
insert into teaches values('72453', '935', '2', 'Spring', 2003);
insert into teaches values('88191', '171', '1', 'Fall', 2005);
insert into teaches values('17198', '204', '1', 'Spring', 2001);
insert into teaches values('32005', '554', '1', 'Spring', 2007);
insert into teaches values('12133', '452', '1', 'Spring', 2010);
insert into teaches values('34368', '223', '1', 'Spring', 2003);
insert into teaches values('13536', '417', '1', 'Fall', 2004);
insert into teaches values('88191', '236', '1', 'Spring', 2004);
insert into teaches values('99654', '272', '1', 'Spring', 2010);
insert into teaches values('12133', '562', '1', 'Fall', 2006);
insert into teaches values('82244', '497', '2', 'Spring', 2002);
insert into teaches values('99654', '813', '1', 'Spring', 2001);
insert into teaches values('99654', '127', '3', 'Fall', 2006);
insert into teaches values('98388', '176', '1', 'Fall', 2003);
insert into teaches values('12133', '675', '1', 'Spring', 2003);
insert into teaches values('77078', '860', '1', 'Fall', 2005);
insert into teaches values('56880', '973', '1', 'Spring', 2004);
insert into teaches values('78903', '178', '2', 'Fall', 2005);
insert into teaches values('12911', '467', '1', 'Spring', 2009);
insert into teaches values('12133', '638', '2', 'Fall', 2006);
insert into teaches values('72453', '955', '2', 'Spring', 2001);
insert into teaches values('12133', '464', '2', 'Spring', 2003);
insert into teaches values('12911', '348', '1', 'Fall', 2006);
insert into teaches values('17304', '613', '2', 'Spring', 2007);
insert into teaches values('99654', '954', '2', 'Fall', 2009);
insert into teaches values('30839', '837', '1', 'Fall', 2002);
insert into teaches values('13536', '719', '1', 'Fall', 2001);
insert into teaches values('17198', '938', '3', 'Spring', 2003);
insert into teaches values('82244', '896', '1', 'Fall', 2006);
insert into teaches values('99654', '666', '1', 'Fall', 2007);
insert into teaches values('88191', '248', '1', 'Spring', 2008);
insert into teaches values('67905', '669', '1', 'Spring', 2005);
insert into teaches values('78903', '167', '1', 'Spring', 2006);
insert into teaches values('11243', '572', '1', 'Spring', 2002);
insert into teaches values('98388', '305', '1', 'Fall', 2003);
insert into teaches values('13536', '569', '1', 'Fall', 2008);
insert into teaches values('12911', '743', '3', 'Fall', 2006);
insert into teaches values('13536', '124', '1', 'Spring', 2008);
insert into teaches values('30839', '737', '1', 'Fall', 2006);
insert into teaches values('72453', '645', '2', 'Fall', 2005);
insert into teaches values('78903', '994', '2', 'Spring', 2007);
insert into teaches values('12911', '371', '1', 'Fall', 2005);
insert into teaches values('12133', '452', '2', 'Fall', 2005);
insert into teaches values('72453', '775', '1', 'Spring', 2003);
insert into teaches values('13536', '840', '1', 'Fall', 2008);
insert into teaches values('72453', '929', '1', 'Spring', 2001);
insert into teaches values('17198', '743', '2', 'Fall', 2008);
insert into teaches values('12133', '464', '1', 'Spring', 2005);
insert into teaches values('12911', '962', '1', 'Spring', 2006);
insert into teaches values('25577', '183', '1', 'Fall', 2006);
insert into teaches values('30839', '392', '1', 'Spring', 2009);
insert into teaches values('82244', '713', '1', 'Fall', 2001);
insert into teaches values('30839', '904', '1', 'Fall', 2006);
insert into teaches values('17198', '938', '1', 'Fall', 2001);
insert into teaches values('77078', '513', '1', 'Fall', 2002);
insert into teaches values('72453', '946', '1', 'Spring', 2005);
insert into teaches values('72453', '946', '2', 'Fall', 2007);
insert into teaches values('12133', '605', '2', 'Spring', 2003);
insert into teaches values('30839', '607', '2', 'Spring', 2010);
insert into teaches values('99654', '813', '2', 'Fall', 2007);
insert into teaches values('99654', '994', '1', 'Fall', 2001);
insert into teaches values('17198', '426', '2', 'Spring', 2007);
insert into teaches values('32005', '552', '1', 'Spring', 2006);
insert into teaches values('34368', '506', '1', 'Fall', 2007);
insert into teaches values('32005', '643', '2', 'Fall', 2009);
insert into teaches values('72453', '935', '1', 'Fall', 2002);
insert into teaches values('17198', '371', '4', 'Spring', 2005);
insert into teaches values('99654', '666', '2', 'Fall', 2004);
insert into teaches values('82244', '644', '1', 'Fall', 2005);
insert into teaches values('12133', '216', '1', 'Fall', 2008);
insert into teaches values('77078', '457', '1', 'Spring', 2008);
insert into teaches values('13536', '982', '1', 'Spring', 2007);
insert into teaches values('78903', '430', '1', 'Fall', 2002);
insert into teaches values('94293', '862', '1', 'Fall', 2005);
insert into teaches values('12133', '415', '1', 'Spring', 2006);
insert into teaches values('82244', '632', '2', 'Spring', 2009);
insert into teaches values('30839', '173', '1', 'Spring', 2008);
insert into teaches values('12133', '681', '1', 'Spring', 2010);
insert into teaches values('82244', '780', '1', 'Fall', 2010);
insert into teaches values('67905', '745', '1', 'Spring', 2004);
insert into teaches values('30839', '580', '1', 'Spring', 2003);
insert into teaches values('82244', '713', '2', 'Spring', 2010);
insert into teaches values('30839', '211', '1', 'Spring', 2010);
insert into teaches values('82244', '548', '2', 'Spring', 2007);
insert into teaches values('17198', '743', '5', 'Spring', 2001);
insert into teaches values('57157', '613', '1', 'Spring', 2003);
insert into teaches values('82244', '709', '3', 'Spring', 2010);
insert into teaches values('98388', '376', '1', 'Fall', 2009);
insert into teaches values('17304', '739', '1', 'Spring', 2001);
insert into teaches values('72453', '225', '1', 'Fall', 2008);
insert into teaches values('17198', '938', '2', 'Fall', 2001);
insert into student values('45444', 'Josu', 'HI', 76);
insert into student values('43656', 'Josu', 'DE', 75);
insert into student values('89334', 'Yohan', 'EL', 31);
insert into student values('6288', 'Ahmad', 'EL', 98);
insert into student values('25579', 'Ande', 'HH', 72);
insert into student values('9543', 'Josu', 'HI', 113);
insert into student values('79023', 'Johan', 'HH', 38);
insert into student values('37583', 'Johan', 'HI', 59);
insert into student values('5709', 'Johan', 'IF', 77);
insert into student values('56422', 'yuyun', 'HH', 8);
insert into student values('42022', 'Josu', 'MT', 100);
insert into student values('8546', 'Budi', 'IF', 1);
insert into student values('47254', 'Ahmad', 'GF', 23);
insert into student values('4310', 'Ande', 'EL', 4);
insert into student values('66771', 'yuyun', 'EL', 115);
insert into student values('15725', 'Kiki', 'HI', 48);
insert into student values('29807', 'Yohan', 'KL', 120);
insert into student values('13612', 'Josu', 'DE', 27);
insert into student values('95283', 'Yohan', 'IF', 45);
insert into student values('31601', 'Adri', 'DE', 12);
insert into student values('580', 'yuyun', 'HH', 56);
insert into student values('17272', 'Ahmad', 'IF', 127);
insert into student values('71904', 'Yohan', 'IF', 60);
insert into student values('71314', 'rahmat', 'HH', 110);
insert into student values('37887', 'yuyun', 'KL', 80);
insert into student values('22189', 'Yohan', 'GF', 60);
insert into student values('28243', 'yuyun', 'HI', 49);
insert into student values('7953', 'Adri', 'IF', 85);
insert into student values('75690', 'Yohan', 'GF', 24);
insert into student values('77791', 'rahmat', 'HH', 73);
insert into student values('8425', 'Yohan', 'EL', 42);
insert into student values('41810', 'Budi', 'HI', 9);
insert into student values('34800', 'Josu', 'MT', 94);
insert into student values('30911', 'Ahmad', 'IF', 86);
insert into student values('53754', 'Ahmad', 'SS', 57);
insert into student values('24406', 'yuyun', 'IF', 104);
insert into student values('96731', 'Adri', 'SS', 77);
insert into student values('17408', 'Johan', 'MT', 51);
insert into student values('31170', 'Adri', 'HI', 63);
insert into student values('98976', 'rahmat', 'HH', 10);
insert into student values('81846', 'Kiki', 'KL', 103);
insert into student values('40788', 'yuyun', 'HH', 50);
insert into student values('95323', 'Ande', 'MT', 92);
insert into student values('8852', 'rahmat', 'EL', 35);
insert into student values('6476', 'Yohan', 'HH', 29);
insert into student values('11855', 'Johan', 'HH', 123);
insert into student values('77760', 'Johan', 'IF', 59);
insert into student values('57746', 'rahmat', 'SS', 28);
insert into student values('82214', 'Kiki', 'EL', 7);
insert into student values('39586', 'Johan', 'KL', 128);
insert into student values('4074', 'Kiki', 'DE', 45);
insert into student values('36606', 'Kiki', 'HI', 46);
insert into student values('84592', 'rahmat', 'IF', 39);
insert into student values('72736', 'Budi', 'GF', 96);
insert into student values('37846', 'Josu', 'IF', 25);
insert into student values('28378', 'Ande', 'EL', 97);
insert into student values('25715', 'yuyun', 'MT', 93);
insert into student values('42427', 'Yohan', 'IF', 129);
insert into student values('10396', 'Budi', 'HH', 1);
insert into student values('3786', 'Ande', 'DE', 33);
insert into student values('90459', 'yuyun', 'RQ', 52);
insert into student values('45159', 'Josu', 'HI', 124);
insert into student values('46200', 'Ande', 'HI', 70);
insert into student values('910', 'Kiki', 'IF', 0);
insert into student values('28978', 'Johan', 'EL', 13);
insert into student values('58325', 'Kiki', 'IF', 9);
insert into student values('82916', 'Johan', 'SS', 51);
insert into student values('69290', 'Budi', 'GF', 33);
insert into student values('45314', 'Yohan', 'RQ', 123);
insert into student values('4087', 'Kiki', 'MT', 13);
insert into student values('3099', 'Johan', 'MT', 92);
insert into student values('23840', 'Ande', 'EL', 106);
insert into student values('31158', 'Kiki', 'IF', 112);
insert into student values('93634', 'Budi', 'SS', 66);
insert into student values('3927', 'Ahmad', 'MT', 110);
insert into student values('96531', 'Yohan', 'DE', 54);
insert into student values('38937', 'Johan', 'HI', 41);
insert into student values('9478', 'Yohan', 'EL', 13);
insert into student values('80178', 'Yohan', 'HI', 58);
insert into student values('15109', 'Adri', 'EL', 65);
insert into student values('39828', 'Yohan', 'IF', 116);
insert into student values('34263', 'Yohan', 'IF', 18);
insert into student values('19432', 'Budi', 'EL', 7);
insert into student values('45529', 'Kiki', 'KL', 121);
insert into student values('53650', 'Budi', 'MT', 101);
insert into student values('90951', 'yuyun', 'DE', 69);
insert into student values('10194', 'Ahmad', 'IF', 14);
insert into student values('52850', 'Josu', 'MT', 114);
insert into student values('46847', 'yuyun', 'RQ', 58);
insert into student values('95624', 'Josu', 'EL', 111);
insert into student values('23883', 'Kiki', 'HI', 109);
insert into student values('33936', 'rahmat', 'IF', 18);
insert into student values('85827', 'Budi', 'EL', 114);
insert into student values('42189', 'rahmat', 'HH', 31);
insert into student values('58478', 'Kiki', 'GF', 62);
insert into student values('11001', 'Ahmad', 'HI', 9);
insert into student values('94411', 'Josu', 'GF', 4);
insert into student values('2281', 'Budi', 'EL', 68);
insert into student values('99413', 'Budi', 'IF', 117);
insert into student values('32076', 'Ahmad', 'IF', 18);
insert into takes values('37887', '632', '2', 'Spring', 2009, 'C ');
insert into takes values('22189', '371', '1', 'Fall', 2005, 'C ');
insert into takes values('42022', '789', '1', 'Fall', 2007, 'B+');
insert into takes values('98976', '123', '1', 'Fall', 2001, 'C-');
insert into takes values('17408', '645', '2', 'Fall', 2005, 'A+');
insert into takes values('34263', '856', '1', 'Spring', 2003, 'C-');
insert into takes values('77791', '713', '1', 'Fall', 2001, 'C ');
insert into takes values('17408', '108', '1', 'Spring', 2008, 'C-');
insert into takes values('38937', '984', '1', 'Spring', 2006, 'B-');
insert into takes values('47254', '896', '1', 'Fall', 2006, 'B-');
insert into takes values('57746', '605', '1', 'Fall', 2004, 'A ');
insert into takes values('910', '506', '1', 'Fall', 2007, 'B ');
insert into takes values('25715', '849', '2', 'Fall', 2004, 'A+');
insert into takes values('42022', '884', '1', 'Fall', 2007, 'B+');
insert into takes values('45314', '522', '2', 'Fall', 2010, 'A+');
insert into takes values('57746', '467', '1', 'Spring', 2009, 'C-');
insert into takes values('6288', '470', '1', 'Spring', 2002, 'A ');
insert into takes values('5709', '575', '1', 'Fall', 2005, 'B ');
insert into takes values('2281', '605', '3', 'Spring', 2006, 'A+');
insert into takes values('37583', '625', '1', 'Fall', 2010, 'C+');
insert into takes values('45314', '392', '2', 'Fall', 2001, 'B-');
insert into takes values('32076', '173', '1', 'Spring', 2008, 'A+');
insert into takes values('93634', '849', '1', 'Fall', 2006, 'C-');
insert into takes values('80178', '719', '1', 'Fall', 2001, 'B+');
insert into takes values('10396', '375', '1', 'Spring', 2003, 'C+');
insert into takes values('3927', '638', '2', 'Fall', 2006, 'B-');
insert into takes values('4074', '248', '2', 'Fall', 2006, 'C-');
insert into takes values('58478', '417', '2', 'Spring', 2004, 'C-');
insert into takes values('95323', '178', '2', 'Fall', 2005, 'A+');
insert into takes values('910', '392', '2', 'Fall', 2001, 'A-');
insert into takes values('45444', '392', '1', 'Spring', 2009, 'A ');
insert into takes values('22189', '426', '3', 'Spring', 2007, 'B+');
insert into takes values('6476', '625', '2', 'Spring', 2007, 'C ');
insert into takes values('71904', '567', '4', 'Spring', 2004, 'B+');
insert into takes values('84592', '665', '1', 'Fall', 2010, 'C+');
insert into takes values('24406', '860', '1', 'Fall', 2005, 'A+');
insert into takes values('71904', '446', '2', 'Fall', 2003, 'B+');
insert into takes values('38937', '994', '3', 'Spring', 2002, 'C ');
insert into takes values('19432', '485', '1', 'Spring', 2003, 'A+');
insert into takes values('79023', '813', '1', 'Spring', 2001, 'B-');
insert into takes values('10396', '426', '1', 'Spring', 2005, 'B-');
insert into takes values('37887', '572', '1', 'Spring', 2002, 'C ');
insert into takes values('69290', '371', '1', 'Fall', 2005, 'A-');
insert into takes values('25715', '554', '2', 'Fall', 2003, 'A-');
insert into takes values('23883', '178', '2', 'Fall', 2005, 'B-');
insert into takes values('45314', '984', '1', 'Spring', 2006, 'A+');
insert into takes values('89334', '507', '1', 'Fall', 2010, 'C+');
insert into takes values('11001', '644', '1', 'Fall', 2005, 'A ');
insert into takes values('23883', '813', '1', 'Spring', 2001, 'C ');
insert into takes values('96531', '464', '2', 'Spring', 2003, 'B+');
insert into takes values('99413', '681', '1', 'Spring', 2010, 'B-');
insert into takes values('96531', '204', '1', 'Spring', 2001, 'B+');
insert into takes values('39828', '299', '1', 'Spring', 2002, 'C-');
insert into takes values('45444', '554', '3', 'Fall', 2004, 'A ');
insert into takes values('4087', '840', '1', 'Fall', 2008, 'C+');
insert into takes values('3099', '743', '2', 'Fall', 2008, 'B ');
insert into takes values('36606', '669', '2', 'Fall', 2005, 'C-');
insert into takes values('4087', '904', '2', 'Fall', 2006, 'C ');
insert into takes values('58325', '465', '1', 'Spring', 2004, 'B ');
insert into takes values('39586', '625', '1', 'Fall', 2010, 'C+');
insert into takes values('5709', '127', '1', 'Spring', 2004, 'C ');
insert into takes values('90459', '554', '1', 'Spring', 2007, 'B+');
insert into takes values('71904', '813', '1', 'Spring', 2001, 'B+');
insert into takes values('42427', '955', '2', 'Spring', 2001, 'C ');
insert into takes values('36606', '954', '1', 'Fall', 2009, 'A ');
insert into takes values('93634', '522', '2', 'Fall', 2010, 'B+');
insert into takes values('43656', '632', '2', 'Spring', 2009, 'C+');
insert into takes values('33936', '737', '1', 'Fall', 2006, 'C-');
insert into takes values('22189', '302', '2', 'Fall', 2005, 'B-');
insert into takes values('28978', '849', '2', 'Fall', 2004, 'A-');
insert into takes values('66771', '299', '1', 'Spring', 2002, 'B ');
insert into takes values('40788', '554', '1', 'Spring', 2007, 'A ');
insert into takes values('3099', '211', '1', 'Spring', 2010, 'A ');
insert into takes values('45444', '392', '2', 'Fall', 2001, 'C-');
insert into takes values('75690', '644', '1', 'Fall', 2005, 'C-');
insert into takes values('81846', '639', '1', 'Spring', 2009, 'C ');
insert into takes values('29807', '446', '1', 'Fall', 2009, 'A-');
insert into takes values('37583', '740', '1', 'Fall', 2003, 'A ');
insert into takes values('15725', '929', '1', 'Spring', 2001, 'A ');
insert into takes values('37887', '775', '1', 'Spring', 2003, 'B-');
insert into takes values('3786', '709', '1', 'Spring', 2001, 'C-');
insert into takes values('3927', '757', '1', 'Fall', 2003, 'A-');
insert into takes values('2281', '248', '3', 'Spring', 2004, 'B ');
insert into takes values('37887', '681', '1', 'Spring', 2010, 'C-');
insert into takes values('47254', '681', '1', 'Spring', 2010, 'B ');
insert into takes values('17272', '638', '1', 'Spring', 2007, 'A+');
insert into takes values('90459', '176', '1', 'Fall', 2003, 'C+');
insert into takes values('37583', '302', '2', 'Fall', 2005, 'B+');
insert into takes values('10396', '837', '1', 'Fall', 2002, 'A ');
insert into takes values('22189', '625', '1', 'Fall', 2010, 'A+');
insert into takes values('96731', '737', '1', 'Fall', 2006, 'B+');
insert into takes values('10194', '371', '3', 'Fall', 2003, 'C-');
insert into takes values('24406', '557', '1', 'Spring', 2005, 'B+');
insert into takes values('13612', '467', '1', 'Spring', 2009, 'A-');
insert into takes values('77760', '946', '2', 'Fall', 2007, 'A ');
insert into takes values('22189', '375', '1', 'Spring', 2003, 'A ');
insert into takes values('46200', '204', '1', 'Spring', 2001, 'B+');
insert into takes values('82214', '382', '1', 'Fall', 2009, 'C+');
insert into takes values('23883', '426', '2', 'Spring', 2007, 'B-');
insert into takes values('9478', '302', '2', 'Fall', 2005, 'A ');
insert into takes values('95323', '548', '2', 'Spring', 2007, 'A-');
insert into takes values('71314', '737', '1', 'Fall', 2006, 'A-');
insert into takes values('3786', '929', '1', 'Spring', 2001, 'B+');
insert into takes values('5709', '982', '1', 'Spring', 2007, 'C+');
insert into takes values('7953', '124', '1', 'Spring', 2008, 'C ');
insert into takes values('31170', '744', '1', 'Spring', 2008, 'A ');
insert into takes values('75690', '789', '1', 'Fall', 2007, 'A+');
insert into takes values('11001', '666', '3', 'Fall', 2010, 'B ');
insert into takes values('24406', '501', '1', 'Fall', 2010, 'C ');
insert into takes values('10396', '681', '2', 'Spring', 2004, 'B-');
insert into takes values('15725', '713', '1', 'Fall', 2001, 'C ');
insert into takes values('17408', '417', '1', 'Fall', 2004, 'C+');
insert into takes values('42022', '497', '2', 'Spring', 2002, 'C ');
insert into takes values('84592', '938', '3', 'Spring', 2003, 'A ');
insert into takes values('910', '379', '1', 'Fall', 2001, 'A+');
insert into takes values('45444', '775', '1', 'Spring', 2003, 'B+');
insert into takes values('28378', '904', '2', 'Fall', 2006, 'A-');
insert into takes values('31158', '183', '1', 'Fall', 2006, 'B+');
insert into takes values('2281', '123', '1', 'Fall', 2001, 'C ');
insert into takes values('81846', '236', '1', 'Spring', 2004, 'C+');
insert into takes values('57746', '173', '1', 'Spring', 2008, 'B+');
insert into takes values('53754', '605', '2', 'Spring', 2003, 'C ');
insert into takes values('94411', '575', '1', 'Fall', 2005, 'A+');
insert into takes values('910', '639', '1', 'Spring', 2009, 'A+');
insert into takes values('23883', '713', '2', 'Spring', 2010, 'B-');
insert into takes values('2281', '665', '1', 'Fall', 2010, 'A+');
insert into takes values('47254', '501', '1', 'Fall', 2010, 'B-');
insert into takes values('32076', '124', '1', 'Spring', 2008, 'B+');
insert into takes values('23883', '775', '1', 'Spring', 2003, 'B+');
insert into takes values('40788', '740', '1', 'Fall', 2003, 'A ');
insert into takes values('77791', '457', '2', 'Spring', 2006, 'C ');
insert into takes values('910', '557', '2', 'Fall', 2010, 'B ');
insert into takes values('39586', '675', '1', 'Spring', 2003, 'C ');
insert into takes values('8852', '703', '1', 'Spring', 2008, 'B ');
insert into takes values('28378', '352', '2', 'Fall', 2005, 'A+');
insert into takes values('82916', '548', '2', 'Spring', 2007, 'B ');
insert into takes values('8546', '638', '1', 'Spring', 2007, 'A ');
insert into takes values('17408', '211', '1', 'Spring', 2010, 'A-');
insert into takes values('90459', '666', '2', 'Fall', 2004, 'B ');
insert into takes values('9478', '236', '1', 'Spring', 2004, 'A+');
insert into takes values('4087', '860', '1', 'Fall', 2005, 'B-');
insert into takes values('25579', '607', '1', 'Spring', 2009, 'A+');
insert into takes values('15725', '554', '2', 'Fall', 2003, 'B-');
insert into takes values('82214', '446', '1', 'Fall', 2009, 'B+');
insert into takes values('11855', '375', '1', 'Spring', 2003, 'B-');
insert into takes values('77791', '713', '2', 'Spring', 2010, 'C+');
insert into takes values('53754', '705', '1', 'Fall', 2010, 'B+');
insert into takes values('96731', '465', '2', 'Fall', 2010, 'C ');
insert into takes values('5709', '426', '3', 'Spring', 2007, 'A ');
insert into takes values('82214', '713', '3', 'Spring', 2008, 'A ');
insert into takes values('31158', '375', '1', 'Spring', 2003, 'A+');
insert into takes values('2281', '962', '1', 'Spring', 2006, 'C ');
insert into takes values('79023', '216', '1', 'Fall', 2008, 'A-');
insert into takes values('4310', '567', '1', 'Spring', 2006, 'B-');
insert into takes values('45444', '904', '2', 'Fall', 2006, 'A-');
insert into takes values('5709', '216', '1', 'Fall', 2008, 'B ');
insert into takes values('11001', '813', '1', 'Spring', 2001, 'B ');
insert into takes values('37846', '248', '1', 'Spring', 2008, 'C-');
insert into takes values('15725', '607', '1', 'Spring', 2009, 'A ');
insert into takes values('93634', '124', '1', 'Spring', 2008, 'A-');
insert into takes values('82214', '302', '2', 'Fall', 2005, 'A-');
insert into takes values('39586', '827', '1', 'Fall', 2006, 'B+');
insert into takes values('580', '984', '2', 'Fall', 2008, 'C ');
insert into takes values('37846', '840', '1', 'Fall', 2008, 'A+');
insert into takes values('79023', '465', '2', 'Fall', 2010, 'B+');
insert into takes values('3927', '955', '2', 'Spring', 2001, 'A ');
insert into takes values('10194', '645', '2', 'Fall', 2005, 'C ');
insert into takes values('9478', '994', '3', 'Spring', 2002, 'B-');
insert into takes values('2281', '666', '3', 'Fall', 2010, 'B-');
insert into takes values('71904', '371', '3', 'Fall', 2003, 'A ');
insert into takes values('41810', '569', '1', 'Fall', 2008, 'B ');
insert into takes values('93634', '223', '1', 'Spring', 2003, 'B+');
insert into takes values('6476', '982', '2', 'Fall', 2001, 'A-');
insert into takes values('30911', '644', '1', 'Fall', 2005, 'A-');
insert into takes values('42189', '613', '1', 'Spring', 2003, 'C ');
insert into takes values('89334', '248', '1', 'Spring', 2008, 'A-');
insert into takes values('85827', '743', '2', 'Fall', 2008, 'B+');
insert into takes values('34800', '643', '2', 'Fall', 2009, 'C ');
insert into takes values('71904', '166', '2', 'Fall', 2008, 'B ');
insert into takes values('41810', '126', '1', 'Spring', 2005, 'A-');
insert into takes values('95323', '982', '1', 'Spring', 2007, 'C+');
insert into takes values('13612', '625', '1', 'Fall', 2010, 'A ');
insert into takes values('79023', '371', '2', 'Fall', 2004, 'B ');
insert into takes values('45159', '713', '2', 'Spring', 2010, 'B ');
insert into takes values('45159', '632', '1', 'Fall', 2010, 'B ');
insert into takes values('69290', '625', '3', 'Spring', 2004, 'B ');
insert into takes values('42022', '666', '1', 'Fall', 2007, 'B ');
insert into takes values('95283', '743', '2', 'Fall', 2008, 'C-');
insert into takes values('5709', '470', '1', 'Spring', 2002, 'B-');
insert into takes values('52850', '862', '1', 'Fall', 2005, 'C+');
insert into takes values('31170', '966', '1', 'Spring', 2003, 'B+');
insert into takes values('34263', '171', '1', 'Fall', 2005, 'C ');
insert into takes values('13612', '862', '1', 'Fall', 2005, 'C+');
insert into takes values('45159', '966', '1', 'Spring', 2003, 'C+');
insert into takes values('69290', '171', '1', 'Fall', 2005, 'C ');
insert into takes values('37887', '840', '3', 'Fall', 2008, 'A ');
insert into takes values('96731', '302', '2', 'Fall', 2005, 'B-');
insert into takes values('46200', '613', '2', 'Spring', 2007, 'C ');
insert into takes values('34263', '929', '1', 'Spring', 2001, 'B-');
insert into takes values('52850', '931', '1', 'Spring', 2003, 'B ');
insert into advisor values('45444', '12481');
insert into advisor values('43656', '77078');
insert into advisor values('89334', '13937');
insert into advisor values('6288', '32005');
insert into advisor values('25579', '94293');
insert into advisor values('9543', '68500');
insert into advisor values('79023', '56880');
insert into advisor values('37583', '78903');
insert into advisor values('5709', '45648');
insert into advisor values('56422', '13536');
insert into advisor values('42022', '68500');
insert into advisor values('8546', '77078');
insert into advisor values('47254', '63776');
insert into advisor values('4310', '63776');
insert into advisor values('66771', '30706');
insert into advisor values('15725', '25577');
insert into advisor values('29807', '45648');
insert into advisor values('13612', '77939');
insert into advisor values('95283', '37412');
insert into advisor values('31601', '77939');
insert into advisor values('580', '12911');
insert into advisor values('17272', '18330');
insert into advisor values('71904', '12481');
insert into advisor values('71314', '58725');
insert into advisor values('37887', '58725');
insert into advisor values('22189', '64915');
insert into advisor values('28243', '30839');
insert into advisor values('7953', '89617');
insert into advisor values('75690', '83478');
insert into advisor values('77791', '11378');
insert into advisor values('8425', '91011');
insert into advisor values('41810', '63776');
insert into advisor values('34800', '45648');
insert into advisor values('30911', '72453');
insert into advisor values('53754', '77939');
insert into advisor values('24406', '30839');
insert into advisor values('96731', '57157');
insert into advisor values('17408', '11378');
insert into advisor values('31170', '32005');
insert into advisor values('98976', '12481');
insert into advisor values('81846', '37412');
insert into advisor values('40788', '30706');
insert into advisor values('95323', '12911');
insert into advisor values('8852', '64915');
insert into advisor values('6476', '13937');
insert into advisor values('11855', '56880');
insert into advisor values('77760', '67905');
insert into advisor values('57746', '24932');
insert into advisor values('82214', '68500');
insert into advisor values('39586', '30706');
insert into advisor values('4074', '2609');
insert into advisor values('36606', '72453');
insert into advisor values('84592', '98388');
insert into advisor values('72736', '72453');
insert into advisor values('37846', '2609');
insert into advisor values('28378', '18786');
insert into advisor values('25715', '43532');
insert into advisor values('42427', '83478');
insert into advisor values('10396', '87981');
insert into advisor values('3786', '91011');
insert into advisor values('90459', '83478');
insert into advisor values('45159', '72453');
insert into advisor values('46200', '34368');
insert into advisor values('910', '88191');
insert into advisor values('28978', '56880');
insert into advisor values('58325', '2609');
insert into advisor values('82916', '63776');
insert into advisor values('69290', '13536');
insert into advisor values('45314', '83478');
insert into advisor values('4087', '89617');
insert into advisor values('3099', '78903');
insert into advisor values('23840', '91011');
insert into advisor values('31158', '48223');
insert into advisor values('93634', '87981');
insert into advisor values('3927', '42017');
insert into advisor values('96531', '33262');
insert into advisor values('38937', '48223');
insert into advisor values('9478', '56880');
insert into advisor values('80178', '12911');
insert into advisor values('15109', '58725');
insert into advisor values('39828', '79907');
insert into advisor values('34263', '24932');
insert into advisor values('19432', '13536');
insert into advisor values('45529', '24932');
insert into advisor values('53650', '25577');
insert into advisor values('90951', '33262');
insert into advisor values('10194', '77939');
insert into advisor values('52850', '89617');
insert into advisor values('46847', '83478');
insert into advisor values('95624', '25577');
insert into advisor values('23883', '58725');
insert into advisor values('33936', '12481');
insert into advisor values('85827', '68500');
insert into advisor values('42189', '37412');
insert into advisor values('58478', '58725');
insert into advisor values('11001', '18786');
insert into advisor values('94411', '84297');
insert into advisor values('2281', '11243');
insert into advisor values('99413', '18330');
insert into advisor values('32076', '42017');
insert into prereq values('789', '652');
insert into prereq values('467', '984');
insert into prereq values('548', '769');
insert into prereq values('562', '643');
insert into prereq values('994', '681');
insert into prereq values('223', '272');
insert into prereq values('666', '470');
insert into prereq values('135', '719');
insert into prereq values('103', '415');
insert into prereq values('950', '171');
insert into prereq values('127', '770');
insert into prereq values('225', '605');
insert into prereq values('607', '856');
insert into prereq values('994', '826');
insert into prereq values('652', '935');
insert into prereq values('672', '806');
insert into prereq values('817', '645');
insert into prereq values('379', '704');
insert into prereq values('351', '133');
insert into prereq values('641', '957');
insert into prereq values('621', '740');
insert into prereq values('644', '175');
insert into prereq values('223', '211');
insert into prereq values('704', '575');
insert into prereq values('946', '501');
insert into prereq values('173', '497');
insert into prereq values('978', '625');
insert into prereq values('266', '856');
insert into prereq values('123', '613');
insert into prereq values('382', '190');
insert into prereq values('176', '713');
insert into prereq values('275', '485');
insert into prereq values('984', '379');
insert into prereq values('709', '275');
insert into prereq values('552', '507');
insert into prereq values('359', '465');
insert into prereq values('739', '632');
insert into prereq values('223', '739');
insert into prereq values('305', '177');
insert into prereq values('457', '557');
insert into prereq values('202', '806');
insert into prereq values('705', '485');
insert into prereq values('326', '501');
insert into prereq values('982', '743');
insert into prereq values('625', '938');
insert into prereq values('946', '485');
insert into prereq values('272', '457');
insert into prereq values('904', '567');
insert into prereq values('446', '984');
insert into prereq values('775', '202');
insert into prereq values('426', '484');
insert into prereq values('953', '133');
insert into prereq values('954', '257');
insert into prereq values('190', '837');
insert into prereq values('973', '167');
insert into prereq values('621', '638');
insert into prereq values('904', '200');
insert into prereq values('295', '102');
insert into prereq values('827', '979');
insert into prereq values('513', '382');
insert into prereq values('978', '973');
insert into prereq values('744', '202');
insert into prereq values('840', '275');
insert into prereq values('554', '226');
insert into prereq values('177', '461');
insert into prereq values('490', '661');
insert into prereq values('257', '302');
insert into prereq values('781', '722');
insert into prereq values('506', '806');
insert into prereq values('834', '641');
insert into prereq values('166', '829');
insert into prereq values('962', '272');
insert into prereq values('200', '206');
insert into prereq values('745', '617');
insert into prereq values('950', '359');
insert into prereq values('722', '507');
insert into prereq values('173', '672');
insert into prereq values('617', '750');
insert into prereq values('207', '490');
insert into prereq values('461', '743');
insert into prereq values('935', '681');
insert into prereq values('506', '382');
insert into prereq values('135', '464');
insert into prereq values('705', '497');
insert into prereq values('837', '359');
insert into prereq values('135', '223');
insert into prereq values('644', '769');
insert into prereq values('827', '781');
insert into prereq values('737', '775');
insert into prereq values('257', '898');
insert into prereq values('840', '884');
insert into prereq values('127', '672');
insert into prereq values('295', '638');
insert into prereq values('887', '984');
insert into prereq values('834', '946');
insert into prereq values('704', '423');
insert into prereq values('275', '826');
insert into prereq values('382', '931');
insert into prereq values('365', '884');
insert into prereq values('225', '744');
