insert into classroom values('D', 229, 25);
insert into classroom values('H', 934, 140);
insert into classroom values('I', 315, 17);
insert into classroom values('A', 370, 21);
insert into classroom values('E', 168, 53);
insert into classroom values('C', 913, 37);
insert into classroom values('F', 926, 137);
insert into classroom values('I', 903, 45);
insert into classroom values('D', 984, 70);
insert into classroom values('B', 577, 42);
insert into department values('BN', 'E', 949652.74);
insert into department values('ED', 'E', 11650.49);
insert into department values('DK', 'F', 641943.71);
insert into department values('FR', 'E', 392398.38);
insert into department values('KL', 'G', 342913.05);
insert into department values('EL', 'J', 748416.81);
insert into department values('RQ', 'C', 441466.07);
insert into department values('DF', 'I', 66091.17);
insert into department values('HI', 'J', 294681.08);
insert into department values('GO', 'C', 575084.59);
insert into course values('310', 'IF3031', 'DF', 4);
insert into course values('645', 'IF4041', 'KL', 4);
insert into course values('370', 'IF3030', 'KL', 3);
insert into course values('695', 'IF3120', 'KL', 4);
insert into course values('413', 'IF3030', 'GO', 3);
insert into course values('161', 'IF3030', 'DF', 4);
insert into course values('561', 'IF3030', 'HI', 3);
insert into course values('613', 'IF3333', 'BN', 4);
insert into course values('292', 'IF3120', 'KL', 4);
insert into course values('858', 'IF5555', 'ED', 3);
insert into course values('867', 'IF3022', 'ED', 4);
insert into course values('628', 'IF5555', 'FR', 4);
insert into course values('927', 'IF3030', 'ED', 3);
insert into course values('510', 'IF3022', 'ED', 3);
insert into course values('806', 'IF4321', 'DK', 4);
insert into course values('770', 'IF4041', 'FR', 4);
insert into course values('934', 'IF5555', 'KL', 4);
insert into course values('815', 'IF3031', 'DF', 3);
insert into course values('999', 'IF4041', 'ED', 3);
insert into course values('363', 'IF3333', 'EL', 3);
insert into course values('311', 'IF4321', 'EL', 3);
insert into course values('372', 'IF3333', 'ED', 4);
insert into course values('103', 'IF5555', 'ED', 4);
insert into course values('725', 'IF3031', 'DK', 3);
insert into course values('194', 'IF3031', 'RQ', 4);
insert into course values('788', 'IF3030', 'KL', 3);
insert into course values('680', 'IF3333', 'RQ', 4);
insert into course values('288', 'IF5555', 'ED', 3);
insert into course values('312', 'IF3120', 'EL', 3);
insert into course values('904', 'IF3120', 'GO', 4);
insert into course values('131', 'IF3120', 'EL', 4);
insert into course values('814', 'IF0230', 'FR', 4);
insert into course values('446', 'IF3120', 'KL', 4);
insert into course values('940', 'IF4041', 'ED', 4);
insert into course values('916', 'IF4321', 'DF', 3);
insert into course values('900', 'IF3211', 'RQ', 3);
insert into course values('720', 'IF0230', 'DK', 4);
insert into course values('597', 'IF4041', 'FR', 4);
insert into course values('768', 'IF4041', 'HI', 4);
insert into course values('201', 'IF3030', 'BN', 3);
insert into course values('351', 'IF3120', 'DF', 4);
insert into course values('575', 'IF3022', 'FR', 4);
insert into course values('882', 'IF3031', 'HI', 4);
insert into course values('978', 'IF4321', 'DF', 4);
insert into course values('328', 'IF4041', 'GO', 3);
insert into course values('883', 'IF3030', 'FR', 4);
insert into course values('171', 'IF3120', 'DF', 4);
insert into course values('949', 'IF3120', 'BN', 4);
insert into course values('374', 'IF4321', 'FR', 3);
insert into course values('719', 'IF3120', 'ED', 3);
insert into course values('148', 'IF3031', 'KL', 3);
insert into course values('257', 'IF3030', 'RQ', 3);
insert into course values('492', 'IF3211', 'BN', 4);
insert into course values('452', 'IF0230', 'RQ', 4);
insert into course values('348', 'IF5555', 'EL', 4);
insert into course values('955', 'IF4041', 'EL', 4);
insert into course values('186', 'IF4041', 'FR', 4);
insert into course values('163', 'IF3333', 'FR', 3);
insert into course values('129', 'IF3333', 'HI', 3);
insert into course values('470', 'IF4321', 'FR', 4);
insert into course values('249', 'IF3211', 'RQ', 4);
insert into course values('540', 'IF4041', 'RQ', 4);
insert into course values('533', 'IF3120', 'GO', 3);
insert into course values('488', 'IF3022', 'ED', 3);
insert into course values('283', 'IF0230', 'GO', 3);
insert into course values('295', 'IF3211', 'RQ', 4);
insert into course values('516', 'IF4321', 'RQ', 4);
insert into course values('572', 'IF3031', 'HI', 4);
insert into course values('683', 'IF3030', 'DK', 3);
insert into course values('137', 'IF3211', 'DK', 3);
insert into course values('785', 'IF3211', 'DK', 3);
insert into course values('141', 'IF3030', 'GO', 4);
insert into course values('885', 'IF3022', 'RQ', 3);
insert into course values('299', 'IF5555', 'BN', 3);
insert into course values('721', 'IF3120', 'HI', 3);
insert into course values('776', 'IF3120', 'BN', 3);
insert into course values('465', 'IF3120', 'DK', 3);
insert into course values('790', 'IF3333', 'DF', 4);
insert into course values('780', 'IF5555', 'DF', 4);
insert into course values('562', 'IF4041', 'DK', 3);
insert into course values('403', 'IF4321', 'GO', 4);
insert into course values('638', 'IF0230', 'EL', 4);
insert into course values('481', 'IF3030', 'RQ', 4);
insert into course values('297', 'IF3120', 'DF', 3);
insert into course values('460', 'IF3211', 'HI', 3);
insert into course values('290', 'IF3333', 'FR', 4);
insert into course values('963', 'IF5555', 'ED', 4);
insert into course values('193', 'IF5555', 'FR', 4);
insert into course values('777', 'IF0230', 'KL', 4);
insert into course values('174', 'IF3031', 'HI', 3);
insert into course values('536', 'IF3031', 'BN', 4);
insert into course values('754', 'IF5555', 'DK', 4);
insert into course values('946', 'IF3030', 'EL', 3);
insert into course values('347', 'IF3211', 'GO', 3);
insert into course values('298', 'IF4041', 'KL', 3);
insert into course values('551', 'IF3333', 'DK', 3);
insert into course values('624', 'IF3333', 'FR', 3);
insert into course values('164', 'IF4321', 'ED', 3);
insert into course values('869', 'IF3120', 'DF', 4);
insert into course values('172', 'IF0230', 'FR', 3);
insert into course values('114', 'IF4321', 'HI', 3);
insert into course values('998', 'IF3120', 'EL', 4);
insert into course values('705', 'IF4321', 'GO', 4);
insert into course values('246', 'IF3022', 'FR', 4);
insert into course values('694', 'IF3333', 'BN', 3);
insert into course values('423', 'IF3211', 'RQ', 4);
insert into course values('126', 'IF0230', 'BN', 3);
insert into course values('846', 'IF4041', 'FR', 3);
insert into course values('565', 'IF3030', 'BN', 3);
insert into course values('988', 'IF4321', 'FR', 3);
insert into course values('271', 'IF0230', 'KL', 4);
insert into course values('711', 'IF5555', 'EL', 3);
insert into course values('606', 'IF4321', 'GO', 3);
insert into course values('982', 'IF0230', 'EL', 4);
insert into course values('898', 'IF4041', 'GO', 3);
insert into course values('828', 'IF4321', 'EL', 4);
insert into course values('113', 'IF5555', 'KL', 3);
insert into course values('894', 'IF0230', 'KL', 4);
insert into course values('698', 'IF4321', 'FR', 3);
insert into course values('456', 'IF3120', 'KL', 4);
insert into course values('247', 'IF4041', 'DK', 3);
insert into course values('614', 'IF3030', 'DK', 4);
insert into course values('105', 'IF0230', 'FR', 3);
insert into course values('666', 'IF3120', 'HI', 4);
insert into course values('566', 'IF3333', 'BN', 4);
insert into course values('618', 'IF3030', 'HI', 3);
insert into course values('656', 'IF3031', 'FR', 4);
insert into course values('902', 'IF5555', 'FR', 4);
insert into course values('843', 'IF3031', 'HI', 3);
insert into course values('395', 'IF3022', 'ED', 3);
insert into course values('178', 'IF3211', 'EL', 4);
insert into course values('924', 'IF5555', 'DK', 3);
insert into course values('967', 'IF3031', 'RQ', 3);
insert into course values('424', 'IF3211', 'BN', 4);
insert into course values('327', 'IF3120', 'DK', 3);
insert into course values('767', 'IF3211', 'GO', 4);
insert into course values('267', 'IF0230', 'GO', 3);
insert into course values('850', 'IF5555', 'DK', 4);
insert into course values('197', 'IF5555', 'EL', 3);
insert into course values('316', 'IF3022', 'GO', 4);
insert into course values('489', 'IF4041', 'GO', 3);
insert into course values('139', 'IF4321', 'GO', 4);
insert into course values('608', 'IF3120', 'FR', 3);
insert into course values('539', 'IF3031', 'DF', 4);
insert into course values('260', 'IF3120', 'ED', 3);
insert into course values('555', 'IF3120', 'DK', 3);
insert into course values('305', 'IF3030', 'BN', 3);
insert into course values('238', 'IF3031', 'EL', 3);
insert into course values('704', 'IF3022', 'ED', 4);
insert into course values('953', 'IF4041', 'FR', 4);
insert into course values('535', 'IF5555', 'KL', 3);
insert into course values('769', 'IF4041', 'RQ', 4);
insert into course values('612', 'IF3022', 'RQ', 3);
insert into course values('342', 'IF5555', 'DF', 4);
insert into course values('992', 'IF3120', 'RQ', 3);
insert into course values('662', 'IF0230', 'DF', 4);
insert into course values('922', 'IF3022', 'KL', 4);
insert into course values('190', 'IF4321', 'RQ', 3);
insert into course values('676', 'IF4041', 'ED', 3);
insert into course values('433', 'IF3030', 'GO', 4);
insert into course values('427', 'IF3333', 'FR', 3);
insert into course values('337', 'IF0230', 'KL', 3);
insert into course values('227', 'IF3030', 'ED', 3);
insert into course values('864', 'IF3022', 'EL', 4);
insert into course values('578', 'IF3031', 'BN', 3);
insert into course values('919', 'IF3333', 'RQ', 4);
insert into course values('528', 'IF3022', 'DF', 4);
insert into course values('668', 'IF4041', 'EL', 4);
insert into course values('910', 'IF3333', 'BN', 3);
insert into course values('824', 'IF5555', 'RQ', 4);
insert into course values('162', 'IF3211', 'DF', 3);
insert into course values('577', 'IF3031', 'DF', 3);
insert into course values('975', 'IF3022', 'HI', 4);
insert into course values('301', 'IF4321', 'HI', 3);
insert into course values('476', 'IF4041', 'DK', 3);
insert into course values('637', 'IF3120', 'ED', 4);
insert into course values('952', 'IF3030', 'EL', 4);
insert into course values('205', 'IF3120', 'HI', 4);
insert into course values('187', 'IF3211', 'GO', 4);
insert into course values('439', 'IF3333', 'FR', 3);
insert into course values('687', 'IF3022', 'EL', 4);
insert into course values('573', 'IF3211', 'GO', 3);
insert into course values('392', 'IF0230', 'EL', 4);
insert into course values('688', 'IF4321', 'HI', 4);
insert into course values('771', 'IF3022', 'DF', 3);
insert into course values('352', 'IF3031', 'BN', 3);
insert into course values('277', 'IF3211', 'HI', 3);
insert into course values('138', 'IF0230', 'RQ', 3);
insert into course values('746', 'IF3333', 'KL', 3);
insert into course values('275', 'IF4041', 'EL', 3);
insert into course values('840', 'IF3333', 'DF', 4);
insert into course values('710', 'IF3031', 'HI', 4);
insert into course values('996', 'IF3211', 'DF', 3);
insert into course values('903', 'IF5555', 'GO', 3);
insert into course values('748', 'IF3120', 'DK', 4);
insert into course values('973', 'IF3030', 'EL', 3);
insert into course values('863', 'IF3031', 'FR', 4);
insert into course values('826', 'IF3030', 'KL', 3);
insert into course values('753', 'IF3120', 'FR', 4);
insert into course values('944', 'IF3120', 'GO', 4);
insert into instructor values('99314', 'Ahmad', 'ED', 85663.53);
insert into instructor values('72213', 'rahmat', 'DK', 109912.33);
insert into instructor values('41390', 'Ahmad', 'DK', 107330.04);
insert into instructor values('57514', 'Adri', 'ED', 93839.10);
insert into instructor values('82426', 'Josu', 'BN', 88956.38);
insert into instructor values('10668', 'Ahmad', 'GO', 104195.03);
insert into instructor values('65653', 'Budi', 'KL', 53575.75);
insert into instructor values('32074', 'Ahmad', 'RQ', 60917.12);
insert into instructor values('36685', 'Ande', 'BN', 91118.61);
insert into instructor values('52132', 'Budi', 'GO', 96503.67);
insert into instructor values('11494', 'rahmat', 'GO', 80098.50);
insert into instructor values('50959', 'Ande', 'GO', 116441.69);
insert into instructor values('89747', 'Yohan', 'DK', 88420.44);
insert into instructor values('20367', 'Johan', 'DF', 42292.28);
insert into instructor values('99387', 'Adri', 'HI', 99372.26);
insert into instructor values('80507', 'Ahmad', 'GO', 104051.03);
insert into instructor values('95957', 'yuyun', 'DK', 116378.32);
insert into instructor values('91421', 'rahmat', 'KL', 51232.19);
insert into instructor values('66923', 'rahmat', 'DF', 123240.16);
insert into instructor values('1262', 'Josu', 'GO', 120582.41);
insert into instructor values('24602', 'Johan', 'GO', 115357.56);
insert into instructor values('16669', 'Ahmad', 'RQ', 32412.17);
insert into instructor values('61040', 'Kiki', 'RQ', 71818.50);
insert into instructor values('5641', 'Adri', 'FR', 87239.62);
insert into instructor values('47789', 'Yohan', 'DF', 108265.91);
insert into instructor values('51906', 'Ande', 'RQ', 99774.02);
insert into instructor values('18146', 'Ahmad', 'DK', 36093.30);
insert into instructor values('55083', 'Yohan', 'KL', 38222.58);
insert into instructor values('76628', 'yuyun', 'EL', 54791.49);
insert into instructor values('48218', 'Johan', 'HI', 33486.97);
insert into instructor values('21977', 'Kiki', 'BN', 121162.69);
insert into instructor values('30038', 'Adri', 'KL', 85022.29);
insert into instructor values('98713', 'Budi', 'DK', 71637.90);
insert into instructor values('87928', 'Ahmad', 'ED', 117963.92);
insert into instructor values('7470', 'Adri', 'KL', 122078.17);
insert into instructor values('16650', 'yuyun', 'DK', 39584.10);
insert into instructor values('98596', 'rahmat', 'ED', 33209.79);
insert into instructor values('12202', 'Kiki', 'GO', 102222.60);
insert into instructor values('60537', 'Ahmad', 'ED', 109237.81);
insert into instructor values('21671', 'Budi', 'KL', 104542.59);
insert into instructor values('97565', 'rahmat', 'RQ', 92202.11);
insert into instructor values('69219', 'Ande', 'BN', 53294.91);
insert into instructor values('36435', 'Ahmad', 'EL', 125284.63);
insert into instructor values('52239', 'Budi', 'EL', 63731.09);
insert into instructor values('3566', 'yuyun', 'GO', 84545.85);
insert into instructor values('51185', 'Adri', 'ED', 98387.36);
insert into instructor values('43156', 'rahmat', 'KL', 120463.22);
insert into instructor values('8320', 'Josu', 'EL', 31168.95);
insert into instructor values('55038', 'Adri', 'HI', 108163.79);
insert into instructor values('5382', 'Josu', 'DF', 76496.01);
insert into section values('301', '1', 'Spring', 2003, 'H', '934', 'O');
insert into section values('194', '1', 'Spring', 2007, 'C', '913', 'O');
insert into section values('403', '1', 'Fall', 2004, 'I', '315', 'N');
insert into section values('705', '1', 'Spring', 2006, 'I', '903', 'M');
insert into section values('347', '1', 'Spring', 2008, 'F', '926', 'I');
insert into section values('161', '1', 'Fall', 2007, 'A', '370', 'A');
insert into section values('662', '1', 'Fall', 2007, 'F', '926', 'H');
insert into section values('310', '1', 'Fall', 2001, 'A', '370', 'F');
insert into section values('858', '1', 'Fall', 2003, 'E', '168', 'O');
insert into section values('910', '1', 'Fall', 2009, 'A', '370', 'J');
insert into section values('944', '1', 'Spring', 2005, 'D', '984', 'K');
insert into section values('612', '1', 'Spring', 2005, 'I', '315', 'N');
insert into section values('688', '1', 'Fall', 2007, 'F', '926', 'C');
insert into section values('863', '1', 'Spring', 2002, 'F', '926', 'F');
insert into section values('840', '1', 'Spring', 2004, 'E', '168', 'I');
insert into section values('271', '1', 'Fall', 2007, 'B', '577', 'D');
insert into section values('555', '1', 'Fall', 2006, 'A', '370', 'G');
insert into section values('465', '1', 'Spring', 2003, 'C', '913', 'K');
insert into section values('565', '1', 'Fall', 2007, 'E', '168', 'P');
insert into section values('337', '1', 'Fall', 2004, 'D', '984', 'N');
insert into section values('828', '1', 'Fall', 2002, 'H', '934', 'N');
insert into section values('535', '1', 'Spring', 2006, 'D', '984', 'L');
insert into section values('311', '1', 'Fall', 2005, 'A', '370', 'A');
insert into section values('488', '1', 'Spring', 2002, 'I', '315', 'J');
insert into section values('238', '1', 'Spring', 2006, 'C', '913', 'P');
insert into section values('618', '1', 'Fall', 2002, 'H', '934', 'H');
insert into section values('975', '1', 'Spring', 2004, 'B', '577', 'E');
insert into section values('624', '1', 'Spring', 2009, 'F', '926', 'F');
insert into section values('413', '1', 'Spring', 2001, 'A', '370', 'P');
insert into section values('982', '1', 'Spring', 2009, 'I', '315', 'F');
insert into section values('370', '1', 'Fall', 2005, 'D', '984', 'J');
insert into section values('290', '1', 'Fall', 2007, 'I', '903', 'P');
insert into section values('114', '1', 'Spring', 2004, 'D', '984', 'D');
insert into section values('826', '1', 'Fall', 2009, 'D', '984', 'C');
insert into section values('186', '1', 'Fall', 2001, 'I', '903', 'M');
insert into section values('992', '1', 'Fall', 2008, 'E', '168', 'L');
insert into section values('614', '1', 'Fall', 2006, 'F', '926', 'G');
insert into section values('904', '1', 'Spring', 2008, 'H', '934', 'B');
insert into section values('863', '2', 'Fall', 2008, 'D', '984', 'G');
insert into section values('372', '1', 'Spring', 2003, 'D', '984', 'I');
insert into section values('565', '2', 'Spring', 2008, 'I', '315', 'G');
insert into section values('299', '1', 'Spring', 2004, 'H', '934', 'H');
insert into section values('719', '1', 'Spring', 2003, 'E', '168', 'I');
insert into section values('903', '1', 'Fall', 2005, 'C', '913', 'C');
insert into section values('465', '2', 'Spring', 2004, 'D', '984', 'G');
insert into section values('187', '1', 'Fall', 2006, 'B', '577', 'D');
insert into section values('257', '1', 'Spring', 2009, 'D', '984', 'I');
insert into section values('863', '3', 'Spring', 2007, 'I', '315', 'B');
insert into section values('720', '1', 'Fall', 2004, 'A', '370', 'P');
insert into section values('141', '1', 'Spring', 2006, 'C', '913', 'H');
insert into section values('392', '1', 'Fall', 2002, 'F', '926', 'G');
insert into section values('575', '1', 'Fall', 2007, 'D', '984', 'C');
insert into section values('694', '1', 'Spring', 2004, 'C', '913', 'P');
insert into section values('988', '1', 'Spring', 2001, 'A', '370', 'C');
insert into section values('608', '1', 'Spring', 2004, 'I', '903', 'G');
insert into section values('721', '1', 'Spring', 2005, 'I', '903', 'L');
insert into section values('205', '1', 'Fall', 2007, 'F', '926', 'P');
insert into section values('843', '1', 'Spring', 2007, 'E', '168', 'B');
insert into section values('187', '2', 'Spring', 2002, 'I', '903', 'P');
insert into section values('753', '1', 'Fall', 2006, 'E', '168', 'D');
insert into section values('267', '1', 'Fall', 2010, 'C', '913', 'I');
insert into section values('898', '1', 'Fall', 2005, 'I', '315', 'L');
insert into section values('126', '1', 'Fall', 2006, 'E', '168', 'D');
insert into section values('187', '3', 'Fall', 2007, 'E', '168', 'N');
insert into section values('814', '1', 'Spring', 2009, 'A', '370', 'M');
insert into section values('769', '1', 'Fall', 2002, 'E', '168', 'N');
insert into section values('575', '2', 'Spring', 2007, 'A', '370', 'C');
insert into section values('433', '1', 'Spring', 2004, 'D', '984', 'H');
insert into section values('687', '1', 'Spring', 2001, 'I', '315', 'O');
insert into section values('316', '1', 'Fall', 2007, 'E', '168', 'M');
insert into section values('720', '2', 'Fall', 2003, 'D', '984', 'E');
insert into section values('769', '2', 'Fall', 2002, 'F', '926', 'C');
insert into section values('624', '2', 'Spring', 2004, 'F', '926', 'P');
insert into section values('612', '2', 'Spring', 2006, 'F', '926', 'O');
insert into section values('982', '2', 'Spring', 2002, 'E', '168', 'O');
insert into section values('998', '1', 'Fall', 2008, 'D', '984', 'D');
insert into section values('988', '2', 'Spring', 2007, 'C', '913', 'C');
insert into section values('193', '1', 'Fall', 2007, 'D', '229', 'B');
insert into section values('578', '1', 'Fall', 2006, 'F', '926', 'L');
insert into section values('952', '1', 'Spring', 2004, 'F', '926', 'M');
insert into section values('372', '2', 'Spring', 2004, 'H', '934', 'N');
insert into section values('721', '2', 'Spring', 2001, 'A', '370', 'E');
insert into section values('138', '1', 'Fall', 2009, 'I', '903', 'G');
insert into section values('578', '2', 'Spring', 2008, 'I', '903', 'L');
insert into section values('953', '1', 'Fall', 2008, 'I', '315', 'E');
insert into section values('297', '1', 'Fall', 2006, 'H', '934', 'N');
insert into section values('719', '2', 'Spring', 2004, 'H', '934', 'K');
insert into section values('883', '1', 'Spring', 2006, 'I', '315', 'B');
insert into section values('719', '3', 'Fall', 2010, 'E', '168', 'A');
insert into section values('618', '2', 'Spring', 2006, 'H', '934', 'P');
insert into section values('624', '3', 'Fall', 2010, 'D', '984', 'I');
insert into section values('374', '1', 'Fall', 2002, 'D', '229', 'I');
insert into section values('867', '1', 'Fall', 2005, 'E', '168', 'G');
insert into section values('883', '2', 'Fall', 2007, 'E', '168', 'A');
insert into section values('858', '2', 'Fall', 2003, 'E', '168', 'N');
insert into section values('141', '2', 'Fall', 2010, 'D', '229', 'B');
insert into section values('846', '1', 'Spring', 2008, 'I', '903', 'L');
insert into section values('922', '1', 'Spring', 2002, 'I', '903', 'P');
insert into section values('271', '2', 'Fall', 2006, 'A', '370', 'C');
insert into section values('164', '1', 'Fall', 2008, 'D', '984', 'E');
insert into section values('824', '1', 'Spring', 2007, 'I', '903', 'H');
insert into section values('257', '2', 'Fall', 2005, 'D', '984', 'F');
insert into section values('433', '2', 'Fall', 2005, 'F', '926', 'H');
insert into section values('312', '1', 'Fall', 2008, 'D', '229', 'K');
insert into section values('850', '1', 'Spring', 2009, 'B', '577', 'J');
insert into section values('138', '2', 'Spring', 2008, 'F', '926', 'G');
insert into section values('227', '1', 'Spring', 2008, 'D', '984', 'E');
insert into section values('193', '2', 'Fall', 2005, 'I', '315', 'B');
insert into section values('161', '2', 'Spring', 2004, 'I', '903', 'B');
insert into section values('996', '1', 'Fall', 2008, 'I', '315', 'M');
insert into section values('566', '1', 'Fall', 2004, 'D', '229', 'E');
insert into section values('403', '2', 'Spring', 2009, 'B', '577', 'H');
insert into section values('551', '1', 'Fall', 2007, 'D', '229', 'P');
insert into section values('205', '2', 'Fall', 2007, 'A', '370', 'F');
insert into section values('894', '1', 'Fall', 2008, 'D', '229', 'N');
insert into section values('348', '1', 'Fall', 2004, 'A', '370', 'D');
insert into section values('193', '3', 'Fall', 2002, 'B', '577', 'H');
insert into section values('171', '1', 'Fall', 2004, 'B', '577', 'E');
insert into section values('205', '3', 'Spring', 2002, 'D', '229', 'M');
insert into section values('489', '1', 'Fall', 2009, 'E', '168', 'I');
insert into section values('403', '3', 'Fall', 2003, 'D', '984', 'M');
insert into section values('246', '1', 'Fall', 2007, 'F', '926', 'A');
insert into section values('999', '1', 'Fall', 2003, 'C', '913', 'P');
insert into section values('867', '2', 'Fall', 2005, 'D', '229', 'H');
insert into section values('301', '2', 'Spring', 2007, 'F', '926', 'K');
insert into section values('161', '3', 'Spring', 2010, 'A', '370', 'G');
insert into section values('395', '1', 'Fall', 2005, 'I', '315', 'F');
insert into section values('869', '1', 'Fall', 2008, 'I', '315', 'G');
insert into section values('277', '1', 'Fall', 2002, 'D', '984', 'J');
insert into section values('698', '1', 'Fall', 2003, 'H', '934', 'I');
insert into section values('288', '1', 'Fall', 2002, 'D', '984', 'B');
insert into section values('114', '2', 'Spring', 2002, 'F', '926', 'D');
insert into section values('372', '3', 'Spring', 2009, 'I', '903', 'O');
insert into section values('162', '1', 'Spring', 2005, 'I', '903', 'A');
insert into section values('903', '2', 'Spring', 2005, 'A', '370', 'D');
insert into section values('561', '1', 'Spring', 2001, 'A', '370', 'K');
insert into section values('922', '2', 'Spring', 2005, 'D', '984', 'C');
insert into section values('510', '1', 'Spring', 2004, 'E', '168', 'N');
insert into section values('163', '1', 'Fall', 2002, 'C', '913', 'P');
insert into section values('238', '2', 'Fall', 2004, 'D', '984', 'M');
insert into section values('205', '4', 'Spring', 2008, 'I', '315', 'J');
insert into section values('247', '1', 'Spring', 2004, 'A', '370', 'J');
insert into section values('858', '3', 'Spring', 2010, 'I', '903', 'F');
insert into section values('780', '1', 'Fall', 2010, 'D', '984', 'O');
insert into section values('694', '2', 'Fall', 2010, 'C', '913', 'L');
insert into section values('186', '2', 'Spring', 2008, 'H', '934', 'O');
insert into section values('898', '2', 'Fall', 2007, 'I', '903', 'L');
insert into section values('864', '1', 'Fall', 2006, 'H', '934', 'F');
insert into section values('162', '2', 'Spring', 2006, 'H', '934', 'I');
insert into section values('516', '1', 'Spring', 2007, 'I', '903', 'B');
insert into section values('129', '1', 'Fall', 2008, 'E', '168', 'F');
insert into section values('916', '1', 'Spring', 2008, 'B', '577', 'G');
insert into section values('978', '1', 'Fall', 2005, 'C', '913', 'J');
insert into section values('555', '2', 'Spring', 2010, 'D', '984', 'D');
insert into section values('197', '1', 'Spring', 2009, 'I', '315', 'B');
insert into section values('903', '3', 'Fall', 2003, 'D', '984', 'G');
insert into section values('780', '2', 'Fall', 2004, 'I', '903', 'C');
insert into section values('103', '1', 'Spring', 2001, 'D', '229', 'N');
insert into section values('456', '1', 'Spring', 2006, 'E', '168', 'N');
insert into section values('113', '1', 'Spring', 2010, 'A', '370', 'E');
insert into section values('788', '1', 'Spring', 2010, 'I', '903', 'O');
insert into section values('666', '1', 'Spring', 2006, 'I', '903', 'H');
insert into section values('540', '1', 'Spring', 2003, 'E', '168', 'N');
insert into section values('746', '1', 'Fall', 2003, 'F', '926', 'K');
insert into section values('967', '1', 'Fall', 2005, 'F', '926', 'D');
insert into section values('572', '1', 'Spring', 2006, 'I', '903', 'F');
insert into section values('171', '2', 'Fall', 2002, 'D', '984', 'J');
insert into section values('858', '4', 'Spring', 2004, 'I', '315', 'M');
insert into section values('973', '1', 'Fall', 2003, 'A', '370', 'J');
insert into section values('352', '1', 'Spring', 2005, 'A', '370', 'D');
insert into section values('247', '2', 'Fall', 2008, 'E', '168', 'C');
insert into section values('894', '2', 'Fall', 2008, 'B', '577', 'N');
insert into section values('566', '2', 'Fall', 2004, 'I', '315', 'K');
insert into section values('628', '1', 'Fall', 2004, 'F', '926', 'D');
insert into section values('424', '1', 'Spring', 2007, 'B', '577', 'L');
insert into section values('656', '1', 'Fall', 2007, 'C', '913', 'A');
insert into section values('864', '2', 'Fall', 2010, 'I', '903', 'A');
insert into section values('973', '2', 'Fall', 2010, 'E', '168', 'I');
insert into section values('597', '1', 'Spring', 2005, 'E', '168', 'M');
insert into section values('539', '1', 'Spring', 2002, 'F', '926', 'D');
insert into section values('555', '3', 'Fall', 2005, 'D', '984', 'G');
insert into section values('197', '2', 'Spring', 2009, 'D', '984', 'O');
insert into section values('944', '2', 'Fall', 2005, 'D', '229', 'P');
insert into section values('720', '3', 'Fall', 2005, 'F', '926', 'P');
insert into section values('565', '3', 'Spring', 2006, 'D', '229', 'F');
insert into section values('295', '1', 'Fall', 2008, 'C', '913', 'N');
insert into section values('533', '1', 'Spring', 2001, 'I', '315', 'N');
insert into section values('246', '2', 'Fall', 2001, 'I', '315', 'J');
insert into section values('374', '2', 'Fall', 2003, 'B', '577', 'C');
insert into section values('460', '1', 'Fall', 2001, 'B', '577', 'P');
insert into section values('561', '2', 'Spring', 2003, 'I', '315', 'N');
insert into section values('565', '4', 'Spring', 2009, 'E', '168', 'K');
insert into section values('704', '1', 'Fall', 2008, 'H', '934', 'O');
insert into section values('301', '3', 'Fall', 2007, 'E', '168', 'D');
insert into section values('246', '3', 'Spring', 2006, 'I', '315', 'E');
insert into section values('540', '2', 'Fall', 2003, 'I', '315', 'M');
insert into section values('295', '2', 'Fall', 2001, 'B', '577', 'F');
insert into section values('695', '1', 'Spring', 2005, 'I', '903', 'F');
insert into section values('163', '2', 'Fall', 2003, 'I', '903', 'K');
insert into section values('536', '1', 'Spring', 2001, 'D', '984', 'K');
insert into teaches values('8320', '348', '1', 'Fall', 2004);
insert into teaches values('5641', '186', '2', 'Spring', 2008);
insert into teaches values('5641', '988', '1', 'Spring', 2001);
insert into teaches values('5641', '374', '1', 'Fall', 2002);
insert into teaches values('5641', '863', '2', 'Fall', 2008);
insert into teaches values('55038', '114', '1', 'Spring', 2004);
insert into teaches values('43156', '894', '1', 'Fall', 2008);
insert into teaches values('69219', '565', '3', 'Spring', 2006);
insert into teaches values('5641', '290', '1', 'Fall', 2007);
insert into teaches values('16650', '720', '3', 'Fall', 2005);
insert into teaches values('3566', '898', '1', 'Fall', 2005);
insert into teaches values('61040', '257', '1', 'Spring', 2009);
insert into teaches values('48218', '277', '1', 'Fall', 2002);
insert into teaches values('3566', '898', '2', 'Fall', 2007);
insert into teaches values('5641', '186', '1', 'Fall', 2001);
insert into teaches values('69219', '694', '2', 'Fall', 2010);
insert into teaches values('8320', '312', '1', 'Fall', 2008);
insert into teaches values('3566', '533', '1', 'Spring', 2001);
insert into teaches values('43156', '695', '1', 'Spring', 2005);
insert into teaches values('43156', '271', '1', 'Fall', 2007);
insert into teaches values('3566', '944', '1', 'Spring', 2005);
insert into teaches values('5641', '753', '1', 'Fall', 2006);
insert into teaches values('3566', '489', '1', 'Fall', 2009);
insert into teaches values('3566', '187', '3', 'Fall', 2007);
insert into teaches values('51185', '164', '1', 'Fall', 2008);
insert into teaches values('5382', '916', '1', 'Spring', 2008);
insert into teaches values('12202', '944', '2', 'Fall', 2005);
insert into teaches values('5641', '246', '3', 'Spring', 2006);
insert into teaches values('55038', '721', '1', 'Spring', 2005);
insert into teaches values('5641', '814', '1', 'Spring', 2009);
insert into teaches values('16650', '720', '2', 'Fall', 2003);
insert into teaches values('3566', '267', '1', 'Fall', 2010);
insert into teaches values('5382', '780', '2', 'Fall', 2004);
insert into teaches values('69219', '565', '1', 'Fall', 2007);
insert into teaches values('43156', '826', '1', 'Fall', 2009);
insert into teaches values('16650', '555', '2', 'Spring', 2010);
insert into teaches values('97565', '769', '1', 'Fall', 2002);
insert into teaches values('5641', '953', '1', 'Fall', 2008);
insert into teaches values('5641', '628', '1', 'Fall', 2004);
insert into teaches values('16650', '465', '2', 'Spring', 2004);
insert into teaches values('43156', '922', '2', 'Spring', 2005);
insert into teaches values('8320', '238', '1', 'Spring', 2006);
insert into teaches values('69219', '565', '4', 'Spring', 2009);
insert into teaches values('97565', '194', '1', 'Spring', 2007);
insert into teaches values('97565', '295', '1', 'Fall', 2008);
insert into teaches values('5641', '863', '3', 'Spring', 2007);
insert into teaches values('51185', '719', '2', 'Spring', 2004);
insert into teaches values('55038', '301', '2', 'Spring', 2007);
insert into teaches values('55038', '205', '2', 'Fall', 2007);
insert into teaches values('55038', '688', '1', 'Fall', 2007);
insert into teaches values('5641', '374', '2', 'Fall', 2003);
insert into teaches values('69219', '299', '1', 'Spring', 2004);
insert into teaches values('66923', '869', '1', 'Fall', 2008);
insert into teaches values('51185', '372', '2', 'Spring', 2004);
insert into teaches values('36435', '982', '2', 'Spring', 2002);
insert into teaches values('5641', '246', '1', 'Fall', 2007);
insert into teaches values('51185', '858', '2', 'Fall', 2003);
insert into teaches values('51185', '227', '1', 'Spring', 2008);
insert into teaches values('51185', '858', '1', 'Fall', 2003);
insert into teaches values('5641', '988', '2', 'Spring', 2007);
insert into teaches values('5641', '656', '1', 'Fall', 2007);
insert into teaches values('12202', '403', '3', 'Fall', 2003);
insert into teaches values('55038', '975', '1', 'Spring', 2004);
insert into teaches values('3566', '903', '1', 'Fall', 2005);
insert into teaches values('97565', '967', '1', 'Fall', 2005);
insert into teaches values('55038', '205', '4', 'Spring', 2008);
insert into teaches values('5641', '624', '1', 'Spring', 2009);
insert into teaches values('16650', '247', '1', 'Spring', 2004);
insert into teaches values('48218', '618', '1', 'Fall', 2002);
insert into teaches values('43156', '922', '1', 'Spring', 2002);
insert into teaches values('16650', '720', '1', 'Fall', 2004);
insert into teaches values('5382', '171', '1', 'Fall', 2004);
insert into teaches values('60537', '719', '3', 'Fall', 2010);
insert into teaches values('43156', '370', '1', 'Fall', 2005);
insert into teaches values('43156', '271', '2', 'Fall', 2006);
insert into teaches values('51906', '295', '2', 'Fall', 2001);
insert into teaches values('55038', '205', '1', 'Fall', 2007);
insert into teaches values('3566', '347', '1', 'Spring', 2008);
insert into teaches values('97565', '612', '1', 'Spring', 2005);
insert into teaches values('8320', '392', '1', 'Fall', 2002);
insert into teaches values('5641', '846', '1', 'Spring', 2008);
insert into teaches values('55038', '618', '2', 'Spring', 2006);
insert into teaches values('97565', '540', '1', 'Spring', 2003);
insert into teaches values('5382', '161', '3', 'Spring', 2010);
insert into teaches values('97565', '769', '2', 'Fall', 2002);
insert into teaches values('16650', '555', '3', 'Fall', 2005);
insert into teaches values('55038', '460', '1', 'Fall', 2001);
insert into teaches values('51185', '858', '3', 'Spring', 2010);
insert into teaches values('66923', '161', '1', 'Fall', 2007);
insert into teaches values('47789', '161', '2', 'Spring', 2004);
insert into teaches values('5641', '193', '1', 'Fall', 2007);
insert into teaches values('55038', '561', '2', 'Spring', 2003);
insert into teaches values('18146', '614', '1', 'Fall', 2006);
insert into teaches values('47789', '162', '2', 'Spring', 2006);
insert into teaches values('5382', '662', '1', 'Fall', 2007);
insert into teaches values('3566', '141', '1', 'Spring', 2006);
insert into teaches values('51185', '999', '1', 'Fall', 2003);
insert into teaches values('12202', '433', '2', 'Fall', 2005);
insert into teaches values('97565', '138', '2', 'Spring', 2008);
insert into teaches values('3566', '316', '1', 'Fall', 2007);
insert into student values('93152', 'Kiki', 'KL', 119);
insert into student values('95081', 'Johan', 'EL', 56);
insert into student values('34172', 'Adri', 'KL', 11);
insert into student values('52247', 'rahmat', 'DF', 114);
insert into student values('45458', 'Josu', 'RQ', 33);
insert into student values('69898', 'Budi', 'RQ', 38);
insert into student values('52729', 'Ahmad', 'DF', 105);
insert into student values('19521', 'yuyun', 'EL', 38);
insert into student values('38248', 'yuyun', 'KL', 52);
insert into student values('80092', 'Johan', 'GO', 6);
insert into student values('73559', 'Ahmad', 'HI', 85);
insert into student values('63262', 'rahmat', 'DK', 39);
insert into student values('61220', 'Ande', 'RQ', 129);
insert into student values('6860', 'Ande', 'BN', 69);
insert into student values('22123', 'Ahmad', 'DK', 58);
insert into student values('90732', 'Johan', 'HI', 68);
insert into student values('99437', 'Johan', 'DF', 36);
insert into student values('40710', 'Kiki', 'FR', 65);
insert into student values('48586', 'yuyun', 'KL', 87);
insert into student values('38118', 'yuyun', 'ED', 78);
insert into student values('4966', 'Johan', 'GO', 67);
insert into student values('83287', 'Josu', 'BN', 50);
insert into student values('67111', 'Ahmad', 'KL', 103);
insert into student values('68968', 'Yohan', 'FR', 53);
insert into student values('87156', 'rahmat', 'KL', 72);
insert into student values('68619', 'Adri', 'BN', 84);
insert into student values('11319', 'Yohan', 'DF', 57);
insert into student values('38545', 'Adri', 'DK', 67);
insert into student values('23644', 'Yohan', 'KL', 64);
insert into student values('92494', 'yuyun', 'DF', 45);
insert into student values('61711', 'Josu', 'EL', 95);
insert into student values('13659', 'Ahmad', 'RQ', 10);
insert into student values('61345', 'Johan', 'EL', 2);
insert into student values('15246', 'Yohan', 'EL', 96);
insert into student values('51652', 'yuyun', 'EL', 102);
insert into student values('99683', 'Yohan', 'FR', 71);
insert into student values('80298', 'Adri', 'RQ', 25);
insert into student values('70358', 'rahmat', 'GO', 114);
insert into student values('56457', 'Johan', 'GO', 84);
insert into student values('8006', 'Ahmad', 'RQ', 9);
insert into student values('2489', 'Ahmad', 'BN', 85);
insert into student values('51412', 'Budi', 'RQ', 77);
insert into student values('19667', 'Josu', 'KL', 43);
insert into student values('22849', 'Kiki', 'GO', 23);
insert into student values('91188', 'rahmat', 'GO', 56);
insert into student values('37139', 'Ande', 'HI', 48);
insert into student values('11927', 'Josu', 'RQ', 9);
insert into student values('93487', 'Johan', 'DF', 34);
insert into student values('15678', 'Ande', 'DF', 118);
insert into student values('30560', 'Budi', 'GO', 113);
insert into student values('51082', 'Ahmad', 'DK', 25);
insert into student values('3566', 'Ande', 'RQ', 8);
insert into student values('68733', 'Kiki', 'EL', 89);
insert into student values('17576', 'Johan', 'GO', 48);
insert into student values('20735', 'Josu', 'DK', 13);
insert into student values('14298', 'Ahmad', 'ED', 110);
insert into student values('82486', 'rahmat', 'DK', 33);
insert into student values('97398', 'yuyun', 'GO', 2);
insert into student values('90411', 'Adri', 'DF', 86);
insert into student values('95183', 'Josu', 'DF', 48);
insert into student values('13995', 'Yohan', 'ED', 101);
insert into student values('75417', 'rahmat', 'DK', 118);
insert into student values('35', 'rahmat', 'KL', 3);
insert into student values('64522', 'Kiki', 'EL', 87);
insert into student values('45859', 'Adri', 'DF', 73);
insert into student values('69308', 'rahmat', 'BN', 49);
insert into student values('53692', 'Josu', 'FR', 36);
insert into student values('75048', 'Adri', 'HI', 127);
insert into student values('513', 'Adri', 'BN', 84);
insert into student values('57035', 'Kiki', 'DF', 128);
insert into student values('92617', 'Johan', 'ED', 69);
insert into student values('45252', 'Adri', 'ED', 105);
insert into student values('10123', 'rahmat', 'EL', 122);
insert into student values('10323', 'yuyun', 'HI', 125);
insert into student values('19744', 'Josu', 'DF', 4);
insert into student values('44380', 'Yohan', 'FR', 103);
insert into student values('56739', 'Josu', 'BN', 86);
insert into student values('51362', 'yuyun', 'DK', 26);
insert into student values('18388', 'Josu', 'RQ', 35);
insert into student values('91723', 'yuyun', 'DF', 70);
insert into student values('8592', 'Yohan', 'BN', 21);
insert into student values('63426', 'Johan', 'FR', 33);
insert into student values('11930', 'Yohan', 'GO', 110);
insert into student values('50831', 'yuyun', 'EL', 7);
insert into student values('54293', 'Kiki', 'HI', 13);
insert into student values('26209', 'yuyun', 'KL', 68);
insert into student values('36327', 'Ahmad', 'EL', 5);
insert into student values('92164', 'Ande', 'BN', 37);
insert into student values('33464', 'Budi', 'DF', 97);
insert into student values('24459', 'rahmat', 'EL', 107);
insert into student values('8464', 'Kiki', 'RQ', 6);
insert into student values('24614', 'Josu', 'FR', 91);
insert into student values('31291', 'Josu', 'DF', 9);
insert into student values('46316', 'Ande', 'HI', 17);
insert into student values('40488', 'Yohan', 'BN', 34);
insert into student values('94899', 'Kiki', 'GO', 27);
insert into student values('2501', 'rahmat', 'DF', 68);
insert into student values('58002', 'Yohan', 'RQ', 121);
insert into student values('24965', 'rahmat', 'GO', 52);
insert into student values('37317', 'Budi', 'GO', 81);
insert into takes values('11927', '163', '2', 'Fall', 2003, 'C+');
insert into takes values('54293', '374', '2', 'Fall', 2003, 'A-');
insert into takes values('48586', '903', '2', 'Spring', 2005, 'A-');
insert into takes values('67111', '565', '1', 'Fall', 2007, 'A ');
insert into takes values('80092', '465', '2', 'Spring', 2004, 'C+');
insert into takes values('56739', '374', '2', 'Fall', 2003, 'A ');
insert into takes values('33464', '864', '1', 'Fall', 2006, 'A-');
insert into takes values('14298', '826', '1', 'Fall', 2009, 'B-');
insert into takes values('38248', '898', '1', 'Fall', 2005, 'A+');
insert into takes values('51362', '719', '1', 'Spring', 2003, 'B ');
insert into takes values('57035', '998', '1', 'Fall', 2008, 'A+');
insert into takes values('87156', '114', '2', 'Spring', 2002, 'B+');
insert into takes values('37317', '164', '1', 'Fall', 2008, 'A ');
insert into takes values('93152', '510', '1', 'Spring', 2004, 'B ');
insert into takes values('24614', '922', '1', 'Spring', 2002, 'C ');
insert into takes values('95081', '624', '1', 'Spring', 2009, 'A ');
insert into takes values('18388', '114', '1', 'Spring', 2004, 'A-');
insert into takes values('53692', '247', '2', 'Fall', 2008, 'B-');
insert into takes values('2501', '555', '1', 'Fall', 2006, 'B+');
insert into takes values('13659', '374', '1', 'Fall', 2002, 'A-');
insert into takes values('18388', '489', '1', 'Fall', 2009, 'C ');
insert into takes values('91723', '618', '2', 'Spring', 2006, 'A-');
insert into takes values('58002', '999', '1', 'Fall', 2003, 'C+');
insert into takes values('8464', '572', '1', 'Spring', 2006, 'C-');
insert into takes values('54293', '238', '2', 'Fall', 2004, 'C ');
insert into takes values('15678', '978', '1', 'Fall', 2005, 'C ');
insert into takes values('68619', '721', '2', 'Spring', 2001, 'A ');
insert into takes values('90732', '904', '1', 'Spring', 2008, 'C-');
insert into takes values('13995', '193', '1', 'Fall', 2007, 'A-');
insert into takes values('17576', '973', '2', 'Fall', 2010, 'A ');
insert into takes values('11927', '666', '1', 'Spring', 2006, 'C-');
insert into takes values('38545', '171', '1', 'Fall', 2004, 'A-');
insert into takes values('20735', '465', '1', 'Spring', 2003, 'A-');
insert into takes values('11927', '277', '1', 'Fall', 2002, 'B+');
insert into takes values('45252', '903', '1', 'Fall', 2005, 'A+');
insert into takes values('46316', '456', '1', 'Spring', 2006, 'C ');
insert into takes values('8592', '858', '1', 'Fall', 2003, 'B-');
insert into takes values('17576', '944', '2', 'Fall', 2005, 'B ');
insert into takes values('22123', '540', '1', 'Spring', 2003, 'A ');
insert into takes values('14298', '247', '1', 'Spring', 2004, 'A ');
insert into takes values('80092', '858', '3', 'Spring', 2010, 'C+');
insert into takes values('63426', '193', '1', 'Fall', 2007, 'A-');
insert into takes values('92617', '246', '1', 'Fall', 2007, 'C+');
insert into takes values('40710', '238', '2', 'Fall', 2004, 'A ');
insert into takes values('57035', '863', '1', 'Spring', 2002, 'A-');
insert into takes values('14298', '163', '1', 'Fall', 2002, 'B-');
insert into takes values('51412', '247', '2', 'Fall', 2008, 'A ');
insert into takes values('3566', '565', '1', 'Fall', 2007, 'C+');
insert into takes values('63262', '858', '4', 'Spring', 2004, 'B-');
insert into takes values('33464', '460', '1', 'Fall', 2001, 'B+');
insert into takes values('90411', '720', '1', 'Fall', 2004, 'A ');
insert into takes values('24965', '561', '2', 'Spring', 2003, 'A+');
insert into takes values('40710', '310', '1', 'Fall', 2001, 'B ');
insert into takes values('99437', '575', '2', 'Spring', 2007, 'C-');
insert into takes values('19667', '535', '1', 'Spring', 2006, 'B ');
insert into takes values('90732', '858', '2', 'Fall', 2003, 'A-');
insert into takes values('90732', '988', '2', 'Spring', 2007, 'B+');
insert into takes values('13995', '193', '2', 'Fall', 2005, 'A+');
insert into takes values('2501', '227', '1', 'Spring', 2008, 'B-');
insert into takes values('33464', '614', '1', 'Fall', 2006, 'C-');
insert into takes values('38118', '246', '1', 'Fall', 2007, 'A-');
insert into takes values('35', '869', '1', 'Fall', 2008, 'A ');
insert into takes values('2489', '129', '1', 'Fall', 2008, 'C+');
insert into takes values('24614', '257', '2', 'Fall', 2005, 'B-');
insert into takes values('20735', '267', '1', 'Fall', 2010, 'C ');
insert into takes values('92617', '565', '4', 'Spring', 2009, 'B+');
insert into takes values('56739', '238', '2', 'Fall', 2004, 'C-');
insert into takes values('57035', '205', '1', 'Fall', 2007, 'A+');
insert into takes values('68619', '746', '1', 'Fall', 2003, 'A-');
insert into takes values('69898', '187', '3', 'Fall', 2007, 'C-');
insert into takes values('31291', '978', '1', 'Fall', 2005, 'B+');
insert into takes values('92494', '578', '2', 'Spring', 2008, 'B-');
insert into takes values('91723', '516', '1', 'Spring', 2007, 'B ');
insert into takes values('45458', '536', '1', 'Spring', 2001, 'B ');
insert into takes values('93152', '578', '2', 'Spring', 2008, 'B ');
insert into takes values('61711', '898', '1', 'Fall', 2005, 'C-');
insert into takes values('50831', '843', '1', 'Spring', 2007, 'C ');
insert into takes values('63262', '103', '1', 'Spring', 2001, 'A-');
insert into takes values('10323', '533', '1', 'Spring', 2001, 'C-');
insert into takes values('94899', '193', '1', 'Fall', 2007, 'B ');
insert into takes values('13995', '162', '2', 'Spring', 2006, 'C+');
insert into takes values('73559', '488', '1', 'Spring', 2002, 'C+');
insert into takes values('93152', '898', '1', 'Fall', 2005, 'C ');
insert into takes values('4966', '205', '1', 'Fall', 2007, 'B+');
insert into takes values('95183', '903', '2', 'Spring', 2005, 'A+');
insert into takes values('48586', '566', '2', 'Fall', 2004, 'B ');
insert into takes values('92494', '922', '1', 'Spring', 2002, 'C ');
insert into takes values('90732', '247', '1', 'Spring', 2004, 'A+');
insert into takes values('51412', '316', '1', 'Fall', 2007, 'A+');
insert into takes values('93487', '705', '1', 'Spring', 2006, 'C+');
insert into takes values('10323', '311', '1', 'Fall', 2005, 'B-');
insert into takes values('94899', '575', '1', 'Fall', 2007, 'A ');
insert into takes values('92494', '721', '1', 'Spring', 2005, 'A ');
insert into takes values('11927', '898', '2', 'Fall', 2007, 'B ');
insert into takes values('68733', '555', '2', 'Spring', 2010, 'B-');
insert into takes values('73559', '910', '1', 'Fall', 2009, 'A ');
insert into takes values('99437', '539', '1', 'Spring', 2002, 'A ');
insert into takes values('82486', '973', '1', 'Fall', 2003, 'A+');
insert into takes values('67111', '597', '1', 'Spring', 2005, 'B ');
insert into takes values('44380', '374', '2', 'Fall', 2003, 'A-');
insert into takes values('45252', '769', '2', 'Fall', 2002, 'B-');
insert into takes values('17576', '193', '2', 'Fall', 2005, 'C ');
insert into takes values('61220', '720', '2', 'Fall', 2003, 'B-');
insert into takes values('90732', '555', '3', 'Fall', 2005, 'B ');
insert into takes values('14298', '433', '1', 'Spring', 2004, 'A-');
insert into takes values('30560', '618', '1', 'Fall', 2002, 'B+');
insert into takes values('14298', '295', '2', 'Fall', 2001, 'C+');
insert into takes values('95183', '456', '1', 'Spring', 2006, 'A+');
insert into takes values('19521', '998', '1', 'Fall', 2008, 'B ');
insert into takes values('80092', '769', '1', 'Fall', 2002, 'A-');
insert into takes values('52247', '374', '1', 'Fall', 2002, 'A+');
insert into takes values('2489', '618', '1', 'Fall', 2002, 'C ');
insert into takes values('63426', '846', '1', 'Spring', 2008, 'B-');
insert into takes values('11927', '247', '2', 'Fall', 2008, 'A ');
insert into takes values('57035', '194', '1', 'Spring', 2007, 'A-');
insert into takes values('15246', '257', '2', 'Fall', 2005, 'C-');
insert into takes values('99437', '769', '2', 'Fall', 2002, 'A ');
insert into takes values('19521', '826', '1', 'Fall', 2009, 'C-');
insert into takes values('23644', '297', '1', 'Fall', 2006, 'C ');
insert into takes values('44380', '883', '1', 'Spring', 2006, 'C-');
insert into takes values('11319', '721', '1', 'Spring', 2005, 'B ');
insert into takes values('56457', '312', '1', 'Fall', 2008, 'B ');
insert into takes values('35', '257', '2', 'Fall', 2005, 'A+');
insert into takes values('75048', '103', '1', 'Spring', 2001, 'C-');
insert into takes values('99683', '863', '3', 'Spring', 2007, 'B ');
insert into takes values('92164', '720', '1', 'Fall', 2004, 'A+');
insert into takes values('61220', '850', '1', 'Spring', 2009, 'B-');
insert into takes values('92494', '372', '1', 'Spring', 2003, 'A-');
insert into takes values('91723', '555', '3', 'Fall', 2005, 'A-');
insert into takes values('52247', '295', '2', 'Fall', 2001, 'B-');
insert into takes values('513', '374', '1', 'Fall', 2002, 'A ');
insert into takes values('52729', '392', '1', 'Fall', 2002, 'B ');
insert into takes values('64522', '863', '2', 'Fall', 2008, 'A-');
insert into takes values('30560', '618', '2', 'Spring', 2006, 'B-');
insert into takes values('51362', '565', '4', 'Spring', 2009, 'A+');
insert into takes values('34172', '858', '3', 'Spring', 2010, 'B+');
insert into takes values('14298', '903', '3', 'Fall', 2003, 'C-');
insert into takes values('94899', '162', '1', 'Spring', 2005, 'B+');
insert into takes values('22849', '922', '2', 'Spring', 2005, 'C-');
insert into takes values('6860', '769', '1', 'Fall', 2002, 'C+');
insert into takes values('15678', '618', '1', 'Fall', 2002, 'B ');
insert into takes values('10123', '720', '1', 'Fall', 2004, 'A ');
insert into takes values('92494', '952', '1', 'Spring', 2004, 'A-');
insert into takes values('68619', '843', '1', 'Spring', 2007, 'C ');
insert into takes values('35', '656', '1', 'Fall', 2007, 'C ');
insert into takes values('99683', '372', '1', 'Spring', 2003, 'B ');
insert into takes values('57035', '973', '1', 'Fall', 2003, 'C ');
insert into takes values('11927', '988', '1', 'Spring', 2001, 'B-');
insert into takes values('34172', '193', '2', 'Fall', 2005, 'B+');
insert into takes values('18388', '973', '2', 'Fall', 2010, 'A-');
insert into takes values('61345', '746', '1', 'Fall', 2003, 'B+');
insert into takes values('38248', '903', '3', 'Fall', 2003, 'C ');
insert into takes values('15678', '193', '3', 'Fall', 2002, 'B+');
insert into takes values('19744', '295', '2', 'Fall', 2001, 'A-');
insert into takes values('31291', '840', '1', 'Spring', 2004, 'B-');
insert into takes values('92164', '138', '2', 'Spring', 2008, 'C-');
insert into takes values('48586', '843', '1', 'Spring', 2007, 'B-');
insert into takes values('80092', '551', '1', 'Fall', 2007, 'A-');
insert into takes values('31291', '277', '1', 'Fall', 2002, 'C-');
insert into takes values('92494', '565', '2', 'Spring', 2008, 'A-');
insert into takes values('51652', '978', '1', 'Fall', 2005, 'A ');
insert into takes values('73559', '288', '1', 'Fall', 2002, 'C ');
insert into takes values('93152', '780', '1', 'Fall', 2010, 'A+');
insert into takes values('30560', '114', '2', 'Spring', 2002, 'B+');
insert into takes values('51652', '113', '1', 'Spring', 2010, 'C ');
insert into takes values('36327', '666', '1', 'Spring', 2006, 'B ');
insert into takes values('64522', '163', '1', 'Fall', 2002, 'A+');
insert into takes values('68733', '267', '1', 'Fall', 2010, 'C ');
insert into takes values('75048', '988', '1', 'Spring', 2001, 'B-');
insert into takes values('68619', '824', '1', 'Spring', 2007, 'C-');
insert into takes values('99683', '312', '1', 'Fall', 2008, 'A-');
insert into takes values('38248', '721', '1', 'Spring', 2005, 'A-');
insert into takes values('51412', '814', '1', 'Spring', 2009, 'A ');
insert into takes values('33464', '769', '1', 'Fall', 2002, 'C+');
insert into takes values('13995', '374', '2', 'Fall', 2003, 'A-');
insert into takes values('8006', '578', '2', 'Spring', 2008, 'C-');
insert into takes values('92164', '922', '2', 'Spring', 2005, 'A+');
insert into takes values('23644', '608', '1', 'Spring', 2004, 'B ');
insert into takes values('90732', '138', '2', 'Spring', 2008, 'B ');
insert into takes values('22849', '883', '1', 'Spring', 2006, 'B+');
insert into takes values('91188', '540', '1', 'Spring', 2003, 'A-');
insert into takes values('69898', '578', '2', 'Spring', 2008, 'C-');
insert into takes values('92164', '413', '1', 'Spring', 2001, 'A-');
insert into takes values('80092', '618', '1', 'Fall', 2002, 'C-');
insert into takes values('93487', '347', '1', 'Spring', 2008, 'B ');
insert into takes values('45252', '953', '1', 'Fall', 2008, 'A-');
insert into takes values('38118', '540', '1', 'Spring', 2003, 'B ');
insert into takes values('68733', '565', '2', 'Spring', 2008, 'A-');
insert into takes values('83287', '370', '1', 'Fall', 2005, 'B+');
insert into takes values('38545', '898', '2', 'Fall', 2007, 'A+');
insert into takes values('97398', '624', '1', 'Spring', 2009, 'C ');
insert into takes values('51362', '612', '1', 'Spring', 2005, 'A-');
insert into takes values('19667', '578', '1', 'Fall', 2006, 'A ');
insert into takes values('69308', '864', '1', 'Fall', 2006, 'A-');
insert into takes values('22849', '424', '1', 'Spring', 2007, 'C+');
insert into takes values('68619', '372', '1', 'Spring', 2003, 'B-');
insert into takes values('64522', '746', '1', 'Fall', 2003, 'C-');
insert into takes values('8006', '205', '4', 'Spring', 2008, 'A-');
insert into takes values('6860', '864', '2', 'Fall', 2010, 'C ');
insert into takes values('56739', '998', '1', 'Fall', 2008, 'C-');
insert into advisor values('93152', '11494');
insert into advisor values('95081', '98713');
insert into advisor values('34172', '47789');
insert into advisor values('52247', '47789');
insert into advisor values('45458', '24602');
insert into advisor values('69898', '12202');
insert into advisor values('52729', '55038');
insert into advisor values('19521', '98713');
insert into advisor values('38248', '24602');
insert into advisor values('80092', '99387');
insert into advisor values('73559', '50959');
insert into advisor values('63262', '1262');
insert into advisor values('61220', '20367');
insert into advisor values('6860', '57514');
insert into advisor values('22123', '55083');
insert into advisor values('90732', '76628');
insert into advisor values('99437', '7470');
insert into advisor values('40710', '72213');
insert into advisor values('48586', '36435');
insert into advisor values('38118', '21671');
insert into advisor values('4966', '95957');
insert into advisor values('83287', '16650');
insert into advisor values('67111', '87928');
insert into advisor values('68968', '16669');
insert into advisor values('87156', '55083');
insert into advisor values('68619', '51906');
insert into advisor values('11319', '16650');
insert into advisor values('38545', '36435');
insert into advisor values('23644', '41390');
insert into advisor values('92494', '51906');
insert into advisor values('61711', '5641');
insert into advisor values('13659', '47789');
insert into advisor values('61345', '91421');
insert into advisor values('15246', '10668');
insert into advisor values('51652', '3566');
insert into advisor values('99683', '11494');
insert into advisor values('80298', '21977');
insert into advisor values('70358', '7470');
insert into advisor values('56457', '21671');
insert into advisor values('8006', '51185');
insert into advisor values('2489', '55038');
insert into advisor values('51412', '91421');
insert into advisor values('19667', '91421');
insert into advisor values('22849', '80507');
insert into advisor values('91188', '48218');
insert into advisor values('37139', '82426');
insert into advisor values('11927', '47789');
insert into advisor values('93487', '97565');
insert into advisor values('15678', '1262');
insert into advisor values('30560', '65653');
insert into advisor values('51082', '60537');
insert into advisor values('3566', '47789');
insert into advisor values('68733', '61040');
insert into advisor values('17576', '5641');
insert into advisor values('20735', '47789');
insert into advisor values('14298', '41390');
insert into advisor values('82486', '36685');
insert into advisor values('97398', '32074');
insert into advisor values('90411', '52239');
insert into advisor values('95183', '47789');
insert into advisor values('13995', '89747');
insert into advisor values('75417', '98713');
insert into advisor values('35', '21977');
insert into advisor values('64522', '24602');
insert into advisor values('45859', '7470');
insert into advisor values('69308', '95957');
insert into advisor values('53692', '51906');
insert into advisor values('75048', '5641');
insert into advisor values('513', '36685');
insert into advisor values('57035', '48218');
insert into advisor values('92617', '36435');
insert into advisor values('45252', '18146');
insert into advisor values('10123', '82426');
insert into advisor values('10323', '57514');
insert into advisor values('19744', '76628');
insert into advisor values('44380', '57514');
insert into advisor values('56739', '57514');
insert into advisor values('51362', '24602');
insert into advisor values('18388', '95957');
insert into advisor values('91723', '91421');
insert into advisor values('8592', '41390');
insert into advisor values('63426', '89747');
insert into advisor values('11930', '3566');
insert into advisor values('50831', '66923');
insert into advisor values('54293', '52239');
insert into advisor values('26209', '5382');
insert into advisor values('36327', '80507');
insert into advisor values('92164', '12202');
insert into advisor values('33464', '80507');
insert into advisor values('24459', '57514');
insert into advisor values('8464', '98596');
insert into advisor values('24614', '91421');
insert into advisor values('31291', '66923');
insert into advisor values('46316', '66923');
insert into advisor values('40488', '10668');
insert into advisor values('94899', '99314');
insert into advisor values('2501', '3566');
insert into advisor values('58002', '55083');
insert into advisor values('24965', '11494');
insert into advisor values('37317', '51185');
insert into prereq values('205', '753');
insert into prereq values('137', '227');
insert into prereq values('949', '902');
insert into prereq values('953', '298');
insert into prereq values('618', '919');
insert into prereq values('666', '310');
insert into prereq values('952', '719');
insert into prereq values('301', '139');
insert into prereq values('624', '105');
insert into prereq values('465', '882');
insert into prereq values('885', '351');
insert into prereq values('988', '973');
insert into prereq values('624', '535');
insert into prereq values('328', '363');
insert into prereq values('904', '178');
insert into prereq values('172', '606');
insert into prereq values('316', '164');
insert into prereq values('815', '869');
insert into prereq values('295', '946');
insert into prereq values('275', '446');
insert into prereq values('536', '575');
insert into prereq values('815', '753');
insert into prereq values('249', '427');
insert into prereq values('413', '944');
insert into prereq values('982', '238');
insert into prereq values('910', '460');
insert into prereq values('138', '403');
insert into prereq values('105', '533');
insert into prereq values('988', '806');
insert into prereq values('539', '998');
insert into prereq values('413', '992');
insert into prereq values('776', '919');
insert into prereq values('489', '998');
insert into prereq values('573', '370');
insert into prereq values('433', '846');
insert into prereq values('711', '638');
insert into prereq values('952', '138');
insert into prereq values('867', '867');
insert into prereq values('676', '535');
insert into prereq values('561', '290');
insert into prereq values('946', '327');
insert into prereq values('348', '843');
insert into prereq values('904', '720');
insert into prereq values('748', '516');
insert into prereq values('113', '327');
insert into prereq values('840', '949');
insert into prereq values('105', '754');
insert into prereq values('612', '645');
insert into prereq values('337', '927');
insert into prereq values('488', '246');
insert into prereq values('919', '575');
insert into prereq values('769', '746');
insert into prereq values('162', '998');
insert into prereq values('186', '141');
insert into prereq values('295', '374');
insert into prereq values('103', '257');
insert into prereq values('746', '488');
insert into prereq values('249', '882');
insert into prereq values('575', '352');
insert into prereq values('992', '978');
insert into prereq values('828', '260');
insert into prereq values('372', '863');
insert into prereq values('776', '924');
insert into prereq values('540', '768');
insert into prereq values('698', '683');
insert into prereq values('882', '114');
insert into prereq values('777', '178');
insert into prereq values('843', '769');
insert into prereq values('535', '347');
insert into prereq values('788', '126');
insert into prereq values('982', '516');
insert into prereq values('824', '578');
insert into prereq values('528', '536');
insert into prereq values('372', '488');
insert into prereq values('924', '577');
insert into prereq values('790', '566');
insert into prereq values('565', '867');
insert into prereq values('292', '638');
insert into prereq values('363', '924');
insert into prereq values('725', '575');
insert into prereq values('806', '446');
insert into prereq values('992', '705');
insert into prereq values('277', '536');
insert into prereq values('753', '826');
insert into prereq values('327', '785');
insert into prereq values('194', '883');
insert into prereq values('536', '767');
insert into prereq values('828', '528');
insert into prereq values('768', '578');
insert into prereq values('424', '470');
insert into prereq values('949', '790');
insert into prereq values('551', '973');
insert into prereq values('249', '283');
insert into prereq values('746', '982');
insert into prereq values('551', '481');
insert into prereq values('352', '840');
insert into prereq values('767', '328');
insert into prereq values('721', '403');
insert into prereq values('305', '413');
insert into prereq values('840', '352');
