insert into classroom values('E', 566, 114);
insert into classroom values('I', 754, 27);
insert into classroom values('C', 576, 90);
insert into classroom values('I', 841, 15);
insert into classroom values('H', 611, 26);
insert into classroom values('E', 450, 11);
insert into classroom values('J', 652, 31);
insert into classroom values('B', 966, 11);
insert into classroom values('D', 676, 13);
insert into classroom values('F', 433, 134);
insert into department values('GF', 'F', 360944,33);
insert into department values('DF', 'C', 959944,36);
insert into department values('HI', 'G', 472407,70);
insert into department values('DE', 'B', 867471,30);
insert into department values('GT', 'I', 101691,86);
insert into department values('FR', 'E', 96603,18);
insert into department values('WW', 'H', 590462,45);
insert into department values('SS', 'J', 369086,55);
insert into department values('RR', 'F', 444025,85);
insert into department values('IF', 'C', 863342,61);
insert into course values('522', 'IF4321', 'GT', 3);
insert into course values('906', 'IF4321', 'FR', 4);
insert into course values('316', 'IF3022', 'RR', 3);
insert into course values('926', 'IF3120', 'RR', 3);
insert into course values('493', 'IF3031', 'GF', 3);
insert into course values('425', 'IF5555', 'IF', 3);
insert into course values('328', 'IF0230', 'IF', 4);
insert into course values('535', 'IF5555', 'SS', 3);
insert into course values('381', 'IF3030', 'DF', 4);
insert into course values('824', 'IF3030', 'SS', 3);
insert into course values('931', 'IF4321', 'FR', 3);
insert into course values('319', 'IF5555', 'GT', 3);
insert into course values('886', 'IF4321', 'GT', 4);
insert into course values('668', 'IF3022', 'DE', 4);
insert into course values('171', 'IF3120', 'RR', 3);
insert into course values('747', 'IF4041', 'FR', 3);
insert into course values('465', 'IF3022', 'HI', 4);
insert into course values('837', 'IF3031', 'HI', 3);
insert into course values('137', 'IF3211', 'SS', 4);
insert into course values('490', 'IF3333', 'SS', 4);
insert into course values('807', 'IF3031', 'DF', 4);
insert into course values('854', 'IF3030', 'FR', 4);
insert into course values('592', 'IF5555', 'DE', 3);
insert into course values('233', 'IF3022', 'GT', 4);
insert into course values('130', 'IF3211', 'GT', 4);
insert into course values('821', 'IF3333', 'GF', 4);
insert into course values('284', 'IF3031', 'IF', 4);
insert into course values('718', 'IF0230', 'HI', 3);
insert into course values('984', 'IF3022', 'RR', 4);
insert into course values('232', 'IF0230', 'GF', 3);
insert into course values('629', 'IF4321', 'DF', 3);
insert into course values('369', 'IF3333', 'HI', 4);
insert into course values('229', 'IF0230', 'RR', 4);
insert into course values('213', 'IF3022', 'HI', 4);
insert into course values('996', 'IF3333', 'SS', 4);
insert into course values('483', 'IF3333', 'GT', 3);
insert into course values('954', 'IF3211', 'GF', 4);
insert into course values('963', 'IF4321', 'IF', 3);
insert into course values('622', 'IF3022', 'WW', 4);
insert into course values('731', 'IF0230', 'DE', 4);
insert into course values('675', 'IF0230', 'HI', 4);
insert into course values('151', 'IF0230', 'DE', 4);
insert into course values('647', 'IF3030', 'IF', 3);
insert into course values('856', 'IF3120', 'GF', 3);
insert into course values('925', 'IF3211', 'FR', 4);
insert into course values('566', 'IF3031', 'SS', 3);
insert into course values('774', 'IF3022', 'HI', 4);
insert into course values('185', 'IF3211', 'FR', 3);
insert into course values('684', 'IF3030', 'WW', 3);
insert into course values('868', 'IF3120', 'HI', 3);
insert into course values('778', 'IF3030', 'RR', 3);
insert into course values('672', 'IF4321', 'DF', 3);
insert into course values('780', 'IF3022', 'WW', 4);
insert into course values('353', 'IF3333', 'GF', 3);
insert into course values('474', 'IF4321', 'DE', 4);
insert into course values('988', 'IF3211', 'FR', 3);
insert into course values('318', 'IF0230', 'GT', 4);
insert into course values('819', 'IF5555', 'DF', 3);
insert into course values('985', 'IF3030', 'DE', 4);
insert into course values('691', 'IF3120', 'DF', 4);
insert into course values('183', 'IF3031', 'RR', 4);
insert into course values('858', 'IF3022', 'DF', 4);
insert into course values('389', 'IF4041', 'HI', 4);
insert into course values('141', 'IF5555', 'GF', 3);
insert into course values('314', 'IF3120', 'RR', 4);
insert into course values('217', 'IF4041', 'FR', 4);
insert into course values('683', 'IF5555', 'IF', 4);
insert into course values('497', 'IF3120', 'DF', 3);
insert into course values('407', 'IF0230', 'DE', 4);
insert into course values('433', 'IF5555', 'RR', 3);
insert into course values('313', 'IF3120', 'RR', 3);
insert into course values('781', 'IF5555', 'HI', 4);
insert into course values('549', 'IF3333', 'DF', 3);
insert into course values('227', 'IF3030', 'GT', 3);
insert into course values('524', 'IF4041', 'HI', 4);
insert into course values('794', 'IF3211', 'DE', 4);
insert into course values('765', 'IF3211', 'WW', 4);
insert into course values('359', 'IF3120', 'RR', 4);
insert into course values('489', 'IF3030', 'SS', 4);
insert into course values('544', 'IF3031', 'WW', 4);
insert into course values('746', 'IF4321', 'GT', 4);
insert into course values('448', 'IF0230', 'RR', 4);
insert into course values('923', 'IF3022', 'GT', 3);
insert into course values('262', 'IF3120', 'DF', 3);
insert into course values('188', 'IF3022', 'SS', 4);
insert into course values('751', 'IF3030', 'GF', 4);
insert into course values('699', 'IF3120', 'WW', 4);
insert into course values('771', 'IF3120', 'IF', 3);
insert into course values('830', 'IF5555', 'GT', 3);
insert into course values('772', 'IF0230', 'WW', 3);
insert into course values('412', 'IF3211', 'SS', 4);
insert into course values('667', 'IF3031', 'DF', 4);
insert into course values('936', 'IF3030', 'FR', 4);
insert into course values('767', 'IF3030', 'GT', 3);
insert into course values('786', 'IF3333', 'FR', 4);
insert into course values('832', 'IF0230', 'SS', 3);
insert into course values('885', 'IF3120', 'FR', 3);
insert into course values('245', 'IF3211', 'SS', 4);
insert into course values('159', 'IF3333', 'HI', 4);
insert into course values('248', 'IF3120', 'SS', 4);
insert into course values('221', 'IF3030', 'IF', 3);
insert into course values('705', 'IF3022', 'HI', 3);
insert into course values('689', 'IF4041', 'DF', 4);
insert into course values('420', 'IF3030', 'DF', 4);
insert into course values('102', 'IF3211', 'FR', 4);
insert into course values('703', 'IF4321', 'HI', 4);
insert into course values('292', 'IF5555', 'DE', 4);
insert into course values('432', 'IF3031', 'DE', 4);
insert into course values('665', 'IF3120', 'GF', 4);
insert into course values('396', 'IF3120', 'WW', 3);
insert into course values('611', 'IF3211', 'WW', 3);
insert into course values('223', 'IF3120', 'IF', 3);
insert into course values('852', 'IF3211', 'RR', 4);
insert into course values('835', 'IF3022', 'WW', 4);
insert into course values('410', 'IF5555', 'RR', 3);
insert into course values('949', 'IF3333', 'DF', 4);
insert into course values('572', 'IF3030', 'GT', 3);
insert into course values('437', 'IF3031', 'DF', 4);
insert into course values('728', 'IF5555', 'SS', 4);
insert into course values('891', 'IF3031', 'IF', 3);
insert into course values('995', 'IF3333', 'DF', 4);
insert into course values('436', 'IF3120', 'HI', 4);
insert into course values('508', 'IF3211', 'IF', 3);
insert into course values('550', 'IF4041', 'GT', 4);
insert into course values('652', 'IF3030', 'SS', 4);
insert into course values('196', 'IF4321', 'WW', 3);
insert into course values('231', 'IF3211', 'WW', 3);
insert into course values('150', 'IF3120', 'FR', 3);
insert into course values('615', 'IF3022', 'GF', 3);
insert into course values('439', 'IF4041', 'GF', 4);
insert into course values('607', 'IF0230', 'RR', 3);
insert into course values('500', 'IF4321', 'DE', 4);
insert into course values('118', 'IF3031', 'DF', 3);
insert into course values('871', 'IF3030', 'GT', 4);
insert into course values('983', 'IF3022', 'SS', 4);
insert into course values('307', 'IF3333', 'FR', 4);
insert into course values('577', 'IF5555', 'DF', 4);
insert into course values('390', 'IF3031', 'IF', 4);
insert into course values('716', 'IF4321', 'DE', 4);
insert into course values('113', 'IF3031', 'DE', 3);
insert into course values('193', 'IF3030', 'GF', 3);
insert into course values('902', 'IF3031', 'HI', 3);
insert into course values('666', 'IF3211', 'SS', 4);
insert into course values('903', 'IF3211', 'HI', 3);
insert into course values('714', 'IF4041', 'FR', 3);
insert into course values('440', 'IF4041', 'GF', 3);
insert into course values('163', 'IF4041', 'GF', 4);
insert into course values('335', 'IF4041', 'IF', 3);
insert into course values('816', 'IF3333', 'WW', 3);
insert into course values('776', 'IF3022', 'HI', 3);
insert into course values('788', 'IF3022', 'FR', 3);
insert into course values('960', 'IF3030', 'RR', 4);
insert into course values('419', 'IF0230', 'WW', 4);
insert into course values('848', 'IF3031', 'SS', 4);
insert into course values('797', 'IF0230', 'DF', 3);
insert into course values('626', 'IF3031', 'DE', 3);
insert into course values('521', 'IF3120', 'GF', 3);
insert into course values('927', 'IF3022', 'HI', 3);
insert into course values('427', 'IF3031', 'FR', 4);
insert into course values('608', 'IF3333', 'WW', 3);
insert into course values('803', 'IF3022', 'WW', 4);
insert into course values('424', 'IF3120', 'RR', 3);
insert into course values('998', 'IF3333', 'DF', 4);
insert into course values('322', 'IF3030', 'RR', 3);
insert into course values('533', 'IF3022', 'SS', 4);
insert into course values('769', 'IF0230', 'FR', 4);
insert into course values('770', 'IF3333', 'FR', 3);
insert into course values('485', 'IF3030', 'DF', 4);
insert into course values('895', 'IF5555', 'SS', 4);
insert into course values('236', 'IF4041', 'DE', 3);
insert into course values('636', 'IF3120', 'DF', 4);
insert into course values('905', 'IF3030', 'GF', 4);
insert into course values('336', 'IF4321', 'WW', 3);
insert into course values('846', 'IF5555', 'DF', 3);
insert into course values('246', 'IF4041', 'SS', 3);
insert into course values('288', 'IF4321', 'RR', 4);
insert into course values('179', 'IF4041', 'WW', 4);
insert into course values('157', 'IF5555', 'IF', 4);
insert into course values('686', 'IF3211', 'WW', 4);
insert into course values('416', 'IF3333', 'HI', 4);
insert into course values('645', 'IF5555', 'WW', 3);
insert into course values('382', 'IF0230', 'RR', 4);
insert into course values('175', 'IF3022', 'DF', 3);
insert into course values('276', 'IF3211', 'RR', 4);
insert into course values('930', 'IF0230', 'SS', 3);
insert into course values('814', 'IF4321', 'FR', 3);
insert into course values('631', 'IF3031', 'RR', 4);
insert into course values('133', 'IF3022', 'DE', 4);
insert into course values('732', 'IF3022', 'IF', 3);
insert into course values('908', 'IF3031', 'DF', 3);
insert into course values('707', 'IF3120', 'IF', 4);
insert into course values('146', 'IF3031', 'HI', 3);
insert into course values('618', 'IF5555', 'GF', 3);
insert into course values('697', 'IF3031', 'FR', 3);
insert into course values('360', 'IF4041', 'FR', 3);
insert into course values('470', 'IF5555', 'DE', 3);
insert into course values('376', 'IF3022', 'GT', 3);
insert into course values('979', 'IF3022', 'SS', 4);
insert into course values('947', 'IF0230', 'GT', 3);
insert into course values('299', 'IF4041', 'SS', 3);
insert into instructor values('59486', 'Kiki', 'WW', 107350,04);
insert into instructor values('87798', 'yuyun', 'RR', 127984,63);
insert into instructor values('504', 'Adri', 'GT', 125233,60);
insert into instructor values('17078', 'Yohan', 'HI', 114702,78);
insert into instructor values('54317', 'rahmat', 'FR', 81526,92);
insert into instructor values('82278', 'Josu', 'DF', 31202,83);
insert into instructor values('74008', 'rahmat', 'FR', 44500,87);
insert into instructor values('30442', 'Adri', 'SS', 66473,49);
insert into instructor values('94230', 'Ahmad', 'DE', 48547,10);
insert into instructor values('4010', 'rahmat', 'GF', 46504,35);
insert into instructor values('48808', 'Adri', 'GT', 40703,72);
insert into instructor values('81260', 'Adri', 'IF', 105816,81);
insert into instructor values('10030', 'rahmat', 'WW', 91178,44);
insert into instructor values('17981', 'Yohan', 'DF', 37843,85);
insert into instructor values('48428', 'rahmat', 'SS', 120740,76);
insert into instructor values('28169', 'yuyun', 'WW', 62821,12);
insert into instructor values('95912', 'Yohan', 'FR', 79593,23);
insert into instructor values('61246', 'Ahmad', 'WW', 116403,10);
insert into instructor values('67817', 'rahmat', 'DE', 84694,99);
insert into instructor values('7853', 'Josu', 'GF', 67393,47);
insert into instructor values('21049', 'yuyun', 'RR', 85499,18);
insert into instructor values('9640', 'Ahmad', 'GF', 118779,75);
insert into instructor values('3012', 'Kiki', 'RR', 81679,12);
insert into instructor values('87653', 'rahmat', 'SS', 32688,19);
insert into instructor values('85686', 'yuyun', 'DF', 60656,19);
insert into instructor values('81657', 'rahmat', 'IF', 46925,37);
insert into instructor values('61569', 'yuyun', 'FR', 57606,03);
insert into instructor values('20412', 'Adri', 'IF', 118448,97);
insert into instructor values('24564', 'yuyun', 'RR', 66107,44);
insert into instructor values('12907', 'Yohan', 'GF', 37410,98);
insert into instructor values('24740', 'Ahmad', 'GF', 43712,32);
insert into instructor values('88705', 'Yohan', 'DE', 104342,21);
insert into instructor values('84230', 'Adri', 'HI', 63452,49);
insert into instructor values('99868', 'Ande', 'FR', 52597,94);
insert into instructor values('7058', 'Ahmad', 'IF', 59663,20);
insert into instructor values('17854', 'rahmat', 'GT', 128360,15);
insert into instructor values('89953', 'Ahmad', 'RR', 104490,93);
insert into instructor values('73705', 'Josu', 'DF', 111292,68);
insert into instructor values('62608', 'Ahmad', 'IF', 30066,74);
insert into instructor values('10625', 'Johan', 'SS', 70371,54);
insert into instructor values('85083', 'Yohan', 'DE', 80564,38);
insert into instructor values('28334', 'yuyun', 'WW', 101462,98);
insert into instructor values('11010', 'Kiki', 'DE', 38225,82);
insert into instructor values('92118', 'Adri', 'DE', 85898,25);
insert into instructor values('18630', 'Johan', 'DF', 117925,24);
insert into instructor values('21703', 'Budi', 'DF', 42594,32);
insert into instructor values('3148', 'Kiki', 'GF', 65955,55);
insert into instructor values('2954', 'Josu', 'GT', 120195,80);
insert into instructor values('36568', 'rahmat', 'GF', 30460,02);
insert into instructor values('98032', 'Adri', 'HI', 90264,15);
insert into section values('718', '1', 'Fall', 2001, 'E', '450', 'C');
insert into section values('778', '1', 'Spring', 2007, 'I', '841', 'O');
insert into section values('902', '1', 'Fall', 2009, 'I', '754', 'P');
insert into section values('837', '1', 'Fall', 2007, 'D', '676', 'E');
insert into section values('995', '1', 'Fall', 2004, 'E', '566', 'K');
insert into section values('803', '1', 'Fall', 2010, 'H', '611', 'E');
insert into section values('489', '1', 'Fall', 2004, 'F', '433', 'I');
insert into section values('703', '1', 'Spring', 2001, 'B', '966', 'J');
insert into section values('232', '1', 'Fall', 2004, 'D', '676', 'D');
insert into section values('607', '1', 'Fall', 2003, 'I', '841', 'J');
insert into section values('984', '1', 'Fall', 2005, 'D', '676', 'B');
insert into section values('925', '1', 'Spring', 2006, 'E', '450', 'A');
insert into section values('262', '1', 'Fall', 2009, 'E', '450', 'I');
insert into section values('772', '1', 'Spring', 2008, 'I', '754', 'P');
insert into section values('891', '1', 'Spring', 2003, 'C', '576', 'N');
insert into section values('765', '1', 'Fall', 2009, 'J', '652', 'F');
insert into section values('381', '1', 'Spring', 2005, 'B', '966', 'A');
insert into section values('412', '1', 'Fall', 2009, 'C', '576', 'K');
insert into section values('902', '2', 'Fall', 2002, 'I', '754', 'N');
insert into section values('683', '1', 'Fall', 2008, 'E', '566', 'D');
insert into section values('835', '1', 'Spring', 2002, 'B', '966', 'M');
insert into section values('318', '1', 'Spring', 2001, 'B', '966', 'E');
insert into section values('470', '1', 'Fall', 2007, 'H', '611', 'G');
insert into section values('497', '1', 'Fall', 2004, 'H', '611', 'G');
insert into section values('824', '1', 'Fall', 2001, 'H', '611', 'N');
insert into section values('425', '1', 'Spring', 2007, 'E', '566', 'P');
insert into section values('425', '2', 'Spring', 2005, 'B', '966', 'H');
insert into section values('276', '1', 'Fall', 2003, 'E', '450', 'A');
insert into section values('141', '1', 'Fall', 2010, 'D', '676', 'B');
insert into section values('780', '1', 'Spring', 2005, 'D', '676', 'J');
insert into section values('146', '1', 'Fall', 2004, 'I', '841', 'K');
insert into section values('629', '1', 'Spring', 2010, 'E', '566', 'F');
insert into section values('846', '1', 'Fall', 2002, 'D', '676', 'K');
insert into section values('171', '1', 'Spring', 2007, 'E', '566', 'L');
insert into section values('765', '2', 'Spring', 2001, 'E', '566', 'M');
insert into section values('995', '2', 'Spring', 2003, 'B', '966', 'L');
insert into section values('183', '1', 'Fall', 2009, 'I', '841', 'P');
insert into section values('891', '2', 'Fall', 2005, 'C', '576', 'F');
insert into section values('493', '1', 'Spring', 2002, 'I', '841', 'F');
insert into section values('983', '1', 'Fall', 2007, 'E', '566', 'L');
insert into section values('925', '2', 'Fall', 2006, 'I', '841', 'G');
insert into section values('984', '2', 'Fall', 2002, 'J', '652', 'G');
insert into section values('521', '1', 'Spring', 2002, 'H', '611', 'D');
insert into section values('996', '1', 'Spring', 2010, 'E', '450', 'A');
insert into section values('988', '1', 'Spring', 2007, 'B', '966', 'B');
insert into section values('672', '1', 'Fall', 2009, 'E', '566', 'D');
insert into section values('786', '1', 'Spring', 2006, 'H', '611', 'B');
insert into section values('307', '1', 'Fall', 2002, 'H', '611', 'O');
insert into section values('425', '3', 'Fall', 2005, 'E', '566', 'G');
insert into section values('608', '1', 'Spring', 2006, 'I', '841', 'I');
insert into section values('227', '1', 'Spring', 2005, 'E', '566', 'D');
insert into section values('622', '1', 'Fall', 2006, 'E', '450', 'L');
insert into section values('905', '1', 'Fall', 2008, 'H', '611', 'H');
insert into section values('427', '1', 'Fall', 2001, 'D', '676', 'C');
insert into section values('159', '1', 'Fall', 2001, 'J', '652', 'C');
insert into section values('689', '1', 'Fall', 2008, 'H', '611', 'G');
insert into section values('389', '1', 'Fall', 2001, 'I', '841', 'H');
insert into section values('852', '1', 'Fall', 2004, 'I', '754', 'F');
insert into section values('746', '1', 'Spring', 2005, 'C', '576', 'I');
insert into section values('223', '1', 'Fall', 2008, 'I', '841', 'H');
insert into section values('984', '3', 'Fall', 2010, 'H', '611', 'J');
insert into section values('786', '2', 'Fall', 2007, 'B', '966', 'O');
insert into section values('232', '2', 'Spring', 2010, 'I', '754', 'O');
insert into section values('113', '1', 'Fall', 2003, 'E', '450', 'L');
insert into section values('524', '1', 'Spring', 2009, 'I', '841', 'M');
insert into section values('407', '1', 'Fall', 2008, 'I', '754', 'I');
insert into section values('151', '1', 'Fall', 2007, 'I', '754', 'F');
insert into section values('448', '1', 'Spring', 2006, 'C', '576', 'H');
insert into section values('436', '1', 'Fall', 2008, 'E', '450', 'K');
insert into section values('407', '2', 'Fall', 2002, 'H', '611', 'L');
insert into section values('151', '2', 'Spring', 2002, 'D', '676', 'E');
insert into section values('522', '1', 'Fall', 2009, 'H', '611', 'J');
insert into section values('410', '1', 'Fall', 2007, 'E', '450', 'J');
insert into section values('835', '2', 'Fall', 2004, 'I', '841', 'M');
insert into section values('666', '1', 'Spring', 2003, 'J', '652', 'F');
insert into section values('113', '2', 'Spring', 2001, 'I', '841', 'K');
insert into section values('360', '1', 'Spring', 2005, 'I', '841', 'A');
insert into section values('776', '1', 'Spring', 2004, 'J', '652', 'G');
insert into section values('439', '1', 'Fall', 2006, 'D', '676', 'I');
insert into section values('903', '1', 'Spring', 2002, 'E', '566', 'L');
insert into section values('608', '2', 'Fall', 2002, 'F', '433', 'H');
insert into section values('960', '1', 'Fall', 2009, 'C', '576', 'J');
insert into section values('133', '1', 'Spring', 2002, 'E', '450', 'J');
insert into section values('770', '1', 'Fall', 2006, 'H', '611', 'D');
insert into section values('439', '2', 'Fall', 2007, 'B', '966', 'G');
insert into section values('221', '1', 'Fall', 2006, 'I', '754', 'G');
insert into section values('412', '2', 'Spring', 2009, 'E', '566', 'N');
insert into section values('307', '2', 'Fall', 2008, 'E', '450', 'B');
insert into section values('925', '3', 'Spring', 2001, 'I', '841', 'J');
insert into section values('465', '1', 'Fall', 2001, 'J', '652', 'J');
insert into section values('689', '2', 'Fall', 2007, 'H', '611', 'C');
insert into section values('925', '4', 'Spring', 2008, 'C', '576', 'O');
insert into section values('998', '1', 'Spring', 2006, 'E', '450', 'L');
insert into section values('803', '2', 'Fall', 2003, 'J', '652', 'F');
insert into section values('636', '1', 'Spring', 2005, 'I', '754', 'G');
insert into section values('781', '1', 'Spring', 2006, 'I', '754', 'K');
insert into section values('774', '1', 'Spring', 2001, 'J', '652', 'O');
insert into section values('522', '2', 'Spring', 2006, 'B', '966', 'E');
insert into section values('427', '2', 'Spring', 2004, 'I', '841', 'F');
insert into section values('868', '1', 'Spring', 2007, 'B', '966', 'L');
insert into section values('521', '2', 'Fall', 2001, 'E', '450', 'J');
insert into section values('376', '1', 'Spring', 2003, 'I', '754', 'N');
insert into section values('508', '1', 'Spring', 2004, 'E', '566', 'F');
insert into section values('318', '2', 'Spring', 2002, 'B', '966', 'G');
insert into section values('908', '1', 'Spring', 2003, 'E', '450', 'N');
insert into section values('816', '1', 'Fall', 2004, 'F', '433', 'E');
insert into section values('474', '1', 'Fall', 2009, 'I', '754', 'N');
insert into section values('769', '1', 'Fall', 2004, 'I', '754', 'M');
insert into section values('307', '3', 'Spring', 2003, 'F', '433', 'B');
insert into section values('819', '1', 'Spring', 2002, 'I', '841', 'F');
insert into section values('353', '1', 'Fall', 2010, 'I', '841', 'D');
insert into section values('781', '2', 'Fall', 2002, 'I', '841', 'L');
insert into section values('778', '2', 'Spring', 2007, 'H', '611', 'J');
insert into section values('988', '2', 'Fall', 2008, 'I', '841', 'H');
insert into section values('440', '1', 'Fall', 2010, 'J', '652', 'P');
insert into section values('369', '1', 'Fall', 2002, 'H', '611', 'N');
insert into section values('566', '1', 'Fall', 2009, 'I', '841', 'F');
insert into section values('786', '3', 'Fall', 2006, 'H', '611', 'J');
insert into section values('615', '1', 'Spring', 2004, 'H', '611', 'P');
insert into section values('814', '1', 'Spring', 2001, 'D', '676', 'N');
insert into section values('803', '3', 'Spring', 2010, 'E', '566', 'A');
insert into section values('179', '1', 'Fall', 2006, 'B', '966', 'F');
insert into section values('336', '1', 'Fall', 2009, 'D', '676', 'K');
insert into section values('248', '1', 'Spring', 2003, 'D', '676', 'G');
insert into section values('335', '1', 'Spring', 2008, 'H', '611', 'P');
insert into section values('549', '1', 'Fall', 2008, 'I', '754', 'B');
insert into section values('439', '3', 'Fall', 2003, 'B', '966', 'C');
insert into section values('954', '1', 'Spring', 2004, 'E', '450', 'L');
insert into section values('858', '1', 'Spring', 2009, 'H', '611', 'M');
insert into section values('705', '1', 'Spring', 2007, 'D', '676', 'D');
insert into section values('848', '1', 'Fall', 2004, 'I', '754', 'F');
insert into section values('652', '1', 'Spring', 2005, 'H', '611', 'F');
insert into section values('130', '1', 'Spring', 2008, 'C', '576', 'G');
insert into section values('316', '1', 'Spring', 2007, 'D', '676', 'E');
insert into section values('797', '1', 'Spring', 2007, 'E', '566', 'B');
insert into section values('221', '2', 'Fall', 2008, 'E', '566', 'H');
insert into section values('535', '1', 'Fall', 2001, 'C', '576', 'P');
insert into section values('550', '1', 'Fall', 2004, 'B', '966', 'O');
insert into section values('895', '1', 'Fall', 2007, 'E', '566', 'B');
insert into section values('996', '2', 'Fall', 2001, 'H', '611', 'F');
insert into section values('931', '1', 'Spring', 2005, 'F', '433', 'O');
insert into section values('437', '1', 'Fall', 2009, 'I', '841', 'J');
insert into section values('846', '2', 'Fall', 2003, 'I', '841', 'A');
insert into section values('193', '1', 'Fall', 2010, 'F', '433', 'M');
insert into section values('814', '2', 'Spring', 2006, 'F', '433', 'P');
insert into section values('607', '2', 'Fall', 2004, 'E', '566', 'A');
insert into section values('668', '1', 'Spring', 2003, 'B', '966', 'C');
insert into section values('353', '2', 'Spring', 2010, 'E', '450', 'M');
insert into section values('858', '2', 'Fall', 2009, 'I', '754', 'P');
insert into section values('675', '1', 'Fall', 2010, 'I', '754', 'P');
insert into section values('233', '1', 'Fall', 2004, 'I', '754', 'I');
insert into section values('229', '1', 'Fall', 2008, 'E', '450', 'H');
insert into section values('666', '2', 'Fall', 2003, 'C', '576', 'K');
insert into section values('963', '1', 'Fall', 2005, 'F', '433', 'N');
insert into section values('903', '2', 'Spring', 2002, 'I', '754', 'C');
insert into section values('684', '1', 'Spring', 2002, 'D', '676', 'K');
insert into section values('353', '3', 'Spring', 2006, 'C', '576', 'J');
insert into section values('213', '1', 'Spring', 2003, 'B', '966', 'I');
insert into section values('146', '2', 'Fall', 2001, 'B', '966', 'H');
insert into section values('821', '1', 'Spring', 2008, 'I', '754', 'L');
insert into section values('923', '1', 'Fall', 2004, 'H', '611', 'I');
insert into section values('714', '1', 'Spring', 2002, 'I', '841', 'D');
insert into section values('652', '2', 'Fall', 2006, 'F', '433', 'E');
insert into section values('622', '2', 'Fall', 2010, 'H', '611', 'P');
insert into section values('217', '1', 'Fall', 2006, 'D', '676', 'H');
insert into section values('683', '2', 'Spring', 2008, 'E', '450', 'O');
insert into section values('171', '2', 'Spring', 2005, 'J', '652', 'M');
insert into section values('885', '1', 'Fall', 2009, 'D', '676', 'P');
insert into section values('231', '1', 'Spring', 2002, 'C', '576', 'K');
insert into section values('852', '2', 'Fall', 2010, 'E', '566', 'H');
insert into section values('522', '3', 'Fall', 2001, 'E', '566', 'G');
insert into section values('684', '2', 'Spring', 2003, 'I', '754', 'B');
insert into section values('130', '2', 'Spring', 2010, 'I', '754', 'D');
insert into section values('936', '1', 'Fall', 2004, 'I', '841', 'N');
insert into section values('774', '2', 'Fall', 2007, 'H', '611', 'J');
insert into section values('102', '1', 'Fall', 2005, 'E', '566', 'H');
insert into section values('524', '2', 'Spring', 2010, 'I', '754', 'A');
insert into section values('854', '1', 'Fall', 2005, 'C', '576', 'P');
insert into section values('767', '1', 'Fall', 2006, 'E', '566', 'J');
insert into section values('780', '2', 'Spring', 2004, 'B', '966', 'C');
insert into section values('732', '1', 'Fall', 2001, 'C', '576', 'O');
insert into section values('420', '1', 'Spring', 2001, 'E', '450', 'A');
insert into section values('858', '3', 'Fall', 2001, 'D', '676', 'H');
insert into section values('995', '3', 'Spring', 2003, 'F', '433', 'E');
insert into section values('439', '4', 'Spring', 2002, 'J', '652', 'E');
insert into section values('626', '1', 'Spring', 2007, 'C', '576', 'D');
insert into section values('906', '1', 'Fall', 2009, 'I', '754', 'P');
insert into section values('146', '3', 'Spring', 2003, 'I', '754', 'A');
insert into section values('407', '3', 'Spring', 2005, 'J', '652', 'C');
insert into section values('288', '1', 'Fall', 2001, 'H', '611', 'L');
insert into section values('895', '2', 'Spring', 2009, 'J', '652', 'D');
insert into section values('544', '1', 'Spring', 2009, 'E', '450', 'H');
insert into section values('360', '2', 'Spring', 2003, 'E', '450', 'I');
insert into section values('336', '2', 'Spring', 2001, 'J', '652', 'F');
insert into section values('854', '2', 'Fall', 2003, 'J', '652', 'N');
insert into section values('718', '2', 'Spring', 2004, 'F', '433', 'K');
insert into section values('490', '1', 'Spring', 2005, 'E', '566', 'O');
insert into section values('102', '2', 'Spring', 2009, 'E', '450', 'P');
insert into section values('217', '2', 'Fall', 2002, 'D', '676', 'M');
insert into section values('141', '2', 'Fall', 2008, 'F', '433', 'F');
insert into teaches values('99868', '988', '1', 'Spring', 2007);
insert into teaches values('36568', '954', '1', 'Spring', 2004);
insert into teaches values('98032', '776', '1', 'Spring', 2004);
insert into teaches values('28334', '336', '2', 'Spring', 2001);
insert into teaches values('10625', '996', '1', 'Spring', 2010);
insert into teaches values('28334', '803', '1', 'Fall', 2010);
insert into teaches values('36568', '439', '4', 'Spring', 2002);
insert into teaches values('28334', '780', '2', 'Spring', 2004);
insert into teaches values('28334', '179', '1', 'Fall', 2006);
insert into teaches values('99868', '217', '2', 'Fall', 2002);
insert into teaches values('21703', '858', '1', 'Spring', 2009);
insert into teaches values('98032', '902', '2', 'Fall', 2002);
insert into teaches values('89953', '229', '1', 'Fall', 2008);
insert into teaches values('98032', '675', '1', 'Fall', 2010);
insert into teaches values('89953', '316', '1', 'Spring', 2007);
insert into teaches values('28334', '835', '1', 'Spring', 2002);
insert into teaches values('2954', '130', '2', 'Spring', 2010);
insert into teaches values('84230', '837', '1', 'Fall', 2007);
insert into teaches values('28334', '622', '2', 'Fall', 2010);
insert into teaches values('92118', '113', '1', 'Fall', 2003);
insert into teaches values('89953', '183', '1', 'Fall', 2009);
insert into teaches values('2954', '233', '1', 'Fall', 2004);
insert into teaches values('28334', '765', '1', 'Fall', 2009);
insert into teaches values('2954', '767', '1', 'Fall', 2006);
insert into teaches values('21703', '998', '1', 'Spring', 2006);
insert into teaches values('99868', '360', '1', 'Spring', 2005);
insert into teaches values('89953', '984', '3', 'Fall', 2010);
insert into teaches values('98032', '781', '2', 'Fall', 2002);
insert into teaches values('36568', '141', '2', 'Fall', 2008);
insert into teaches values('89953', '960', '1', 'Fall', 2009);
insert into teaches values('62608', '425', '1', 'Spring', 2007);
insert into teaches values('61569', '814', '1', 'Spring', 2001);
insert into teaches values('21703', '908', '1', 'Spring', 2003);
insert into teaches values('62608', '891', '2', 'Fall', 2005);
insert into teaches values('28334', '608', '1', 'Spring', 2006);
insert into teaches values('87653', '652', '2', 'Fall', 2006);
insert into teaches values('28334', '684', '2', 'Spring', 2003);
insert into teaches values('48808', '376', '1', 'Spring', 2003);
insert into teaches values('2954', '522', '1', 'Fall', 2009);
insert into teaches values('85686', '262', '1', 'Fall', 2009);
insert into teaches values('92118', '407', '3', 'Spring', 2005);
insert into teaches values('89953', '852', '2', 'Fall', 2010);
insert into teaches values('10625', '824', '1', 'Fall', 2001);
insert into teaches values('28334', '803', '2', 'Fall', 2003);
insert into teaches values('21703', '797', '1', 'Spring', 2007);
insert into teaches values('99868', '307', '1', 'Fall', 2002);
insert into teaches values('36568', '439', '3', 'Fall', 2003);
insert into teaches values('99868', '936', '1', 'Fall', 2004);
insert into teaches values('61569', '360', '2', 'Spring', 2003);
insert into teaches values('99868', '925', '1', 'Spring', 2006);
insert into teaches values('3012', '288', '1', 'Fall', 2001);
insert into teaches values('28334', '622', '1', 'Fall', 2006);
insert into teaches values('99868', '988', '2', 'Fall', 2008);
insert into teaches values('92118', '407', '1', 'Fall', 2008);
insert into teaches values('98032', '159', '1', 'Fall', 2001);
insert into teaches values('2954', '318', '2', 'Spring', 2002);
insert into teaches values('98032', '868', '1', 'Spring', 2007);
insert into teaches values('36568', '353', '1', 'Fall', 2010);
insert into teaches values('3148', '232', '2', 'Spring', 2010);
insert into teaches values('98032', '524', '2', 'Spring', 2010);
insert into teaches values('99868', '307', '3', 'Spring', 2003);
insert into teaches values('10625', '412', '1', 'Fall', 2009);
insert into teaches values('21703', '636', '1', 'Spring', 2005);
insert into teaches values('21703', '437', '1', 'Fall', 2009);
insert into teaches values('89953', '778', '1', 'Spring', 2007);
insert into teaches values('10625', '666', '1', 'Spring', 2003);
insert into teaches values('98032', '774', '1', 'Spring', 2001);
insert into teaches values('10625', '652', '1', 'Spring', 2005);
insert into teaches values('2954', '746', '1', 'Spring', 2005);
insert into teaches values('62608', '221', '2', 'Fall', 2008);
insert into teaches values('21703', '858', '3', 'Fall', 2001);
insert into teaches values('92118', '133', '1', 'Spring', 2002);
insert into teaches values('62608', '891', '1', 'Spring', 2003);
insert into teaches values('36568', '905', '1', 'Fall', 2008);
insert into teaches values('21703', '858', '2', 'Fall', 2009);
insert into teaches values('62608', '508', '1', 'Spring', 2004);
insert into teaches values('28334', '231', '1', 'Spring', 2002);
insert into teaches values('98032', '903', '1', 'Spring', 2002);
insert into teaches values('99868', '906', '1', 'Fall', 2009);
insert into teaches values('89953', '607', '2', 'Fall', 2004);
insert into teaches values('89953', '984', '2', 'Fall', 2002);
insert into teaches values('99868', '786', '3', 'Fall', 2006);
insert into teaches values('61569', '931', '1', 'Spring', 2005);
insert into teaches values('98032', '774', '2', 'Fall', 2007);
insert into teaches values('98032', '703', '1', 'Spring', 2001);
insert into teaches values('99868', '217', '1', 'Fall', 2006);
insert into teaches values('2954', '522', '2', 'Spring', 2006);
insert into teaches values('28334', '772', '1', 'Spring', 2008);
insert into teaches values('3148', '521', '2', 'Fall', 2001);
insert into teaches values('99868', '714', '1', 'Spring', 2002);
insert into teaches values('99868', '925', '4', 'Spring', 2008);
insert into teaches values('36568', '615', '1', 'Spring', 2004);
insert into teaches values('21703', '995', '1', 'Fall', 2004);
insert into teaches values('2954', '130', '1', 'Spring', 2008);
insert into teaches values('36568', '141', '1', 'Fall', 2010);
insert into teaches values('36568', '232', '1', 'Fall', 2004);
insert into teaches values('28334', '803', '3', 'Spring', 2010);
insert into teaches values('2954', '923', '1', 'Fall', 2004);
insert into teaches values('89953', '410', '1', 'Fall', 2007);
insert into teaches values('3148', '493', '1', 'Spring', 2002);
insert into student values('28046', 'Kiki', 'DF', 36);
insert into student values('45664', 'Budi', 'HI', 19);
insert into student values('93189', 'Budi', 'GT', 40);
insert into student values('50240', 'yuyun', 'DF', 19);
insert into student values('63014', 'Budi', 'DF', 46);
insert into student values('73449', 'rahmat', 'WW', 4);
insert into student values('41619', 'Yohan', 'DE', 15);
insert into student values('50863', 'Adri', 'GT', 53);
insert into student values('81089', 'rahmat', 'DF', 43);
insert into student values('7637', 'Ande', 'HI', 13);
insert into student values('6420', 'rahmat', 'FR', 84);
insert into student values('32884', 'Budi', 'DE', 11);
insert into student values('98471', 'yuyun', 'GT', 52);
insert into student values('85875', 'Josu', 'DE', 47);
insert into student values('72930', 'Johan', 'DE', 83);
insert into student values('38479', 'Josu', 'SS', 18);
insert into student values('37409', 'Kiki', 'SS', 129);
insert into student values('50325', 'Johan', 'FR', 4);
insert into student values('42483', 'Johan', 'DF', 32);
insert into student values('66051', 'Kiki', 'DE', 117);
insert into student values('24440', 'Yohan', 'FR', 82);
insert into student values('81002', 'Ahmad', 'WW', 55);
insert into student values('34274', 'yuyun', 'FR', 81);
insert into student values('79470', 'Adri', 'IF', 52);
insert into student values('96148', 'Yohan', 'GT', 104);
insert into student values('15523', 'yuyun', 'DE', 45);
insert into student values('24133', 'yuyun', 'HI', 89);
insert into student values('59922', 'Kiki', 'GF', 34);
insert into student values('76094', 'Kiki', 'GF', 39);
insert into student values('145', 'rahmat', 'DE', 93);
insert into student values('82871', 'Ahmad', 'DE', 63);
insert into student values('92014', 'Josu', 'IF', 64);
insert into student values('59357', 'Kiki', 'SS', 4);
insert into student values('9925', 'Kiki', 'FR', 121);
insert into student values('527', 'Yohan', 'IF', 96);
insert into student values('11524', 'Yohan', 'IF', 37);
insert into student values('71804', 'Yohan', 'RR', 51);
insert into student values('59310', 'Josu', 'GT', 124);
insert into student values('4774', 'rahmat', 'GF', 28);
insert into student values('93556', 'rahmat', 'FR', 83);
insert into student values('96801', 'rahmat', 'FR', 85);
insert into student values('73373', 'rahmat', 'WW', 56);
insert into student values('63284', 'Kiki', 'DF', 127);
insert into student values('25151', 'Adri', 'GT', 46);
insert into student values('51286', 'Johan', 'IF', 125);
insert into student values('45091', 'Ahmad', 'DE', 19);
insert into student values('5650', 'Josu', 'DE', 110);
insert into student values('28228', 'Ande', 'GT', 116);
insert into student values('72771', 'Yohan', 'FR', 109);
insert into student values('83152', 'Ahmad', 'GF', 95);
insert into student values('12856', 'Kiki', 'SS', 69);
insert into student values('35077', 'Ahmad', 'GF', 114);
insert into student values('44784', 'Josu', 'GT', 47);
insert into student values('99284', 'yuyun', 'IF', 33);
insert into student values('51711', 'Ande', 'HI', 24);
insert into student values('7746', 'Ande', 'SS', 50);
insert into student values('27687', 'Yohan', 'HI', 53);
insert into student values('72609', 'yuyun', 'GF', 41);
insert into student values('44063', 'Budi', 'HI', 60);
insert into student values('12667', 'Budi', 'GT', 54);
insert into student values('655', 'Ahmad', 'FR', 78);
insert into student values('88743', 'Adri', 'GT', 100);
insert into student values('71793', 'Yohan', 'GT', 43);
insert into student values('34641', 'Kiki', 'WW', 0);
insert into student values('87121', 'Johan', 'SS', 105);
insert into student values('54998', 'Kiki', 'GF', 117);
insert into student values('16526', 'yuyun', 'GT', 23);
insert into student values('28613', 'yuyun', 'GT', 109);
insert into student values('78582', 'yuyun', 'DF', 65);
insert into student values('33118', 'Ande', 'DE', 5);
insert into student values('27821', 'Ande', 'DF', 101);
insert into student values('73558', 'yuyun', 'DF', 68);
insert into student values('74662', 'Budi', 'DF', 7);
insert into student values('8817', 'Ande', 'GF', 110);
insert into student values('9671', 'Kiki', 'RR', 73);
insert into student values('15910', 'Johan', 'HI', 106);
insert into student values('35785', 'yuyun', 'SS', 10);
insert into student values('19742', 'Budi', 'SS', 63);
insert into student values('26294', 'rahmat', 'DF', 10);
insert into student values('90421', 'Adri', 'HI', 32);
insert into student values('5033', 'Ande', 'DF', 21);
insert into student values('19319', 'Budi', 'DF', 116);
insert into student values('28049', 'Yohan', 'GF', 28);
insert into student values('53379', 'Budi', 'RR', 39);
insert into student values('93325', 'Ande', 'GT', 87);
insert into student values('5323', 'Johan', 'HI', 55);
insert into student values('1936', 'Ahmad', 'DE', 27);
insert into student values('17650', 'Ande', 'FR', 106);
insert into student values('79166', 'Ande', 'DE', 73);
insert into student values('65164', 'Ande', 'DE', 98);
insert into student values('45933', 'Johan', 'FR', 21);
insert into student values('865', 'Budi', 'RR', 45);
insert into student values('62693', 'Ahmad', 'WW', 33);
insert into student values('57609', 'Ande', 'RR', 124);
insert into student values('24128', 'Budi', 'WW', 66);
insert into student values('7376', 'Josu', 'RR', 97);
insert into student values('92234', 'Josu', 'RR', 4);
insert into student values('12179', 'Johan', 'SS', 111);
insert into student values('63873', 'Ahmad', 'WW', 109);
insert into student values('38625', 'rahmat', 'HI', 125);
insert into takes values('73373', '141', '1', 'Fall', 2010, 'A+');
insert into takes values('98471', '171', '1', 'Spring', 2007, 'C ');
insert into takes values('99284', '703', '1', 'Spring', 2001, 'C ');
insert into takes values('57609', '960', '1', 'Fall', 2009, 'B ');
insert into takes values('15910', '923', '1', 'Fall', 2004, 'B+');
insert into takes values('63284', '770', '1', 'Fall', 2006, 'C ');
insert into takes values('98471', '521', '2', 'Fall', 2001, 'B+');
insert into takes values('24133', '369', '1', 'Fall', 2002, 'A-');
insert into takes values('7637', '963', '1', 'Fall', 2005, 'C+');
insert into takes values('92014', '448', '1', 'Spring', 2006, 'A-');
insert into takes values('15910', '522', '2', 'Spring', 2006, 'A ');
insert into takes values('17650', '895', '1', 'Fall', 2007, 'C-');
insert into takes values('93556', '217', '2', 'Fall', 2002, 'A-');
insert into takes values('25151', '858', '1', 'Spring', 2009, 'A-');
insert into takes values('12856', '318', '1', 'Spring', 2001, 'C-');
insert into takes values('92014', '407', '2', 'Fall', 2002, 'A-');
insert into takes values('527', '316', '1', 'Spring', 2007, 'C-');
insert into takes values('28228', '983', '1', 'Fall', 2007, 'A+');
insert into takes values('34274', '703', '1', 'Spring', 2001, 'C+');
insert into takes values('17650', '854', '2', 'Fall', 2003, 'B+');
insert into takes values('41619', '675', '1', 'Fall', 2010, 'B-');
insert into takes values('15910', '522', '1', 'Fall', 2009, 'B-');
insert into takes values('7376', '835', '1', 'Spring', 2002, 'A+');
insert into takes values('53379', '925', '2', 'Fall', 2006, 'B+');
insert into takes values('12667', '335', '1', 'Spring', 2008, 'A ');
insert into takes values('71804', '141', '2', 'Fall', 2008, 'B+');
insert into takes values('32884', '141', '1', 'Fall', 2010, 'B+');
insert into takes values('79166', '183', '1', 'Fall', 2009, 'B-');
insert into takes values('63284', '925', '2', 'Fall', 2006, 'B ');
insert into takes values('26294', '439', '3', 'Fall', 2003, 'B+');
insert into takes values('93325', '318', '1', 'Spring', 2001, 'C-');
insert into takes values('90421', '891', '1', 'Spring', 2003, 'C ');
insert into takes values('35785', '835', '2', 'Fall', 2004, 'B-');
insert into takes values('72609', '984', '2', 'Fall', 2002, 'A-');
insert into takes values('19319', '213', '1', 'Spring', 2003, 'B+');
insert into takes values('27687', '353', '3', 'Spring', 2006, 'B-');
insert into takes values('57609', '130', '2', 'Spring', 2010, 'C+');
insert into takes values('15910', '781', '1', 'Spring', 2006, 'B-');
insert into takes values('44784', '113', '2', 'Spring', 2001, 'A+');
insert into takes values('50863', '891', '2', 'Fall', 2005, 'C ');
insert into takes values('16526', '550', '1', 'Fall', 2004, 'B+');
insert into takes values('72771', '535', '1', 'Fall', 2001, 'C-');
insert into takes values('27687', '232', '2', 'Spring', 2010, 'C ');
insert into takes values('99284', '846', '2', 'Fall', 2003, 'C-');
insert into takes values('66051', '772', '1', 'Spring', 2008, 'C+');
insert into takes values('17650', '858', '1', 'Spring', 2009, 'C-');
insert into takes values('59357', '780', '2', 'Spring', 2004, 'B+');
insert into takes values('72930', '425', '3', 'Fall', 2005, 'A+');
insert into takes values('78582', '703', '1', 'Spring', 2001, 'C-');
insert into takes values('50240', '524', '2', 'Spring', 2010, 'C ');
insert into takes values('8817', '668', '1', 'Spring', 2003, 'B ');
insert into takes values('51286', '221', '2', 'Fall', 2008, 'B+');
insert into takes values('6420', '774', '2', 'Fall', 2007, 'B ');
insert into takes values('82871', '217', '1', 'Fall', 2006, 'B-');
insert into takes values('527', '171', '1', 'Spring', 2007, 'C+');
insert into takes values('6420', '780', '2', 'Spring', 2004, 'B-');
insert into takes values('41619', '984', '2', 'Fall', 2002, 'B+');
insert into takes values('38479', '102', '2', 'Spring', 2009, 'B+');
insert into takes values('4774', '615', '1', 'Spring', 2004, 'B+');
insert into takes values('87121', '852', '2', 'Fall', 2010, 'A+');
insert into takes values('59357', '130', '2', 'Spring', 2010, 'A ');
insert into takes values('79166', '524', '2', 'Spring', 2010, 'C ');
insert into takes values('78582', '425', '3', 'Fall', 2005, 'A+');
insert into takes values('72609', '902', '2', 'Fall', 2002, 'C+');
insert into takes values('92234', '824', '1', 'Fall', 2001, 'A+');
insert into takes values('59922', '925', '4', 'Spring', 2008, 'C+');
insert into takes values('72609', '774', '2', 'Fall', 2007, 'C+');
insert into takes values('11524', '151', '1', 'Fall', 2007, 'C+');
insert into takes values('93325', '652', '1', 'Spring', 2005, 'A-');
insert into takes values('5323', '151', '2', 'Spring', 2002, 'B ');
insert into takes values('63873', '420', '1', 'Spring', 2001, 'A+');
insert into takes values('27687', '425', '1', 'Spring', 2007, 'B ');
insert into takes values('25151', '684', '1', 'Spring', 2002, 'C-');
insert into takes values('33118', '781', '2', 'Fall', 2002, 'B ');
insert into takes values('34274', '407', '2', 'Fall', 2002, 'C-');
insert into takes values('59922', '318', '1', 'Spring', 2001, 'C-');
insert into takes values('72930', '151', '2', 'Spring', 2002, 'B+');
insert into takes values('655', '858', '2', 'Fall', 2009, 'A ');
insert into takes values('42483', '407', '3', 'Spring', 2005, 'C-');
insert into takes values('71793', '213', '1', 'Spring', 2003, 'C ');
insert into takes values('26294', '995', '1', 'Fall', 2004, 'C+');
insert into takes values('7376', '113', '2', 'Spring', 2001, 'A-');
insert into takes values('865', '803', '3', 'Spring', 2010, 'B-');
insert into takes values('19742', '636', '1', 'Spring', 2005, 'B+');
insert into takes values('92014', '765', '2', 'Spring', 2001, 'A+');
insert into takes values('93189', '995', '1', 'Fall', 2004, 'B+');
insert into takes values('63284', '360', '2', 'Spring', 2003, 'C+');
insert into takes values('57609', '908', '1', 'Spring', 2003, 'B-');
insert into takes values('83152', '666', '2', 'Fall', 2003, 'A ');
insert into takes values('71793', '316', '1', 'Spring', 2007, 'C-');
insert into takes values('527', '925', '4', 'Spring', 2008, 'B ');
insert into takes values('45664', '179', '1', 'Fall', 2006, 'C-');
insert into takes values('72930', '868', '1', 'Spring', 2007, 'A-');
insert into takes values('38625', '407', '3', 'Spring', 2005, 'A ');
insert into takes values('57609', '151', '2', 'Spring', 2002, 'B ');
insert into takes values('28613', '846', '1', 'Fall', 2002, 'C ');
insert into takes values('59310', '895', '1', 'Fall', 2007, 'A+');
insert into takes values('41619', '381', '1', 'Spring', 2005, 'B ');
insert into takes values('11524', '522', '2', 'Spring', 2006, 'B ');
insert into takes values('38479', '448', '1', 'Spring', 2006, 'B ');
insert into takes values('28228', '835', '1', 'Spring', 2002, 'C+');
insert into takes values('79470', '781', '2', 'Fall', 2002, 'A ');
insert into takes values('7746', '746', '1', 'Spring', 2005, 'A+');
insert into takes values('45091', '814', '2', 'Spring', 2006, 'A+');
insert into takes values('81002', '821', '1', 'Spring', 2008, 'B+');
insert into takes values('38625', '824', '1', 'Fall', 2001, 'A+');
insert into takes values('59357', '318', '2', 'Spring', 2002, 'C ');
insert into takes values('63873', '774', '2', 'Fall', 2007, 'B+');
insert into takes values('1936', '336', '1', 'Fall', 2009, 'B+');
insert into takes values('5650', '714', '1', 'Spring', 2002, 'A+');
insert into takes values('12179', '903', '1', 'Spring', 2002, 'A ');
insert into takes values('17650', '360', '1', 'Spring', 2005, 'A+');
insert into takes values('19742', '622', '2', 'Fall', 2010, 'B ');
insert into takes values('96148', '852', '1', 'Fall', 2004, 'B-');
insert into takes values('93556', '360', '2', 'Spring', 2003, 'A-');
insert into takes values('63014', '425', '3', 'Fall', 2005, 'B ');
insert into takes values('76094', '425', '1', 'Spring', 2007, 'B+');
insert into takes values('7376', '102', '1', 'Fall', 2005, 'A ');
insert into takes values('24133', '765', '2', 'Spring', 2001, 'C-');
insert into takes values('81002', '608', '2', 'Fall', 2002, 'C ');
insert into takes values('19742', '765', '2', 'Spring', 2001, 'C+');
insert into takes values('71793', '925', '2', 'Fall', 2006, 'A+');
insert into takes values('7746', '765', '2', 'Spring', 2001, 'B ');
insert into takes values('17650', '217', '1', 'Fall', 2006, 'C ');
insert into takes values('98471', '988', '1', 'Spring', 2007, 'C+');
insert into takes values('28613', '353', '2', 'Spring', 2010, 'B+');
insert into takes values('63284', '159', '1', 'Fall', 2001, 'B+');
insert into takes values('9671', '778', '1', 'Spring', 2007, 'A ');
insert into takes values('26294', '318', '2', 'Spring', 2002, 'C-');
insert into takes values('88743', '102', '1', 'Fall', 2005, 'B-');
insert into takes values('59357', '217', '2', 'Fall', 2002, 'A-');
insert into takes values('12667', '146', '1', 'Fall', 2004, 'A-');
insert into takes values('26294', '360', '2', 'Spring', 2003, 'B ');
insert into takes values('71793', '837', '1', 'Fall', 2007, 'A-');
insert into takes values('72930', '814', '2', 'Spring', 2006, 'C-');
insert into takes values('66051', '852', '1', 'Fall', 2004, 'C ');
insert into takes values('865', '774', '2', 'Fall', 2007, 'C-');
insert into takes values('73449', '858', '2', 'Fall', 2009, 'C-');
insert into takes values('28228', '146', '3', 'Spring', 2003, 'B-');
insert into takes values('16526', '427', '2', 'Spring', 2004, 'A ');
insert into takes values('59922', '407', '1', 'Fall', 2008, 'A-');
insert into takes values('35077', '848', '1', 'Fall', 2004, 'C ');
insert into takes values('59357', '566', '1', 'Fall', 2009, 'A+');
insert into takes values('71804', '217', '2', 'Fall', 2002, 'C-');
insert into takes values('28046', '891', '2', 'Fall', 2005, 'C-');
insert into takes values('19742', '902', '2', 'Fall', 2002, 'C-');
insert into takes values('28228', '113', '2', 'Spring', 2001, 'C ');
insert into takes values('24128', '566', '1', 'Fall', 2009, 'B ');
insert into takes values('5650', '903', '2', 'Spring', 2002, 'B ');
insert into takes values('74662', '931', '1', 'Spring', 2005, 'B-');
insert into takes values('90421', '353', '1', 'Fall', 2010, 'C ');
insert into takes values('81002', '684', '1', 'Spring', 2002, 'A-');
insert into takes values('81002', '439', '1', 'Fall', 2006, 'A ');
insert into takes values('32884', '803', '2', 'Fall', 2003, 'C ');
insert into takes values('655', '996', '2', 'Fall', 2001, 'A-');
insert into takes values('51286', '171', '1', 'Spring', 2007, 'B ');
insert into takes values('32884', '381', '1', 'Spring', 2005, 'C-');
insert into takes values('28613', '683', '2', 'Spring', 2008, 'B ');
insert into takes values('62693', '835', '2', 'Fall', 2004, 'B ');
insert into takes values('19319', '521', '2', 'Fall', 2001, 'A-');
insert into takes values('7746', '232', '2', 'Spring', 2010, 'A ');
insert into takes values('57609', '852', '1', 'Fall', 2004, 'A ');
insert into takes values('51711', '353', '1', 'Fall', 2010, 'B+');
insert into takes values('72771', '652', '1', 'Spring', 2005, 'B-');
insert into takes values('24133', '489', '1', 'Fall', 2004, 'C-');
insert into takes values('5323', '852', '2', 'Fall', 2010, 'B-');
insert into takes values('62693', '902', '2', 'Fall', 2002, 'B-');
insert into takes values('9671', '776', '1', 'Spring', 2004, 'A-');
insert into takes values('54998', '846', '1', 'Fall', 2002, 'B-');
insert into takes values('81089', '113', '2', 'Spring', 2001, 'A+');
insert into takes values('527', '902', '2', 'Fall', 2002, 'C+');
insert into takes values('4774', '925', '2', 'Fall', 2006, 'B-');
insert into takes values('93325', '607', '1', 'Fall', 2003, 'B-');
insert into takes values('4774', '675', '1', 'Fall', 2010, 'A+');
insert into takes values('59357', '130', '1', 'Spring', 2008, 'A+');
insert into takes values('72930', '133', '1', 'Spring', 2002, 'C ');
insert into takes values('79470', '171', '1', 'Spring', 2007, 'A-');
insert into takes values('28613', '803', '2', 'Fall', 2003, 'A-');
insert into takes values('11524', '389', '1', 'Fall', 2001, 'B ');
insert into takes values('93189', '925', '1', 'Spring', 2006, 'C+');
insert into takes values('655', '318', '1', 'Spring', 2001, 'A+');
insert into takes values('73449', '223', '1', 'Fall', 2008, 'C-');
insert into takes values('93325', '360', '1', 'Spring', 2005, 'A ');
insert into takes values('5650', '718', '1', 'Fall', 2001, 'C-');
insert into takes values('42483', '780', '1', 'Spring', 2005, 'B ');
insert into takes values('44784', '437', '1', 'Fall', 2009, 'A ');
insert into takes values('26294', '307', '2', 'Fall', 2008, 'C ');
insert into takes values('73558', '908', '1', 'Spring', 2003, 'C-');
insert into takes values('26294', '493', '1', 'Spring', 2002, 'A-');
insert into takes values('74662', '963', '1', 'Fall', 2005, 'B ');
insert into takes values('6420', '146', '1', 'Fall', 2004, 'A-');
insert into takes values('5323', '852', '1', 'Fall', 2004, 'C-');
insert into takes values('33118', '703', '1', 'Spring', 2001, 'B-');
insert into takes values('19742', '846', '2', 'Fall', 2003, 'B-');
insert into takes values('57609', '714', '1', 'Spring', 2002, 'B+');
insert into takes values('9671', '780', '2', 'Spring', 2004, 'C+');
insert into takes values('34641', '229', '1', 'Fall', 2008, 'C-');
insert into takes values('15523', '848', '1', 'Fall', 2004, 'C ');
insert into takes values('24440', '151', '2', 'Spring', 2002, 'A ');
insert into takes values('83152', '652', '1', 'Spring', 2005, 'B-');
insert into advisor values('28046', '11010');
insert into advisor values('45664', '504');
insert into advisor values('93189', '61569');
insert into advisor values('50240', '74008');
insert into advisor values('63014', '7853');
insert into advisor values('73449', '504');
insert into advisor values('41619', '48808');
insert into advisor values('50863', '62608');
insert into advisor values('81089', '84230');
insert into advisor values('7637', '28334');
insert into advisor values('6420', '98032');
insert into advisor values('32884', '11010');
insert into advisor values('98471', '4010');
insert into advisor values('85875', '28169');
insert into advisor values('72930', '92118');
insert into advisor values('38479', '87798');
insert into advisor values('37409', '10030');
insert into advisor values('50325', '17854');
insert into advisor values('42483', '67817');
insert into advisor values('66051', '24564');
insert into advisor values('24440', '17981');
insert into advisor values('81002', '3012');
insert into advisor values('34274', '82278');
insert into advisor values('79470', '61246');
insert into advisor values('96148', '4010');
insert into advisor values('15523', '17981');
insert into advisor values('24133', '61246');
insert into advisor values('59922', '20412');
insert into advisor values('76094', '24740');
insert into advisor values('145', '81260');
insert into advisor values('82871', '17078');
insert into advisor values('92014', '87653');
insert into advisor values('59357', '85686');
insert into advisor values('9925', '36568');
insert into advisor values('527', '3012');
insert into advisor values('11524', '87653');
insert into advisor values('71804', '3012');
insert into advisor values('59310', '81260');
insert into advisor values('4774', '85083');
insert into advisor values('93556', '2954');
insert into advisor values('96801', '84230');
insert into advisor values('73373', '89953');
insert into advisor values('63284', '36568');
insert into advisor values('25151', '2954');
insert into advisor values('51286', '4010');
insert into advisor values('45091', '85083');
insert into advisor values('5650', '54317');
insert into advisor values('28228', '4010');
insert into advisor values('72771', '82278');
insert into advisor values('83152', '30442');
insert into advisor values('12856', '17981');
insert into advisor values('35077', '36568');
insert into advisor values('44784', '17981');
insert into advisor values('99284', '73705');
insert into advisor values('51711', '11010');
insert into advisor values('7746', '24740');
insert into advisor values('27687', '73705');
insert into advisor values('72609', '85686');
insert into advisor values('44063', '87653');
insert into advisor values('12667', '88705');
insert into advisor values('655', '81260');
insert into advisor values('88743', '99868');
insert into advisor values('71793', '7058');
insert into advisor values('34641', '36568');
insert into advisor values('87121', '61246');
insert into advisor values('54998', '74008');
insert into advisor values('16526', '94230');
insert into advisor values('28613', '24740');
insert into advisor values('78582', '81260');
insert into advisor values('33118', '92118');
insert into advisor values('27821', '61569');
insert into advisor values('73558', '99868');
insert into advisor values('74662', '48428');
insert into advisor values('8817', '87653');
insert into advisor values('9671', '21703');
insert into advisor values('15910', '82278');
insert into advisor values('35785', '85686');
insert into advisor values('19742', '18630');
insert into advisor values('26294', '99868');
insert into advisor values('90421', '3012');
insert into advisor values('5033', '24564');
insert into advisor values('19319', '61569');
insert into advisor values('28049', '18630');
insert into advisor values('53379', '11010');
insert into advisor values('93325', '21703');
insert into advisor values('5323', '81657');
insert into advisor values('1936', '24564');
insert into advisor values('17650', '92118');
insert into advisor values('79166', '88705');
insert into advisor values('65164', '3148');
insert into advisor values('45933', '17854');
insert into advisor values('865', '7853');
insert into advisor values('62693', '36568');
insert into advisor values('57609', '94230');
insert into advisor values('24128', '87653');
insert into advisor values('7376', '36568');
insert into advisor values('92234', '28169');
insert into advisor values('12179', '30442');
insert into advisor values('63873', '81657');
insert into advisor values('38625', '20412');
insert into prereq values('622', '521');
insert into prereq values('821', '821');
insert into prereq values('102', '474');
insert into prereq values('886', '979');
insert into prereq values('895', '427');
insert into prereq values('797', '550');
insert into prereq values('419', '716');
insert into prereq values('925', '995');
insert into prereq values('705', '396');
insert into prereq values('141', '262');
insert into prereq values('731', '376');
insert into prereq values('985', '322');
insert into prereq values('807', '533');
insert into prereq values('474', '389');
insert into prereq values('995', '718');
insert into prereq values('786', '647');
insert into prereq values('544', '608');
insert into prereq values('979', '732');
insert into prereq values('137', '622');
insert into prereq values('983', '493');
insert into prereq values('381', '521');
insert into prereq values('960', '424');
insert into prereq values('816', '672');
insert into prereq values('288', '246');
insert into prereq values('336', '159');
insert into prereq values('983', '714');
insert into prereq values('159', '652');
insert into prereq values('807', '432');
insert into prereq values('856', '626');
insert into prereq values('814', '549');
insert into prereq values('936', '697');
insert into prereq values('118', '963');
insert into prereq values('433', '470');
insert into prereq values('299', '848');
insert into prereq values('592', '797');
insert into prereq values('307', '716');
insert into prereq values('433', '179');
insert into prereq values('923', '232');
insert into prereq values('607', '816');
insert into prereq values('868', '868');
insert into prereq values('360', '440');
insert into prereq values('979', '236');
insert into prereq values('535', '824');
insert into prereq values('689', '816');
insert into prereq values('213', '236');
insert into prereq values('728', '667');
insert into prereq values('425', '360');
insert into prereq values('262', '328');
insert into prereq values('856', '376');
insert into prereq values('188', '335');
insert into prereq values('592', '947');
insert into prereq values('113', '925');
insert into prereq values('769', '171');
insert into prereq values('213', '118');
insert into prereq values('983', '213');
insert into prereq values('307', '489');
insert into prereq values('631', '102');
insert into prereq values('895', '439');
insert into prereq values('407', '714');
insert into prereq values('521', '183');
insert into prereq values('248', '936');
insert into prereq values('731', '631');
insert into prereq values('489', '390');
insert into prereq values('227', '508');
insert into prereq values('988', '629');
insert into prereq values('629', '699');
insert into prereq values('465', '328');
insert into prereq values('437', '246');
insert into prereq values('985', '133');
insert into prereq values('389', '439');
insert into prereq values('776', '746');
insert into prereq values('566', '307');
insert into prereq values('683', '856');
insert into prereq values('905', '908');
insert into prereq values('652', '433');
insert into prereq values('667', '359');
insert into prereq values('188', '185');
insert into prereq values('716', '996');
insert into prereq values('533', '665');
insert into prereq values('832', '668');
insert into prereq values('248', '425');
insert into prereq values('490', '223');
insert into prereq values('891', '668');
insert into prereq values('159', '118');
insert into prereq values('390', '436');
insert into prereq values('988', '130');
insert into prereq values('137', '856');
insert into prereq values('474', '814');
insert into prereq values('188', '221');
insert into prereq values('996', '852');
insert into prereq values('497', '248');
insert into prereq values('832', '908');
insert into prereq values('631', '781');
insert into prereq values('923', '592');
insert into prereq values('703', '118');
insert into prereq values('221', '550');
insert into prereq values('645', '751');
insert into prereq values('902', '697');
insert into prereq values('179', '307');
insert into prereq values('902', '636');
