insert into classroom values('G', 814, 51);
insert into classroom values('H', 284, 14);
insert into classroom values('G', 697, 81);
insert into classroom values('H', 595, 76);
insert into classroom values('B', 733, 105);
insert into classroom values('E', 993, 75);
insert into classroom values('G', 798, 232);
insert into classroom values('D', 14, 19);
insert into classroom values('B', 199, 110);
insert into classroom values('D', 772, 101);
insert into department values('GT', 'H', 573983.27);
insert into department values('DF', 'C', 339847.52);
insert into department values('GF', 'B', 129450.19);
insert into department values('BN', 'I', 862735.00);
insert into department values('KL', 'A', 781105.93);
insert into department values('IF', 'D', 977257.76);
insert into department values('MT', 'H', 855575.54);
insert into department values('GO', 'I', 283581.03);
insert into department values('WW', 'I', 958065.15);
insert into department values('EL', 'F', 503636.33);
insert into course values('118', 'IF5555', 'GT', 4);
insert into course values('581', 'IF4321', 'IF', 4);
insert into course values('483', 'IF3031', 'EL', 4);
insert into course values('850', 'IF3030', 'GT', 3);
insert into course values('789', 'IF4041', 'EL', 3);
insert into course values('510', 'IF4041', 'WW', 3);
insert into course values('228', 'IF3211', 'GT', 3);
insert into course values('232', 'IF3022', 'GF', 4);
insert into course values('763', 'IF3030', 'WW', 4);
insert into course values('178', 'IF3031', 'IF', 3);
insert into course values('453', 'IF4041', 'WW', 3);
insert into course values('765', 'IF3333', 'IF', 4);
insert into course values('501', 'IF3211', 'KL', 4);
insert into course values('911', 'IF3031', 'BN', 3);
insert into course values('555', 'IF5555', 'GT', 3);
insert into course values('468', 'IF3031', 'WW', 4);
insert into course values('786', 'IF4041', 'EL', 3);
insert into course values('130', 'IF3031', 'BN', 3);
insert into course values('601', 'IF3031', 'KL', 3);
insert into course values('338', 'IF3333', 'WW', 3);
insert into course values('935', 'IF5555', 'MT', 4);
insert into course values('375', 'IF3120', 'GT', 3);
insert into course values('464', 'IF0230', 'IF', 3);
insert into course values('723', 'IF3031', 'BN', 3);
insert into course values('539', 'IF3120', 'GT', 3);
insert into course values('779', 'IF3333', 'IF', 4);
insert into course values('312', 'IF3031', 'MT', 3);
insert into course values('566', 'IF3333', 'IF', 3);
insert into course values('462', 'IF5555', 'GF', 3);
insert into course values('402', 'IF4321', 'GT', 4);
insert into course values('354', 'IF3333', 'DF', 3);
insert into course values('307', 'IF5555', 'IF', 3);
insert into course values('391', 'IF3120', 'GF', 4);
insert into course values('234', 'IF3211', 'WW', 3);
insert into course values('646', 'IF3030', 'DF', 4);
insert into course values('276', 'IF3333', 'BN', 3);
insert into course values('223', 'IF4041', 'KL', 4);
insert into course values('208', 'IF3022', 'MT', 3);
insert into course values('565', 'IF0230', 'GT', 4);
insert into course values('337', 'IF0230', 'IF', 3);
insert into course values('695', 'IF0230', 'GO', 3);
insert into course values('220', 'IF0230', 'GF', 4);
insert into course values('805', 'IF3211', 'EL', 4);
insert into course values('325', 'IF3031', 'GT', 3);
insert into course values('930', 'IF3333', 'DF', 3);
insert into course values('292', 'IF5555', 'GT', 3);
insert into course values('180', 'IF5555', 'DF', 3);
insert into course values('858', 'IF3030', 'WW', 3);
insert into course values('949', 'IF3030', 'KL', 3);
insert into course values('164', 'IF3031', 'EL', 4);
insert into course values('955', 'IF5555', 'GO', 4);
insert into course values('173', 'IF3031', 'IF', 4);
insert into course values('721', 'IF3022', 'MT', 3);
insert into course values('575', 'IF3030', 'GT', 3);
insert into course values('322', 'IF0230', 'BN', 4);
insert into course values('281', 'IF4321', 'IF', 3);
insert into course values('819', 'IF3031', 'BN', 4);
insert into course values('327', 'IF3022', 'KL', 3);
insert into course values('917', 'IF4041', 'MT', 4);
insert into course values('598', 'IF3333', 'EL', 4);
insert into course values('447', 'IF3030', 'BN', 3);
insert into course values('785', 'IF4321', 'EL', 4);
insert into course values('986', 'IF3030', 'GO', 3);
insert into course values('509', 'IF3333', 'GO', 4);
insert into course values('371', 'IF0230', 'GO', 4);
insert into course values('982', 'IF5555', 'BN', 3);
insert into course values('267', 'IF3022', 'IF', 3);
insert into course values('321', 'IF3120', 'WW', 3);
insert into course values('217', 'IF0230', 'BN', 3);
insert into course values('496', 'IF3031', 'EL', 4);
insert into course values('859', 'IF5555', 'BN', 4);
insert into course values('635', 'IF5555', 'GF', 4);
insert into course values('937', 'IF3022', 'KL', 4);
insert into course values('587', 'IF3022', 'GF', 3);
insert into course values('710', 'IF4321', 'WW', 3);
insert into course values('994', 'IF3022', 'GT', 3);
insert into course values('829', 'IF3022', 'KL', 4);
insert into course values('617', 'IF4321', 'MT', 3);
insert into course values('301', 'IF3030', 'IF', 3);
insert into course values('866', 'IF5555', 'BN', 3);
insert into course values('919', 'IF3120', 'WW', 3);
insert into course values('269', 'IF3211', 'MT', 3);
insert into course values('286', 'IF5555', 'GF', 4);
insert into course values('703', 'IF0230', 'GT', 4);
insert into course values('934', 'IF0230', 'MT', 4);
insert into course values('958', 'IF3031', 'MT', 4);
insert into course values('692', 'IF4321', 'GO', 4);
insert into course values('198', 'IF4321', 'DF', 4);
insert into course values('823', 'IF0230', 'WW', 4);
insert into course values('892', 'IF0230', 'IF', 4);
insert into course values('306', 'IF4321', 'WW', 4);
insert into course values('183', 'IF3031', 'EL', 3);
insert into course values('498', 'IF4321', 'MT', 3);
insert into course values('761', 'IF3022', 'IF', 3);
insert into course values('195', 'IF5555', 'WW', 3);
insert into course values('921', 'IF4321', 'EL', 3);
insert into course values('242', 'IF0230', 'EL', 4);
insert into course values('864', 'IF4321', 'KL', 4);
insert into course values('332', 'IF4041', 'GT', 3);
insert into course values('756', 'IF5555', 'BN', 3);
insert into course values('363', 'IF0230', 'GO', 4);
insert into course values('152', 'IF3031', 'GF', 3);
insert into course values('138', 'IF0230', 'MT', 3);
insert into course values('333', 'IF5555', 'GT', 4);
insert into course values('662', 'IF0230', 'KL', 3);
insert into course values('353', 'IF4321', 'GF', 4);
insert into course values('303', 'IF4321', 'EL', 4);
insert into course values('494', 'IF3120', 'EL', 3);
insert into course values('751', 'IF3030', 'DF', 4);
insert into course values('121', 'IF4321', 'KL', 3);
insert into course values('781', 'IF0230', 'EL', 3);
insert into course values('219', 'IF3211', 'BN', 4);
insert into course values('681', 'IF3031', 'DF', 4);
insert into course values('717', 'IF3031', 'GT', 3);
insert into course values('117', 'IF5555', 'BN', 4);
insert into course values('330', 'IF3031', 'GO', 4);
insert into course values('454', 'IF3211', 'BN', 3);
insert into course values('352', 'IF3333', 'GO', 3);
insert into course values('403', 'IF4041', 'GO', 3);
insert into course values('688', 'IF3030', 'BN', 3);
insert into course values('120', 'IF3333', 'IF', 4);
insert into course values('830', 'IF0230', 'MT', 4);
insert into course values('313', 'IF3030', 'KL', 4);
insert into course values('802', 'IF4321', 'EL', 4);
insert into course values('734', 'IF3031', 'DF', 4);
insert into course values('368', 'IF3211', 'EL', 4);
insert into course values('772', 'IF3022', 'GO', 4);
insert into course values('905', 'IF5555', 'MT', 3);
insert into course values('572', 'IF3031', 'DF', 3);
insert into course values('296', 'IF5555', 'WW', 4);
insert into course values('660', 'IF3333', 'WW', 4);
insert into course values('724', 'IF3333', 'WW', 3);
insert into course values('647', 'IF4321', 'WW', 4);
insert into course values('873', 'IF3211', 'KL', 4);
insert into course values('874', 'IF3120', 'MT', 4);
insert into course values('628', 'IF3031', 'MT', 3);
insert into course values('863', 'IF4321', 'MT', 4);
insert into course values('440', 'IF3031', 'EL', 3);
insert into course values('893', 'IF0230', 'KL', 4);
insert into course values('610', 'IF0230', 'IF', 4);
insert into course values('104', 'IF3120', 'MT', 3);
insert into course values('743', 'IF3333', 'MT', 3);
insert into course values('967', 'IF3120', 'DF', 3);
insert into course values('139', 'IF3030', 'IF', 4);
insert into course values('160', 'IF3211', 'GT', 3);
insert into course values('952', 'IF4041', 'EL', 3);
insert into course values('469', 'IF3120', 'MT', 4);
insert into course values('493', 'IF4321', 'KL', 3);
insert into course values('956', 'IF3031', 'DF', 3);
insert into course values('340', 'IF3022', 'GT', 4);
insert into course values('266', 'IF3031', 'GT', 4);
insert into course values('838', 'IF3120', 'GT', 3);
insert into course values('350', 'IF3120', 'GF', 3);
insert into course values('694', 'IF3333', 'BN', 3);
insert into course values('767', 'IF5555', 'MT', 4);
insert into course values('843', 'IF3120', 'GT', 4);
insert into course values('574', 'IF3030', 'GT', 4);
insert into course values('931', 'IF3022', 'WW', 4);
insert into course values('641', 'IF4041', 'GT', 3);
insert into course values('116', 'IF3030', 'WW', 3);
insert into course values('762', 'IF3031', 'DF', 3);
insert into course values('278', 'IF3120', 'GT', 4);
insert into course values('879', 'IF0230', 'GO', 4);
insert into course values('261', 'IF3120', 'GF', 4);
insert into course values('991', 'IF5555', 'GO', 3);
insert into course values('963', 'IF3022', 'IF', 3);
insert into course values('812', 'IF3211', 'BN', 4);
insert into course values('811', 'IF4041', 'GO', 4);
insert into course values('311', 'IF3211', 'GF', 4);
insert into course values('705', 'IF3333', 'GF', 3);
insert into course values('638', 'IF5555', 'GT', 4);
insert into course values('273', 'IF4321', 'GO', 3);
insert into course values('308', 'IF0230', 'WW', 4);
insert into course values('106', 'IF3333', 'MT', 3);
insert into course values('253', 'IF4041', 'GT', 3);
insert into course values('211', 'IF3031', 'WW', 4);
insert into course values('259', 'IF3333', 'WW', 3);
insert into course values('524', 'IF4041', 'WW', 3);
insert into course values('585', 'IF3030', 'BN', 4);
insert into course values('577', 'IF3031', 'BN', 3);
insert into course values('329', 'IF3211', 'GT', 4);
insert into course values('740', 'IF3211', 'GT', 3);
insert into course values('618', 'IF4041', 'MT', 4);
insert into course values('720', 'IF3031', 'GT', 4);
insert into course values('416', 'IF4041', 'GF', 3);
insert into course values('569', 'IF4041', 'EL', 3);
insert into course values('698', 'IF3031', 'IF', 3);
insert into course values('316', 'IF3022', 'EL', 3);
insert into course values('497', 'IF3211', 'GO', 3);
insert into course values('445', 'IF0230', 'MT', 4);
insert into course values('645', 'IF3211', 'GO', 4);
insert into course values('803', 'IF5555', 'GT', 3);
insert into course values('119', 'IF3022', 'IF', 3);
insert into course values('793', 'IF5555', 'IF', 4);
insert into course values('707', 'IF3120', 'DF', 3);
insert into course values('231', 'IF3031', 'KL', 3);
insert into course values('775', 'IF3030', 'IF', 3);
insert into course values('397', 'IF0230', 'GT', 4);
insert into course values('655', 'IF3030', 'DF', 3);
insert into course values('947', 'IF4041', 'GF', 4);
insert into instructor values('52616', 'Josu', 'MT', 85184.67);
insert into instructor values('43955', 'rahmat', 'GT', 105527.73);
insert into instructor values('3452', 'Johan', 'MT', 54996.10);
insert into instructor values('20383', 'Ande', 'IF', 55560.75);
insert into instructor values('54786', 'Kiki', 'GO', 46574.49);
insert into instructor values('96591', 'Kiki', 'EL', 104461.31);
insert into instructor values('40684', 'Yohan', 'GT', 43092.59);
insert into instructor values('41720', 'Johan', 'BN', 109182.54);
insert into instructor values('62852', 'Kiki', 'GO', 54046.35);
insert into instructor values('8171', 'rahmat', 'GF', 106839.52);
insert into instructor values('76943', 'Yohan', 'IF', 121595.29);
insert into instructor values('52946', 'Budi', 'IF', 49223.13);
insert into instructor values('11599', 'Adri', 'BN', 50908.24);
insert into instructor values('39699', 'Johan', 'GO', 127409.65);
insert into instructor values('93754', 'Adri', 'IF', 72500.60);
insert into instructor values('49994', 'Adri', 'GO', 52704.32);
insert into instructor values('33990', 'Ande', 'WW', 80584.99);
insert into instructor values('51120', 'Adri', 'GO', 47754.95);
insert into instructor values('27583', 'Johan', 'IF', 55616.89);
insert into instructor values('29976', 'Adri', 'DF', 67394.36);
insert into instructor values('10284', 'Ande', 'GT', 71502.26);
insert into instructor values('60974', 'Adri', 'DF', 112618.04);
insert into instructor values('78255', 'Ahmad', 'KL', 108344.15);
insert into instructor values('35544', 'rahmat', 'GO', 123075.85);
insert into instructor values('50435', 'Johan', 'GF', 40140.68);
insert into instructor values('84471', 'Budi', 'IF', 33554.80);
insert into instructor values('8158', 'Budi', 'BN', 43506.53);
insert into instructor values('36100', 'Johan', 'WW', 58151.86);
insert into instructor values('31982', 'Yohan', 'KL', 78275.79);
insert into instructor values('2357', 'Yohan', 'IF', 122184.11);
insert into instructor values('88318', 'Adri', 'GF', 123753.53);
insert into instructor values('53495', 'Kiki', 'EL', 96355.73);
insert into instructor values('46287', 'Yohan', 'BN', 115419.35);
insert into instructor values('78803', 'Yohan', 'IF', 100299.16);
insert into instructor values('52321', 'Ande', 'MT', 116045.44);
insert into instructor values('47850', 'Kiki', 'WW', 33330.37);
insert into instructor values('37289', 'Kiki', 'BN', 72477.80);
insert into instructor values('8027', 'rahmat', 'IF', 59105.98);
insert into instructor values('99386', 'Ande', 'WW', 54738.58);
insert into instructor values('53210', 'Ande', 'GO', 117842.39);
insert into instructor values('76510', 'Ahmad', 'EL', 47643.26);
insert into instructor values('29592', 'Josu', 'KL', 64854.84);
insert into instructor values('24220', 'rahmat', 'MT', 66786.09);
insert into instructor values('94687', 'Kiki', 'WW', 37397.10);
insert into instructor values('16657', 'yuyun', 'MT', 100532.88);
insert into instructor values('54036', 'Josu', 'KL', 33129.97);
insert into instructor values('53016', 'Ahmad', 'GT', 37569.73);
insert into instructor values('9845', 'Yohan', 'KL', 43019.51);
insert into instructor values('27620', 'Ande', 'IF', 125592.13);
insert into instructor values('44123', 'Adri', 'MT', 119063.51);
insert into section values('724', '1', 'Fall', 2003, 'D', '772', 'F');
insert into section values('469', '1', 'Spring', 2007, 'D', '772', 'G');
insert into section values('763', '1', 'Spring', 2002, 'D', '14', 'P');
insert into section values('793', '1', 'Fall', 2008, 'H', '595', 'O');
insert into section values('340', '1', 'Spring', 2003, 'E', '993', 'E');
insert into section values('286', '1', 'Spring', 2010, 'G', '814', 'E');
insert into section values('316', '1', 'Fall', 2005, 'B', '733', 'E');
insert into section values('368', '1', 'Spring', 2005, 'B', '733', 'A');
insert into section values('539', '1', 'Fall', 2007, 'G', '798', 'O');
insert into section values('698', '1', 'Fall', 2002, 'G', '697', 'K');
insert into section values('164', '1', 'Fall', 2007, 'D', '14', 'H');
insert into section values('278', '1', 'Spring', 2001, 'D', '772', 'N');
insert into section values('242', '1', 'Spring', 2001, 'D', '14', 'K');
insert into section values('720', '1', 'Spring', 2005, 'B', '199', 'G');
insert into section values('138', '1', 'Spring', 2001, 'E', '993', 'C');
insert into section values('958', '1', 'Fall', 2002, 'G', '697', 'K');
insert into section values('198', '1', 'Fall', 2005, 'G', '697', 'K');
insert into section values('524', '1', 'Fall', 2007, 'E', '993', 'F');
insert into section values('391', '1', 'Spring', 2006, 'G', '697', 'A');
insert into section values('269', '1', 'Spring', 2005, 'H', '595', 'I');
insert into section values('703', '1', 'Spring', 2004, 'G', '798', 'P');
insert into section values('955', '1', 'Fall', 2006, 'B', '733', 'O');
insert into section values('464', '1', 'Fall', 2008, 'D', '772', 'I');
insert into section values('803', '1', 'Spring', 2006, 'G', '798', 'K');
insert into section values('601', '1', 'Spring', 2005, 'D', '772', 'G');
insert into section values('497', '1', 'Spring', 2004, 'G', '697', 'O');
insert into section values('565', '1', 'Spring', 2003, 'G', '697', 'D');
insert into section values('921', '1', 'Fall', 2005, 'H', '284', 'J');
insert into section values('183', '1', 'Spring', 2008, 'D', '772', 'B');
insert into section values('991', '1', 'Spring', 2010, 'G', '798', 'L');
insert into section values('601', '2', 'Fall', 2002, 'H', '284', 'K');
insert into section values('863', '1', 'Fall', 2003, 'B', '199', 'A');
insert into section values('647', '1', 'Spring', 2002, 'G', '697', 'F');
insert into section values('325', '1', 'Fall', 2006, 'D', '14', 'H');
insert into section values('949', '1', 'Fall', 2005, 'D', '772', 'I');
insert into section values('949', '2', 'Fall', 2009, 'E', '993', 'B');
insert into section values('577', '1', 'Fall', 2003, 'D', '772', 'G');
insert into section values('991', '2', 'Spring', 2010, 'G', '697', 'D');
insert into section values('496', '1', 'Spring', 2001, 'B', '733', 'J');
insert into section values('130', '1', 'Fall', 2009, 'H', '595', 'O');
insert into section values('321', '1', 'Spring', 2003, 'E', '993', 'N');
insert into section values('416', '1', 'Spring', 2010, 'G', '814', 'P');
insert into section values('743', '1', 'Fall', 2003, 'B', '199', 'O');
insert into section values('721', '1', 'Fall', 2001, 'G', '697', 'C');
insert into section values('911', '1', 'Spring', 2006, 'G', '697', 'G');
insert into section values('645', '1', 'Fall', 2006, 'G', '814', 'B');
insert into section values('524', '2', 'Fall', 2004, 'G', '697', 'I');
insert into section values('273', '1', 'Spring', 2004, 'G', '697', 'E');
insert into section values('819', '1', 'Fall', 2006, 'H', '284', 'K');
insert into section values('211', '1', 'Fall', 2008, 'E', '993', 'G');
insert into section values('931', '1', 'Fall', 2004, 'G', '798', 'N');
insert into section values('921', '2', 'Spring', 2003, 'G', '798', 'L');
insert into section values('858', '1', 'Fall', 2005, 'B', '733', 'P');
insert into section values('781', '1', 'Spring', 2001, 'H', '284', 'G');
insert into section values('743', '2', 'Fall', 2006, 'B', '733', 'B');
insert into section values('119', '1', 'Fall', 2010, 'G', '814', 'K');
insert into section values('761', '1', 'Fall', 2007, 'B', '199', 'F');
insert into section values('340', '2', 'Fall', 2009, 'G', '798', 'D');
insert into section values('805', '1', 'Fall', 2010, 'D', '14', 'G');
insert into section values('273', '2', 'Spring', 2010, 'G', '798', 'K');
insert into section values('803', '2', 'Spring', 2006, 'G', '697', 'P');
insert into section values('276', '1', 'Fall', 2010, 'H', '284', 'N');
insert into section values('219', '1', 'Spring', 2001, 'B', '733', 'E');
insert into section values('509', '1', 'Spring', 2004, 'G', '798', 'D');
insert into section values('859', '1', 'Fall', 2007, 'G', '697', 'J');
insert into section values('117', '1', 'Fall', 2005, 'B', '733', 'L');
insert into section values('494', '1', 'Spring', 2007, 'G', '798', 'L');
insert into section values('120', '1', 'Spring', 2007, 'E', '993', 'J');
insert into section values('723', '1', 'Spring', 2007, 'D', '772', 'P');
insert into section values('617', '1', 'Fall', 2001, 'G', '798', 'C');
insert into section values('286', '2', 'Fall', 2001, 'H', '595', 'H');
insert into section values('106', '1', 'Fall', 2003, 'D', '14', 'L');
insert into section values('440', '1', 'Spring', 2002, 'G', '697', 'A');
insert into section values('819', '2', 'Fall', 2005, 'G', '798', 'D');
insert into section values('751', '1', 'Spring', 2008, 'H', '284', 'G');
insert into section values('464', '2', 'Fall', 2009, 'H', '595', 'P');
insert into section values('483', '1', 'Fall', 2008, 'G', '814', 'C');
insert into section values('269', '2', 'Fall', 2006, 'D', '14', 'B');
insert into section values('695', '1', 'Spring', 2007, 'H', '284', 'M');
insert into section values('772', '1', 'Fall', 2004, 'D', '14', 'I');
insert into section values('106', '2', 'Fall', 2004, 'B', '733', 'H');
insert into section values('183', '2', 'Spring', 2008, 'G', '697', 'L');
insert into section values('509', '2', 'Spring', 2004, 'G', '798', 'C');
insert into section values('211', '2', 'Spring', 2007, 'D', '14', 'P');
insert into section values('734', '1', 'Fall', 2001, 'D', '772', 'L');
insert into section values('893', '1', 'Spring', 2005, 'B', '199', 'I');
insert into section values('830', '1', 'Spring', 2004, 'B', '199', 'I');
insert into section values('462', '1', 'Fall', 2007, 'G', '814', 'J');
insert into section values('859', '2', 'Fall', 2010, 'D', '14', 'H');
insert into section values('440', '2', 'Fall', 2004, 'B', '199', 'M');
insert into section values('963', '1', 'Spring', 2010, 'H', '284', 'B');
insert into section values('863', '2', 'Spring', 2006, 'D', '772', 'A');
insert into section values('445', '1', 'Fall', 2003, 'G', '814', 'B');
insert into section values('863', '3', 'Spring', 2008, 'E', '993', 'F');
insert into section values('312', '1', 'Fall', 2008, 'H', '595', 'E');
insert into section values('734', '2', 'Fall', 2008, 'D', '772', 'C');
insert into section values('618', '1', 'Spring', 2005, 'B', '733', 'P');
insert into section values('917', '1', 'Fall', 2006, 'D', '14', 'K');
insert into section values('121', '1', 'Fall', 2010, 'H', '595', 'O');
insert into section values('354', '1', 'Spring', 2004, 'B', '733', 'G');
insert into section values('375', '1', 'Fall', 2002, 'B', '733', 'I');
insert into section values('893', '2', 'Spring', 2003, 'G', '798', 'D');
insert into section values('986', '1', 'Spring', 2010, 'D', '772', 'I');
insert into section values('368', '2', 'Fall', 2009, 'B', '733', 'J');
insert into section values('402', '1', 'Spring', 2002, 'B', '733', 'K');
insert into section values('692', '1', 'Spring', 2004, 'G', '798', 'L');
insert into section values('276', '2', 'Spring', 2010, 'B', '733', 'J');
insert into section values('469', '2', 'Fall', 2002, 'H', '595', 'G');
insert into section values('952', '1', 'Fall', 2001, 'B', '199', 'J');
insert into section values('352', '1', 'Fall', 2003, 'B', '733', 'M');
insert into section values('311', '1', 'Fall', 2001, 'B', '733', 'N');
insert into section values('453', '1', 'Spring', 2003, 'D', '772', 'A');
insert into section values('312', '2', 'Fall', 2008, 'G', '798', 'J');
insert into section values('276', '3', 'Fall', 2009, 'G', '697', 'N');
insert into section values('581', '1', 'Spring', 2008, 'G', '798', 'L');
insert into section values('139', '1', 'Fall', 2005, 'G', '814', 'M');
insert into section values('931', '2', 'Fall', 2009, 'H', '595', 'N');
insert into section values('329', '1', 'Fall', 2010, 'E', '993', 'B');
insert into section values('464', '3', 'Spring', 2003, 'B', '199', 'I');
insert into section values('575', '1', 'Spring', 2002, 'B', '199', 'K');
insert into section values('858', '2', 'Fall', 2007, 'G', '814', 'O');
insert into section values('322', '1', 'Fall', 2006, 'H', '284', 'L');
insert into section values('332', '1', 'Spring', 2005, 'G', '697', 'E');
insert into section values('416', '2', 'Spring', 2009, 'H', '595', 'P');
insert into section values('720', '2', 'Spring', 2005, 'E', '993', 'C');
insert into section values('281', '1', 'Spring', 2005, 'G', '814', 'N');
insert into section values('723', '2', 'Fall', 2003, 'G', '697', 'D');
insert into section values('598', '1', 'Fall', 2007, 'H', '595', 'K');
insert into section values('119', '2', 'Spring', 2006, 'G', '798', 'A');
insert into section values('322', '2', 'Fall', 2007, 'H', '284', 'E');
insert into section values('587', '1', 'Spring', 2010, 'B', '733', 'F');
insert into section values('761', '2', 'Spring', 2008, 'H', '595', 'K');
insert into section values('638', '1', 'Fall', 2004, 'G', '798', 'M');
insert into section values('198', '2', 'Fall', 2003, 'G', '814', 'C');
insert into section values('180', '1', 'Spring', 2004, 'H', '595', 'A');
insert into section values('397', '1', 'Fall', 2002, 'E', '993', 'A');
insert into section values('829', '1', 'Spring', 2006, 'G', '697', 'B');
insert into section values('555', '1', 'Fall', 2003, 'D', '14', 'A');
insert into section values('253', '1', 'Fall', 2005, 'D', '772', 'P');
insert into section values('931', '3', 'Fall', 2004, 'B', '199', 'A');
insert into section values('937', '1', 'Spring', 2007, 'D', '14', 'L');
insert into section values('445', '2', 'Fall', 2010, 'D', '14', 'H');
insert into section values('329', '2', 'Spring', 2005, 'G', '814', 'B');
insert into section values('312', '3', 'Fall', 2006, 'H', '595', 'M');
insert into section values('469', '3', 'Fall', 2006, 'G', '697', 'P');
insert into section values('707', '1', 'Spring', 2010, 'G', '798', 'A');
insert into section values('269', '3', 'Fall', 2010, 'B', '199', 'E');
insert into section values('585', '1', 'Fall', 2007, 'B', '199', 'A');
insert into section values('931', '4', 'Fall', 2010, 'E', '993', 'K');
insert into section values('572', '1', 'Spring', 2009, 'H', '284', 'A');
insert into section values('278', '2', 'Spring', 2002, 'D', '14', 'A');
insert into section values('695', '2', 'Spring', 2002, 'G', '798', 'N');
insert into section values('217', '1', 'Fall', 2002, 'B', '733', 'N');
insert into section values('781', '2', 'Spring', 2010, 'H', '284', 'H');
insert into section values('829', '2', 'Fall', 2005, 'H', '595', 'P');
insert into section values('327', '1', 'Spring', 2007, 'H', '595', 'M');
insert into section values('273', '3', 'Fall', 2001, 'G', '798', 'I');
insert into section values('963', '2', 'Spring', 2009, 'G', '814', 'E');
insert into section values('325', '2', 'Fall', 2001, 'D', '14', 'K');
insert into section values('303', '1', 'Spring', 2004, 'D', '772', 'B');
insert into section values('118', '1', 'Spring', 2004, 'H', '284', 'N');
insert into section values('647', '2', 'Fall', 2004, 'D', '14', 'F');
insert into section values('106', '3', 'Fall', 2001, 'H', '595', 'L');
insert into section values('440', '3', 'Fall', 2005, 'G', '697', 'D');
insert into section values('350', '1', 'Fall', 2005, 'D', '14', 'F');
insert into section values('139', '2', 'Fall', 2005, 'D', '14', 'A');
insert into section values('445', '3', 'Fall', 2006, 'G', '814', 'C');
insert into section values('120', '2', 'Spring', 2002, 'B', '733', 'F');
insert into section values('779', '1', 'Fall', 2003, 'D', '14', 'A');
insert into section values('647', '3', 'Spring', 2005, 'G', '697', 'C');
insert into section values('278', '3', 'Spring', 2002, 'D', '772', 'F');
insert into section values('982', '1', 'Fall', 2009, 'H', '284', 'H');
insert into section values('705', '1', 'Fall', 2001, 'E', '993', 'A');
insert into section values('180', '2', 'Fall', 2005, 'G', '697', 'B');
insert into section values('220', '1', 'Fall', 2008, 'G', '798', 'C');
insert into section values('104', '1', 'Spring', 2006, 'H', '284', 'H');
insert into section values('286', '3', 'Spring', 2003, 'H', '595', 'N');
insert into section values('610', '1', 'Spring', 2006, 'D', '772', 'I');
insert into section values('483', '2', 'Fall', 2010, 'H', '595', 'N');
insert into section values('217', '2', 'Spring', 2002, 'H', '595', 'A');
insert into section values('850', '1', 'Fall', 2006, 'D', '14', 'C');
insert into section values('178', '1', 'Fall', 2005, 'B', '733', 'M');
insert into section values('761', '3', 'Spring', 2006, 'H', '595', 'I');
insert into section values('391', '2', 'Spring', 2003, 'E', '993', 'G');
insert into section values('330', '1', 'Fall', 2001, 'H', '284', 'D');
insert into section values('116', '1', 'Fall', 2006, 'H', '284', 'O');
insert into section values('327', '2', 'Spring', 2007, 'G', '798', 'I');
insert into section values('628', '1', 'Fall', 2004, 'B', '733', 'F');
insert into section values('273', '4', 'Fall', 2003, 'H', '595', 'B');
insert into section values('301', '1', 'Fall', 2002, 'D', '772', 'C');
insert into section values('524', '3', 'Fall', 2006, 'E', '993', 'C');
insert into section values('494', '2', 'Fall', 2010, 'B', '199', 'G');
insert into section values('982', '2', 'Spring', 2006, 'D', '14', 'C');
insert into section values('967', '1', 'Fall', 2003, 'H', '595', 'H');
insert into section values('308', '1', 'Fall', 2005, 'H', '284', 'O');
insert into section values('333', '1', 'Spring', 2001, 'B', '199', 'N');
insert into section values('208', '1', 'Spring', 2001, 'G', '798', 'B');
insert into section values('781', '3', 'Fall', 2009, 'H', '595', 'B');
insert into section values('866', '1', 'Spring', 2008, 'H', '595', 'I');
insert into section values('566', '1', 'Spring', 2001, 'D', '772', 'B');
insert into teaches values('53495', '494', '1', 'Spring', 2007);
insert into teaches values('88318', '587', '1', 'Spring', 2010);
insert into teaches values('88318', '350', '1', 'Fall', 2005);
insert into teaches values('53210', '330', '1', 'Fall', 2001);
insert into teaches values('24220', '469', '2', 'Fall', 2002);
insert into teaches values('53210', '509', '1', 'Spring', 2004);
insert into teaches values('44123', '106', '1', 'Fall', 2003);
insert into teaches values('44123', '743', '1', 'Fall', 2003);
insert into teaches values('37289', '276', '3', 'Fall', 2009);
insert into teaches values('60974', '354', '1', 'Spring', 2004);
insert into teaches values('46287', '819', '2', 'Fall', 2005);
insert into teaches values('37289', '322', '1', 'Fall', 2006);
insert into teaches values('27620', '178', '1', 'Fall', 2005);
insert into teaches values('54036', '893', '1', 'Spring', 2005);
insert into teaches values('53210', '497', '1', 'Spring', 2004);
insert into teaches values('37289', '219', '1', 'Spring', 2001);
insert into teaches values('53016', '803', '2', 'Spring', 2006);
insert into teaches values('27620', '139', '1', 'Fall', 2005);
insert into teaches values('60974', '198', '2', 'Fall', 2003);
insert into teaches values('94687', '211', '1', 'Fall', 2008);
insert into teaches values('9845', '829', '2', 'Fall', 2005);
insert into teaches values('27620', '779', '1', 'Fall', 2003);
insert into teaches values('27620', '120', '1', 'Spring', 2007);
insert into teaches values('16657', '743', '2', 'Fall', 2006);
insert into teaches values('76510', '781', '3', 'Fall', 2009);
insert into teaches values('53210', '991', '2', 'Spring', 2010);
insert into teaches values('76510', '303', '1', 'Spring', 2004);
insert into teaches values('27620', '793', '1', 'Fall', 2008);
insert into teaches values('8027', '698', '1', 'Fall', 2002);
insert into teaches values('44123', '312', '1', 'Fall', 2008);
insert into teaches values('27620', '464', '3', 'Spring', 2003);
insert into teaches values('88318', '391', '2', 'Spring', 2003);
insert into teaches values('44123', '445', '1', 'Fall', 2003);
insert into teaches values('35544', '509', '2', 'Spring', 2004);
insert into teaches values('53016', '850', '1', 'Fall', 2006);
insert into teaches values('27620', '119', '2', 'Spring', 2006);
insert into teaches values('53495', '368', '1', 'Spring', 2005);
insert into teaches values('94687', '116', '1', 'Fall', 2006);
insert into teaches values('44123', '721', '1', 'Fall', 2001);
insert into teaches values('88318', '416', '1', 'Spring', 2010);
insert into teaches values('53016', '278', '3', 'Spring', 2002);
insert into teaches values('46287', '859', '1', 'Fall', 2007);
insert into teaches values('53016', '340', '2', 'Fall', 2009);
insert into teaches values('53016', '555', '1', 'Fall', 2003);
insert into teaches values('46287', '130', '1', 'Fall', 2009);
insert into teaches values('29976', '751', '1', 'Spring', 2008);
insert into teaches values('44123', '104', '1', 'Spring', 2006);
insert into teaches values('53016', '803', '1', 'Spring', 2006);
insert into teaches values('27620', '464', '1', 'Fall', 2008);
insert into teaches values('53210', '273', '2', 'Spring', 2010);
insert into teaches values('88318', '220', '1', 'Fall', 2008);
insert into teaches values('44123', '617', '1', 'Fall', 2001);
insert into teaches values('53210', '991', '1', 'Spring', 2010);
insert into teaches values('53210', '695', '2', 'Spring', 2002);
insert into teaches values('94687', '647', '3', 'Spring', 2005);
insert into teaches values('10284', '332', '1', 'Spring', 2005);
insert into teaches values('53495', '805', '1', 'Fall', 2010);
insert into teaches values('24220', '312', '3', 'Fall', 2006);
insert into teaches values('51120', '692', '1', 'Spring', 2004);
insert into teaches values('94687', '724', '1', 'Fall', 2003);
insert into teaches values('88318', '705', '1', 'Fall', 2001);
insert into teaches values('76510', '164', '1', 'Fall', 2007);
insert into teaches values('88318', '462', '1', 'Fall', 2007);
insert into teaches values('53210', '772', '1', 'Fall', 2004);
insert into teaches values('44123', '445', '3', 'Fall', 2006);
insert into teaches values('99386', '524', '2', 'Fall', 2004);
insert into teaches values('44123', '469', '1', 'Spring', 2007);
insert into teaches values('40684', '397', '1', 'Fall', 2002);
insert into teaches values('44123', '269', '3', 'Fall', 2010);
insert into teaches values('53016', '340', '1', 'Spring', 2003);
insert into teaches values('9845', '949', '1', 'Fall', 2005);
insert into teaches values('53016', '118', '1', 'Spring', 2004);
insert into teaches values('76510', '921', '1', 'Fall', 2005);
insert into teaches values('60974', '198', '1', 'Fall', 2005);
insert into teaches values('60974', '967', '1', 'Fall', 2003);
insert into teaches values('27620', '139', '2', 'Fall', 2005);
insert into teaches values('37289', '217', '2', 'Spring', 2002);
insert into teaches values('29976', '734', '2', 'Fall', 2008);
insert into teaches values('76510', '483', '1', 'Fall', 2008);
insert into teaches values('9845', '949', '2', 'Fall', 2009);
insert into teaches values('76510', '440', '3', 'Fall', 2005);
insert into teaches values('76510', '598', '1', 'Fall', 2007);
insert into teaches values('37289', '911', '1', 'Spring', 2006);
insert into teaches values('53016', '402', '1', 'Spring', 2002);
insert into teaches values('53016', '375', '1', 'Fall', 2002);
insert into teaches values('27620', '963', '2', 'Spring', 2009);
insert into teaches values('94687', '858', '2', 'Fall', 2007);
insert into teaches values('27620', '566', '1', 'Spring', 2001);
insert into teaches values('9845', '893', '2', 'Spring', 2003);
insert into teaches values('60974', '734', '1', 'Fall', 2001);
insert into teaches values('27620', '301', '1', 'Fall', 2002);
insert into teaches values('44123', '312', '2', 'Fall', 2008);
insert into teaches values('53016', '278', '2', 'Spring', 2002);
insert into teaches values('53016', '329', '2', 'Spring', 2005);
insert into teaches values('44123', '138', '1', 'Spring', 2001);
insert into teaches values('52321', '469', '3', 'Fall', 2006);
insert into teaches values('53016', '638', '1', 'Fall', 2004);
insert into teaches values('94687', '931', '3', 'Fall', 2004);
insert into teaches values('53016', '565', '1', 'Spring', 2003);
insert into teaches values('94687', '308', '1', 'Fall', 2005);
insert into student values('96544', 'Johan', 'GT', 58);
insert into student values('12034', 'rahmat', 'GF', 85);
insert into student values('95259', 'Johan', 'EL', 106);
insert into student values('26986', 'yuyun', 'GO', 55);
insert into student values('1463', 'yuyun', 'WW', 75);
insert into student values('63285', 'Josu', 'KL', 90);
insert into student values('57750', 'Adri', 'IF', 52);
insert into student values('92266', 'Ande', 'WW', 64);
insert into student values('10742', 'Adri', 'DF', 124);
insert into student values('96301', 'Budi', 'BN', 77);
insert into student values('5422', 'Josu', 'GO', 42);
insert into student values('249', 'Adri', 'GF', 17);
insert into student values('7055', 'rahmat', 'DF', 52);
insert into student values('16709', 'Yohan', 'KL', 126);
insert into student values('79652', 'Kiki', 'KL', 64);
insert into student values('91777', 'Josu', 'DF', 35);
insert into student values('1620', 'Josu', 'KL', 61);
insert into student values('33655', 'Yohan', 'DF', 27);
insert into student values('14717', 'Kiki', 'WW', 2);
insert into student values('87564', 'Adri', 'KL', 97);
insert into student values('10072', 'rahmat', 'BN', 6);
insert into student values('77630', 'Adri', 'IF', 89);
insert into student values('86170', 'yuyun', 'BN', 17);
insert into student values('33221', 'Johan', 'GF', 112);
insert into student values('77262', 'Kiki', 'DF', 125);
insert into student values('32243', 'rahmat', 'KL', 8);
insert into student values('81821', 'yuyun', 'WW', 110);
insert into student values('35958', 'Ahmad', 'MT', 73);
insert into student values('72168', 'Johan', 'GO', 103);
insert into student values('96691', 'rahmat', 'GT', 28);
insert into student values('44714', 'yuyun', 'MT', 21);
insert into student values('78186', 'Johan', 'MT', 44);
insert into student values('17976', 'Yohan', 'WW', 2);
insert into student values('52726', 'yuyun', 'DF', 95);
insert into student values('35458', 'Yohan', 'EL', 75);
insert into student values('2508', 'Ande', 'GF', 75);
insert into student values('31025', 'yuyun', 'IF', 25);
insert into student values('16728', 'Kiki', 'BN', 6);
insert into student values('12713', 'Budi', 'IF', 41);
insert into student values('78789', 'Yohan', 'GT', 102);
insert into student values('42790', 'Yohan', 'KL', 104);
insert into student values('84947', 'Ahmad', 'DF', 54);
insert into student values('53696', 'yuyun', 'BN', 49);
insert into student values('71392', 'yuyun', 'IF', 120);
insert into student values('4072', 'yuyun', 'GO', 118);
insert into student values('32706', 'Josu', 'IF', 93);
insert into student values('69802', 'yuyun', 'GT', 47);
insert into student values('62857', 'Adri', 'DF', 96);
insert into student values('21995', 'Budi', 'KL', 107);
insert into student values('99231', 'rahmat', 'GO', 46);
insert into student values('81035', 'Ande', 'KL', 82);
insert into student values('88265', 'Budi', 'GT', 21);
insert into student values('36193', 'Josu', 'BN', 62);
insert into student values('44356', 'Kiki', 'BN', 123);
insert into student values('29795', 'Ande', 'GT', 51);
insert into student values('13002', 'Josu', 'BN', 80);
insert into student values('24733', 'Ande', 'GO', 119);
insert into student values('81421', 'rahmat', 'EL', 87);
insert into student values('25110', 'yuyun', 'DF', 100);
insert into student values('71992', 'Josu', 'GT', 21);
insert into student values('24465', 'Kiki', 'DF', 77);
insert into student values('99955', 'Yohan', 'MT', 25);
insert into student values('33991', 'Budi', 'MT', 85);
insert into student values('88317', 'yuyun', 'BN', 119);
insert into student values('28975', 'Kiki', 'GO', 122);
insert into student values('58897', 'Johan', 'BN', 114);
insert into student values('25783', 'Kiki', 'WW', 34);
insert into student values('80196', 'Johan', 'GT', 102);
insert into student values('74313', 'yuyun', 'GF', 61);
insert into student values('98', 'Adri', 'WW', 46);
insert into student values('22377', 'Josu', 'KL', 75);
insert into student values('7254', 'Kiki', 'MT', 94);
insert into student values('33844', 'Adri', 'GT', 98);
insert into student values('10336', 'Ande', 'BN', 111);
insert into student values('71136', 'yuyun', 'IF', 111);
insert into student values('32030', 'Budi', 'KL', 9);
insert into student values('43392', 'Adri', 'GO', 72);
insert into student values('5190', 'Johan', 'GF', 127);
insert into student values('53471', 'Budi', 'MT', 51);
insert into student values('58663', 'rahmat', 'GF', 84);
insert into student values('48801', 'Yohan', 'GT', 12);
insert into student values('33741', 'Kiki', 'KL', 67);
insert into student values('33031', 'Adri', 'BN', 85);
insert into student values('84764', 'Kiki', 'GF', 55);
insert into student values('6185', 'Josu', 'KL', 56);
insert into student values('57650', 'Adri', 'IF', 87);
insert into student values('2043', 'Adri', 'GO', 117);
insert into student values('68359', 'Yohan', 'GT', 36);
insert into student values('88938', 'Ahmad', 'GF', 48);
insert into student values('61741', 'Ande', 'GT', 112);
insert into student values('86046', 'Johan', 'GT', 90);
insert into student values('36785', 'Adri', 'GO', 13);
insert into student values('37144', 'Johan', 'GO', 9);
insert into student values('87706', 'Kiki', 'GO', 110);
insert into student values('23731', 'Josu', 'GF', 115);
insert into student values('15847', 'Johan', 'DF', 2);
insert into student values('10660', 'Yohan', 'BN', 79);
insert into student values('73523', 'Adri', 'EL', 105);
insert into student values('27738', 'Yohan', 'WW', 37);
insert into student values('98866', 'Adri', 'WW', 97);
insert into takes values('48801', '734', '1', 'Fall', 2001, 'C+');
insert into takes values('15847', '921', '1', 'Fall', 2005, 'B+');
insert into takes values('99231', '164', '1', 'Fall', 2007, 'C-');
insert into takes values('73523', '321', '1', 'Spring', 2003, 'B+');
insert into takes values('77630', '483', '1', 'Fall', 2008, 'B+');
insert into takes values('24465', '707', '1', 'Spring', 2010, 'B-');
insert into takes values('88938', '598', '1', 'Fall', 2007, 'A ');
insert into takes values('27738', '180', '2', 'Fall', 2005, 'C ');
insert into takes values('15847', '121', '1', 'Fall', 2010, 'C ');
insert into takes values('21995', '577', '1', 'Fall', 2003, 'A ');
insert into takes values('71136', '695', '2', 'Spring', 2002, 'B ');
insert into takes values('37144', '734', '2', 'Fall', 2008, 'A ');
insert into takes values('86046', '610', '1', 'Spring', 2006, 'A ');
insert into takes values('25783', '628', '1', 'Fall', 2004, 'B+');
insert into takes values('23731', '850', '1', 'Fall', 2006, 'A ');
insert into takes values('81035', '496', '1', 'Spring', 2001, 'B+');
insert into takes values('68359', '724', '1', 'Fall', 2003, 'C+');
insert into takes values('87706', '819', '1', 'Fall', 2006, 'B ');
insert into takes values('35458', '220', '1', 'Fall', 2008, 'B ');
insert into takes values('12034', '440', '3', 'Fall', 2005, 'A+');
insert into takes values('33031', '118', '1', 'Spring', 2004, 'A ');
insert into takes values('37144', '416', '2', 'Spring', 2009, 'B-');
insert into takes values('32706', '198', '2', 'Fall', 2003, 'A ');
insert into takes values('96691', '958', '1', 'Fall', 2002, 'C-');
insert into takes values('5422', '308', '1', 'Fall', 2005, 'B-');
insert into takes values('35958', '645', '1', 'Fall', 2006, 'B+');
insert into takes values('33655', '416', '1', 'Spring', 2010, 'A+');
insert into takes values('78186', '698', '1', 'Fall', 2002, 'C-');
insert into takes values('249', '180', '2', 'Fall', 2005, 'C+');
insert into takes values('62857', '464', '3', 'Spring', 2003, 'C ');
insert into takes values('81421', '803', '2', 'Spring', 2006, 'A-');
insert into takes values('91777', '743', '1', 'Fall', 2003, 'B+');
insert into takes values('44714', '585', '1', 'Fall', 2007, 'A-');
insert into takes values('81821', '219', '1', 'Spring', 2001, 'A+');
insert into takes values('78789', '301', '1', 'Fall', 2002, 'C ');
insert into takes values('88317', '723', '1', 'Spring', 2007, 'B ');
insert into takes values('1463', '937', '1', 'Spring', 2007, 'C-');
insert into takes values('10336', '803', '1', 'Spring', 2006, 'B-');
insert into takes values('16728', '761', '3', 'Spring', 2006, 'B+');
insert into takes values('32243', '139', '2', 'Fall', 2005, 'C-');
insert into takes values('24465', '819', '1', 'Fall', 2006, 'A-');
insert into takes values('12034', '779', '1', 'Fall', 2003, 'C+');
insert into takes values('2508', '311', '1', 'Fall', 2001, 'C-');
insert into takes values('33844', '601', '1', 'Spring', 2005, 'B-');
insert into takes values('36193', '647', '2', 'Fall', 2004, 'B+');
insert into takes values('2043', '332', '1', 'Spring', 2005, 'B+');
insert into takes values('78789', '866', '1', 'Spring', 2008, 'C ');
insert into takes values('5422', '638', '1', 'Fall', 2004, 'C-');
insert into takes values('48801', '963', '2', 'Spring', 2009, 'A-');
insert into takes values('24465', '312', '1', 'Fall', 2008, 'A-');
insert into takes values('71392', '119', '1', 'Fall', 2010, 'B+');
insert into takes values('57750', '325', '1', 'Fall', 2006, 'B ');
insert into takes values('33655', '575', '1', 'Spring', 2002, 'A ');
insert into takes values('99955', '354', '1', 'Spring', 2004, 'A-');
insert into takes values('25783', '581', '1', 'Spring', 2008, 'A+');
insert into takes values('249', '967', '1', 'Fall', 2003, 'B-');
insert into takes values('22377', '180', '1', 'Spring', 2004, 'C ');
insert into takes values('91777', '445', '1', 'Fall', 2003, 'B-');
insert into takes values('33741', '723', '2', 'Fall', 2003, 'C+');
insert into takes values('86170', '734', '1', 'Fall', 2001, 'A+');
insert into takes values('81421', '931', '3', 'Fall', 2004, 'B ');
insert into takes values('57750', '494', '2', 'Fall', 2010, 'C ');
insert into takes values('33741', '705', '1', 'Fall', 2001, 'A-');
insert into takes values('62857', '931', '1', 'Fall', 2004, 'A-');
insert into takes values('25783', '958', '1', 'Fall', 2002, 'A-');
insert into takes values('32030', '496', '1', 'Spring', 2001, 'B-');
insert into takes values('71992', '893', '2', 'Spring', 2003, 'A+');
insert into takes values('80196', '705', '1', 'Fall', 2001, 'B+');
insert into takes values('86046', '917', '1', 'Fall', 2006, 'B ');
insert into takes values('33991', '340', '2', 'Fall', 2009, 'A+');
insert into takes values('98', '117', '1', 'Fall', 2005, 'A ');
insert into takes values('12713', '269', '3', 'Fall', 2010, 'C ');
insert into takes values('21995', '120', '1', 'Spring', 2007, 'C-');
insert into takes values('7055', '106', '2', 'Fall', 2004, 'A-');
insert into takes values('87564', '698', '1', 'Fall', 2002, 'A-');
insert into takes values('33031', '893', '2', 'Spring', 2003, 'B+');
insert into takes values('69802', '139', '2', 'Fall', 2005, 'A+');
insert into takes values('24733', '991', '2', 'Spring', 2010, 'C ');
insert into takes values('15847', '617', '1', 'Fall', 2001, 'A ');
insert into takes values('16728', '496', '1', 'Spring', 2001, 'C-');
insert into takes values('92266', '273', '1', 'Spring', 2004, 'C-');
insert into takes values('4072', '575', '1', 'Spring', 2002, 'A-');
insert into takes values('53696', '139', '2', 'Fall', 2005, 'B ');
insert into takes values('2043', '375', '1', 'Fall', 2002, 'B+');
insert into takes values('22377', '587', '1', 'Spring', 2010, 'C-');
insert into takes values('96544', '982', '2', 'Spring', 2006, 'B ');
insert into takes values('99955', '278', '1', 'Spring', 2001, 'C ');
insert into takes values('68359', '198', '1', 'Fall', 2005, 'C ');
insert into takes values('12034', '104', '1', 'Spring', 2006, 'B+');
insert into takes values('69802', '180', '1', 'Spring', 2004, 'A-');
insert into takes values('63285', '453', '1', 'Spring', 2003, 'A+');
insert into takes values('31025', '720', '2', 'Spring', 2005, 'A+');
insert into takes values('53471', '524', '2', 'Fall', 2004, 'C+');
insert into takes values('36785', '273', '3', 'Fall', 2001, 'C+');
insert into takes values('33844', '325', '1', 'Fall', 2006, 'A+');
insert into takes values('33741', '524', '3', 'Fall', 2006, 'B ');
insert into takes values('42790', '453', '1', 'Spring', 2003, 'C-');
insert into takes values('84764', '106', '3', 'Fall', 2001, 'B+');
insert into takes values('79652', '707', '1', 'Spring', 2010, 'B+');
insert into takes values('14717', '340', '2', 'Fall', 2009, 'A ');
insert into takes values('2043', '333', '1', 'Spring', 2001, 'C ');
insert into takes values('33655', '397', '1', 'Fall', 2002, 'A ');
insert into takes values('36193', '692', '1', 'Spring', 2004, 'A+');
insert into takes values('81035', '183', '1', 'Spring', 2008, 'B ');
insert into takes values('57750', '106', '3', 'Fall', 2001, 'A-');
insert into takes values('16709', '601', '2', 'Fall', 2002, 'A+');
insert into takes values('23731', '118', '1', 'Spring', 2004, 'A-');
insert into takes values('35958', '509', '1', 'Spring', 2004, 'B+');
insert into takes values('95259', '496', '1', 'Spring', 2001, 'C-');
insert into takes values('77262', '180', '2', 'Fall', 2005, 'C-');
insert into takes values('44356', '198', '1', 'Fall', 2005, 'B ');
insert into takes values('33991', '340', '1', 'Spring', 2003, 'A-');
insert into takes values('16728', '781', '3', 'Fall', 2009, 'C ');
insert into takes values('10072', '180', '1', 'Spring', 2004, 'C+');
insert into takes values('87706', '618', '1', 'Spring', 2005, 'A+');
insert into takes values('36193', '863', '2', 'Spring', 2006, 'C-');
insert into takes values('99955', '587', '1', 'Spring', 2010, 'B ');
insert into takes values('29795', '321', '1', 'Spring', 2003, 'B-');
insert into takes values('80196', '416', '1', 'Spring', 2010, 'A-');
insert into takes values('95259', '703', '1', 'Spring', 2004, 'C+');
insert into takes values('33031', '340', '1', 'Spring', 2003, 'A ');
insert into takes values('88265', '278', '2', 'Spring', 2002, 'B-');
insert into takes values('57750', '178', '1', 'Fall', 2005, 'C-');
insert into takes values('87564', '819', '1', 'Fall', 2006, 'A-');
insert into takes values('87706', '955', '1', 'Fall', 2006, 'B+');
insert into takes values('35958', '723', '2', 'Fall', 2003, 'C ');
insert into takes values('95259', '269', '3', 'Fall', 2010, 'B+');
insert into takes values('33031', '509', '1', 'Spring', 2004, 'B ');
insert into takes values('99231', '333', '1', 'Spring', 2001, 'A ');
insert into takes values('57750', '253', '1', 'Fall', 2005, 'B+');
insert into takes values('62857', '805', '1', 'Fall', 2010, 'A-');
insert into takes values('42790', '494', '1', 'Spring', 2007, 'B-');
insert into takes values('99231', '322', '1', 'Fall', 2006, 'A+');
insert into takes values('27738', '921', '1', 'Fall', 2005, 'A-');
insert into takes values('84947', '281', '1', 'Spring', 2005, 'B+');
insert into takes values('28975', '763', '1', 'Spring', 2002, 'A ');
insert into takes values('29795', '524', '3', 'Fall', 2006, 'A+');
insert into takes values('5190', '734', '2', 'Fall', 2008, 'B-');
insert into takes values('92266', '723', '1', 'Spring', 2007, 'C-');
insert into takes values('29795', '286', '2', 'Fall', 2001, 'A ');
insert into takes values('74313', '921', '2', 'Spring', 2003, 'B-');
insert into takes values('92266', '555', '1', 'Fall', 2003, 'C ');
insert into takes values('5422', '695', '2', 'Spring', 2002, 'C+');
insert into takes values('25783', '303', '1', 'Spring', 2004, 'C+');
insert into takes values('44356', '330', '1', 'Fall', 2001, 'A-');
insert into takes values('33655', '106', '2', 'Fall', 2004, 'A ');
insert into takes values('73523', '104', '1', 'Spring', 2006, 'A-');
insert into takes values('87706', '803', '1', 'Spring', 2006, 'C+');
insert into takes values('72168', '269', '3', 'Fall', 2010, 'B-');
insert into takes values('86170', '321', '1', 'Spring', 2003, 'A+');
insert into takes values('81421', '469', '3', 'Fall', 2006, 'C+');
insert into takes values('36193', '445', '1', 'Fall', 2003, 'B-');
insert into takes values('57750', '618', '1', 'Spring', 2005, 'A ');
insert into takes values('36785', '253', '1', 'Fall', 2005, 'A ');
insert into takes values('81821', '781', '2', 'Spring', 2010, 'B ');
insert into takes values('98866', '269', '1', 'Spring', 2005, 'A ');
insert into takes values('24465', '445', '3', 'Fall', 2006, 'A-');
insert into takes values('84764', '312', '3', 'Fall', 2006, 'C-');
insert into takes values('35958', '116', '1', 'Fall', 2006, 'C ');
insert into takes values('7055', '761', '3', 'Spring', 2006, 'A+');
insert into takes values('7055', '325', '1', 'Fall', 2006, 'A+');
insert into takes values('99955', '982', '1', 'Fall', 2009, 'A ');
insert into takes values('63285', '931', '4', 'Fall', 2010, 'B+');
insert into takes values('61741', '276', '2', 'Spring', 2010, 'C ');
insert into takes values('14717', '955', '1', 'Fall', 2006, 'B ');
insert into takes values('25110', '333', '1', 'Spring', 2001, 'B+');
insert into takes values('88265', '601', '2', 'Fall', 2002, 'C ');
insert into takes values('86170', '982', '1', 'Fall', 2009, 'A+');
insert into takes values('249', '509', '1', 'Spring', 2004, 'A-');
insert into takes values('44356', '509', '2', 'Spring', 2004, 'A+');
insert into takes values('4072', '139', '2', 'Fall', 2005, 'A+');
insert into takes values('7254', '566', '1', 'Spring', 2001, 'B ');
insert into takes values('29795', '269', '1', 'Spring', 2005, 'B-');
insert into takes values('96301', '220', '1', 'Fall', 2008, 'C ');
insert into takes values('58663', '703', '1', 'Spring', 2004, 'C+');
insert into takes values('16728', '509', '2', 'Spring', 2004, 'C ');
insert into takes values('61741', '524', '2', 'Fall', 2004, 'A+');
insert into takes values('48801', '332', '1', 'Spring', 2005, 'B+');
insert into takes values('81421', '539', '1', 'Fall', 2007, 'B-');
insert into takes values('32706', '303', '1', 'Spring', 2004, 'A-');
insert into takes values('31025', '242', '1', 'Spring', 2001, 'C-');
insert into takes values('74313', '931', '2', 'Fall', 2009, 'B-');
insert into takes values('27738', '991', '2', 'Spring', 2010, 'A ');
insert into takes values('81821', '445', '1', 'Fall', 2003, 'A ');
insert into takes values('96544', '819', '2', 'Fall', 2005, 'C-');
insert into takes values('98', '440', '1', 'Spring', 2002, 'B+');
insert into takes values('80196', '106', '2', 'Fall', 2004, 'B-');
insert into takes values('44714', '286', '2', 'Fall', 2001, 'A+');
insert into takes values('37144', '183', '1', 'Spring', 2008, 'A-');
insert into takes values('10742', '963', '1', 'Spring', 2010, 'B+');
insert into takes values('1463', '329', '2', 'Spring', 2005, 'A ');
insert into takes values('10742', '330', '1', 'Fall', 2001, 'B+');
insert into takes values('27738', '322', '2', 'Fall', 2007, 'A+');
insert into takes values('81421', '440', '2', 'Fall', 2004, 'C ');
insert into takes values('71136', '565', '1', 'Spring', 2003, 'B-');
insert into takes values('33991', '921', '2', 'Spring', 2003, 'C-');
insert into takes values('33844', '316', '1', 'Fall', 2005, 'C-');
insert into takes values('78186', '921', '2', 'Spring', 2003, 'C-');
insert into takes values('31025', '761', '2', 'Spring', 2008, 'A-');
insert into takes values('15847', '139', '1', 'Fall', 2005, 'C ');
insert into advisor values('96544', '2357');
insert into advisor values('12034', '11599');
insert into advisor values('95259', '31982');
insert into advisor values('26986', '49994');
insert into advisor values('1463', '78255');
insert into advisor values('63285', '84471');
insert into advisor values('57750', '43955');
insert into advisor values('92266', '24220');
insert into advisor values('10742', '8027');
insert into advisor values('96301', '93754');
insert into advisor values('5422', '54786');
insert into advisor values('249', '39699');
insert into advisor values('7055', '3452');
insert into advisor values('16709', '20383');
insert into advisor values('79652', '3452');
insert into advisor values('91777', '20383');
insert into advisor values('1620', '8027');
insert into advisor values('33655', '94687');
insert into advisor values('14717', '8171');
insert into advisor values('87564', '8158');
insert into advisor values('10072', '36100');
insert into advisor values('77630', '40684');
insert into advisor values('86170', '39699');
insert into advisor values('33221', '8171');
insert into advisor values('77262', '11599');
insert into advisor values('32243', '9845');
insert into advisor values('81821', '49994');
insert into advisor values('35958', '52616');
insert into advisor values('72168', '52946');
insert into advisor values('96691', '49994');
insert into advisor values('44714', '44123');
insert into advisor values('78186', '27583');
insert into advisor values('17976', '41720');
insert into advisor values('52726', '35544');
insert into advisor values('35458', '54036');
insert into advisor values('2508', '53016');
insert into advisor values('31025', '88318');
insert into advisor values('16728', '29592');
insert into advisor values('12713', '78255');
insert into advisor values('78789', '51120');
insert into advisor values('42790', '37289');
insert into advisor values('84947', '49994');
insert into advisor values('53696', '54786');
insert into advisor values('71392', '36100');
insert into advisor values('4072', '96591');
insert into advisor values('32706', '44123');
insert into advisor values('69802', '50435');
insert into advisor values('62857', '53016');
insert into advisor values('21995', '54786');
insert into advisor values('99231', '40684');
insert into advisor values('81035', '60974');
insert into advisor values('88265', '39699');
insert into advisor values('36193', '93754');
insert into advisor values('44356', '20383');
insert into advisor values('29795', '9845');
insert into advisor values('13002', '53495');
insert into advisor values('24733', '50435');
insert into advisor values('81421', '37289');
insert into advisor values('25110', '50435');
insert into advisor values('71992', '84471');
insert into advisor values('24465', '20383');
insert into advisor values('99955', '37289');
insert into advisor values('33991', '51120');
insert into advisor values('88317', '93754');
insert into advisor values('28975', '33990');
insert into advisor values('58897', '8027');
insert into advisor values('25783', '94687');
insert into advisor values('80196', '39699');
insert into advisor values('74313', '16657');
insert into advisor values('98', '94687');
insert into advisor values('22377', '40684');
insert into advisor values('7254', '52616');
insert into advisor values('33844', '11599');
insert into advisor values('10336', '10284');
insert into advisor values('71136', '50435');
insert into advisor values('32030', '62852');
insert into advisor values('43392', '78803');
insert into advisor values('5190', '51120');
insert into advisor values('53471', '78803');
insert into advisor values('58663', '27583');
insert into advisor values('48801', '29976');
insert into advisor values('33741', '36100');
insert into advisor values('33031', '11599');
insert into advisor values('84764', '29976');
insert into advisor values('6185', '39699');
insert into advisor values('57650', '8027');
insert into advisor values('2043', '8171');
insert into advisor values('68359', '88318');
insert into advisor values('88938', '76510');
insert into advisor values('61741', '53016');
insert into advisor values('86046', '35544');
insert into advisor values('36785', '29976');
insert into advisor values('37144', '94687');
insert into advisor values('87706', '62852');
insert into advisor values('23731', '53016');
insert into advisor values('15847', '9845');
insert into advisor values('10660', '93754');
insert into advisor values('73523', '43955');
insert into advisor values('27738', '78255');
insert into advisor values('98866', '20383');
insert into prereq values('286', '947');
insert into prereq values('585', '231');
insert into prereq values('720', '952');
insert into prereq values('703', '743');
insert into prereq values('819', '138');
insert into prereq values('261', '269');
insert into prereq values('234', '116');
insert into prereq values('160', '935');
insert into prereq values('681', '761');
insert into prereq values('785', '767');
insert into prereq values('301', '641');
insert into prereq values('917', '340');
insert into prereq values('577', '789');
insert into prereq values('223', '756');
insert into prereq values('402', '337');
insert into prereq values('601', '292');
insert into prereq values('462', '724');
insert into prereq values('610', '498');
insert into prereq values('195', '497');
insert into prereq values('986', '198');
insert into prereq values('332', '617');
insert into prereq values('819', '337');
insert into prereq values('273', '892');
insert into prereq values('721', '703');
insert into prereq values('802', '296');
insert into prereq values('917', '307');
insert into prereq values('278', '610');
insert into prereq values('281', '337');
insert into prereq values('864', '363');
insert into prereq values('934', '646');
insert into prereq values('403', '447');
insert into prereq values('266', '313');
insert into prereq values('641', '688');
insert into prereq values('130', '803');
insert into prereq values('879', '329');
insert into prereq values('694', '802');
insert into prereq values('823', '509');
insert into prereq values('905', '539');
insert into prereq values('695', '793');
insert into prereq values('121', '645');
insert into prereq values('720', '232');
insert into prereq values('266', '864');
insert into prereq values('321', '762');
insert into prereq values('931', '138');
insert into prereq values('734', '232');
insert into prereq values('120', '266');
insert into prereq values('566', '220');
insert into prereq values('350', '991');
insert into prereq values('601', '118');
insert into prereq values('949', '819');
insert into prereq values('858', '253');
insert into prereq values('120', '967');
insert into prereq values('281', '368');
insert into prereq values('445', '681');
insert into prereq values('338', '321');
insert into prereq values('322', '863');
insert into prereq values('830', '775');
insert into prereq values('301', '707');
insert into prereq values('278', '219');
insert into prereq values('278', '464');
insert into prereq values('332', '332');
insert into prereq values('721', '850');
insert into prereq values('569', '638');
insert into prereq values('781', '688');
insert into prereq values('106', '805');
insert into prereq values('106', '321');
insert into prereq values('707', '363');
insert into prereq values('618', '802');
insert into prereq values('164', '266');
insert into prereq values('397', '789');
insert into prereq values('350', '462');
insert into prereq values('617', '986');
insert into prereq values('493', '991');
insert into prereq values('647', '371');
insert into prereq values('301', '655');
insert into prereq values('645', '767');
insert into prereq values('761', '269');
insert into prereq values('931', '228');
insert into prereq values('843', '321');
insert into prereq values('805', '539');
insert into prereq values('994', '269');
insert into prereq values('646', '445');
insert into prereq values('688', '721');
insert into prereq values('539', '509');
insert into prereq values('183', '292');
insert into prereq values('273', '859');
insert into prereq values('930', '947');
insert into prereq values('261', '183');
insert into prereq values('306', '660');
insert into prereq values('655', '195');
insert into prereq values('139', '937');
insert into prereq values('717', '905');
insert into prereq values('756', '823');
insert into prereq values('575', '587');
insert into prereq values('645', '164');
insert into prereq values('919', '955');
insert into prereq values('539', '819');
insert into prereq values('931', '120');
insert into prereq values('178', '638');
insert into prereq values('569', '565');
