insert into classroom values('G', 149, 25);
insert into classroom values('F', 428, 11);
insert into classroom values('B', 909, 10);
insert into classroom values('A', 143, 130);
insert into classroom values('A', 128, 14);
insert into classroom values('J', 215, 20);
insert into classroom values('C', 88, 14);
insert into classroom values('H', 141, 28);
insert into classroom values('E', 573, 55);
insert into classroom values('A', 891, 17);
insert into department values('KL', 'E', 328965.99);
insert into department values('RR', 'G', 85453.84);
insert into department values('GO', 'D', 15545.95);
insert into department values('GT', 'H', 263317.44);
insert into department values('ED', 'F', 328151.79);
insert into department values('DK', 'B', 611465.86);
insert into department values('WW', 'C', 821672.09);
insert into department values('DE', 'I', 401160.79);
insert into department values('FR', 'B', 722993.13);
insert into department values('BN', 'I', 668525.80);
insert into course values('460', 'IF3031', 'WW', 4);
insert into course values('334', 'IF3031', 'FR', 3);
insert into course values('960', 'IF4041', 'GO', 3);
insert into course values('351', 'IF3030', 'ED', 4);
insert into course values('805', 'IF5555', 'GO', 4);
insert into course values('437', 'IF3120', 'BN', 4);
insert into course values('367', 'IF5555', 'BN', 3);
insert into course values('993', 'IF3333', 'KL', 3);
insert into course values('725', 'IF3333', 'ED', 4);
insert into course values('845', 'IF4321', 'DK', 4);
insert into course values('150', 'IF3030', 'DK', 4);
insert into course values('717', 'IF3022', 'RR', 3);
insert into course values('524', 'IF5555', 'ED', 4);
insert into course values('811', 'IF3031', 'KL', 3);
insert into course values('143', 'IF3031', 'DE', 4);
insert into course values('918', 'IF3333', 'KL', 3);
insert into course values('807', 'IF4321', 'WW', 4);
insert into course values('429', 'IF5555', 'GT', 3);
insert into course values('241', 'IF5555', 'DK', 4);
insert into course values('298', 'IF3120', 'GO', 4);
insert into course values('762', 'IF3120', 'RR', 4);
insert into course values('764', 'IF3120', 'RR', 4);
insert into course values('173', 'IF3031', 'GT', 3);
insert into course values('548', 'IF4041', 'DK', 3);
insert into course values('141', 'IF4041', 'WW', 3);
insert into course values('362', 'IF3211', 'DK', 4);
insert into course values('171', 'IF4321', 'GT', 4);
insert into course values('485', 'IF0230', 'GO', 3);
insert into course values('955', 'IF3031', 'KL', 4);
insert into course values('277', 'IF0230', 'BN', 4);
insert into course values('765', 'IF3333', 'DE', 3);
insert into course values('906', 'IF3022', 'BN', 4);
insert into course values('899', 'IF3031', 'ED', 4);
insert into course values('825', 'IF5555', 'BN', 4);
insert into course values('782', 'IF3120', 'GT', 3);
insert into course values('567', 'IF4321', 'FR', 4);
insert into course values('134', 'IF3031', 'WW', 3);
insert into course values('589', 'IF0230', 'DE', 4);
insert into course values('293', 'IF3333', 'DK', 3);
insert into course values('285', 'IF4041', 'BN', 4);
insert into course values('747', 'IF5555', 'DK', 3);
insert into course values('761', 'IF3030', 'FR', 4);
insert into course values('939', 'IF5555', 'GO', 3);
insert into course values('650', 'IF3031', 'DE', 4);
insert into course values('848', 'IF3333', 'DK', 3);
insert into course values('488', 'IF3030', 'BN', 4);
insert into course values('384', 'IF3333', 'DE', 4);
insert into course values('572', 'IF3120', 'DK', 4);
insert into course values('741', 'IF0230', 'RR', 4);
insert into course values('482', 'IF3211', 'GO', 3);
insert into course values('929', 'IF4041', 'BN', 3);
insert into course values('355', 'IF4321', 'KL', 4);
insert into course values('347', 'IF3120', 'ED', 4);
insert into course values('484', 'IF3333', 'DE', 3);
insert into course values('951', 'IF4321', 'ED', 3);
insert into course values('962', 'IF3120', 'FR', 3);
insert into course values('888', 'IF3022', 'DK', 3);
insert into course values('776', 'IF4321', 'ED', 4);
insert into course values('768', 'IF5555', 'WW', 3);
insert into course values('932', 'IF3031', 'WW', 4);
insert into course values('593', 'IF4041', 'DE', 4);
insert into course values('116', 'IF3030', 'GO', 4);
insert into course values('479', 'IF3211', 'DE', 4);
insert into course values('702', 'IF4321', 'GT', 4);
insert into course values('242', 'IF4041', 'WW', 4);
insert into course values('877', 'IF5555', 'RR', 3);
insert into course values('518', 'IF0230', 'DK', 4);
insert into course values('254', 'IF3031', 'GT', 4);
insert into course values('950', 'IF3030', 'WW', 3);
insert into course values('977', 'IF4041', 'GT', 4);
insert into course values('636', 'IF3022', 'GO', 3);
insert into course values('152', 'IF3120', 'DE', 4);
insert into course values('433', 'IF5555', 'FR', 4);
insert into course values('188', 'IF0230', 'FR', 3);
insert into course values('154', 'IF3333', 'WW', 4);
insert into course values('842', 'IF3031', 'DE', 4);
insert into course values('279', 'IF4041', 'DE', 4);
insert into course values('266', 'IF3031', 'DE', 4);
insert into course values('344', 'IF0230', 'GT', 4);
insert into course values('383', 'IF3333', 'DE', 3);
insert into course values('797', 'IF5555', 'BN', 4);
insert into course values('542', 'IF3120', 'GT', 3);
insert into course values('110', 'IF0230', 'RR', 4);
insert into course values('881', 'IF3030', 'ED', 4);
insert into course values('327', 'IF3031', 'GO', 3);
insert into course values('885', 'IF3211', 'WW', 3);
insert into course values('745', 'IF4041', 'DK', 4);
insert into course values('118', 'IF3211', 'WW', 3);
insert into course values('399', 'IF3022', 'WW', 4);
insert into course values('121', 'IF5555', 'DE', 4);
insert into course values('623', 'IF3031', 'FR', 3);
insert into course values('711', 'IF4041', 'DK', 3);
insert into course values('117', 'IF3211', 'WW', 3);
insert into course values('445', 'IF4321', 'GT', 4);
insert into course values('678', 'IF3333', 'FR', 3);
insert into course values('847', 'IF0230', 'DK', 3);
insert into course values('222', 'IF4041', 'GT', 3);
insert into course values('103', 'IF3211', 'DE', 3);
insert into course values('801', 'IF5555', 'RR', 4);
insert into course values('540', 'IF3211', 'RR', 3);
insert into course values('674', 'IF3022', 'BN', 3);
insert into course values('529', 'IF3120', 'RR', 3);
insert into course values('982', 'IF5555', 'GT', 4);
insert into course values('165', 'IF3022', 'RR', 3);
insert into course values('546', 'IF5555', 'RR', 3);
insert into course values('447', 'IF3211', 'DE', 3);
insert into course values('471', 'IF0230', 'FR', 3);
insert into course values('738', 'IF4041', 'BN', 3);
insert into course values('609', 'IF5555', 'FR', 4);
insert into course values('216', 'IF5555', 'RR', 4);
insert into course values('247', 'IF3022', 'DK', 4);
insert into course values('443', 'IF4041', 'DK', 3);
insert into course values('746', 'IF3333', 'KL', 4);
insert into course values('391', 'IF0230', 'WW', 3);
insert into course values('340', 'IF5555', 'DE', 4);
insert into course values('544', 'IF0230', 'DK', 3);
insert into course values('992', 'IF4041', 'WW', 4);
insert into course values('853', 'IF4321', 'KL', 3);
insert into course values('503', 'IF0230', 'KL', 4);
insert into course values('970', 'IF4321', 'BN', 3);
insert into course values('125', 'IF5555', 'KL', 3);
insert into course values('732', 'IF3211', 'WW', 4);
insert into course values('270', 'IF0230', 'GO', 3);
insert into course values('319', 'IF4041', 'GO', 3);
insert into course values('349', 'IF3031', 'ED', 3);
insert into course values('639', 'IF5555', 'FR', 3);
insert into course values('234', 'IF4041', 'KL', 3);
insert into course values('804', 'IF3022', 'ED', 3);
insert into course values('719', 'IF3120', 'DE', 4);
insert into course values('670', 'IF3211', 'DE', 3);
insert into course values('911', 'IF3333', 'GO', 4);
insert into course values('751', 'IF5555', 'FR', 3);
insert into course values('971', 'IF3211', 'GT', 4);
insert into course values('859', 'IF3022', 'DK', 4);
insert into course values('552', 'IF0230', 'DK', 3);
insert into course values('417', 'IF4321', 'FR', 4);
insert into course values('967', 'IF3031', 'GO', 3);
insert into course values('913', 'IF3030', 'BN', 4);
insert into course values('691', 'IF4041', 'GO', 3);
insert into course values('191', 'IF3031', 'KL', 3);
insert into course values('689', 'IF4321', 'DK', 3);
insert into course values('743', 'IF4041', 'BN', 4);
insert into course values('370', 'IF4321', 'GO', 4);
insert into course values('253', 'IF4321', 'ED', 4);
insert into course values('775', 'IF4041', 'KL', 4);
insert into course values('687', 'IF3333', 'KL', 3);
insert into course values('757', 'IF3022', 'RR', 4);
insert into course values('145', 'IF3333', 'KL', 3);
insert into course values('195', 'IF3211', 'ED', 4);
insert into course values('160', 'IF3333', 'FR', 4);
insert into course values('164', 'IF4321', 'DK', 3);
insert into course values('628', 'IF5555', 'WW', 4);
insert into course values('739', 'IF3022', 'DK', 4);
insert into course values('662', 'IF3120', 'ED', 4);
insert into course values('852', 'IF3030', 'GO', 3);
insert into course values('227', 'IF3022', 'FR', 3);
insert into course values('459', 'IF4321', 'DK', 3);
insert into course values('695', 'IF3030', 'DE', 4);
insert into course values('893', 'IF4041', 'DK', 4);
insert into course values('740', 'IF3211', 'DE', 3);
insert into course values('283', 'IF3031', 'GO', 4);
insert into course values('132', 'IF3333', 'RR', 3);
insert into course values('472', 'IF3211', 'GT', 4);
insert into course values('626', 'IF5555', 'WW', 4);
insert into course values('311', 'IF3031', 'ED', 4);
insert into course values('221', 'IF4041', 'RR', 4);
insert into course values('220', 'IF3211', 'GT', 3);
insert into course values('632', 'IF3211', 'DK', 4);
insert into course values('138', 'IF0230', 'KL', 3);
insert into course values('473', 'IF3022', 'ED', 4);
insert into course values('306', 'IF0230', 'KL', 4);
insert into course values('630', 'IF3333', 'ED', 4);
insert into course values('669', 'IF3333', 'FR', 4);
insert into course values('925', 'IF3022', 'FR', 4);
insert into course values('969', 'IF5555', 'GT', 3);
insert into course values('341', 'IF3333', 'DE', 3);
insert into course values('619', 'IF3211', 'DK', 4);
insert into course values('361', 'IF3030', 'GO', 4);
insert into course values('130', 'IF4321', 'GO', 3);
insert into course values('900', 'IF3211', 'FR', 4);
insert into course values('792', 'IF4041', 'GO', 3);
insert into course values('716', 'IF3022', 'WW', 3);
insert into course values('770', 'IF5555', 'GO', 4);
insert into course values('696', 'IF3120', 'GT', 4);
insert into course values('733', 'IF3031', 'ED', 3);
insert into course values('989', 'IF4321', 'RR', 3);
insert into course values('248', 'IF3120', 'FR', 3);
insert into course values('864', 'IF3031', 'DE', 4);
insert into course values('795', 'IF3030', 'WW', 4);
insert into course values('943', 'IF3211', 'DK', 4);
insert into course values('781', 'IF4041', 'FR', 3);
insert into course values('308', 'IF0230', 'GO', 4);
insert into course values('329', 'IF3022', 'DE', 4);
insert into course values('586', 'IF5555', 'GO', 3);
insert into course values('796', 'IF3211', 'DE', 4);
insert into course values('654', 'IF4041', 'DE', 4);
insert into course values('337', 'IF3333', 'ED', 4);
insert into course values('489', 'IF4321', 'WW', 4);
insert into course values('766', 'IF5555', 'WW', 3);
insert into course values('640', 'IF5555', 'DE', 4);
insert into instructor values('46930', 'Ande', 'DE', 80936.81);
insert into instructor values('63806', 'Budi', 'RR', 123829.31);
insert into instructor values('84733', 'Yohan', 'GO', 64840.07);
insert into instructor values('12208', 'Budi', 'KL', 35112.22);
insert into instructor values('43777', 'Yohan', 'ED', 111187.57);
insert into instructor values('75177', 'rahmat', 'DK', 49803.92);
insert into instructor values('69874', 'Budi', 'GO', 105833.43);
insert into instructor values('51606', 'yuyun', 'DK', 78745.36);
insert into instructor values('85222', 'Ande', 'DE', 31349.23);
insert into instructor values('26823', 'Kiki', 'GT', 110476.91);
insert into instructor values('73622', 'Ahmad', 'ED', 115371.43);
insert into instructor values('91084', 'Kiki', 'WW', 106353.86);
insert into instructor values('20733', 'Johan', 'ED', 107138.56);
insert into instructor values('90874', 'Yohan', 'GT', 120075.07);
insert into instructor values('14615', 'Adri', 'FR', 68536.71);
insert into instructor values('88071', 'Ande', 'BN', 86390.73);
insert into instructor values('42627', 'Josu', 'BN', 55523.52);
insert into instructor values('25513', 'Josu', 'GO', 121118.95);
insert into instructor values('70017', 'Adri', 'BN', 95975.85);
insert into instructor values('48539', 'Johan', 'KL', 62588.94);
insert into instructor values('88500', 'rahmat', 'DK', 40807.60);
insert into instructor values('21976', 'Ahmad', 'GT', 63241.77);
insert into instructor values('31937', 'rahmat', 'ED', 76629.83);
insert into instructor values('67517', 'rahmat', 'ED', 109358.17);
insert into instructor values('87918', 'Ahmad', 'GT', 40275.88);
insert into instructor values('22923', 'Josu', 'BN', 106745.99);
insert into instructor values('31363', 'rahmat', 'DK', 68190.29);
insert into instructor values('36769', 'Johan', 'KL', 120708.16);
insert into instructor values('35852', 'Ande', 'ED', 46980.96);
insert into instructor values('72454', 'Budi', 'KL', 99725.52);
insert into instructor values('404', 'Josu', 'GT', 105359.68);
insert into instructor values('49980', 'Josu', 'DE', 44026.83);
insert into instructor values('97226', 'Josu', 'DE', 102247.04);
insert into instructor values('28974', 'Ande', 'RR', 102581.77);
insert into instructor values('74271', 'yuyun', 'DE', 120993.64);
insert into instructor values('66435', 'Ande', 'KL', 95041.17);
insert into instructor values('64998', 'Ande', 'WW', 75469.96);
insert into instructor values('70055', 'Josu', 'ED', 58761.48);
insert into instructor values('61971', 'Ande', 'BN', 70203.42);
insert into instructor values('19817', 'Ande', 'GO', 115289.29);
insert into instructor values('16060', 'Johan', 'GT', 33791.63);
insert into instructor values('9495', 'rahmat', 'WW', 35544.82);
insert into instructor values('61658', 'Budi', 'RR', 62496.76);
insert into instructor values('62371', 'Kiki', 'WW', 58431.37);
insert into instructor values('94632', 'rahmat', 'KL', 69226.82);
insert into instructor values('88737', 'Budi', 'GO', 83711.46);
insert into instructor values('7810', 'yuyun', 'DK', 32035.15);
insert into instructor values('48966', 'rahmat', 'ED', 116728.02);
insert into instructor values('49511', 'Josu', 'WW', 75820.49);
insert into instructor values('906', 'Ahmad', 'GT', 89913.08);
insert into section values('797', '1', 'Fall', 2010, 'H', '141', 'K');
insert into section values('650', '1', 'Fall', 2003, 'F', '428', 'C');
insert into section values('864', '1', 'Spring', 2004, 'A', '128', 'K');
insert into section values('899', '1', 'Fall', 2006, 'J', '215', 'O');
insert into section values('125', '1', 'Fall', 2005, 'G', '149', 'P');
insert into section values('795', '1', 'Spring', 2002, 'B', '909', 'D');
insert into section values('768', '1', 'Fall', 2002, 'A', '128', 'D');
insert into section values('241', '1', 'Spring', 2005, 'B', '909', 'K');
insert into section values('227', '1', 'Fall', 2007, 'H', '141', 'M');
insert into section values('479', '1', 'Spring', 2008, 'C', '88', 'N');
insert into section values('792', '1', 'Fall', 2005, 'J', '215', 'O');
insert into section values('951', '1', 'Fall', 2003, 'A', '143', 'P');
insert into section values('951', '2', 'Spring', 2008, 'J', '215', 'D');
insert into section values('529', '1', 'Fall', 2007, 'E', '573', 'M');
insert into section values('929', '1', 'Fall', 2006, 'A', '891', 'B');
insert into section values('782', '1', 'Spring', 2002, 'E', '573', 'B');
insert into section values('437', '1', 'Fall', 2001, 'F', '428', 'F');
insert into section values('628', '1', 'Fall', 2002, 'G', '149', 'G');
insert into section values('971', '1', 'Fall', 2010, 'A', '143', 'J');
insert into section values('733', '1', 'Fall', 2003, 'F', '428', 'K');
insert into section values('518', '1', 'Spring', 2010, 'G', '149', 'B');
insert into section values('242', '1', 'Spring', 2006, 'A', '143', 'K');
insert into section values('279', '1', 'Fall', 2009, 'B', '909', 'H');
insert into section values('370', '1', 'Fall', 2005, 'J', '215', 'J');
insert into section values('848', '1', 'Spring', 2007, 'C', '88', 'C');
insert into section values('191', '1', 'Fall', 2004, 'E', '573', 'C');
insert into section values('765', '1', 'Spring', 2004, 'J', '215', 'N');
insert into section values('623', '1', 'Spring', 2007, 'E', '573', 'K');
insert into section values('943', '1', 'Fall', 2006, 'E', '573', 'H');
insert into section values('654', '1', 'Fall', 2010, 'A', '143', 'I');
insert into section values('848', '2', 'Spring', 2005, 'G', '149', 'J');
insert into section values('747', '1', 'Fall', 2002, 'A', '128', 'C');
insert into section values('977', '1', 'Fall', 2005, 'C', '88', 'O');
insert into section values('344', '1', 'Fall', 2008, 'J', '215', 'P');
insert into section values('399', '1', 'Fall', 2007, 'H', '141', 'E');
insert into section values('283', '1', 'Spring', 2006, 'F', '428', 'D');
insert into section values('717', '1', 'Fall', 2010, 'H', '141', 'A');
insert into section values('757', '1', 'Spring', 2006, 'H', '141', 'K');
insert into section values('473', '1', 'Spring', 2009, 'A', '128', 'O');
insert into section values('222', '1', 'Spring', 2004, 'A', '143', 'D');
insert into section values('306', '1', 'Spring', 2004, 'E', '573', 'D');
insert into section values('242', '2', 'Spring', 2008, 'E', '573', 'C');
insert into section values('740', '1', 'Spring', 2002, 'C', '88', 'N');
insert into section values('544', '1', 'Fall', 2007, 'C', '88', 'E');
insert into section values('733', '2', 'Fall', 2008, 'A', '891', 'L');
insert into section values('447', '1', 'Fall', 2001, 'G', '149', 'C');
insert into section values('768', '2', 'Spring', 2005, 'A', '128', 'O');
insert into section values('853', '1', 'Spring', 2009, 'A', '891', 'M');
insert into section values('298', '1', 'Fall', 2004, 'B', '909', 'E');
insert into section values('775', '1', 'Spring', 2007, 'A', '128', 'C');
insert into section values('116', '1', 'Spring', 2003, 'A', '891', 'C');
insert into section values('488', '1', 'Spring', 2004, 'E', '573', 'G');
insert into section values('437', '2', 'Spring', 2005, 'A', '143', 'C');
insert into section values('437', '3', 'Fall', 2006, 'A', '143', 'D');
insert into section values('586', '1', 'Spring', 2010, 'A', '128', 'L');
insert into section values('160', '1', 'Fall', 2002, 'J', '215', 'I');
insert into section values('118', '1', 'Spring', 2001, 'B', '909', 'B');
insert into section values('751', '1', 'Fall', 2001, 'G', '149', 'G');
insert into section values('950', '1', 'Fall', 2001, 'J', '215', 'I');
insert into section values('222', '2', 'Fall', 2009, 'E', '573', 'M');
insert into section values('130', '1', 'Spring', 2007, 'F', '428', 'B');
insert into section values('906', '1', 'Spring', 2004, 'J', '215', 'B');
insert into section values('362', '1', 'Spring', 2007, 'J', '215', 'A');
insert into section values('797', '2', 'Spring', 2009, 'A', '143', 'A');
insert into section values('103', '1', 'Spring', 2004, 'A', '143', 'F');
insert into section values('636', '1', 'Spring', 2006, 'E', '573', 'E');
insert into section values('150', '1', 'Spring', 2005, 'C', '88', 'M');
insert into section values('270', '1', 'Spring', 2001, 'A', '143', 'O');
insert into section values('630', '1', 'Spring', 2001, 'C', '88', 'E');
insert into section values('877', '1', 'Fall', 2007, 'E', '573', 'I');
insert into section values('542', '1', 'Spring', 2003, 'J', '215', 'E');
insert into section values('967', '1', 'Spring', 2005, 'C', '88', 'D');
insert into section values('160', '2', 'Spring', 2008, 'A', '143', 'G');
insert into section values('165', '1', 'Fall', 2010, 'G', '149', 'I');
insert into section values('327', '1', 'Fall', 2007, 'F', '428', 'M');
insert into section values('319', '1', 'Fall', 2006, 'G', '149', 'N');
insert into section values('982', '1', 'Fall', 2004, 'J', '215', 'I');
insert into section values('548', '1', 'Spring', 2005, 'J', '215', 'K');
insert into section values('739', '1', 'Fall', 2007, 'B', '909', 'C');
insert into section values('717', '2', 'Fall', 2009, 'E', '573', 'M');
insert into section values('768', '3', 'Fall', 2002, 'F', '428', 'B');
insert into section values('696', '1', 'Fall', 2004, 'E', '573', 'H');
insert into section values('639', '1', 'Fall', 2009, 'A', '128', 'B');
insert into section values('266', '1', 'Fall', 2008, 'E', '573', 'H');
insert into section values('719', '1', 'Spring', 2006, 'H', '141', 'N');
insert into section values('969', '1', 'Spring', 2007, 'F', '428', 'P');
insert into section values('546', '1', 'Fall', 2008, 'E', '573', 'G');
insert into section values('548', '2', 'Fall', 2004, 'H', '141', 'C');
insert into section values('733', '3', 'Spring', 2004, 'A', '128', 'F');
insert into section values('270', '2', 'Fall', 2004, 'F', '428', 'M');
insert into section values('344', '2', 'Spring', 2003, 'B', '909', 'L');
insert into section values('929', '2', 'Spring', 2003, 'B', '909', 'F');
insert into section values('795', '2', 'Fall', 2008, 'J', '215', 'N');
insert into section values('696', '2', 'Fall', 2003, 'F', '428', 'L');
insert into section values('277', '1', 'Spring', 2002, 'F', '428', 'B');
insert into section values('484', '1', 'Spring', 2010, 'E', '573', 'M');
insert into section values('967', '2', 'Spring', 2007, 'H', '141', 'H');
insert into section values('266', '2', 'Spring', 2002, 'E', '573', 'E');
insert into section values('716', '1', 'Fall', 2010, 'A', '143', 'A');
insert into section values('362', '2', 'Fall', 2004, 'F', '428', 'A');
insert into section values('173', '1', 'Fall', 2010, 'F', '428', 'M');
insert into section values('885', '1', 'Fall', 2001, 'E', '573', 'I');
insert into section values('955', '1', 'Fall', 2010, 'C', '88', 'A');
insert into section values('781', '1', 'Spring', 2004, 'E', '573', 'I');
insert into section values('913', '1', 'Fall', 2005, 'A', '143', 'D');
insert into section values('152', '1', 'Fall', 2005, 'E', '573', 'B');
insert into section values('222', '3', 'Fall', 2006, 'A', '143', 'F');
insert into section values('334', '1', 'Fall', 2010, 'H', '141', 'F');
insert into section values('171', '1', 'Spring', 2005, 'H', '141', 'C');
insert into section values('768', '4', 'Spring', 2002, 'C', '88', 'N');
insert into section values('173', '2', 'Spring', 2010, 'E', '573', 'G');
insert into section values('888', '1', 'Fall', 2004, 'F', '428', 'E');
insert into section values('285', '1', 'Spring', 2009, 'F', '428', 'N');
insert into section values('888', '2', 'Spring', 2005, 'E', '573', 'M');
insert into section values('670', '1', 'Fall', 2006, 'J', '215', 'I');
insert into section values('195', '1', 'Spring', 2008, 'E', '573', 'D');
insert into section values('165', '2', 'Spring', 2001, 'E', '573', 'D');
insert into section values('943', '2', 'Fall', 2002, 'B', '909', 'D');
insert into section values('160', '3', 'Spring', 2002, 'E', '573', 'M');
insert into section values('877', '2', 'Fall', 2007, 'H', '141', 'F');
insert into section values('864', '2', 'Spring', 2008, 'H', '141', 'J');
insert into section values('859', '1', 'Fall', 2010, 'E', '573', 'L');
insert into section values('913', '2', 'Spring', 2002, 'A', '128', 'J');
insert into section values('811', '1', 'Fall', 2002, 'G', '149', 'K');
insert into section values('962', '1', 'Fall', 2004, 'C', '88', 'P');
insert into section values('118', '2', 'Fall', 2006, 'B', '909', 'I');
insert into section values('227', '2', 'Spring', 2001, 'A', '143', 'K');
insert into section values('939', '1', 'Spring', 2007, 'A', '143', 'F');
insert into section values('962', '2', 'Fall', 2006, 'H', '141', 'G');
insert into section values('761', '1', 'Fall', 2002, 'A', '128', 'A');
insert into section values('770', '1', 'Fall', 2003, 'H', '141', 'J');
insert into section values('732', '1', 'Spring', 2008, 'H', '141', 'H');
insert into section values('293', '1', 'Spring', 2001, 'E', '573', 'I');
insert into section values('334', '2', 'Fall', 2009, 'H', '141', 'N');
insert into section values('619', '1', 'Spring', 2002, 'C', '88', 'A');
insert into section values('370', '2', 'Spring', 2004, 'A', '891', 'D');
insert into section values('125', '2', 'Spring', 2005, 'G', '149', 'I');
insert into section values('134', '1', 'Spring', 2002, 'C', '88', 'C');
insert into section values('640', '1', 'Spring', 2006, 'A', '128', 'L');
insert into section values('801', '1', 'Spring', 2009, 'A', '891', 'F');
insert into section values('967', '3', 'Fall', 2005, 'A', '128', 'B');
insert into section values('804', '1', 'Fall', 2009, 'F', '428', 'C');
insert into section values('852', '1', 'Fall', 2001, 'J', '215', 'P');
insert into section values('619', '2', 'Spring', 2004, 'B', '909', 'D');
insert into section values('116', '2', 'Spring', 2001, 'A', '891', 'H');
insert into section values('741', '1', 'Spring', 2009, 'A', '143', 'F');
insert into section values('971', '2', 'Fall', 2009, 'C', '88', 'J');
insert into section values('503', '1', 'Fall', 2006, 'A', '143', 'C');
insert into section values('216', '1', 'Fall', 2009, 'B', '909', 'D');
insert into section values('443', '1', 'Fall', 2007, 'J', '215', 'F');
insert into section values('195', '2', 'Fall', 2008, 'H', '141', 'O');
insert into section values('807', '1', 'Spring', 2008, 'H', '141', 'E');
insert into section values('762', '1', 'Spring', 2003, 'A', '143', 'F');
insert into section values('745', '1', 'Spring', 2004, 'A', '128', 'L');
insert into section values('542', '2', 'Spring', 2002, 'C', '88', 'G');
insert into section values('971', '3', 'Fall', 2009, 'H', '141', 'A');
insert into section values('632', '1', 'Spring', 2003, 'H', '141', 'B');
insert into section values('241', '2', 'Fall', 2003, 'J', '215', 'K');
insert into section values('334', '3', 'Fall', 2004, 'A', '891', 'D');
insert into section values('445', '1', 'Fall', 2006, 'G', '149', 'G');
insert into section values('845', '1', 'Spring', 2006, 'B', '909', 'I');
insert into section values('160', '4', 'Spring', 2008, 'A', '128', 'P');
insert into section values('362', '3', 'Fall', 2002, 'A', '128', 'F');
insert into section values('918', '1', 'Spring', 2010, 'A', '143', 'N');
insert into section values('222', '4', 'Fall', 2006, 'A', '143', 'E');
insert into section values('586', '2', 'Fall', 2009, 'G', '149', 'I');
insert into section values('285', '2', 'Fall', 2001, 'F', '428', 'M');
insert into section values('254', '1', 'Spring', 2009, 'F', '428', 'F');
insert into section values('732', '2', 'Fall', 2008, 'C', '88', 'M');
insert into section values('932', '1', 'Fall', 2006, 'G', '149', 'N');
insert into section values('805', '1', 'Fall', 2007, 'A', '128', 'B');
insert into section values('739', '2', 'Spring', 2004, 'E', '573', 'H');
insert into section values('164', '1', 'Fall', 2007, 'F', '428', 'B');
insert into section values('447', '2', 'Spring', 2007, 'C', '88', 'P');
insert into section values('344', '3', 'Spring', 2005, 'A', '128', 'D');
insert into section values('632', '2', 'Spring', 2003, 'A', '128', 'B');
insert into section values('741', '2', 'Spring', 2006, 'F', '428', 'C');
insert into section values('586', '3', 'Spring', 2007, 'A', '891', 'E');
insert into section values('355', '1', 'Spring', 2006, 'B', '909', 'I');
insert into section values('670', '2', 'Fall', 2009, 'J', '215', 'N');
insert into section values('741', '3', 'Fall', 2003, 'E', '573', 'I');
insert into section values('460', '1', 'Spring', 2006, 'A', '143', 'A');
insert into section values('132', '1', 'Spring', 2001, 'A', '128', 'P');
insert into section values('164', '2', 'Spring', 2001, 'G', '149', 'C');
insert into section values('222', '5', 'Fall', 2009, 'A', '891', 'B');
insert into section values('540', '1', 'Spring', 2010, 'A', '143', 'L');
insert into section values('807', '2', 'Spring', 2006, 'E', '573', 'I');
insert into section values('544', '2', 'Fall', 2003, 'A', '128', 'B');
insert into section values('993', '1', 'Spring', 2008, 'H', '141', 'B');
insert into section values('437', '4', 'Spring', 2009, 'A', '891', 'B');
insert into section values('687', '1', 'Spring', 2008, 'A', '128', 'N');
insert into section values('473', '2', 'Fall', 2009, 'C', '88', 'N');
insert into section values('485', '1', 'Spring', 2009, 'F', '428', 'O');
insert into section values('437', '5', 'Fall', 2003, 'F', '428', 'I');
insert into section values('542', '3', 'Spring', 2001, 'G', '149', 'H');
insert into section values('906', '2', 'Fall', 2005, 'J', '215', 'C');
insert into section values('141', '1', 'Fall', 2008, 'H', '141', 'I');
insert into section values('650', '2', 'Fall', 2001, 'A', '891', 'O');
insert into section values('640', '2', 'Spring', 2007, 'A', '128', 'P');
insert into section values('544', '3', 'Fall', 2005, 'A', '128', 'L');
insert into teaches values('97226', '447', '2', 'Spring', 2007);
insert into teaches values('72454', '853', '1', 'Spring', 2009);
insert into teaches values('49511', '460', '1', 'Spring', 2006);
insert into teaches values('7810', '518', '1', 'Spring', 2010);
insert into teaches values('88737', '370', '2', 'Spring', 2004);
insert into teaches values('14615', '962', '1', 'Fall', 2004);
insert into teaches values('74271', '864', '2', 'Spring', 2008);
insert into teaches values('49511', '732', '1', 'Spring', 2008);
insert into teaches values('49511', '932', '1', 'Fall', 2006);
insert into teaches values('66435', '125', '1', 'Fall', 2005);
insert into teaches values('49511', '768', '2', 'Spring', 2005);
insert into teaches values('61971', '285', '1', 'Spring', 2009);
insert into teaches values('49511', '950', '1', 'Fall', 2001);
insert into teaches values('74271', '670', '1', 'Fall', 2006);
insert into teaches values('48966', '195', '2', 'Fall', 2008);
insert into teaches values('906', '977', '1', 'Fall', 2005);
insert into teaches values('49511', '795', '2', 'Fall', 2008);
insert into teaches values('14615', '781', '1', 'Spring', 2004);
insert into teaches values('906', '696', '2', 'Fall', 2003);
insert into teaches values('48966', '733', '3', 'Spring', 2004);
insert into teaches values('7810', '739', '2', 'Spring', 2004);
insert into teaches values('14615', '761', '1', 'Fall', 2002);
insert into teaches values('74271', '266', '1', 'Fall', 2008);
insert into teaches values('88737', '967', '1', 'Spring', 2005);
insert into teaches values('7810', '164', '1', 'Fall', 2007);
insert into teaches values('14615', '751', '1', 'Fall', 2001);
insert into teaches values('49511', '716', '1', 'Fall', 2010);
insert into teaches values('88737', '485', '1', 'Spring', 2009);
insert into teaches values('48966', '195', '1', 'Spring', 2008);
insert into teaches values('906', '254', '1', 'Spring', 2009);
insert into teaches values('7810', '548', '1', 'Spring', 2005);
insert into teaches values('16060', '542', '1', 'Spring', 2003);
insert into teaches values('61658', '877', '1', 'Fall', 2007);
insert into teaches values('7810', '619', '1', 'Spring', 2002);
insert into teaches values('7810', '859', '1', 'Fall', 2010);
insert into teaches values('16060', '969', '1', 'Spring', 2007);
insert into teaches values('7810', '293', '1', 'Spring', 2001);
insert into teaches values('94632', '687', '1', 'Spring', 2008);
insert into teaches values('48966', '804', '1', 'Fall', 2009);
insert into teaches values('61658', '717', '2', 'Fall', 2009);
insert into teaches values('7810', '943', '2', 'Fall', 2002);
insert into teaches values('16060', '173', '1', 'Fall', 2010);
insert into teaches values('97226', '650', '1', 'Fall', 2003);
insert into teaches values('7810', '241', '1', 'Spring', 2005);
insert into teaches values('61658', '717', '1', 'Fall', 2010);
insert into teaches values('88737', '967', '3', 'Fall', 2005);
insert into teaches values('14615', '227', '2', 'Spring', 2001);
insert into teaches values('61658', '741', '2', 'Spring', 2006);
insert into teaches values('62371', '768', '3', 'Fall', 2002);
insert into teaches values('94632', '191', '1', 'Fall', 2004);
insert into teaches values('48966', '951', '1', 'Fall', 2003);
insert into teaches values('49511', '118', '2', 'Fall', 2006);
insert into teaches values('42627', '906', '1', 'Spring', 2004);
insert into teaches values('906', '222', '4', 'Fall', 2006);
insert into teaches values('74271', '103', '1', 'Spring', 2004);
insert into teaches values('49511', '795', '1', 'Spring', 2002);
insert into teaches values('62371', '134', '1', 'Spring', 2002);
insert into teaches values('74271', '479', '1', 'Spring', 2008);
insert into teaches values('14615', '623', '1', 'Spring', 2007);
insert into teaches values('28974', '546', '1', 'Fall', 2008);
insert into teaches values('66435', '125', '2', 'Spring', 2005);
insert into teaches values('7810', '848', '2', 'Spring', 2005);
insert into teaches values('61658', '757', '1', 'Spring', 2006);
insert into teaches values('14615', '160', '1', 'Fall', 2002);
insert into teaches values('74271', '484', '1', 'Spring', 2010);
insert into teaches values('74271', '650', '2', 'Fall', 2001);
insert into teaches values('7810', '888', '2', 'Spring', 2005);
insert into teaches values('14615', '160', '3', 'Spring', 2002);
insert into teaches values('61658', '741', '3', 'Fall', 2003);
insert into teaches values('7810', '548', '2', 'Fall', 2004);
insert into teaches values('88737', '967', '2', 'Spring', 2007);
insert into teaches values('906', '171', '1', 'Spring', 2005);
insert into teaches values('74271', '670', '2', 'Fall', 2009);
insert into teaches values('61971', '906', '2', 'Fall', 2005);
insert into teaches values('74271', '266', '2', 'Spring', 2002);
insert into teaches values('88500', '362', '1', 'Spring', 2007);
insert into teaches values('14615', '160', '4', 'Spring', 2008);
insert into teaches values('88737', '792', '1', 'Fall', 2005);
insert into teaches values('906', '173', '2', 'Spring', 2010);
insert into teaches values('74271', '279', '1', 'Fall', 2009);
insert into teaches values('61658', '529', '1', 'Fall', 2007);
insert into teaches values('49511', '141', '1', 'Fall', 2008);
insert into teaches values('49511', '768', '1', 'Fall', 2002);
insert into teaches values('61971', '437', '1', 'Fall', 2001);
insert into teaches values('19817', '298', '1', 'Fall', 2004);
insert into teaches values('61971', '913', '1', 'Fall', 2005);
insert into teaches values('94632', '918', '1', 'Spring', 2010);
insert into teaches values('88737', '586', '3', 'Spring', 2007);
insert into teaches values('9495', '768', '4', 'Spring', 2002);
insert into teaches values('97226', '864', '1', 'Spring', 2004);
insert into teaches values('74271', '152', '1', 'Fall', 2005);
insert into teaches values('906', '782', '1', 'Spring', 2002);
insert into teaches values('7810', '164', '2', 'Spring', 2001);
insert into teaches values('88737', '319', '1', 'Fall', 2006);
insert into teaches values('97226', '719', '1', 'Spring', 2006);
insert into teaches values('74271', '765', '1', 'Spring', 2004);
insert into teaches values('48966', '473', '2', 'Fall', 2009);
insert into teaches values('7810', '544', '1', 'Fall', 2007);
insert into teaches values('61658', '741', '1', 'Spring', 2009);
insert into teaches values('906', '344', '3', 'Spring', 2005);
insert into student values('28451', 'Kiki', 'FR', 86);
insert into student values('14237', 'Yohan', 'WW', 105);
insert into student values('78044', 'rahmat', 'DK', 76);
insert into student values('20094', 'Adri', 'RR', 36);
insert into student values('15460', 'Adri', 'DK', 17);
insert into student values('52958', 'Josu', 'DE', 88);
insert into student values('86806', 'rahmat', 'GT', 110);
insert into student values('37077', 'Josu', 'BN', 23);
insert into student values('46997', 'yuyun', 'GT', 114);
insert into student values('25093', 'yuyun', 'KL', 126);
insert into student values('92786', 'rahmat', 'BN', 27);
insert into student values('36344', 'Josu', 'ED', 43);
insert into student values('9061', 'rahmat', 'GO', 55);
insert into student values('53542', 'Kiki', 'DE', 101);
insert into student values('90033', 'Kiki', 'ED', 43);
insert into student values('36462', 'Yohan', 'KL', 66);
insert into student values('37122', 'yuyun', 'KL', 46);
insert into student values('87705', 'Ahmad', 'DE', 66);
insert into student values('55919', 'Kiki', 'RR', 51);
insert into student values('1564', 'Yohan', 'BN', 97);
insert into student values('16346', 'Johan', 'DK', 103);
insert into student values('64692', 'Josu', 'RR', 60);
insert into student values('34540', 'Kiki', 'RR', 41);
insert into student values('80489', 'Adri', 'BN', 8);
insert into student values('94652', 'Ande', 'KL', 16);
insert into student values('27661', 'rahmat', 'KL', 35);
insert into student values('40999', 'Johan', 'DK', 81);
insert into student values('88284', 'Kiki', 'BN', 74);
insert into student values('98902', 'Josu', 'DK', 72);
insert into student values('13244', 'yuyun', 'GO', 125);
insert into student values('32797', 'Yohan', 'ED', 91);
insert into student values('17436', 'Ande', 'RR', 111);
insert into student values('79607', 'Budi', 'BN', 106);
insert into student values('19862', 'Kiki', 'GT', 7);
insert into student values('66701', 'Ande', 'GO', 101);
insert into student values('6286', 'Ahmad', 'DE', 123);
insert into student values('16270', 'Ahmad', 'FR', 7);
insert into student values('76146', 'Ahmad', 'DK', 125);
insert into student values('51126', 'Budi', 'WW', 6);
insert into student values('90041', 'Johan', 'DK', 56);
insert into student values('44905', 'yuyun', 'DE', 23);
insert into student values('52390', 'Ande', 'BN', 72);
insert into student values('70582', 'Kiki', 'FR', 121);
insert into student values('87301', 'Johan', 'ED', 103);
insert into student values('87350', 'Ande', 'DE', 86);
insert into student values('68522', 'Adri', 'ED', 71);
insert into student values('28395', 'Kiki', 'DK', 0);
insert into student values('42166', 'Josu', 'ED', 60);
insert into student values('85731', 'yuyun', 'ED', 110);
insert into student values('36179', 'Ande', 'GT', 46);
insert into student values('17269', 'yuyun', 'DE', 70);
insert into student values('60084', 'Kiki', 'GO', 82);
insert into student values('8801', 'Kiki', 'KL', 53);
insert into student values('83032', 'Budi', 'ED', 37);
insert into student values('81810', 'rahmat', 'RR', 49);
insert into student values('72262', 'yuyun', 'BN', 96);
insert into student values('58972', 'Yohan', 'FR', 129);
insert into student values('49456', 'rahmat', 'DE', 39);
insert into student values('46431', 'Josu', 'DK', 83);
insert into student values('72146', 'Ande', 'GO', 109);
insert into student values('12516', 'Yohan', 'KL', 105);
insert into student values('85873', 'Ande', 'GO', 119);
insert into student values('27164', 'Josu', 'GO', 75);
insert into student values('637', 'Yohan', 'RR', 112);
insert into student values('86822', 'Ande', 'FR', 38);
insert into student values('46225', 'Budi', 'FR', 88);
insert into student values('75304', 'Ande', 'GO', 64);
insert into student values('32656', 'rahmat', 'GT', 121);
insert into student values('81970', 'Yohan', 'DK', 25);
insert into student values('80423', 'Yohan', 'DE', 46);
insert into student values('2560', 'Johan', 'ED', 81);
insert into student values('32592', 'Adri', 'KL', 46);
insert into student values('63158', 'Yohan', 'GT', 109);
insert into student values('83178', 'Johan', 'RR', 125);
insert into student values('37219', 'Ande', 'KL', 29);
insert into student values('5795', 'Ande', 'RR', 54);
insert into student values('38464', 'Yohan', 'ED', 23);
insert into student values('91056', 'Adri', 'GO', 19);
insert into student values('71984', 'Johan', 'DE', 66);
insert into student values('90065', 'Yohan', 'DK', 49);
insert into student values('29632', 'rahmat', 'DE', 29);
insert into student values('76048', 'Yohan', 'GT', 49);
insert into student values('60229', 'Ande', 'DE', 121);
insert into student values('72448', 'Josu', 'BN', 98);
insert into student values('4482', 'rahmat', 'FR', 81);
insert into student values('69311', 'Josu', 'RR', 32);
insert into student values('83297', 'Yohan', 'KL', 26);
insert into student values('82550', 'Ahmad', 'DE', 108);
insert into student values('3575', 'Josu', 'BN', 87);
insert into student values('8981', 'Budi', 'DK', 107);
insert into student values('32674', 'rahmat', 'ED', 99);
insert into student values('40442', 'Yohan', 'KL', 86);
insert into student values('18700', 'Yohan', 'DE', 121);
insert into student values('83752', 'Ahmad', 'GT', 56);
insert into student values('22439', 'Johan', 'DE', 114);
insert into student values('33938', 'Kiki', 'FR', 34);
insert into student values('42928', 'Adri', 'ED', 49);
insert into student values('22415', 'Josu', 'KL', 113);
insert into student values('5070', 'Yohan', 'RR', 59);
insert into student values('79748', 'Budi', 'DK', 86);
insert into takes values('22415', '222', '5', 'Fall', 2009, 'C-');
insert into takes values('87350', '216', '1', 'Fall', 2009, 'B+');
insert into takes values('76146', '859', '1', 'Fall', 2010, 'B ');
insert into takes values('83178', '242', '2', 'Spring', 2008, 'B ');
insert into takes values('22439', '888', '2', 'Spring', 2005, 'B-');
insert into takes values('46225', '845', '1', 'Spring', 2006, 'B-');
insert into takes values('37122', '222', '5', 'Fall', 2009, 'A-');
insert into takes values('63158', '542', '2', 'Spring', 2002, 'B-');
insert into takes values('83297', '160', '3', 'Spring', 2002, 'B ');
insert into takes values('13244', '485', '1', 'Spring', 2009, 'C+');
insert into takes values('18700', '650', '2', 'Fall', 2001, 'B ');
insert into takes values('5795', '130', '1', 'Spring', 2007, 'A ');
insert into takes values('70582', '639', '1', 'Fall', 2009, 'C+');
insert into takes values('1564', '285', '2', 'Fall', 2001, 'C+');
insert into takes values('79607', '437', '2', 'Spring', 2005, 'C-');
insert into takes values('32797', '654', '1', 'Fall', 2010, 'C+');
insert into takes values('40999', '270', '1', 'Spring', 2001, 'A ');
insert into takes values('64692', '716', '1', 'Fall', 2010, 'A+');
insert into takes values('37077', '628', '1', 'Fall', 2002, 'C ');
insert into takes values('44905', '732', '2', 'Fall', 2008, 'C+');
insert into takes values('85731', '437', '2', 'Spring', 2005, 'A+');
insert into takes values('68522', '344', '3', 'Spring', 2005, 'A-');
insert into takes values('37122', '740', '1', 'Spring', 2002, 'A-');
insert into takes values('8801', '542', '3', 'Spring', 2001, 'C-');
insert into takes values('32656', '355', '1', 'Spring', 2006, 'A-');
insert into takes values('36344', '544', '3', 'Fall', 2005, 'C+');
insert into takes values('42928', '761', '1', 'Fall', 2002, 'C-');
insert into takes values('9061', '103', '1', 'Spring', 2004, 'B-');
insert into takes values('3575', '950', '1', 'Fall', 2001, 'B ');
insert into takes values('79748', '971', '1', 'Fall', 2010, 'A+');
insert into takes values('71984', '164', '1', 'Fall', 2007, 'C-');
insert into takes values('37122', '804', '1', 'Fall', 2009, 'A+');
insert into takes values('71984', '485', '1', 'Spring', 2009, 'B-');
insert into takes values('81810', '319', '1', 'Fall', 2006, 'A-');
insert into takes values('29632', '103', '1', 'Spring', 2004, 'B-');
insert into takes values('18700', '632', '2', 'Spring', 2003, 'C+');
insert into takes values('85873', '775', '1', 'Spring', 2007, 'C ');
insert into takes values('17269', '797', '2', 'Spring', 2009, 'B ');
insert into takes values('17269', '741', '1', 'Spring', 2009, 'B-');
insert into takes values('46997', '355', '1', 'Spring', 2006, 'A ');
insert into takes values('28395', '270', '2', 'Fall', 2004, 'B ');
insert into takes values('27661', '544', '1', 'Fall', 2007, 'C ');
insert into takes values('60229', '195', '1', 'Spring', 2008, 'B+');
insert into takes values('32656', '222', '2', 'Fall', 2009, 'B+');
insert into takes values('98902', '216', '1', 'Fall', 2009, 'A-');
insert into takes values('53542', '716', '1', 'Fall', 2010, 'A ');
insert into takes values('34540', '503', '1', 'Fall', 2006, 'C+');
insert into takes values('78044', '132', '1', 'Spring', 2001, 'C ');
insert into takes values('13244', '967', '2', 'Spring', 2007, 'C+');
insert into takes values('76146', '751', '1', 'Fall', 2001, 'C ');
insert into takes values('87350', '443', '1', 'Fall', 2007, 'B ');
insert into takes values('76048', '782', '1', 'Spring', 2002, 'B-');
insert into takes values('86822', '222', '5', 'Fall', 2009, 'C+');
insert into takes values('17436', '650', '2', 'Fall', 2001, 'C+');
insert into takes values('18700', '739', '1', 'Fall', 2007, 'B-');
insert into takes values('68522', '283', '1', 'Spring', 2006, 'B-');
insert into takes values('85731', '628', '1', 'Fall', 2002, 'B-');
insert into takes values('79748', '971', '2', 'Fall', 2009, 'A ');
insert into takes values('82550', '670', '2', 'Fall', 2009, 'B-');
insert into takes values('81810', '807', '1', 'Spring', 2008, 'C+');
insert into takes values('40999', '913', '1', 'Fall', 2005, 'B ');
insert into takes values('60229', '654', '1', 'Fall', 2010, 'C-');
insert into takes values('28451', '222', '1', 'Spring', 2004, 'A+');
insert into takes values('83032', '929', '1', 'Fall', 2006, 'B ');
insert into takes values('86806', '628', '1', 'Fall', 2002, 'A ');
insert into takes values('94652', '544', '1', 'Fall', 2007, 'B-');
insert into takes values('27164', '125', '2', 'Spring', 2005, 'A+');
insert into takes values('90033', '852', '1', 'Fall', 2001, 'B+');
insert into takes values('86806', '888', '2', 'Spring', 2005, 'A ');
insert into takes values('83297', '717', '2', 'Fall', 2009, 'B-');
insert into takes values('44905', '670', '1', 'Fall', 2006, 'B-');
insert into takes values('86806', '141', '1', 'Fall', 2008, 'B+');
insert into takes values('12516', '141', '1', 'Fall', 2008, 'A ');
insert into takes values('71984', '362', '1', 'Spring', 2007, 'C+');
insert into takes values('17436', '586', '3', 'Spring', 2007, 'B-');
insert into takes values('91056', '864', '1', 'Spring', 2004, 'C-');
insert into takes values('72448', '768', '1', 'Fall', 2002, 'B ');
insert into takes values('49456', '334', '2', 'Fall', 2009, 'B+');
insert into takes values('32797', '807', '2', 'Spring', 2006, 'B-');
insert into takes values('22415', '370', '1', 'Fall', 2005, 'A-');
insert into takes values('40999', '795', '1', 'Spring', 2002, 'A+');
insert into takes values('17436', '540', '1', 'Spring', 2010, 'A+');
insert into takes values('6286', '542', '2', 'Spring', 2002, 'B+');
insert into takes values('79607', '640', '2', 'Spring', 2007, 'B ');
insert into takes values('17269', '125', '1', 'Fall', 2005, 'A+');
insert into takes values('85731', '906', '1', 'Spring', 2004, 'A-');
insert into takes values('40999', '125', '1', 'Fall', 2005, 'A+');
insert into takes values('86822', '216', '1', 'Fall', 2009, 'B+');
insert into takes values('32592', '650', '1', 'Fall', 2003, 'B-');
insert into takes values('17269', '929', '1', 'Fall', 2006, 'B-');
insert into takes values('25093', '548', '1', 'Spring', 2005, 'C+');
insert into takes values('64692', '160', '3', 'Spring', 2002, 'B-');
insert into takes values('637', '888', '1', 'Fall', 2004, 'A ');
insert into takes values('81970', '479', '1', 'Spring', 2008, 'C ');
insert into takes values('5070', '334', '1', 'Fall', 2010, 'A ');
insert into takes values('19862', '160', '2', 'Spring', 2008, 'B ');
insert into takes values('18700', '488', '1', 'Spring', 2004, 'B ');
insert into takes values('90041', '899', '1', 'Fall', 2006, 'C+');
insert into takes values('80489', '586', '3', 'Spring', 2007, 'B+');
insert into takes values('40999', '768', '2', 'Spring', 2005, 'A ');
insert into takes values('81810', '716', '1', 'Fall', 2010, 'B+');
insert into takes values('4482', '877', '2', 'Fall', 2007, 'A+');
insert into takes values('17436', '630', '1', 'Spring', 2001, 'B+');
insert into takes values('72146', '529', '1', 'Fall', 2007, 'B+');
insert into takes values('14237', '160', '2', 'Spring', 2008, 'B-');
insert into takes values('20094', '164', '2', 'Spring', 2001, 'A ');
insert into takes values('83752', '877', '2', 'Fall', 2007, 'A-');
insert into takes values('16346', '877', '2', 'Fall', 2007, 'B-');
insert into takes values('37077', '852', '1', 'Fall', 2001, 'A-');
insert into takes values('15460', '164', '1', 'Fall', 2007, 'C+');
insert into takes values('37122', '125', '2', 'Spring', 2005, 'C ');
insert into takes values('82550', '298', '1', 'Fall', 2004, 'B ');
insert into takes values('12516', '950', '1', 'Fall', 2001, 'B+');
insert into takes values('19862', '782', '1', 'Spring', 2002, 'B+');
insert into takes values('79748', '116', '2', 'Spring', 2001, 'A+');
insert into takes values('12516', '103', '1', 'Spring', 2004, 'A ');
insert into takes values('83178', '191', '1', 'Fall', 2004, 'C+');
insert into takes values('15460', '805', '1', 'Fall', 2007, 'C+');
insert into takes values('69311', '285', '2', 'Fall', 2001, 'A-');
insert into takes values('52958', '285', '1', 'Spring', 2009, 'C+');
insert into takes values('82550', '913', '2', 'Spring', 2002, 'C-');
insert into takes values('83752', '877', '1', 'Fall', 2007, 'C+');
insert into takes values('75304', '362', '2', 'Fall', 2004, 'B ');
insert into takes values('28451', '845', '1', 'Spring', 2006, 'B ');
insert into takes values('32797', '445', '1', 'Fall', 2006, 'A+');
insert into takes values('83178', '586', '3', 'Spring', 2007, 'A ');
insert into takes values('42928', '285', '1', 'Spring', 2009, 'C+');
insert into takes values('44905', '636', '1', 'Spring', 2006, 'B ');
insert into takes values('69311', '768', '3', 'Fall', 2002, 'B-');
insert into takes values('16346', '943', '2', 'Fall', 2002, 'C ');
insert into takes values('34540', '654', '1', 'Fall', 2010, 'C-');
insert into takes values('29632', '632', '1', 'Spring', 2003, 'A-');
insert into takes values('16346', '586', '2', 'Fall', 2009, 'C+');
insert into takes values('82550', '719', '1', 'Spring', 2006, 'A+');
insert into takes values('68522', '362', '3', 'Fall', 2002, 'A-');
insert into takes values('69311', '485', '1', 'Spring', 2009, 'A+');
insert into takes values('58972', '227', '1', 'Fall', 2007, 'C ');
insert into takes values('76048', '171', '1', 'Spring', 2005, 'A ');
insert into takes values('88284', '761', '1', 'Fall', 2002, 'C+');
insert into takes values('88284', '334', '3', 'Fall', 2004, 'B-');
insert into takes values('3575', '781', '1', 'Spring', 2004, 'A+');
insert into takes values('53542', '164', '2', 'Spring', 2001, 'C ');
insert into takes values('5070', '116', '1', 'Spring', 2003, 'B-');
insert into takes values('90065', '222', '5', 'Fall', 2009, 'C+');
insert into takes values('72146', '696', '2', 'Fall', 2003, 'A+');
insert into takes values('98902', '460', '1', 'Spring', 2006, 'C-');
insert into takes values('64692', '696', '2', 'Fall', 2003, 'B+');
insert into takes values('64692', '943', '2', 'Fall', 2002, 'C-');
insert into takes values('83297', '888', '2', 'Spring', 2005, 'A+');
insert into takes values('82550', '370', '1', 'Fall', 2005, 'B ');
insert into takes values('75304', '542', '2', 'Spring', 2002, 'A-');
insert into takes values('32592', '241', '2', 'Fall', 2003, 'A-');
insert into takes values('25093', '171', '1', 'Spring', 2005, 'B-');
insert into takes values('34540', '630', '1', 'Spring', 2001, 'A-');
insert into takes values('44905', '732', '1', 'Spring', 2008, 'A+');
insert into takes values('42166', '971', '1', 'Fall', 2010, 'B-');
insert into takes values('34540', '619', '2', 'Spring', 2004, 'A-');
insert into takes values('69311', '687', '1', 'Spring', 2008, 'B ');
insert into takes values('85731', '967', '2', 'Spring', 2007, 'C-');
insert into takes values('6286', '632', '1', 'Spring', 2003, 'B+');
insert into takes values('8801', '270', '2', 'Fall', 2004, 'B ');
insert into takes values('37077', '362', '1', 'Spring', 2007, 'C+');
insert into takes values('80489', '733', '3', 'Spring', 2004, 'A-');
insert into takes values('8801', '971', '3', 'Fall', 2009, 'C+');
insert into takes values('81970', '518', '1', 'Spring', 2010, 'C-');
insert into takes values('46997', '971', '3', 'Fall', 2009, 'C ');
insert into takes values('40999', '739', '1', 'Fall', 2007, 'C-');
insert into takes values('17269', '888', '1', 'Fall', 2004, 'C ');
insert into takes values('78044', '732', '2', 'Fall', 2008, 'C-');
insert into takes values('83032', '334', '2', 'Fall', 2009, 'C+');
insert into takes values('16270', '977', '1', 'Fall', 2005, 'B-');
insert into takes values('38464', '801', '1', 'Spring', 2009, 'C-');
insert into takes values('29632', '795', '1', 'Spring', 2002, 'B+');
insert into takes values('8801', '877', '2', 'Fall', 2007, 'C ');
insert into takes values('51126', '732', '2', 'Fall', 2008, 'A ');
insert into takes values('46225', '969', '1', 'Spring', 2007, 'C-');
insert into takes values('8801', '733', '2', 'Fall', 2008, 'A+');
insert into takes values('36344', '853', '1', 'Spring', 2009, 'B+');
insert into takes values('87705', '632', '2', 'Spring', 2003, 'C+');
insert into takes values('44905', '160', '3', 'Spring', 2002, 'A+');
insert into takes values('34540', '852', '1', 'Fall', 2001, 'A-');
insert into takes values('16346', '118', '1', 'Spring', 2001, 'C+');
insert into takes values('81810', '719', '1', 'Spring', 2006, 'A ');
insert into takes values('32674', '967', '1', 'Spring', 2005, 'C-');
insert into takes values('75304', '270', '1', 'Spring', 2001, 'A-');
insert into takes values('90033', '306', '1', 'Spring', 2004, 'A+');
insert into takes values('36344', '962', '2', 'Fall', 2006, 'B ');
insert into takes values('36462', '733', '3', 'Spring', 2004, 'A+');
insert into takes values('8981', '319', '1', 'Fall', 2006, 'A-');
insert into takes values('58972', '134', '1', 'Spring', 2002, 'B-');
insert into takes values('94652', '130', '1', 'Spring', 2007, 'B+');
insert into takes values('13244', '503', '1', 'Fall', 2006, 'C-');
insert into takes values('85873', '781', '1', 'Spring', 2004, 'C-');
insert into takes values('15460', '344', '2', 'Spring', 2003, 'C-');
insert into takes values('55919', '222', '5', 'Fall', 2009, 'C+');
insert into takes values('28395', '285', '2', 'Fall', 2001, 'B+');
insert into takes values('36462', '717', '2', 'Fall', 2009, 'C ');
insert into takes values('83032', '640', '2', 'Spring', 2007, 'A-');
insert into takes values('91056', '906', '1', 'Spring', 2004, 'C+');
insert into takes values('46225', '437', '2', 'Spring', 2005, 'A+');
insert into advisor values('28451', '70055');
insert into advisor values('14237', '49980');
insert into advisor values('78044', '90874');
insert into advisor values('20094', '63806');
insert into advisor values('15460', '42627');
insert into advisor values('52958', '51606');
insert into advisor values('86806', '35852');
insert into advisor values('37077', '70055');
insert into advisor values('46997', '88500');
insert into advisor values('25093', '70055');
insert into advisor values('92786', '94632');
insert into advisor values('36344', '97226');
insert into advisor values('9061', '94632');
insert into advisor values('53542', '26823');
insert into advisor values('90033', '19817');
insert into advisor values('36462', '85222');
insert into advisor values('37122', '16060');
insert into advisor values('87705', '73622');
insert into advisor values('55919', '19817');
insert into advisor values('1564', '12208');
insert into advisor values('16346', '88500');
insert into advisor values('64692', '12208');
insert into advisor values('34540', '61971');
insert into advisor values('80489', '61971');
insert into advisor values('94652', '48966');
insert into advisor values('27661', '12208');
insert into advisor values('40999', '49980');
insert into advisor values('88284', '49511');
insert into advisor values('98902', '69874');
insert into advisor values('13244', '61658');
insert into advisor values('32797', '66435');
insert into advisor values('17436', '9495');
insert into advisor values('79607', '31937');
insert into advisor values('19862', '69874');
insert into advisor values('66701', '20733');
insert into advisor values('6286', '20733');
insert into advisor values('16270', '88071');
insert into advisor values('76146', '43777');
insert into advisor values('51126', '28974');
insert into advisor values('90041', '49511');
insert into advisor values('44905', '48966');
insert into advisor values('52390', '22923');
insert into advisor values('70582', '91084');
insert into advisor values('87301', '20733');
insert into advisor values('87350', '46930');
insert into advisor values('68522', '31363');
insert into advisor values('28395', '66435');
insert into advisor values('42166', '12208');
insert into advisor values('85731', '61658');
insert into advisor values('36179', '84733');
insert into advisor values('17269', '94632');
insert into advisor values('60084', '48966');
insert into advisor values('8801', '19817');
insert into advisor values('83032', '62371');
insert into advisor values('81810', '72454');
insert into advisor values('72262', '46930');
insert into advisor values('58972', '43777');
insert into advisor values('49456', '7810');
insert into advisor values('46431', '21976');
insert into advisor values('72146', '94632');
insert into advisor values('12516', '49980');
insert into advisor values('85873', '88071');
insert into advisor values('27164', '49980');
insert into advisor values('637', '9495');
insert into advisor values('86822', '31937');
insert into advisor values('46225', '49511');
insert into advisor values('75304', '73622');
insert into advisor values('32656', '97226');
insert into advisor values('81970', '94632');
insert into advisor values('80423', '94632');
insert into advisor values('2560', '21976');
insert into advisor values('32592', '64998');
insert into advisor values('63158', '9495');
insert into advisor values('83178', '25513');
insert into advisor values('37219', '64998');
insert into advisor values('5795', '61971');
insert into advisor values('38464', '73622');
insert into advisor values('91056', '51606');
insert into advisor values('71984', '31363');
insert into advisor values('90065', '85222');
insert into advisor values('29632', '67517');
insert into advisor values('76048', '88737');
insert into advisor values('60229', '906');
insert into advisor values('72448', '31363');
insert into advisor values('4482', '19817');
insert into advisor values('69311', '36769');
insert into advisor values('83297', '48966');
insert into advisor values('82550', '46930');
insert into advisor values('3575', '43777');
insert into advisor values('8981', '88737');
insert into advisor values('32674', '75177');
insert into advisor values('40442', '7810');
insert into advisor values('18700', '88737');
insert into advisor values('83752', '46930');
insert into advisor values('22439', '9495');
insert into advisor values('33938', '69874');
insert into advisor values('42928', '69874');
insert into advisor values('22415', '51606');
insert into advisor values('5070', '22923');
insert into advisor values('79748', '90874');
insert into prereq values('546', '669');
insert into prereq values('164', '739');
insert into prereq values('792', '977');
insert into prereq values('589', '687');
insert into prereq values('319', '164');
insert into prereq values('589', '391');
insert into prereq values('195', '702');
insert into prereq values('116', '795');
insert into prereq values('285', '479');
insert into prereq values('900', '640');
insert into prereq values('572', '334');
insert into prereq values('650', '460');
insert into prereq values('234', '327');
insert into prereq values('757', '355');
insert into prereq values('929', '247');
insert into prereq values('743', '970');
insert into prereq values('960', '479');
insert into prereq values('254', '807');
insert into prereq values('195', '932');
insert into prereq values('626', '160');
insert into prereq values('847', '433');
insert into prereq values('792', '825');
insert into prereq values('628', '893');
insert into prereq values('628', '993');
insert into prereq values('518', '955');
insert into prereq values('864', '503');
insert into prereq values('766', '782');
insert into prereq values('221', '762');
insert into prereq values('488', '650');
insert into prereq values('188', '548');
insert into prereq values('702', '362');
insert into prereq values('913', '173');
insert into prereq values('960', '472');
insert into prereq values('188', '847');
insert into prereq values('460', '797');
insert into prereq values('811', '757');
insert into prereq values('173', '370');
insert into prereq values('741', '248');
insert into prereq values('279', '503');
insert into prereq values('340', '900');
insert into prereq values('489', '847');
insert into prereq values('955', '220');
insert into prereq values('885', '762');
insert into prereq values('711', '929');
insert into prereq values('154', '807');
insert into prereq values('341', '639');
insert into prereq values('125', '445');
insert into prereq values('628', '361');
insert into prereq values('977', '529');
insert into prereq values('717', '761');
insert into prereq values('766', '548');
insert into prereq values('344', '150');
insert into prereq values('792', '717');
insert into prereq values('552', '847');
insert into prereq values('702', '989');
insert into prereq values('807', '955');
insert into prereq values('266', '154');
insert into prereq values('484', '347');
insert into prereq values('552', '472');
insert into prereq values('900', '367');
insert into prereq values('640', '234');
insert into prereq values('586', '796');
insert into prereq values('154', '125');
insert into prereq values('347', '757');
insert into prereq values('893', '188');
insert into prereq values('962', '881');
insert into prereq values('807', '765');
insert into prereq values('110', '626');
insert into prereq values('370', '751');
insert into prereq values('687', '279');
insert into prereq values('347', '654');
insert into prereq values('152', '636');
insert into prereq values('489', '471');
insert into prereq values('746', '191');
insert into prereq values('640', '241');
insert into prereq values('807', '669');
insert into prereq values('351', '482');
insert into prereq values('654', '473');
insert into prereq values('341', '327');
insert into prereq values('757', '234');
insert into prereq values('757', '950');
insert into prereq values('804', '334');
insert into prereq values('134', '165');
insert into prereq values('977', '152');
insert into prereq values('253', '782');
insert into prereq values('893', '982');
insert into prereq values('173', '340');
insert into prereq values('340', '943');
insert into prereq values('429', '518');
insert into prereq values('447', '433');
insert into prereq values('110', '370');
insert into prereq values('951', '725');
insert into prereq values('906', '234');
insert into prereq values('121', '285');
insert into prereq values('327', '781');
insert into prereq values('572', '132');
insert into prereq values('689', '340');
insert into prereq values('628', '893');
insert into prereq values('195', '962');
insert into prereq values('145', '524');
