insert into classroom values('E', 268, 155);
insert into classroom values('A', 397, 19);
insert into classroom values('I', 963, 127);
insert into classroom values('I', 436, 15);
insert into classroom values('F', 376, 11);
insert into classroom values('B', 537, 18);
insert into classroom values('B', 95, 41);
insert into classroom values('B', 547, 10);
insert into classroom values('G', 190, 103);
insert into classroom values('A', 613, 205);
insert into department values('BN', 'F', 681241.84);
insert into department values('HH', 'E', 187389.96);
insert into department values('WW', 'H', 609278.31);
insert into department values('HI', 'G', 335775.52);
insert into department values('GT', 'A', 657669.78);
insert into department values('DK', 'D', 518177.23);
insert into department values('DE', 'H', 430856.27);
insert into department values('GF', 'C', 197273.18);
insert into department values('EL', 'D', 612241.43);
insert into department values('SS', 'I', 518637.38);
insert into course values('855', 'IF4321', 'HH', 3);
insert into course values('788', 'IF3120', 'SS', 3);
insert into course values('734', 'IF3030', 'BN', 3);
insert into course values('124', 'IF5555', 'DE', 3);
insert into course values('865', 'IF4321', 'DK', 4);
insert into course values('584', 'IF0230', 'WW', 3);
insert into course values('346', 'IF4321', 'SS', 3);
insert into course values('603', 'IF3030', 'HI', 4);
insert into course values('102', 'IF4321', 'WW', 4);
insert into course values('981', 'IF3022', 'BN', 4);
insert into course values('446', 'IF3031', 'GT', 4);
insert into course values('638', 'IF3333', 'GT', 4);
insert into course values('238', 'IF3030', 'SS', 4);
insert into course values('262', 'IF3120', 'HI', 3);
insert into course values('820', 'IF3022', 'SS', 4);
insert into course values('980', 'IF3211', 'WW', 3);
insert into course values('144', 'IF0230', 'GT', 3);
insert into course values('204', 'IF4041', 'DE', 4);
insert into course values('790', 'IF4321', 'BN', 4);
insert into course values('974', 'IF3211', 'DK', 4);
insert into course values('121', 'IF3030', 'BN', 4);
insert into course values('472', 'IF3120', 'EL', 3);
insert into course values('340', 'IF3211', 'GT', 3);
insert into course values('387', 'IF4041', 'GT', 4);
insert into course values('374', 'IF5555', 'GF', 4);
insert into course values('192', 'IF3022', 'GF', 4);
insert into course values('522', 'IF0230', 'EL', 4);
insert into course values('400', 'IF3333', 'GF', 4);
insert into course values('146', 'IF0230', 'BN', 4);
insert into course values('939', 'IF4321', 'WW', 3);
insert into course values('474', 'IF5555', 'WW', 3);
insert into course values('640', 'IF3030', 'WW', 4);
insert into course values('735', 'IF4321', 'EL', 3);
insert into course values('676', 'IF3120', 'DK', 4);
insert into course values('862', 'IF4321', 'HI', 3);
insert into course values('287', 'IF3031', 'BN', 3);
insert into course values('599', 'IF0230', 'EL', 3);
insert into course values('797', 'IF4321', 'HH', 4);
insert into course values('962', 'IF3022', 'SS', 4);
insert into course values('367', 'IF3120', 'DK', 3);
insert into course values('189', 'IF3120', 'WW', 3);
insert into course values('460', 'IF3030', 'BN', 3);
insert into course values('352', 'IF3030', 'SS', 4);
insert into course values('958', 'IF3333', 'DK', 3);
insert into course values('160', 'IF3211', 'WW', 3);
insert into course values('894', 'IF4041', 'DK', 4);
insert into course values('391', 'IF3022', 'HI', 3);
insert into course values('512', 'IF0230', 'HH', 4);
insert into course values('479', 'IF3031', 'WW', 3);
insert into course values('129', 'IF3030', 'HH', 3);
insert into course values('359', 'IF5555', 'GF', 4);
insert into course values('860', 'IF3022', 'SS', 4);
insert into course values('183', 'IF0230', 'BN', 3);
insert into course values('898', 'IF3333', 'WW', 3);
insert into course values('759', 'IF4041', 'GF', 3);
insert into course values('563', 'IF3120', 'BN', 4);
insert into course values('311', 'IF3022', 'SS', 3);
insert into course values('312', 'IF4321', 'DK', 4);
insert into course values('288', 'IF3211', 'GF', 3);
insert into course values('417', 'IF3030', 'SS', 3);
insert into course values('612', 'IF5555', 'HH', 4);
insert into course values('154', 'IF0230', 'HI', 3);
insert into course values('681', 'IF5555', 'EL', 4);
insert into course values('935', 'IF3120', 'BN', 4);
insert into course values('709', 'IF4321', 'SS', 3);
insert into course values('246', 'IF0230', 'HI', 3);
insert into course values('908', 'IF4321', 'DE', 4);
insert into course values('497', 'IF3022', 'HI', 3);
insert into course values('575', 'IF4321', 'WW', 4);
insert into course values('807', 'IF4041', 'WW', 4);
insert into course values('418', 'IF0230', 'HH', 3);
insert into course values('549', 'IF0230', 'DE', 3);
insert into course values('249', 'IF3120', 'GT', 4);
insert into course values('209', 'IF3120', 'HI', 3);
insert into course values('597', 'IF5555', 'WW', 3);
insert into course values('548', 'IF0230', 'DK', 4);
insert into course values('966', 'IF3333', 'WW', 3);
insert into course values('825', 'IF3022', 'GF', 4);
insert into course values('583', 'IF3120', 'WW', 3);
insert into course values('450', 'IF3031', 'HI', 3);
insert into course values('911', 'IF0230', 'EL', 3);
insert into course values('526', 'IF5555', 'EL', 4);
insert into course values('661', 'IF3333', 'GT', 3);
insert into course values('618', 'IF3022', 'DK', 3);
insert into course values('579', 'IF4041', 'HI', 3);
insert into course values('429', 'IF4321', 'EL', 3);
insert into course values('172', 'IF3022', 'EL', 4);
insert into course values('689', 'IF4041', 'GT', 4);
insert into course values('721', 'IF3211', 'DK', 4);
insert into course values('451', 'IF4321', 'BN', 3);
insert into course values('167', 'IF3022', 'GT', 4);
insert into course values('188', 'IF3211', 'WW', 4);
insert into course values('250', 'IF3211', 'WW', 3);
insert into course values('903', 'IF4041', 'WW', 4);
insert into course values('779', 'IF3211', 'GF', 3);
insert into course values('157', 'IF4321', 'WW', 4);
insert into course values('261', 'IF3030', 'DK', 3);
insert into course values('660', 'IF3022', 'HI', 4);
insert into course values('749', 'IF3120', 'DK', 4);
insert into course values('424', 'IF3211', 'BN', 4);
insert into course values('162', 'IF3333', 'DK', 3);
insert into course values('476', 'IF3120', 'WW', 3);
insert into course values('524', 'IF3333', 'DK', 3);
insert into course values('168', 'IF5555', 'SS', 4);
insert into course values('922', 'IF3031', 'SS', 3);
insert into course values('425', 'IF4321', 'SS', 4);
insert into course values('492', 'IF4321', 'HI', 3);
insert into course values('995', 'IF3031', 'WW', 3);
insert into course values('699', 'IF3030', 'SS', 4);
insert into course values('679', 'IF3030', 'EL', 3);
insert into course values('605', 'IF3031', 'HH', 3);
insert into course values('805', 'IF0230', 'GF', 3);
insert into course values('569', 'IF3031', 'DE', 4);
insert into course values('624', 'IF3120', 'GT', 3);
insert into course values('953', 'IF4041', 'HI', 4);
insert into course values('269', 'IF3031', 'DK', 3);
insert into course values('461', 'IF3022', 'GF', 3);
insert into course values('582', 'IF3120', 'HH', 3);
insert into course values('838', 'IF4041', 'BN', 3);
insert into course values('591', 'IF3022', 'GF', 3);
insert into course values('682', 'IF5555', 'HI', 3);
insert into course values('191', 'IF4321', 'SS', 3);
insert into course values('473', 'IF3030', 'BN', 4);
insert into course values('610', 'IF3031', 'BN', 3);
insert into course values('345', 'IF0230', 'GF', 4);
insert into course values('615', 'IF4041', 'DE', 4);
insert into course values('637', 'IF3022', 'GT', 4);
insert into course values('231', 'IF3022', 'HI', 3);
insert into course values('722', 'IF4041', 'GF', 3);
insert into course values('205', 'IF3022', 'HH', 4);
insert into course values('297', 'IF3211', 'DK', 4);
insert into course values('617', 'IF0230', 'DK', 4);
insert into course values('199', 'IF3030', 'HI', 4);
insert into course values('482', 'IF4041', 'DE', 3);
insert into course values('300', 'IF3022', 'HH', 3);
insert into course values('332', 'IF3031', 'SS', 4);
insert into course values('607', 'IF3022', 'DK', 4);
insert into course values('259', 'IF0230', 'DK', 4);
insert into course values('929', 'IF3211', 'WW', 4);
insert into course values('690', 'IF0230', 'GF', 4);
insert into course values('890', 'IF3022', 'DK', 3);
insert into course values('455', 'IF4041', 'GT', 3);
insert into course values('325', 'IF3030', 'GT', 4);
insert into course values('847', 'IF3333', 'GF', 4);
insert into course values('917', 'IF3031', 'WW', 4);
insert into course values('398', 'IF5555', 'HI', 4);
insert into course values('478', 'IF5555', 'BN', 4);
insert into course values('921', 'IF4041', 'HI', 4);
insert into course values('753', 'IF3022', 'EL', 4);
insert into course values('239', 'IF3211', 'DE', 3);
insert into course values('628', 'IF3030', 'HI', 4);
insert into course values('208', 'IF3333', 'WW', 3);
insert into course values('763', 'IF5555', 'HI', 3);
insert into course values('270', 'IF4041', 'HH', 4);
insert into course values('701', 'IF3022', 'EL', 4);
insert into course values('371', 'IF3120', 'DE', 3);
insert into course values('675', 'IF3031', 'GT', 3);
insert into course values('382', 'IF5555', 'HI', 4);
insert into course values('710', 'IF3211', 'HI', 4);
insert into course values('533', 'IF0230', 'WW', 3);
insert into course values('783', 'IF3120', 'WW', 4);
insert into course values('924', 'IF3031', 'GF', 4);
insert into course values('658', 'IF3022', 'HI', 4);
insert into course values('968', 'IF3120', 'SS', 4);
insert into course values('286', 'IF4041', 'HH', 3);
insert into course values('505', 'IF4041', 'EL', 3);
insert into course values('770', 'IF4321', 'SS', 3);
insert into course values('678', 'IF3022', 'WW', 4);
insert into course values('324', 'IF0230', 'BN', 3);
insert into course values('468', 'IF0230', 'DE', 3);
insert into course values('740', 'IF0230', 'HH', 4);
insert into course values('171', 'IF3333', 'EL', 3);
insert into course values('800', 'IF3211', 'GT', 4);
insert into course values('258', 'IF3030', 'WW', 4);
insert into course values('895', 'IF4321', 'EL', 3);
insert into course values('282', 'IF5555', 'HH', 4);
insert into course values('745', 'IF0230', 'HH', 4);
insert into course values('260', 'IF3120', 'HI', 4);
insert into course values('621', 'IF3030', 'DK', 4);
insert into course values('648', 'IF3120', 'HI', 3);
insert into course values('839', 'IF4041', 'GT', 3);
insert into course values('448', 'IF0230', 'BN', 3);
insert into course values('683', 'IF4321', 'EL', 4);
insert into course values('830', 'IF4041', 'GF', 3);
insert into course values('976', 'IF3030', 'DK', 4);
insert into course values('668', 'IF3030', 'GT', 3);
insert into course values('517', 'IF3022', 'DE', 4);
insert into course values('116', 'IF3211', 'DK', 3);
insert into course values('864', 'IF4321', 'GT', 3);
insert into course values('798', 'IF0230', 'GT', 4);
insert into course values('614', 'IF3022', 'GF', 4);
insert into course values('827', 'IF4041', 'HI', 3);
insert into course values('383', 'IF3211', 'HH', 4);
insert into course values('842', 'IF3022', 'HI', 4);
insert into course values('409', 'IF3211', 'WW', 4);
insert into course values('135', 'IF5555', 'SS', 3);
insert into course values('545', 'IF3120', 'HI', 4);
insert into course values('852', 'IF3211', 'EL', 4);
insert into course values('362', 'IF3333', 'WW', 3);
insert into course values('126', 'IF3211', 'BN', 4);
insert into instructor values('45519', 'Josu', 'HH', 103417.75);
insert into instructor values('40498', 'rahmat', 'EL', 46841.05);
insert into instructor values('49675', 'Josu', 'EL', 100523.61);
insert into instructor values('72010', 'Ahmad', 'HH', 52266.82);
insert into instructor values('34854', 'rahmat', 'SS', 104442.14);
insert into instructor values('38472', 'Johan', 'GF', 73815.18);
insert into instructor values('51347', 'Kiki', 'HH', 90248.81);
insert into instructor values('10479', 'rahmat', 'GT', 70883.04);
insert into instructor values('74193', 'Yohan', 'WW', 49438.59);
insert into instructor values('85736', 'Adri', 'DE', 45934.18);
insert into instructor values('11367', 'rahmat', 'DK', 97785.94);
insert into instructor values('76906', 'Ande', 'HI', 80475.17);
insert into instructor values('48742', 'Josu', 'WW', 105294.33);
insert into instructor values('47090', 'Yohan', 'HH', 37738.98);
insert into instructor values('57484', 'Budi', 'DK', 66597.73);
insert into instructor values('43657', 'Josu', 'EL', 118456.40);
insert into instructor values('42525', 'Johan', 'DE', 41992.73);
insert into instructor values('60643', 'yuyun', 'BN', 31973.96);
insert into instructor values('96618', 'rahmat', 'GF', 64221.69);
insert into instructor values('68892', 'Yohan', 'GT', 123981.36);
insert into instructor values('89643', 'Johan', 'SS', 124193.57);
insert into instructor values('93946', 'Kiki', 'GT', 84240.08);
insert into instructor values('93894', 'Ahmad', 'DK', 120020.35);
insert into instructor values('59824', 'Ande', 'EL', 42958.70);
insert into instructor values('79432', 'Kiki', 'HH', 78063.64);
insert into instructor values('83702', 'Adri', 'WW', 52839.65);
insert into instructor values('79272', 'Ande', 'HH', 32127.26);
insert into instructor values('2835', 'Ande', 'SS', 45325.67);
insert into instructor values('43976', 'rahmat', 'HI', 77498.11);
insert into instructor values('34358', 'Ande', 'HI', 44203.37);
insert into instructor values('90645', 'Ahmad', 'DE', 100228.98);
insert into instructor values('60182', 'Johan', 'SS', 117475.28);
insert into instructor values('97828', 'Yohan', 'EL', 118873.40);
insert into instructor values('65174', 'yuyun', 'HI', 49290.26);
insert into instructor values('95509', 'Yohan', 'GF', 65824.02);
insert into instructor values('83813', 'Johan', 'SS', 117726.67);
insert into instructor values('34801', 'Ande', 'DE', 78472.30);
insert into instructor values('78871', 'Budi', 'EL', 71351.07);
insert into instructor values('33101', 'Kiki', 'BN', 66599.13);
insert into instructor values('67759', 'yuyun', 'GF', 107729.32);
insert into instructor values('95399', 'Budi', 'GF', 71721.64);
insert into instructor values('41751', 'Budi', 'GT', 70446.00);
insert into instructor values('16901', 'Yohan', 'HI', 36563.70);
insert into instructor values('98724', 'Ahmad', 'HH', 97691.73);
insert into instructor values('96859', 'Ahmad', 'BN', 58383.45);
insert into instructor values('2804', 'Ande', 'BN', 75107.01);
insert into instructor values('88771', 'Kiki', 'DE', 108582.77);
insert into instructor values('17201', 'Josu', 'HI', 68325.15);
insert into instructor values('66724', 'Ahmad', 'GF', 62840.13);
insert into instructor values('52716', 'rahmat', 'DE', 36535.61);
insert into section values('894', '1', 'Fall', 2003, 'E', '268', 'P');
insert into section values('681', '1', 'Spring', 2003, 'A', '613', 'M');
insert into section values('701', '1', 'Fall', 2004, 'B', '95', 'K');
insert into section values('522', '1', 'Fall', 2008, 'F', '376', 'K');
insert into section values('807', '1', 'Spring', 2007, 'I', '436', 'A');
insert into section values('722', '1', 'Spring', 2005, 'G', '190', 'L');
insert into section values('847', '1', 'Fall', 2003, 'E', '268', 'E');
insert into section values('759', '1', 'Spring', 2002, 'A', '397', 'P');
insert into section values('770', '1', 'Fall', 2002, 'G', '190', 'G');
insert into section values('569', '1', 'Fall', 2006, 'A', '613', 'E');
insert into section values('371', '1', 'Fall', 2009, 'B', '547', 'B');
insert into section values('346', '1', 'Fall', 2004, 'F', '376', 'A');
insert into section values('448', '1', 'Spring', 2010, 'F', '376', 'I');
insert into section values('862', '1', 'Spring', 2005, 'I', '963', 'J');
insert into section values('517', '1', 'Spring', 2002, 'A', '613', 'G');
insert into section values('603', '1', 'Fall', 2004, 'I', '436', 'J');
insert into section values('517', '2', 'Fall', 2004, 'A', '613', 'K');
insert into section values('607', '1', 'Spring', 2010, 'B', '547', 'I');
insert into section values('582', '1', 'Fall', 2007, 'F', '376', 'B');
insert into section values('548', '1', 'Spring', 2007, 'I', '963', 'C');
insert into section values('709', '1', 'Fall', 2006, 'B', '547', 'A');
insert into section values('617', '1', 'Spring', 2005, 'A', '613', 'L');
insert into section values('575', '1', 'Spring', 2010, 'I', '436', 'B');
insert into section values('939', '1', 'Fall', 2007, 'I', '963', 'P');
insert into section values('239', '1', 'Spring', 2009, 'A', '613', 'A');
insert into section values('924', '1', 'Fall', 2006, 'B', '547', 'B');
insert into section values('209', '1', 'Spring', 2001, 'I', '436', 'I');
insert into section values('482', '1', 'Spring', 2010, 'F', '376', 'O');
insert into section values('759', '2', 'Spring', 2002, 'B', '547', 'J');
insert into section values('270', '1', 'Spring', 2003, 'A', '397', 'L');
insert into section values('189', '1', 'Spring', 2001, 'A', '397', 'N');
insert into section values('126', '1', 'Spring', 2007, 'A', '613', 'E');
insert into section values('492', '1', 'Fall', 2003, 'I', '436', 'O');
insert into section values('658', '1', 'Fall', 2003, 'I', '963', 'F');
insert into section values('346', '2', 'Spring', 2005, 'B', '537', 'A');
insert into section values('980', '1', 'Fall', 2002, 'G', '190', 'F');
insert into section values('312', '1', 'Spring', 2005, 'E', '268', 'G');
insert into section values('492', '2', 'Spring', 2001, 'E', '268', 'E');
insert into section values('800', '1', 'Spring', 2009, 'B', '95', 'D');
insert into section values('144', '1', 'Spring', 2010, 'B', '547', 'H');
insert into section values('249', '1', 'Spring', 2009, 'A', '613', 'E');
insert into section values('690', '1', 'Fall', 2003, 'G', '190', 'N');
insert into section values('735', '1', 'Fall', 2009, 'B', '547', 'L');
insert into section values('492', '3', 'Spring', 2002, 'E', '268', 'M');
insert into section values('890', '1', 'Spring', 2010, 'B', '547', 'N');
insert into section values('911', '1', 'Spring', 2004, 'G', '190', 'I');
insert into section values('311', '1', 'Fall', 2007, 'B', '547', 'L');
insert into section values('610', '1', 'Fall', 2002, 'I', '436', 'N');
insert into section values('721', '1', 'Fall', 2003, 'A', '613', 'P');
insert into section values('583', '1', 'Spring', 2007, 'A', '397', 'F');
insert into section values('135', '1', 'Spring', 2007, 'E', '268', 'G');
insert into section values('615', '1', 'Fall', 2009, 'B', '547', 'J');
insert into section values('582', '2', 'Spring', 2009, 'A', '613', 'J');
insert into section values('157', '1', 'Spring', 2003, 'A', '397', 'N');
insert into section values('474', '1', 'Fall', 2002, 'F', '376', 'O');
insert into section values('838', '1', 'Spring', 2001, 'A', '613', 'L');
insert into section values('476', '1', 'Spring', 2004, 'B', '95', 'J');
insert into section values('721', '2', 'Spring', 2004, 'B', '547', 'E');
insert into section values('374', '1', 'Spring', 2010, 'I', '963', 'B');
insert into section values('825', '1', 'Fall', 2002, 'E', '268', 'K');
insert into section values('124', '1', 'Spring', 2008, 'G', '190', 'C');
insert into section values('921', '1', 'Fall', 2001, 'B', '547', 'L');
insert into section values('497', '1', 'Fall', 2008, 'A', '397', 'B');
insert into section values('922', '1', 'Spring', 2009, 'I', '963', 'C');
insert into section values('701', '2', 'Spring', 2001, 'I', '963', 'B');
insert into section values('678', '1', 'Spring', 2001, 'G', '190', 'O');
insert into section values('591', '1', 'Spring', 2008, 'A', '397', 'E');
insert into section values('968', '1', 'Fall', 2010, 'G', '190', 'M');
insert into section values('374', '2', 'Spring', 2008, 'G', '190', 'I');
insert into section values('599', '1', 'Fall', 2005, 'F', '376', 'A');
insert into section values('146', '1', 'Fall', 2005, 'I', '963', 'K');
insert into section values('162', '1', 'Fall', 2010, 'B', '95', 'P');
insert into section values('282', '1', 'Spring', 2004, 'I', '963', 'N');
insert into section values('287', '1', 'Spring', 2010, 'I', '963', 'M');
insert into section values('188', '1', 'Spring', 2009, 'B', '537', 'A');
insert into section values('617', '2', 'Spring', 2010, 'A', '613', 'G');
insert into section values('450', '1', 'Spring', 2002, 'A', '613', 'A');
insert into section values('860', '1', 'Spring', 2006, 'A', '397', 'B');
insert into section values('446', '1', 'Spring', 2003, 'E', '268', 'E');
insert into section values('614', '1', 'Fall', 2008, 'E', '268', 'F');
insert into section values('287', '2', 'Fall', 2007, 'I', '436', 'N');
insert into section values('827', '1', 'Fall', 2003, 'G', '190', 'C');
insert into section values('661', '1', 'Spring', 2002, 'A', '613', 'F');
insert into section values('842', '1', 'Fall', 2009, 'I', '963', 'J');
insert into section values('549', '1', 'Spring', 2003, 'G', '190', 'C');
insert into section values('545', '1', 'Fall', 2001, 'A', '397', 'F');
insert into section values('894', '2', 'Spring', 2004, 'G', '190', 'C');
insert into section values('862', '2', 'Fall', 2004, 'B', '95', 'J');
insert into section values('618', '1', 'Fall', 2008, 'F', '376', 'P');
insert into section values('387', '1', 'Spring', 2007, 'F', '376', 'J');
insert into section values('842', '2', 'Fall', 2004, 'G', '190', 'D');
insert into section values('974', '1', 'Fall', 2008, 'B', '537', 'E');
insert into section values('628', '1', 'Fall', 2009, 'B', '95', 'I');
insert into section values('612', '1', 'Fall', 2005, 'B', '95', 'H');
insert into section values('545', '2', 'Fall', 2002, 'A', '613', 'P');
insert into section values('740', '1', 'Spring', 2001, 'I', '436', 'M');
insert into section values('270', '2', 'Spring', 2010, 'I', '436', 'M');
insert into section values('191', '1', 'Fall', 2008, 'F', '376', 'C');
insert into section values('618', '2', 'Spring', 2007, 'B', '95', 'O');
insert into section values('238', '1', 'Fall', 2006, 'G', '190', 'J');
insert into section values('418', '1', 'Spring', 2009, 'A', '397', 'B');
insert into section values('981', '1', 'Fall', 2008, 'A', '613', 'G');
insert into section values('548', '2', 'Fall', 2003, 'B', '95', 'G');
insert into section values('628', '2', 'Spring', 2010, 'A', '397', 'C');
insert into section values('582', '3', 'Spring', 2009, 'A', '613', 'H');
insert into section values('683', '1', 'Spring', 2010, 'I', '436', 'E');
insert into section values('621', '1', 'Fall', 2009, 'B', '547', 'K');
insert into section values('121', '1', 'Spring', 2004, 'A', '397', 'A');
insert into section values('124', '2', 'Spring', 2002, 'B', '95', 'L');
insert into section values('157', '2', 'Spring', 2003, 'G', '190', 'L');
insert into section values('171', '1', 'Fall', 2004, 'B', '537', 'E');
insert into section values('865', '1', 'Fall', 2004, 'B', '537', 'E');
insert into section values('126', '2', 'Spring', 2007, 'E', '268', 'B');
insert into section values('855', '1', 'Spring', 2003, 'F', '376', 'I');
insert into section values('162', '2', 'Spring', 2004, 'B', '547', 'B');
insert into section values('352', '1', 'Spring', 2008, 'A', '397', 'E');
insert into section values('478', '1', 'Spring', 2001, 'I', '436', 'H');
insert into section values('830', '1', 'Spring', 2007, 'I', '963', 'D');
insert into section values('455', '1', 'Fall', 2010, 'F', '376', 'P');
insert into section values('805', '1', 'Fall', 2005, 'B', '537', 'H');
insert into section values('517', '3', 'Fall', 2008, 'A', '613', 'F');
insert into section values('400', '1', 'Spring', 2003, 'I', '436', 'F');
insert into section values('935', '1', 'Spring', 2005, 'I', '436', 'I');
insert into section values('753', '1', 'Spring', 2009, 'E', '268', 'F');
insert into section values('287', '3', 'Spring', 2004, 'G', '190', 'C');
insert into section values('935', '2', 'Spring', 2005, 'G', '190', 'C');
insert into section values('346', '3', 'Spring', 2004, 'B', '547', 'G');
insert into section values('924', '2', 'Spring', 2002, 'B', '537', 'F');
insert into section values('690', '2', 'Fall', 2006, 'A', '397', 'K');
insert into section values('429', '1', 'Spring', 2009, 'F', '376', 'M');
insert into section values('239', '2', 'Spring', 2005, 'G', '190', 'G');
insert into section values('424', '1', 'Fall', 2007, 'B', '537', 'H');
insert into section values('917', '1', 'Spring', 2001, 'B', '95', 'L');
insert into section values('549', '2', 'Spring', 2009, 'A', '613', 'O');
insert into section values('800', '2', 'Spring', 2005, 'A', '397', 'L');
insert into section values('610', '2', 'Fall', 2009, 'G', '190', 'I');
insert into section values('332', '1', 'Spring', 2006, 'I', '436', 'D');
insert into section values('332', '2', 'Fall', 2005, 'B', '95', 'D');
insert into section values('783', '1', 'Fall', 2001, 'A', '397', 'F');
insert into section values('352', '2', 'Spring', 2010, 'I', '436', 'C');
insert into section values('690', '3', 'Spring', 2001, 'F', '376', 'G');
insert into section values('208', '1', 'Spring', 2002, 'F', '376', 'H');
insert into section values('231', '1', 'Fall', 2004, 'I', '436', 'I');
insert into section values('191', '2', 'Fall', 2005, 'G', '190', 'N');
insert into section values('261', '1', 'Spring', 2002, 'I', '963', 'C');
insert into section values('146', '2', 'Spring', 2002, 'B', '537', 'B');
insert into section values('710', '1', 'Fall', 2009, 'E', '268', 'K');
insert into section values('894', '3', 'Spring', 2006, 'B', '95', 'P');
insert into section values('548', '3', 'Fall', 2005, 'A', '613', 'H');
insert into section values('545', '3', 'Spring', 2003, 'G', '190', 'E');
insert into section values('924', '3', 'Spring', 2002, 'F', '376', 'N');
insert into section values('721', '3', 'Spring', 2008, 'E', '268', 'O');
insert into section values('976', '1', 'Fall', 2001, 'B', '547', 'E');
insert into section values('367', '1', 'Spring', 2002, 'I', '963', 'K');
insert into section values('362', '1', 'Fall', 2007, 'B', '537', 'J');
insert into section values('183', '1', 'Spring', 2003, 'E', '268', 'M');
insert into section values('367', '2', 'Fall', 2004, 'I', '963', 'P');
insert into section values('425', '1', 'Spring', 2004, 'A', '613', 'P');
insert into section values('300', '1', 'Fall', 2006, 'A', '613', 'D');
insert into section values('398', '1', 'Fall', 2010, 'B', '547', 'C');
insert into section values('199', '1', 'Fall', 2008, 'G', '190', 'C');
insert into section values('895', '1', 'Fall', 2009, 'B', '547', 'J');
insert into section values('451', '1', 'Fall', 2005, 'G', '190', 'I');
insert into section values('838', '2', 'Fall', 2009, 'I', '436', 'L');
insert into section values('660', '1', 'Fall', 2001, 'G', '190', 'E');
insert into section values('763', '1', 'Spring', 2006, 'I', '963', 'G');
insert into section values('612', '2', 'Spring', 2010, 'I', '963', 'G');
insert into section values('258', '1', 'Spring', 2008, 'A', '613', 'G');
insert into section values('129', '1', 'Fall', 2001, 'I', '963', 'D');
insert into section values('618', '3', 'Fall', 2009, 'G', '190', 'J');
insert into section values('312', '2', 'Fall', 2001, 'B', '547', 'A');
insert into section values('189', '2', 'Spring', 2007, 'B', '547', 'M');
insert into section values('345', '1', 'Spring', 2009, 'I', '436', 'D');
insert into section values('261', '2', 'Spring', 2008, 'E', '268', 'C');
insert into section values('890', '2', 'Fall', 2009, 'B', '547', 'K');
insert into section values('383', '1', 'Spring', 2006, 'F', '376', 'J');
insert into section values('522', '2', 'Fall', 2006, 'A', '397', 'B');
insert into section values('935', '3', 'Spring', 2003, 'B', '537', 'G');
insert into section values('584', '1', 'Spring', 2007, 'A', '397', 'B');
insert into section values('325', '1', 'Fall', 2003, 'G', '190', 'O');
insert into section values('346', '4', 'Spring', 2002, 'G', '190', 'D');
insert into section values('683', '2', 'Spring', 2001, 'B', '547', 'E');
insert into section values('820', '1', 'Spring', 2007, 'A', '613', 'C');
insert into section values('270', '3', 'Fall', 2004, 'E', '268', 'F');
insert into section values('189', '3', 'Spring', 2010, 'I', '963', 'G');
insert into section values('935', '4', 'Fall', 2006, 'A', '397', 'N');
insert into section values('188', '2', 'Fall', 2001, 'I', '963', 'D');
insert into section values('346', '5', 'Spring', 2004, 'B', '547', 'E');
insert into section values('325', '2', 'Spring', 2001, 'I', '963', 'B');
insert into section values('340', '1', 'Spring', 2006, 'A', '613', 'B');
insert into section values('855', '2', 'Spring', 2010, 'G', '190', 'C');
insert into section values('759', '3', 'Fall', 2008, 'I', '436', 'F');
insert into section values('231', '2', 'Fall', 2004, 'I', '963', 'A');
insert into section values('192', '1', 'Fall', 2002, 'E', '268', 'P');
insert into section values('116', '1', 'Fall', 2009, 'B', '95', 'A');
insert into section values('260', '1', 'Fall', 2005, 'B', '95', 'H');
insert into section values('391', '1', 'Fall', 2001, 'B', '547', 'F');
insert into section values('676', '1', 'Spring', 2004, 'B', '95', 'M');
insert into section values('603', '2', 'Spring', 2004, 'B', '95', 'E');
insert into section values('260', '2', 'Spring', 2002, 'A', '613', 'P');
insert into teaches values('95399', '614', '1', 'Fall', 2008);
insert into teaches values('2804', '121', '1', 'Spring', 2004);
insert into teaches values('52716', '239', '2', 'Spring', 2005);
insert into teaches values('41751', '325', '1', 'Fall', 2003);
insert into teaches values('17201', '827', '1', 'Fall', 2003);
insert into teaches values('78871', '895', '1', 'Fall', 2009);
insert into teaches values('98724', '582', '1', 'Fall', 2007);
insert into teaches values('2804', '838', '1', 'Spring', 2001);
insert into teaches values('66724', '759', '2', 'Spring', 2002);
insert into teaches values('17201', '492', '2', 'Spring', 2001);
insert into teaches values('52716', '517', '3', 'Fall', 2008);
insert into teaches values('96859', '451', '1', 'Fall', 2005);
insert into teaches values('93894', '116', '1', 'Fall', 2009);
insert into teaches values('93894', '618', '3', 'Fall', 2009);
insert into teaches values('48742', '678', '1', 'Spring', 2001);
insert into teaches values('60182', '311', '1', 'Fall', 2007);
insert into teaches values('17201', '260', '2', 'Spring', 2002);
insert into teaches values('66724', '759', '1', 'Spring', 2002);
insert into teaches values('17201', '842', '2', 'Fall', 2004);
insert into teaches values('95399', '591', '1', 'Spring', 2008);
insert into teaches values('66724', '690', '2', 'Fall', 2006);
insert into teaches values('98724', '418', '1', 'Spring', 2009);
insert into teaches values('95509', '690', '3', 'Spring', 2001);
insert into teaches values('17201', '603', '2', 'Spring', 2004);
insert into teaches values('17201', '492', '3', 'Spring', 2002);
insert into teaches values('93894', '976', '1', 'Fall', 2001);
insert into teaches values('98724', '282', '1', 'Spring', 2004);
insert into teaches values('78871', '911', '1', 'Spring', 2004);
insert into teaches values('57484', '890', '1', 'Spring', 2010);
insert into teaches values('52716', '124', '1', 'Spring', 2008);
insert into teaches values('93894', '676', '1', 'Spring', 2004);
insert into teaches values('17201', '658', '1', 'Fall', 2003);
insert into teaches values('11367', '617', '1', 'Spring', 2005);
insert into teaches values('98724', '270', '1', 'Spring', 2003);
insert into teaches values('83813', '820', '1', 'Spring', 2007);
insert into teaches values('52716', '549', '2', 'Spring', 2009);
insert into teaches values('66724', '192', '1', 'Fall', 2002);
insert into teaches values('83813', '332', '2', 'Fall', 2005);
insert into teaches values('2804', '935', '1', 'Spring', 2005);
insert into teaches values('83702', '189', '2', 'Spring', 2007);
insert into teaches values('41751', '446', '1', 'Spring', 2003);
insert into teaches values('2804', '126', '1', 'Spring', 2007);
insert into teaches values('16901', '398', '1', 'Fall', 2010);
insert into teaches values('78871', '683', '2', 'Spring', 2001);
insert into teaches values('93894', '548', '2', 'Fall', 2003);
insert into teaches values('17201', '497', '1', 'Fall', 2008);
insert into teaches values('52716', '549', '1', 'Spring', 2003);
insert into teaches values('96859', '935', '3', 'Spring', 2003);
insert into teaches values('2804', '287', '2', 'Fall', 2007);
insert into teaches values('2804', '935', '2', 'Spring', 2005);
insert into teaches values('79272', '855', '2', 'Spring', 2010);
insert into teaches values('10479', '249', '1', 'Spring', 2009);
insert into teaches values('17201', '628', '2', 'Spring', 2010);
insert into teaches values('17201', '231', '1', 'Fall', 2004);
insert into teaches values('93894', '548', '1', 'Spring', 2007);
insert into teaches values('2804', '287', '1', 'Spring', 2010);
insert into teaches values('83702', '208', '1', 'Spring', 2002);
insert into teaches values('83702', '939', '1', 'Fall', 2007);
insert into teaches values('83813', '922', '1', 'Spring', 2009);
insert into teaches values('41751', '340', '1', 'Spring', 2006);
insert into teaches values('66724', '722', '1', 'Spring', 2005);
insert into teaches values('98724', '582', '3', 'Spring', 2009);
insert into teaches values('52716', '482', '1', 'Spring', 2010);
insert into teaches values('52716', '517', '2', 'Fall', 2004);
insert into teaches values('83813', '352', '2', 'Spring', 2010);
insert into teaches values('83702', '258', '1', 'Spring', 2008);
insert into teaches values('17201', '842', '1', 'Fall', 2009);
insert into teaches values('17201', '603', '1', 'Fall', 2004);
insert into teaches values('93894', '617', '2', 'Spring', 2010);
insert into teaches values('97828', '735', '1', 'Fall', 2009);
insert into teaches values('83702', '980', '1', 'Fall', 2002);
insert into teaches values('41751', '800', '2', 'Spring', 2005);
insert into teaches values('83702', '807', '1', 'Spring', 2007);
insert into teaches values('83813', '709', '1', 'Fall', 2006);
insert into teaches values('93894', '865', '1', 'Fall', 2004);
insert into teaches values('93894', '261', '1', 'Spring', 2002);
insert into teaches values('66724', '400', '1', 'Spring', 2003);
insert into teaches values('60643', '146', '1', 'Fall', 2005);
insert into teaches values('83702', '584', '1', 'Spring', 2007);
insert into teaches values('17201', '545', '2', 'Fall', 2002);
insert into teaches values('41751', '325', '2', 'Spring', 2001);
insert into teaches values('83702', '188', '2', 'Fall', 2001);
insert into teaches values('83702', '189', '3', 'Spring', 2010);
insert into teaches values('93894', '974', '1', 'Fall', 2008);
insert into teaches values('66724', '345', '1', 'Spring', 2009);
insert into teaches values('2804', '610', '2', 'Fall', 2009);
insert into teaches values('66724', '924', '2', 'Spring', 2002);
insert into teaches values('93894', '261', '2', 'Spring', 2008);
insert into teaches values('60182', '191', '1', 'Fall', 2008);
insert into teaches values('78871', '701', '1', 'Fall', 2004);
insert into teaches values('2804', '478', '1', 'Spring', 2001);
insert into teaches values('2804', '838', '2', 'Fall', 2009);
insert into teaches values('16901', '660', '1', 'Fall', 2001);
insert into teaches values('2804', '126', '2', 'Spring', 2007);
insert into teaches values('98724', '300', '1', 'Fall', 2006);
insert into teaches values('83702', '783', '1', 'Fall', 2001);
insert into teaches values('83702', '362', '1', 'Fall', 2007);
insert into teaches values('2835', '332', '1', 'Spring', 2006);
insert into teaches values('60182', '425', '1', 'Spring', 2004);
insert into teaches values('93894', '721', '3', 'Spring', 2008);
insert into student values('78651', 'Ahmad', 'EL', 62);
insert into student values('36082', 'Adri', 'GT', 59);
insert into student values('47720', 'Ande', 'EL', 88);
insert into student values('64993', 'Johan', 'DK', 47);
insert into student values('88266', 'Adri', 'HI', 21);
insert into student values('70837', 'Budi', 'GF', 70);
insert into student values('15217', 'Budi', 'BN', 128);
insert into student values('31109', 'rahmat', 'WW', 100);
insert into student values('64329', 'Ande', 'DE', 63);
insert into student values('76160', 'Ahmad', 'GT', 91);
insert into student values('22070', 'Ahmad', 'HH', 102);
insert into student values('47539', 'Ahmad', 'HI', 80);
insert into student values('10809', 'Budi', 'DK', 106);
insert into student values('46399', 'Budi', 'GF', 59);
insert into student values('2090', 'Adri', 'BN', 105);
insert into student values('22117', 'yuyun', 'HI', 101);
insert into student values('51933', 'Yohan', 'HH', 61);
insert into student values('24732', 'rahmat', 'DE', 55);
insert into student values('33216', 'Budi', 'HH', 120);
insert into student values('93878', 'Ande', 'DK', 11);
insert into student values('95256', 'Kiki', 'DK', 6);
insert into student values('81281', 'Adri', 'WW', 29);
insert into student values('14025', 'rahmat', 'DK', 126);
insert into student values('81154', 'Kiki', 'SS', 33);
insert into student values('11149', 'Ahmad', 'GF', 26);
insert into student values('98073', 'Kiki', 'EL', 66);
insert into student values('72665', 'Johan', 'BN', 50);
insert into student values('23873', 'rahmat', 'DE', 79);
insert into student values('1853', 'Ahmad', 'SS', 72);
insert into student values('73582', 'rahmat', 'SS', 109);
insert into student values('51074', 'Ande', 'DE', 29);
insert into student values('15758', 'yuyun', 'EL', 125);
insert into student values('31211', 'Ande', 'HI', 15);
insert into student values('92139', 'Yohan', 'DK', 84);
insert into student values('51254', 'rahmat', 'DK', 24);
insert into student values('88581', 'yuyun', 'DK', 77);
insert into student values('62746', 'Yohan', 'HH', 78);
insert into student values('21562', 'Johan', 'WW', 125);
insert into student values('13833', 'yuyun', 'DE', 116);
insert into student values('69632', 'yuyun', 'GF', 62);
insert into student values('20909', 'Adri', 'EL', 11);
insert into student values('68263', 'Johan', 'DE', 40);
insert into student values('59371', 'Ahmad', 'GT', 64);
insert into student values('3832', 'Josu', 'HI', 7);
insert into student values('63109', 'Kiki', 'BN', 40);
insert into student values('5690', 'Josu', 'EL', 0);
insert into student values('84369', 'Budi', 'WW', 41);
insert into student values('26730', 'Johan', 'HH', 128);
insert into student values('84581', 'Ahmad', 'EL', 42);
insert into student values('96256', 'rahmat', 'SS', 129);
insert into student values('49645', 'Josu', 'BN', 36);
insert into student values('51182', 'Ahmad', 'GT', 24);
insert into student values('38352', 'Kiki', 'BN', 46);
insert into student values('35489', 'Johan', 'GT', 77);
insert into student values('16880', 'Johan', 'WW', 120);
insert into student values('51776', 'Ande', 'SS', 73);
insert into student values('48648', 'Budi', 'DK', 6);
insert into student values('76618', 'Ahmad', 'SS', 16);
insert into student values('92718', 'Kiki', 'DK', 100);
insert into student values('37146', 'yuyun', 'HI', 74);
insert into student values('74544', 'Kiki', 'DK', 70);
insert into student values('9924', 'rahmat', 'DE', 5);
insert into student values('57880', 'Ahmad', 'DE', 11);
insert into student values('92662', 'Ahmad', 'HI', 60);
insert into student values('96842', 'Johan', 'HH', 7);
insert into student values('54746', 'Ande', 'GF', 18);
insert into student values('6434', 'Kiki', 'DK', 16);
insert into student values('16048', 'Yohan', 'GF', 96);
insert into student values('23033', 'Johan', 'HH', 96);
insert into student values('42582', 'Yohan', 'WW', 16);
insert into student values('41535', 'Adri', 'EL', 98);
insert into student values('23042', 'rahmat', 'EL', 28);
insert into student values('25151', 'yuyun', 'DE', 21);
insert into student values('30595', 'Ahmad', 'HH', 28);
insert into student values('29183', 'Josu', 'HH', 111);
insert into student values('42213', 'rahmat', 'GT', 90);
insert into student values('52863', 'Johan', 'DK', 92);
insert into student values('85931', 'Kiki', 'HH', 129);
insert into student values('67351', 'Josu', 'BN', 112);
insert into student values('10325', 'Yohan', 'SS', 59);
insert into student values('36283', 'Budi', 'HH', 72);
insert into student values('42106', 'Kiki', 'WW', 45);
insert into student values('77336', 'yuyun', 'GF', 62);
insert into student values('67532', 'Kiki', 'EL', 63);
insert into student values('1046', 'Adri', 'HI', 36);
insert into student values('248', 'yuyun', 'DK', 53);
insert into student values('83829', 'Kiki', 'DK', 42);
insert into student values('21989', 'Kiki', 'BN', 77);
insert into student values('70194', 'Ahmad', 'SS', 122);
insert into student values('29618', 'rahmat', 'HH', 112);
insert into student values('16033', 'Ande', 'SS', 3);
insert into student values('84730', 'yuyun', 'BN', 107);
insert into student values('26033', 'Johan', 'DK', 60);
insert into student values('39857', 'Ahmad', 'GT', 113);
insert into student values('38125', 'Josu', 'DK', 16);
insert into student values('30245', 'Kiki', 'DE', 61);
insert into student values('76023', 'rahmat', 'GF', 87);
insert into student values('23103', 'Ahmad', 'GT', 60);
insert into student values('48653', 'Josu', 'DK', 93);
insert into student values('83298', 'Kiki', 'EL', 128);
insert into takes values('38125', '968', '1', 'Fall', 2010, 'C-');
insert into takes values('62746', '917', '1', 'Spring', 2001, 'C ');
insert into takes values('51776', '862', '2', 'Fall', 2004, 'A ');
insert into takes values('16880', '387', '1', 'Spring', 2007, 'C+');
insert into takes values('63109', '618', '1', 'Fall', 2008, 'B ');
insert into takes values('16033', '890', '2', 'Fall', 2009, 'B-');
insert into takes values('59371', '735', '1', 'Fall', 2009, 'C ');
insert into takes values('63109', '569', '1', 'Fall', 2006, 'B ');
insert into takes values('1046', '135', '1', 'Spring', 2007, 'B ');
insert into takes values('84730', '890', '2', 'Fall', 2009, 'B+');
insert into takes values('15758', '497', '1', 'Fall', 2008, 'C ');
insert into takes values('69632', '398', '1', 'Fall', 2010, 'B ');
insert into takes values('15758', '231', '2', 'Fall', 2004, 'A+');
insert into takes values('92718', '548', '3', 'Fall', 2005, 'A+');
insert into takes values('14025', '346', '1', 'Fall', 2004, 'A-');
insert into takes values('42106', '183', '1', 'Spring', 2003, 'A+');
insert into takes values('14025', '974', '1', 'Fall', 2008, 'B-');
insert into takes values('84369', '129', '1', 'Fall', 2001, 'A+');
insert into takes values('81281', '191', '1', 'Fall', 2008, 'A+');
insert into takes values('84581', '425', '1', 'Spring', 2004, 'A+');
insert into takes values('83829', '860', '1', 'Spring', 2006, 'A+');
insert into takes values('23033', '189', '2', 'Spring', 2007, 'C ');
insert into takes values('22070', '191', '1', 'Fall', 2008, 'C-');
insert into takes values('38352', '162', '1', 'Fall', 2010, 'C ');
insert into takes values('46399', '807', '1', 'Spring', 2007, 'C-');
insert into takes values('84581', '935', '2', 'Spring', 2005, 'A ');
insert into takes values('9924', '690', '3', 'Spring', 2001, 'A-');
insert into takes values('6434', '618', '1', 'Fall', 2008, 'C+');
insert into takes values('67532', '935', '1', 'Spring', 2005, 'A ');
insert into takes values('92662', '976', '1', 'Fall', 2001, 'B+');
insert into takes values('6434', '162', '2', 'Spring', 2004, 'C+');
insert into takes values('5690', '690', '1', 'Fall', 2003, 'C ');
insert into takes values('51254', '191', '2', 'Fall', 2005, 'C ');
insert into takes values('5690', '312', '2', 'Fall', 2001, 'A ');
insert into takes values('41535', '424', '1', 'Fall', 2007, 'C ');
insert into takes values('48648', '548', '1', 'Spring', 2007, 'C+');
insert into takes values('23873', '374', '2', 'Spring', 2008, 'B+');
insert into takes values('64329', '676', '1', 'Spring', 2004, 'A-');
insert into takes values('51776', '129', '1', 'Fall', 2001, 'B-');
insert into takes values('248', '924', '3', 'Spring', 2002, 'B-');
insert into takes values('83298', '451', '1', 'Fall', 2005, 'C+');
insert into takes values('29183', '735', '1', 'Fall', 2009, 'C+');
insert into takes values('51074', '607', '1', 'Spring', 2010, 'A-');
insert into takes values('21989', '239', '2', 'Spring', 2005, 'A ');
insert into takes values('92662', '922', '1', 'Spring', 2009, 'B-');
insert into takes values('38125', '492', '1', 'Fall', 2003, 'C-');
insert into takes values('33216', '690', '2', 'Fall', 2006, 'C ');
insert into takes values('23033', '189', '3', 'Spring', 2010, 'A+');
insert into takes values('70837', '924', '2', 'Spring', 2002, 'C-');
insert into takes values('2090', '678', '1', 'Spring', 2001, 'C-');
insert into takes values('22117', '424', '1', 'Fall', 2007, 'B ');
insert into takes values('6434', '287', '1', 'Spring', 2010, 'C ');
insert into takes values('42582', '924', '2', 'Spring', 2002, 'A-');
insert into takes values('36082', '890', '1', 'Spring', 2010, 'A+');
insert into takes values('48653', '208', '1', 'Spring', 2002, 'A+');
insert into takes values('11149', '612', '2', 'Spring', 2010, 'A-');
insert into takes values('26033', '116', '1', 'Fall', 2009, 'C-');
insert into takes values('9924', '325', '1', 'Fall', 2003, 'A ');
insert into takes values('67532', '911', '1', 'Spring', 2004, 'B-');
insert into takes values('48653', '676', '1', 'Spring', 2004, 'B ');
insert into takes values('38125', '701', '2', 'Spring', 2001, 'C+');
insert into takes values('84369', '800', '2', 'Spring', 2005, 'B+');
insert into takes values('16033', '492', '2', 'Spring', 2001, 'A+');
insert into takes values('52863', '855', '1', 'Spring', 2003, 'B+');
insert into takes values('26033', '332', '2', 'Fall', 2005, 'C ');
insert into takes values('36283', '261', '2', 'Spring', 2008, 'C ');
insert into takes values('31211', '352', '1', 'Spring', 2008, 'A-');
insert into takes values('85931', '690', '1', 'Fall', 2003, 'B-');
insert into takes values('98073', '545', '1', 'Fall', 2001, 'C+');
insert into takes values('88266', '895', '1', 'Fall', 2009, 'B ');
insert into takes values('38125', '451', '1', 'Fall', 2005, 'A-');
insert into takes values('24732', '270', '3', 'Fall', 2004, 'A ');
insert into takes values('23103', '446', '1', 'Spring', 2003, 'B+');
insert into takes values('51254', '842', '2', 'Fall', 2004, 'B-');
insert into takes values('67532', '678', '1', 'Spring', 2001, 'C+');
insert into takes values('49645', '783', '1', 'Fall', 2001, 'B+');
insert into takes values('48648', '582', '2', 'Spring', 2009, 'A-');
insert into takes values('81154', '387', '1', 'Spring', 2007, 'B-');
insert into takes values('30595', '429', '1', 'Spring', 2009, 'C ');
insert into takes values('23103', '346', '5', 'Spring', 2004, 'C-');
insert into takes values('47720', '311', '1', 'Fall', 2007, 'B ');
insert into takes values('20909', '446', '1', 'Spring', 2003, 'A ');
insert into takes values('23033', '710', '1', 'Fall', 2009, 'A+');
insert into takes values('67351', '346', '2', 'Spring', 2005, 'A-');
insert into takes values('72665', '446', '1', 'Spring', 2003, 'B ');
insert into takes values('78651', '935', '1', 'Spring', 2005, 'C-');
insert into takes values('248', '603', '2', 'Spring', 2004, 'A-');
insert into takes values('96842', '935', '4', 'Fall', 2006, 'A-');
insert into takes values('248', '545', '3', 'Spring', 2003, 'C+');
insert into takes values('42106', '157', '2', 'Spring', 2003, 'C-');
insert into takes values('67532', '448', '1', 'Spring', 2010, 'A+');
insert into takes values('96842', '610', '1', 'Fall', 2002, 'C-');
insert into takes values('22070', '209', '1', 'Spring', 2001, 'B-');
insert into takes values('16880', '146', '2', 'Spring', 2002, 'B ');
insert into takes values('70194', '450', '1', 'Spring', 2002, 'B ');
insert into takes values('52863', '455', '1', 'Fall', 2010, 'C-');
insert into takes values('26033', '838', '1', 'Spring', 2001, 'C+');
insert into takes values('51074', '807', '1', 'Spring', 2007, 'B ');
insert into takes values('23033', '261', '1', 'Spring', 2002, 'B-');
insert into takes values('76160', '208', '1', 'Spring', 2002, 'A ');
insert into takes values('16880', '974', '1', 'Fall', 2008, 'B+');
insert into takes values('47720', '367', '1', 'Spring', 2002, 'A ');
insert into takes values('38352', '569', '1', 'Fall', 2006, 'A-');
insert into takes values('10809', '582', '2', 'Spring', 2009, 'B+');
insert into takes values('24732', '862', '2', 'Fall', 2004, 'C-');
insert into takes values('57880', '146', '1', 'Fall', 2005, 'B-');
insert into takes values('84730', '157', '1', 'Spring', 2003, 'A-');
insert into takes values('67532', '146', '1', 'Fall', 2005, 'A ');
insert into takes values('52863', '287', '3', 'Spring', 2004, 'A ');
insert into takes values('51182', '545', '2', 'Fall', 2002, 'B+');
insert into takes values('31109', '603', '1', 'Fall', 2004, 'B ');
insert into takes values('36082', '582', '1', 'Fall', 2007, 'B-');
insert into takes values('47720', '135', '1', 'Spring', 2007, 'C ');
insert into takes values('36082', '582', '3', 'Spring', 2009, 'C-');
insert into takes values('3832', '800', '2', 'Spring', 2005, 'B-');
insert into takes values('81281', '582', '3', 'Spring', 2009, 'A ');
insert into takes values('98073', '312', '2', 'Fall', 2001, 'A-');
insert into takes values('51254', '549', '1', 'Spring', 2003, 'A+');
insert into takes values('48653', '974', '1', 'Fall', 2008, 'C+');
insert into takes values('46399', '895', '1', 'Fall', 2009, 'B+');
insert into takes values('10809', '391', '1', 'Fall', 2001, 'B+');
insert into takes values('11149', '287', '3', 'Spring', 2004, 'A ');
insert into takes values('51074', '820', '1', 'Spring', 2007, 'C-');
insert into takes values('84581', '894', '2', 'Spring', 2004, 'A ');
insert into takes values('51074', '935', '3', 'Spring', 2003, 'C-');
insert into takes values('49645', '618', '1', 'Fall', 2008, 'B ');
insert into takes values('30595', '249', '1', 'Spring', 2009, 'B ');
insert into takes values('76023', '191', '2', 'Fall', 2005, 'B+');
insert into takes values('62746', '400', '1', 'Spring', 2003, 'C ');
insert into takes values('51074', '701', '2', 'Spring', 2001, 'C-');
insert into takes values('77336', '346', '2', 'Spring', 2005, 'B ');
insert into takes values('23042', '690', '3', 'Spring', 2001, 'A ');
insert into takes values('9924', '157', '2', 'Spring', 2003, 'B-');
insert into takes values('92662', '676', '1', 'Spring', 2004, 'B-');
insert into takes values('11149', '450', '1', 'Spring', 2002, 'B ');
insert into takes values('23103', '191', '2', 'Fall', 2005, 'B ');
insert into takes values('48648', '270', '1', 'Spring', 2003, 'B-');
insert into takes values('1046', '924', '2', 'Spring', 2002, 'B+');
insert into takes values('46399', '171', '1', 'Fall', 2004, 'A-');
insert into takes values('84730', '383', '1', 'Spring', 2006, 'B ');
insert into takes values('16048', '681', '1', 'Spring', 2003, 'B+');
insert into takes values('47720', '144', '1', 'Spring', 2010, 'A-');
insert into takes values('37146', '895', '1', 'Fall', 2009, 'B-');
insert into takes values('23033', '862', '1', 'Spring', 2005, 'B+');
insert into takes values('24732', '894', '3', 'Spring', 2006, 'A+');
insert into takes values('42582', '446', '1', 'Spring', 2003, 'C-');
insert into takes values('5690', '575', '1', 'Spring', 2010, 'C-');
insert into takes values('30245', '621', '1', 'Fall', 2009, 'B ');
insert into takes values('25151', '162', '2', 'Spring', 2004, 'C+');
insert into takes values('2090', '522', '1', 'Fall', 2008, 'B-');
insert into takes values('59371', '548', '3', 'Fall', 2005, 'A+');
insert into takes values('16880', '924', '3', 'Spring', 2002, 'B ');
insert into takes values('59371', '517', '2', 'Fall', 2004, 'C-');
insert into takes values('46399', '270', '3', 'Fall', 2004, 'B-');
insert into takes values('15758', '911', '1', 'Spring', 2004, 'C ');
insert into takes values('23042', '191', '1', 'Fall', 2008, 'A+');
insert into takes values('11149', '346', '4', 'Spring', 2002, 'B-');
insert into takes values('52863', '548', '3', 'Fall', 2005, 'A-');
insert into takes values('38352', '429', '1', 'Spring', 2009, 'C ');
insert into takes values('29183', '325', '2', 'Spring', 2001, 'B+');
insert into takes values('39857', '721', '1', 'Fall', 2003, 'C+');
insert into takes values('30595', '701', '2', 'Spring', 2001, 'C ');
insert into takes values('3832', '476', '1', 'Spring', 2004, 'C+');
insert into takes values('62746', '129', '1', 'Fall', 2001, 'A+');
insert into takes values('14025', '325', '1', 'Fall', 2003, 'C ');
insert into takes values('37146', '612', '2', 'Spring', 2010, 'B+');
insert into takes values('92662', '374', '2', 'Spring', 2008, 'A+');
insert into takes values('1853', '612', '1', 'Fall', 2005, 'B ');
insert into takes values('35489', '862', '2', 'Fall', 2004, 'B-');
insert into takes values('76023', '862', '1', 'Spring', 2005, 'A-');
insert into takes values('76160', '548', '1', 'Spring', 2007, 'A-');
insert into takes values('96256', '374', '2', 'Spring', 2008, 'C+');
insert into takes values('38352', '980', '1', 'Fall', 2002, 'A-');
insert into takes values('21989', '911', '1', 'Spring', 2004, 'B-');
insert into takes values('21562', '476', '1', 'Spring', 2004, 'B ');
insert into takes values('36082', '425', '1', 'Spring', 2004, 'C ');
insert into takes values('72665', '332', '1', 'Spring', 2006, 'A-');
insert into takes values('21989', '126', '2', 'Spring', 2007, 'C ');
insert into takes values('24732', '371', '1', 'Fall', 2009, 'C+');
insert into takes values('69632', '770', '1', 'Fall', 2002, 'C-');
insert into takes values('62746', '924', '2', 'Spring', 2002, 'B+');
insert into takes values('42582', '300', '1', 'Fall', 2006, 'A ');
insert into takes values('84581', '362', '1', 'Fall', 2007, 'C-');
insert into takes values('1046', '800', '1', 'Spring', 2009, 'A ');
insert into takes values('67532', '282', '1', 'Spring', 2004, 'A+');
insert into takes values('96256', '922', '1', 'Spring', 2009, 'B-');
insert into takes values('22117', '924', '1', 'Fall', 2006, 'A ');
insert into takes values('70837', '129', '1', 'Fall', 2001, 'B-');
insert into takes values('62746', '759', '2', 'Spring', 2002, 'A ');
insert into takes values('95256', '325', '2', 'Spring', 2001, 'B+');
insert into takes values('33216', '346', '3', 'Spring', 2004, 'B+');
insert into takes values('16880', '800', '2', 'Spring', 2005, 'C-');
insert into takes values('70837', '352', '2', 'Spring', 2010, 'B ');
insert into takes values('83829', '545', '1', 'Fall', 2001, 'B-');
insert into takes values('67532', '617', '2', 'Spring', 2010, 'C+');
insert into takes values('51182', '607', '1', 'Spring', 2010, 'A ');
insert into takes values('51254', '311', '1', 'Fall', 2007, 'C-');
insert into takes values('92139', '183', '1', 'Spring', 2003, 'A ');
insert into takes values('23033', '721', '1', 'Fall', 2003, 'B+');
insert into takes values('33216', '895', '1', 'Fall', 2009, 'B ');
insert into advisor values('78651', '78871');
insert into advisor values('36082', '65174');
insert into advisor values('47720', '52716');
insert into advisor values('64993', '66724');
insert into advisor values('88266', '83813');
insert into advisor values('70837', '10479');
insert into advisor values('15217', '17201');
insert into advisor values('31109', '2835');
insert into advisor values('64329', '41751');
insert into advisor values('76160', '83702');
insert into advisor values('22070', '95509');
insert into advisor values('47539', '10479');
insert into advisor values('10809', '79432');
insert into advisor values('46399', '88771');
insert into advisor values('2090', '65174');
insert into advisor values('22117', '93894');
insert into advisor values('51933', '83702');
insert into advisor values('24732', '38472');
insert into advisor values('33216', '60643');
insert into advisor values('93878', '90645');
insert into advisor values('95256', '2835');
insert into advisor values('81281', '43976');
insert into advisor values('14025', '95399');
insert into advisor values('81154', '95509');
insert into advisor values('11149', '11367');
insert into advisor values('98073', '67759');
insert into advisor values('72665', '78871');
insert into advisor values('23873', '79272');
insert into advisor values('1853', '38472');
insert into advisor values('73582', '83813');
insert into advisor values('51074', '40498');
insert into advisor values('15758', '10479');
insert into advisor values('31211', '2835');
insert into advisor values('92139', '16901');
insert into advisor values('51254', '34801');
insert into advisor values('88581', '95399');
insert into advisor values('62746', '2804');
insert into advisor values('21562', '83813');
insert into advisor values('13833', '48742');
insert into advisor values('69632', '83813');
insert into advisor values('20909', '95399');
insert into advisor values('68263', '47090');
insert into advisor values('59371', '60182');
insert into advisor values('3832', '10479');
insert into advisor values('63109', '2804');
insert into advisor values('5690', '93946');
insert into advisor values('84369', '79432');
insert into advisor values('26730', '41751');
insert into advisor values('84581', '42525');
insert into advisor values('96256', '79432');
insert into advisor values('49645', '67759');
insert into advisor values('51182', '17201');
insert into advisor values('38352', '89643');
insert into advisor values('35489', '11367');
insert into advisor values('16880', '34854');
insert into advisor values('51776', '95399');
insert into advisor values('48648', '79272');
insert into advisor values('76618', '60643');
insert into advisor values('92718', '2835');
insert into advisor values('37146', '90645');
insert into advisor values('74544', '41751');
insert into advisor values('9924', '96618');
insert into advisor values('57880', '76906');
insert into advisor values('92662', '10479');
insert into advisor values('96842', '95509');
insert into advisor values('54746', '10479');
insert into advisor values('6434', '96859');
insert into advisor values('16048', '34358');
insert into advisor values('23033', '34358');
insert into advisor values('42582', '93946');
insert into advisor values('41535', '76906');
insert into advisor values('23042', '88771');
insert into advisor values('25151', '34801');
insert into advisor values('30595', '43657');
insert into advisor values('29183', '95399');
insert into advisor values('42213', '2835');
insert into advisor values('52863', '52716');
insert into advisor values('85931', '66724');
insert into advisor values('67351', '47090');
insert into advisor values('10325', '79272');
insert into advisor values('36283', '83813');
insert into advisor values('42106', '97828');
insert into advisor values('77336', '34358');
insert into advisor values('67532', '40498');
insert into advisor values('1046', '78871');
insert into advisor values('248', '34358');
insert into advisor values('83829', '68892');
insert into advisor values('21989', '85736');
insert into advisor values('70194', '66724');
insert into advisor values('29618', '33101');
insert into advisor values('16033', '88771');
insert into advisor values('84730', '34801');
insert into advisor values('26033', '76906');
insert into advisor values('39857', '17201');
insert into advisor values('38125', '95399');
insert into advisor values('30245', '66724');
insert into advisor values('76023', '79272');
insert into advisor values('23103', '59824');
insert into advisor values('48653', '42525');
insert into advisor values('83298', '66724');
insert into prereq values('362', '367');
insert into prereq values('935', '839');
insert into prereq values('460', '929');
insert into prereq values('482', '533');
insert into prereq values('788', '710');
insert into prereq values('962', '478');
insert into prereq values('582', '894');
insert into prereq values('205', '839');
insert into prereq values('676', '482');
insert into prereq values('898', '160');
insert into prereq values('189', '721');
insert into prereq values('805', '770');
insert into prereq values('929', '976');
insert into prereq values('953', '962');
insert into prereq values('400', '311');
insert into prereq values('838', '425');
insert into prereq values('383', '258');
insert into prereq values('512', '612');
insert into prereq values('820', '995');
insert into prereq values('204', '890');
insert into prereq values('451', '183');
insert into prereq values('482', '800');
insert into prereq values('628', '995');
insert into prereq values('995', '599');
insert into prereq values('807', '935');
insert into prereq values('461', '362');
insert into prereq values('524', '690');
insert into prereq values('492', '894');
insert into prereq values('367', '953');
insert into prereq values('418', '300');
insert into prereq values('450', '144');
insert into prereq values('172', '460');
insert into prereq values('167', '548');
insert into prereq values('842', '783');
insert into prereq values('522', '917');
insert into prereq values('189', '258');
insert into prereq values('614', '473');
insert into prereq values('638', '116');
insert into prereq values('209', '710');
insert into prereq values('455', '417');
insert into prereq values('478', '409');
insert into prereq values('895', '231');
insert into prereq values('545', '648');
insert into prereq values('417', '953');
insert into prereq values('624', '779');
insert into prereq values('497', '346');
insert into prereq values('735', '683');
insert into prereq values('324', '682');
insert into prereq values('678', '612');
insert into prereq values('855', '628');
insert into prereq values('805', '807');
insert into prereq values('569', '102');
insert into prereq values('921', '582');
insert into prereq values('753', '238');
insert into prereq values('162', '468');
insert into prereq values('584', '548');
insert into prereq values('258', '492');
insert into prereq values('563', '621');
insert into prereq values('476', '637');
insert into prereq values('614', '958');
insert into prereq values('681', '855');
insert into prereq values('939', '981');
insert into prereq values('624', '689');
insert into prereq values('621', '287');
insert into prereq values('699', '798');
insert into prereq values('192', '126');
insert into prereq values('446', '605');
insert into prereq values('966', '261');
insert into prereq values('798', '569');
insert into prereq values('612', '749');
insert into prereq values('359', '842');
insert into prereq values('418', '167');
insert into prereq values('374', '461');
insert into prereq values('798', '610');
insert into prereq values('805', '346');
insert into prereq values('231', '974');
insert into prereq values('624', '476');
insert into prereq values('450', '699');
insert into prereq values('249', '603');
insert into prereq values('827', '340');
insert into prereq values('599', '911');
insert into prereq values('911', '259');
insert into prereq values('418', '474');
insert into prereq values('911', '129');
insert into prereq values('208', '847');
insert into prereq values('172', '658');
insert into prereq values('362', '929');
insert into prereq values('146', '617');
insert into prereq values('658', '424');
insert into prereq values('908', '689');
insert into prereq values('599', '935');
insert into prereq values('135', '614');
insert into prereq values('208', '157');
insert into prereq values('820', '352');
insert into prereq values('827', '658');
insert into prereq values('238', '852');
insert into prereq values('675', '995');
insert into prereq values('311', '569');
insert into prereq values('312', '288');
insert into prereq values('911', '591');
