insert into classroom values('B', 821, 34);
insert into classroom values('B', 246, 45);
insert into classroom values('A', 282, 16);
insert into classroom values('E', 81, 33);
insert into classroom values('F', 817, 212);
insert into classroom values('G', 780, 115);
insert into classroom values('A', 782, 14);
insert into classroom values('D', 658, 162);
insert into classroom values('B', 752, 10);
insert into classroom values('J', 61, 160);
insert into department values('ED', 'J', 323949.67);
insert into department values('EL', 'I', 815407.71);
insert into department values('SS', 'E', 889853.54);
insert into department values('GO', 'D', 222190.87);
insert into department values('HH', 'H', 988610.47);
insert into department values('DE', 'D', 459212.20);
insert into department values('FR', 'H', 312377.97);
insert into department values('RR', 'G', 966059.85);
insert into department values('DF', 'G', 515972.04);
insert into department values('GF', 'E', 444882.13);
insert into course values('944', 'IF3333', 'EL', 4);
insert into course values('558', 'IF4041', 'HH', 3);
insert into course values('968', 'IF3211', 'FR', 4);
insert into course values('822', 'IF3022', 'DF', 3);
insert into course values('711', 'IF3333', 'HH', 4);
insert into course values('372', 'IF4321', 'SS', 4);
insert into course values('895', 'IF3031', 'EL', 3);
insert into course values('158', 'IF3120', 'DE', 4);
insert into course values('862', 'IF4041', 'RR', 3);
insert into course values('947', 'IF3211', 'HH', 3);
insert into course values('238', 'IF3211', 'SS', 4);
insert into course values('315', 'IF3333', 'RR', 4);
insert into course values('405', 'IF3022', 'FR', 3);
insert into course values('300', 'IF5555', 'EL', 4);
insert into course values('271', 'IF3333', 'GO', 3);
insert into course values('279', 'IF3120', 'EL', 3);
insert into course values('307', 'IF4041', 'ED', 3);
insert into course values('694', 'IF3022', 'GO', 4);
insert into course values('610', 'IF3022', 'HH', 3);
insert into course values('669', 'IF3031', 'RR', 3);
insert into course values('792', 'IF3120', 'SS', 4);
insert into course values('749', 'IF3031', 'HH', 4);
insert into course values('181', 'IF4041', 'GO', 3);
insert into course values('785', 'IF3120', 'ED', 3);
insert into course values('841', 'IF3333', 'GO', 4);
insert into course values('750', 'IF3022', 'SS', 3);
insert into course values('878', 'IF4041', 'SS', 4);
insert into course values('907', 'IF3022', 'GF', 4);
insert into course values('124', 'IF4041', 'GO', 4);
insert into course values('824', 'IF5555', 'DF', 3);
insert into course values('451', 'IF4041', 'DE', 4);
insert into course values('952', 'IF3333', 'EL', 4);
insert into course values('965', 'IF3211', 'ED', 3);
insert into course values('122', 'IF3211', 'ED', 4);
insert into course values('592', 'IF5555', 'GF', 3);
insert into course values('587', 'IF3031', 'EL', 4);
insert into course values('743', 'IF3031', 'ED', 3);
insert into course values('406', 'IF3022', 'DE', 4);
insert into course values('636', 'IF3120', 'DE', 3);
insert into course values('752', 'IF0230', 'DF', 4);
insert into course values('157', 'IF3031', 'DE', 4);
insert into course values('170', 'IF4321', 'EL', 4);
insert into course values('596', 'IF5555', 'GF', 4);
insert into course values('996', 'IF3333', 'RR', 4);
insert into course values('298', 'IF3031', 'GF', 4);
insert into course values('228', 'IF4041', 'SS', 3);
insert into course values('597', 'IF3333', 'FR', 4);
insert into course values('165', 'IF5555', 'DE', 3);
insert into course values('607', 'IF3333', 'GO', 4);
insert into course values('820', 'IF5555', 'DE', 3);
insert into course values('566', 'IF4321', 'HH', 3);
insert into course values('659', 'IF3120', 'FR', 3);
insert into course values('540', 'IF3211', 'GF', 4);
insert into course values('562', 'IF3030', 'GO', 3);
insert into course values('554', 'IF3022', 'ED', 4);
insert into course values('559', 'IF4041', 'FR', 4);
insert into course values('934', 'IF4321', 'ED', 4);
insert into course values('313', 'IF3333', 'HH', 3);
insert into course values('723', 'IF3031', 'SS', 3);
insert into course values('936', 'IF3030', 'GO', 3);
insert into course values('788', 'IF3211', 'FR', 3);
insert into course values('453', 'IF3333', 'GF', 3);
insert into course values('987', 'IF4041', 'SS', 4);
insert into course values('663', 'IF3120', 'HH', 3);
insert into course values('218', 'IF3211', 'ED', 4);
insert into course values('832', 'IF3030', 'EL', 4);
insert into course values('837', 'IF0230', 'GF', 4);
insert into course values('362', 'IF5555', 'ED', 3);
insert into course values('569', 'IF3030', 'DF', 4);
insert into course values('377', 'IF3031', 'GO', 3);
insert into course values('167', 'IF5555', 'FR', 3);
insert into course values('329', 'IF5555', 'HH', 4);
insert into course values('583', 'IF3030', 'GF', 4);
insert into course values('913', 'IF5555', 'HH', 4);
insert into course values('585', 'IF3031', 'GO', 4);
insert into course values('819', 'IF3031', 'SS', 3);
insert into course values('582', 'IF3022', 'RR', 4);
insert into course values('772', 'IF4041', 'ED', 4);
insert into course values('637', 'IF4041', 'FR', 4);
insert into course values('570', 'IF4321', 'EL', 3);
insert into course values('169', 'IF4321', 'SS', 4);
insert into course values('420', 'IF3333', 'HH', 4);
insert into course values('639', 'IF3022', 'SS', 4);
insert into course values('681', 'IF3030', 'SS', 3);
insert into course values('251', 'IF3211', 'RR', 4);
insert into course values('827', 'IF3120', 'HH', 4);
insert into course values('354', 'IF0230', 'SS', 3);
insert into course values('896', 'IF4041', 'FR', 4);
insert into course values('871', 'IF0230', 'DE', 3);
insert into course values('267', 'IF3211', 'EL', 3);
insert into course values('340', 'IF3030', 'ED', 4);
insert into course values('253', 'IF3030', 'SS', 4);
insert into course values('375', 'IF3030', 'GF', 4);
insert into course values('845', 'IF4041', 'EL', 3);
insert into course values('647', 'IF3211', 'HH', 4);
insert into course values('576', 'IF3211', 'ED', 4);
insert into course values('983', 'IF3031', 'ED', 4);
insert into course values('215', 'IF3031', 'FR', 3);
insert into course values('225', 'IF3333', 'HH', 3);
insert into course values('642', 'IF3031', 'GF', 4);
insert into course values('763', 'IF0230', 'RR', 3);
insert into course values('567', 'IF4321', 'SS', 3);
insert into course values('843', 'IF4041', 'RR', 4);
insert into course values('430', 'IF4321', 'DF', 4);
insert into course values('674', 'IF4041', 'FR', 3);
insert into course values('815', 'IF3030', 'GF', 3);
insert into course values('619', 'IF3333', 'SS', 3);
insert into course values('863', 'IF3211', 'RR', 3);
insert into course values('931', 'IF3031', 'EL', 3);
insert into course values('213', 'IF3030', 'SS', 3);
insert into course values('682', 'IF5555', 'SS', 3);
insert into course values('578', 'IF4321', 'GO', 4);
insert into course values('699', 'IF3211', 'GF', 4);
insert into course values('798', 'IF3022', 'EL', 4);
insert into course values('459', 'IF3211', 'GO', 4);
insert into course values('458', 'IF5555', 'EL', 4);
insert into course values('109', 'IF3211', 'DF', 3);
insert into course values('489', 'IF3031', 'SS', 3);
insert into course values('633', 'IF3030', 'RR', 4);
insert into course values('702', 'IF3031', 'DE', 4);
insert into course values('903', 'IF3031', 'HH', 3);
insert into course values('640', 'IF3211', 'SS', 4);
insert into course values('477', 'IF3022', 'GO', 3);
insert into course values('648', 'IF4321', 'DE', 4);
insert into course values('276', 'IF4041', 'DE', 4);
insert into course values('303', 'IF4321', 'FR', 4);
insert into course values('395', 'IF3333', 'HH', 4);
insert into course values('198', 'IF3030', 'RR', 3);
insert into course values('176', 'IF3120', 'GF', 4);
insert into course values('481', 'IF3120', 'SS', 3);
insert into course values('599', 'IF0230', 'RR', 3);
insert into course values('632', 'IF4321', 'ED', 3);
insert into course values('474', 'IF3120', 'GF', 4);
insert into course values('980', 'IF4321', 'DF', 4);
insert into course values('203', 'IF5555', 'EL', 3);
insert into course values('186', 'IF4321', 'EL', 4);
insert into course values('791', 'IF3211', 'RR', 4);
insert into course values('577', 'IF4321', 'DE', 3);
insert into course values('685', 'IF4041', 'ED', 4);
insert into course values('979', 'IF3031', 'DF', 3);
insert into course values('666', 'IF4041', 'GF', 4);
insert into course values('745', 'IF3211', 'EL', 4);
insert into course values('664', 'IF4321', 'EL', 3);
insert into course values('200', 'IF4321', 'FR', 3);
insert into course values('773', 'IF4041', 'SS', 4);
insert into course values('695', 'IF3120', 'EL', 4);
insert into course values('221', 'IF3120', 'GO', 3);
insert into course values('384', 'IF3120', 'ED', 3);
insert into course values('914', 'IF3022', 'GO', 3);
insert into course values('783', 'IF3031', 'DF', 3);
insert into course values('116', 'IF3333', 'EL', 4);
insert into course values('593', 'IF3030', 'ED', 4);
insert into course values('190', 'IF3120', 'FR', 4);
insert into course values('814', 'IF3031', 'DF', 3);
insert into course values('246', 'IF4041', 'GO', 4);
insert into course values('623', 'IF3211', 'GF', 3);
insert into course values('232', 'IF3333', 'RR', 4);
insert into course values('394', 'IF4041', 'GF', 3);
insert into course values('513', 'IF5555', 'GF', 4);
insert into course values('662', 'IF3030', 'DF', 4);
insert into course values('602', 'IF0230', 'HH', 3);
insert into course values('961', 'IF3211', 'SS', 4);
insert into course values('653', 'IF3022', 'GF', 3);
insert into course values('526', 'IF3211', 'HH', 4);
insert into course values('571', 'IF3030', 'EL', 3);
insert into course values('410', 'IF4041', 'DF', 3);
insert into course values('306', 'IF3120', 'EL', 3);
insert into course values('612', 'IF3333', 'DE', 3);
insert into course values('693', 'IF5555', 'DF', 4);
insert into course values('259', 'IF3031', 'DF', 3);
insert into course values('831', 'IF5555', 'RR', 4);
insert into course values('874', 'IF3120', 'DF', 4);
insert into course values('967', 'IF3031', 'EL', 3);
insert into course values('982', 'IF3333', 'GO', 4);
insert into course values('527', 'IF3031', 'EL', 3);
insert into course values('686', 'IF3030', 'EL', 3);
insert into course values('505', 'IF3031', 'DF', 4);
insert into course values('687', 'IF3022', 'EL', 3);
insert into course values('491', 'IF3120', 'ED', 3);
insert into course values('928', 'IF4321', 'DF', 3);
insert into course values('264', 'IF4041', 'SS', 4);
insert into course values('549', 'IF4321', 'DE', 3);
insert into course values('314', 'IF0230', 'DF', 3);
insert into course values('419', 'IF4041', 'HH', 3);
insert into course values('720', 'IF3022', 'FR', 3);
insert into course values('517', 'IF3120', 'DE', 4);
insert into course values('263', 'IF3211', 'DE', 3);
insert into course values('105', 'IF3211', 'GO', 4);
insert into course values('146', 'IF4041', 'DF', 3);
insert into course values('407', 'IF3120', 'FR', 3);
insert into course values('551', 'IF3120', 'SS', 4);
insert into course values('349', 'IF3333', 'EL', 3);
insert into course values('556', 'IF5555', 'SS', 3);
insert into course values('429', 'IF3030', 'HH', 4);
insert into course values('155', 'IF3022', 'FR', 4);
insert into course values('698', 'IF3022', 'EL', 4);
insert into course values('147', 'IF3211', 'DF', 4);
insert into course values('710', 'IF0230', 'EL', 3);
insert into course values('945', 'IF3031', 'DF', 3);
insert into course values('154', 'IF3022', 'ED', 3);
insert into instructor values('91805', 'Josu', 'SS', 94746.52);
insert into instructor values('5902', 'Yohan', 'GF', 67284.13);
insert into instructor values('28269', 'Adri', 'ED', 76335.27);
insert into instructor values('29229', 'Adri', 'FR', 86653.48);
insert into instructor values('74827', 'Josu', 'GO', 113604.45);
insert into instructor values('26860', 'Budi', 'FR', 52628.43);
insert into instructor values('68249', 'rahmat', 'GF', 92677.08);
insert into instructor values('34259', 'Ande', 'FR', 126008.11);
insert into instructor values('58836', 'rahmat', 'SS', 95316.24);
insert into instructor values('47268', 'Kiki', 'RR', 44264.97);
insert into instructor values('92820', 'Ande', 'HH', 51345.29);
insert into instructor values('75739', 'Adri', 'GF', 73471.69);
insert into instructor values('98667', 'Yohan', 'FR', 125244.76);
insert into instructor values('39279', 'Adri', 'GO', 94333.23);
insert into instructor values('83747', 'Johan', 'SS', 91494.49);
insert into instructor values('22000', 'Yohan', 'SS', 55456.71);
insert into instructor values('28771', 'Yohan', 'HH', 54889.49);
insert into instructor values('82760', 'Adri', 'HH', 30214.93);
insert into instructor values('41032', 'Ahmad', 'ED', 101843.66);
insert into instructor values('83708', 'Budi', 'EL', 94906.61);
insert into instructor values('7789', 'Ahmad', 'GO', 126604.94);
insert into instructor values('80746', 'Josu', 'ED', 105389.36);
insert into instructor values('64069', 'Josu', 'GO', 62341.18);
insert into instructor values('4075', 'Budi', 'EL', 86958.89);
insert into instructor values('98365', 'Kiki', 'FR', 61216.05);
insert into instructor values('25775', 'Josu', 'GO', 67970.66);
insert into instructor values('86973', 'Johan', 'RR', 109859.27);
insert into instructor values('32389', 'Adri', 'SS', 81547.89);
insert into instructor values('12165', 'Budi', 'DE', 37045.82);
insert into instructor values('57746', 'Kiki', 'HH', 31692.49);
insert into instructor values('68434', 'Ahmad', 'EL', 68933.78);
insert into instructor values('13271', 'Ahmad', 'RR', 70212.90);
insert into instructor values('56248', 'Ahmad', 'DF', 113870.90);
insert into instructor values('30509', 'Johan', 'HH', 59106.00);
insert into instructor values('97926', 'Budi', 'GF', 113564.59);
insert into instructor values('37065', 'Ahmad', 'DF', 99377.22);
insert into instructor values('38119', 'Budi', 'EL', 80320.89);
insert into instructor values('71546', 'Ande', 'SS', 91756.40);
insert into instructor values('69885', 'Josu', 'FR', 51092.54);
insert into instructor values('47624', 'Johan', 'GF', 57363.78);
insert into instructor values('81638', 'Budi', 'DF', 128236.75);
insert into instructor values('22709', 'Adri', 'DF', 87104.02);
insert into instructor values('45849', 'Ande', 'FR', 44168.36);
insert into instructor values('56349', 'Adri', 'ED', 107412.97);
insert into instructor values('78727', 'yuyun', 'DE', 82504.15);
insert into instructor values('63031', 'rahmat', 'FR', 46955.32);
insert into instructor values('75996', 'Yohan', 'EL', 111829.31);
insert into instructor values('16915', 'Josu', 'SS', 63968.29);
insert into instructor values('18045', 'Johan', 'GF', 39877.25);
insert into instructor values('17627', 'Yohan', 'DF', 47169.59);
insert into section values('693', '1', 'Spring', 2001, 'B', '246', 'E');
insert into section values('798', '1', 'Spring', 2008, 'J', '61', 'L');
insert into section values('169', '1', 'Spring', 2008, 'B', '821', 'O');
insert into section values('822', '1', 'Spring', 2009, 'D', '658', 'C');
insert into section values('907', '1', 'Spring', 2009, 'F', '817', 'E');
insert into section values('566', '1', 'Spring', 2004, 'G', '780', 'P');
insert into section values('773', '1', 'Fall', 2010, 'J', '61', 'F');
insert into section values('967', '1', 'Fall', 2006, 'B', '752', 'P');
insert into section values('122', '1', 'Fall', 2003, 'G', '780', 'K');
insert into section values('313', '1', 'Fall', 2005, 'A', '282', 'L');
insert into section values('632', '1', 'Spring', 2005, 'E', '81', 'H');
insert into section values('315', '1', 'Fall', 2008, 'E', '81', 'P');
insert into section values('592', '1', 'Spring', 2009, 'F', '817', 'O');
insert into section values('263', '1', 'Spring', 2003, 'D', '658', 'B');
insert into section values('362', '1', 'Spring', 2009, 'D', '658', 'L');
insert into section values('610', '1', 'Spring', 2006, 'E', '81', 'L');
insert into section values('517', '1', 'Spring', 2004, 'J', '61', 'P');
insert into section values('983', '1', 'Fall', 2008, 'G', '780', 'P');
insert into section values('576', '1', 'Fall', 2008, 'F', '817', 'F');
insert into section values('489', '1', 'Fall', 2006, 'F', '817', 'F');
insert into section values('453', '1', 'Fall', 2006, 'B', '821', 'I');
insert into section values('632', '2', 'Fall', 2002, 'J', '61', 'A');
insert into section values('587', '1', 'Fall', 2010, 'B', '752', 'A');
insert into section values('203', '1', 'Spring', 2009, 'B', '821', 'B');
insert into section values('783', '1', 'Fall', 2003, 'A', '282', 'K');
insert into section values('451', '1', 'Spring', 2008, 'J', '61', 'L');
insert into section values('686', '1', 'Spring', 2003, 'J', '61', 'I');
insert into section values('723', '1', 'Fall', 2006, 'E', '81', 'P');
insert into section values('623', '1', 'Spring', 2003, 'B', '246', 'F');
insert into section values('772', '1', 'Spring', 2006, 'B', '821', 'N');
insert into section values('878', '1', 'Spring', 2001, 'F', '817', 'M');
insert into section values('169', '2', 'Fall', 2010, 'A', '282', 'A');
insert into section values('632', '3', 'Fall', 2002, 'F', '817', 'N');
insert into section values('298', '1', 'Spring', 2001, 'J', '61', 'H');
insert into section values('610', '2', 'Spring', 2010, 'B', '821', 'C');
insert into section values('583', '1', 'Spring', 2009, 'B', '752', 'M');
insert into section values('267', '1', 'Spring', 2002, 'B', '752', 'G');
insert into section values('596', '1', 'Spring', 2006, 'J', '61', 'F');
insert into section values('698', '1', 'Fall', 2005, 'E', '81', 'H');
insert into section values('934', '1', 'Spring', 2004, 'G', '780', 'L');
insert into section values('666', '1', 'Fall', 2008, 'G', '780', 'P');
insert into section values('314', '1', 'Spring', 2008, 'D', '658', 'J');
insert into section values('259', '1', 'Fall', 2001, 'G', '780', 'O');
insert into section values('936', '1', 'Fall', 2002, 'F', '817', 'D');
insert into section values('968', '1', 'Spring', 2006, 'J', '61', 'C');
insert into section values('215', '1', 'Spring', 2001, 'A', '282', 'I');
insert into section values('384', '1', 'Spring', 2002, 'J', '61', 'J');
insert into section values('936', '2', 'Spring', 2007, 'D', '658', 'D');
insert into section values('934', '2', 'Fall', 2010, 'B', '821', 'C');
insert into section values('913', '1', 'Spring', 2007, 'B', '821', 'K');
insert into section values('637', '1', 'Fall', 2002, 'F', '817', 'F');
insert into section values('663', '1', 'Fall', 2004, 'A', '282', 'P');
insert into section values('551', '1', 'Fall', 2005, 'F', '817', 'D');
insert into section values('752', '1', 'Fall', 2003, 'B', '246', 'B');
insert into section values('819', '1', 'Spring', 2005, 'J', '61', 'M');
insert into section values('554', '1', 'Fall', 2005, 'B', '246', 'G');
insert into section values('213', '1', 'Spring', 2004, 'J', '61', 'G');
insert into section values('663', '2', 'Fall', 2003, 'G', '780', 'P');
insert into section values('647', '1', 'Spring', 2009, 'B', '752', 'O');
insert into section values('694', '1', 'Fall', 2007, 'G', '780', 'O');
insert into section values('167', '1', 'Fall', 2006, 'B', '821', 'I');
insert into section values('116', '1', 'Fall', 2008, 'G', '780', 'M');
insert into section values('109', '1', 'Spring', 2005, 'G', '780', 'K');
insert into section values('583', '2', 'Spring', 2009, 'B', '246', 'E');
insert into section values('832', '1', 'Fall', 2002, 'B', '821', 'E');
insert into section values('983', '2', 'Spring', 2007, 'B', '752', 'D');
insert into section values('662', '1', 'Spring', 2004, 'G', '780', 'I');
insert into section values('863', '1', 'Fall', 2007, 'J', '61', 'B');
insert into section values('597', '1', 'Fall', 2005, 'E', '81', 'L');
insert into section values('662', '2', 'Fall', 2003, 'G', '780', 'C');
insert into section values('259', '2', 'Fall', 2005, 'B', '752', 'J');
insert into section values('687', '1', 'Spring', 2007, 'G', '780', 'K');
insert into section values('340', '1', 'Fall', 2010, 'B', '821', 'M');
insert into section values('815', '1', 'Spring', 2001, 'E', '81', 'N');
insert into section values('996', '1', 'Spring', 2004, 'B', '821', 'A');
insert into section values('702', '1', 'Fall', 2007, 'E', '81', 'K');
insert into section values('420', '1', 'Fall', 2006, 'A', '782', 'F');
insert into section values('122', '2', 'Fall', 2010, 'G', '780', 'L');
insert into section values('814', '1', 'Fall', 2006, 'B', '752', 'H');
insert into section values('419', '1', 'Spring', 2008, 'A', '782', 'J');
insert into section values('931', '1', 'Fall', 2008, 'F', '817', 'A');
insert into section values('647', '2', 'Fall', 2003, 'G', '780', 'O');
insert into section values('458', '1', 'Fall', 2006, 'G', '780', 'K');
insert into section values('607', '1', 'Spring', 2010, 'B', '246', 'C');
insert into section values('720', '1', 'Spring', 2003, 'E', '81', 'M');
insert into section values('599', '1', 'Spring', 2002, 'J', '61', 'H');
insert into section values('639', '1', 'Fall', 2004, 'D', '658', 'C');
insert into section values('783', '2', 'Fall', 2001, 'D', '658', 'L');
insert into section values('105', '1', 'Fall', 2007, 'B', '246', 'J');
insert into section values('832', '2', 'Spring', 2007, 'A', '782', 'K');
insert into section values('251', '1', 'Fall', 2007, 'J', '61', 'I');
insert into section values('306', '1', 'Spring', 2008, 'F', '817', 'F');
insert into section values('863', '2', 'Spring', 2006, 'B', '246', 'H');
insert into section values('246', '1', 'Spring', 2005, 'A', '782', 'C');
insert into section values('945', '1', 'Spring', 2006, 'F', '817', 'F');
insert into section values('822', '2', 'Fall', 2009, 'G', '780', 'E');
insert into section values('300', '1', 'Spring', 2002, 'B', '752', 'O');
insert into section values('681', '1', 'Spring', 2001, 'B', '752', 'C');
insert into section values('827', '1', 'Spring', 2009, 'B', '752', 'J');
insert into section values('791', '1', 'Spring', 2001, 'E', '81', 'G');
insert into section values('527', '1', 'Spring', 2006, 'D', '658', 'B');
insert into section values('377', '1', 'Fall', 2005, 'B', '752', 'A');
insert into section values('307', '1', 'Fall', 2001, 'A', '282', 'C');
insert into section values('632', '4', 'Spring', 2010, 'F', '817', 'C');
insert into section values('798', '2', 'Spring', 2002, 'J', '61', 'E');
insert into section values('896', '1', 'Spring', 2010, 'J', '61', 'F');
insert into section values('682', '1', 'Fall', 2008, 'B', '821', 'G');
insert into section values('215', '2', 'Fall', 2003, 'B', '752', 'C');
insert into section values('827', '2', 'Fall', 2002, 'B', '821', 'P');
insert into section values('686', '2', 'Spring', 2004, 'E', '81', 'D');
insert into section values('612', '1', 'Fall', 2002, 'E', '81', 'C');
insert into section values('699', '1', 'Spring', 2001, 'E', '81', 'A');
insert into section values('750', '1', 'Fall', 2008, 'B', '821', 'G');
insert into section values('874', '1', 'Fall', 2007, 'B', '752', 'L');
insert into section values('566', '2', 'Spring', 2002, 'B', '821', 'A');
insert into section values('551', '2', 'Fall', 2009, 'J', '61', 'A');
insert into section values('752', '2', 'Fall', 2010, 'B', '246', 'P');
insert into section values('279', '1', 'Fall', 2007, 'D', '658', 'F');
insert into section values('968', '2', 'Spring', 2002, 'D', '658', 'G');
insert into section values('570', '1', 'Spring', 2003, 'B', '821', 'K');
insert into section values('928', '1', 'Spring', 2003, 'E', '81', 'P');
insert into section values('583', '3', 'Fall', 2003, 'B', '821', 'E');
insert into section values('406', '1', 'Fall', 2006, 'A', '282', 'O');
insert into section values('298', '2', 'Spring', 2002, 'G', '780', 'M');
insert into section values('451', '2', 'Fall', 2008, 'E', '81', 'L');
insert into section values('945', '2', 'Spring', 2006, 'D', '658', 'H');
insert into section values('253', '1', 'Spring', 2005, 'B', '246', 'F');
insert into section values('200', '1', 'Spring', 2009, 'E', '81', 'M');
insert into section values('659', '1', 'Spring', 2009, 'B', '821', 'K');
insert into section values('154', '1', 'Spring', 2002, 'G', '780', 'G');
insert into section values('527', '2', 'Fall', 2003, 'F', '817', 'O');
insert into section values('540', '1', 'Spring', 2009, 'G', '780', 'K');
insert into section values('300', '2', 'Fall', 2007, 'D', '658', 'A');
insert into section values('752', '3', 'Spring', 2006, 'J', '61', 'J');
insert into section values('571', '1', 'Fall', 2008, 'G', '780', 'M');
insert into section values('592', '2', 'Fall', 2008, 'F', '817', 'E');
insert into section values('928', '2', 'Fall', 2008, 'B', '246', 'E');
insert into section values('264', '1', 'Fall', 2003, 'A', '782', 'P');
insert into section values('843', '1', 'Spring', 2007, 'B', '821', 'I');
insert into section values('965', '1', 'Fall', 2001, 'A', '282', 'G');
insert into section values('944', '1', 'Spring', 2003, 'F', '817', 'B');
insert into section values('597', '2', 'Fall', 2005, 'G', '780', 'B');
insert into section values('146', '1', 'Spring', 2001, 'E', '81', 'H');
insert into section values('458', '2', 'Spring', 2005, 'G', '780', 'D');
insert into section values('979', '1', 'Fall', 2006, 'F', '817', 'K');
insert into section values('213', '2', 'Fall', 2001, 'G', '780', 'I');
insert into section values('186', '1', 'Spring', 2001, 'E', '81', 'K');
insert into section values('251', '2', 'Spring', 2008, 'D', '658', 'K');
insert into section values('218', '1', 'Spring', 2005, 'E', '81', 'I');
insert into section values('623', '2', 'Spring', 2006, 'B', '821', 'M');
insert into section values('913', '2', 'Spring', 2001, 'F', '817', 'H');
insert into section values('663', '3', 'Spring', 2005, 'B', '821', 'L');
insert into section values('169', '3', 'Spring', 2009, 'B', '752', 'N');
insert into section values('944', '2', 'Spring', 2004, 'A', '782', 'M');
insert into section values('562', '1', 'Fall', 2004, 'G', '780', 'F');
insert into section values('329', '1', 'Spring', 2007, 'J', '61', 'L');
insert into section values('124', '1', 'Spring', 2004, 'E', '81', 'M');
insert into section values('783', '3', 'Spring', 2003, 'F', '817', 'N');
insert into section values('329', '2', 'Spring', 2003, 'G', '780', 'N');
insert into section values('451', '3', 'Spring', 2009, 'B', '752', 'A');
insert into section values('814', '2', 'Fall', 2006, 'F', '817', 'O');
insert into section values('610', '3', 'Spring', 2004, 'A', '782', 'M');
insert into section values('505', '1', 'Spring', 2001, 'B', '246', 'P');
insert into section values('420', '2', 'Fall', 2010, 'F', '817', 'F');
insert into section values('607', '2', 'Spring', 2008, 'J', '61', 'A');
insert into section values('947', '1', 'Fall', 2010, 'B', '821', 'C');
insert into section values('176', '1', 'Spring', 2003, 'B', '821', 'G');
insert into section values('750', '2', 'Spring', 2001, 'B', '752', 'J');
insert into section values('276', '1', 'Fall', 2008, 'G', '780', 'P');
insert into section values('967', '2', 'Spring', 2006, 'E', '81', 'F');
insert into section values('576', '2', 'Fall', 2006, 'G', '780', 'H');
insert into section values('749', '1', 'Spring', 2003, 'A', '782', 'F');
insert into section values('720', '2', 'Fall', 2003, 'B', '821', 'C');
insert into section values('874', '2', 'Spring', 2010, 'A', '782', 'J');
insert into section values('420', '3', 'Spring', 2006, 'B', '752', 'O');
insert into section values('743', '1', 'Spring', 2006, 'F', '817', 'E');
insert into section values('980', '1', 'Spring', 2002, 'G', '780', 'J');
insert into section values('181', '1', 'Fall', 2001, 'E', '81', 'E');
insert into section values('682', '2', 'Fall', 2009, 'F', '817', 'O');
insert into section values('551', '3', 'Fall', 2001, 'B', '821', 'O');
insert into section values('407', '1', 'Fall', 2005, 'D', '658', 'M');
insert into section values('695', '1', 'Spring', 2003, 'B', '752', 'L');
insert into section values('648', '1', 'Spring', 2002, 'A', '282', 'M');
insert into section values('632', '5', 'Spring', 2007, 'A', '282', 'N');
insert into section values('686', '3', 'Fall', 2009, 'G', '780', 'C');
insert into section values('203', '2', 'Fall', 2007, 'E', '81', 'N');
insert into section values('699', '2', 'Fall', 2004, 'J', '61', 'L');
insert into section values('914', '1', 'Fall', 2003, 'B', '752', 'I');
insert into section values('578', '1', 'Fall', 2002, 'E', '81', 'N');
insert into section values('124', '2', 'Fall', 2008, 'A', '782', 'F');
insert into section values('186', '2', 'Spring', 2005, 'E', '81', 'E');
insert into section values('300', '3', 'Fall', 2002, 'A', '282', 'G');
insert into section values('267', '2', 'Spring', 2006, 'E', '81', 'I');
insert into section values('551', '4', 'Fall', 2006, 'G', '780', 'E');
insert into section values('453', '2', 'Spring', 2007, 'B', '246', 'I');
insert into section values('982', '1', 'Fall', 2002, 'B', '752', 'J');
insert into section values('420', '4', 'Fall', 2006, 'F', '817', 'D');
insert into section values('583', '4', 'Fall', 2002, 'A', '282', 'K');
insert into section values('157', '1', 'Fall', 2004, 'J', '61', 'P');
insert into section values('167', '2', 'Fall', 2010, 'E', '81', 'D');
insert into section values('263', '2', 'Spring', 2005, 'A', '782', 'J');
insert into section values('659', '2', 'Fall', 2007, 'B', '821', 'J');
insert into section values('300', '4', 'Fall', 2005, 'E', '81', 'A');
insert into section values('395', '1', 'Spring', 2001, 'B', '246', 'P');
insert into section values('862', '1', 'Spring', 2002, 'J', '61', 'F');
insert into section values('170', '1', 'Spring', 2010, 'E', '81', 'L');
insert into section values('582', '1', 'Spring', 2008, 'E', '81', 'G');
insert into section values('395', '2', 'Fall', 2010, 'F', '817', 'N');
insert into section values('788', '1', 'Fall', 2010, 'A', '782', 'M');
insert into section values('822', '3', 'Fall', 2002, 'E', '81', 'K');
insert into section values('263', '3', 'Spring', 2010, 'E', '81', 'I');
insert into section values('259', '3', 'Spring', 2009, 'A', '782', 'K');
insert into section values('792', '1', 'Spring', 2008, 'G', '780', 'I');
insert into section values('181', '2', 'Fall', 2001, 'A', '282', 'G');
insert into section values('681', '2', 'Spring', 2005, 'E', '81', 'G');
insert into section values('300', '5', 'Fall', 2002, 'J', '61', 'N');
insert into section values('405', '1', 'Fall', 2007, 'D', '658', 'J');
insert into section values('792', '2', 'Spring', 2009, 'B', '821', 'P');
insert into section values('639', '2', 'Fall', 2010, 'E', '81', 'C');
insert into section values('203', '3', 'Fall', 2008, 'B', '821', 'G');
insert into section values('982', '2', 'Spring', 2009, 'E', '81', 'G');
insert into section values('154', '2', 'Fall', 2008, 'B', '752', 'E');
insert into section values('682', '3', 'Spring', 2001, 'G', '780', 'E');
insert into section values('871', '1', 'Fall', 2004, 'B', '821', 'M');
insert into section values('663', '4', 'Spring', 2007, 'E', '81', 'P');
insert into section values('429', '1', 'Spring', 2001, 'G', '780', 'M');
insert into section values('566', '3', 'Fall', 2010, 'D', '658', 'L');
insert into section values('540', '2', 'Spring', 2007, 'A', '782', 'H');
insert into section values('636', '1', 'Fall', 2001, 'F', '817', 'L');
insert into section values('983', '3', 'Spring', 2006, 'D', '658', 'G');
insert into section values('913', '3', 'Fall', 2003, 'G', '780', 'J');
insert into section values('384', '2', 'Spring', 2004, 'A', '282', 'O');
insert into section values('554', '2', 'Spring', 2004, 'B', '752', 'F');
insert into section values('395', '3', 'Spring', 2009, 'A', '782', 'H');
insert into section values('788', '2', 'Fall', 2001, 'J', '61', 'L');
insert into section values('451', '4', 'Fall', 2003, 'B', '246', 'I');
insert into section values('407', '2', 'Spring', 2002, 'B', '821', 'E');
insert into section values('982', '3', 'Fall', 2004, 'B', '752', 'P');
insert into section values('215', '3', 'Spring', 2003, 'E', '81', 'G');
insert into section values('279', '2', 'Fall', 2001, 'D', '658', 'K');
insert into section values('979', '2', 'Fall', 2004, 'A', '282', 'K');
insert into section values('607', '3', 'Spring', 2004, 'E', '81', 'E');
insert into section values('687', '2', 'Spring', 2007, 'D', '658', 'A');
insert into section values('169', '4', 'Fall', 2010, 'B', '821', 'J');
insert into section values('871', '2', 'Spring', 2010, 'A', '282', 'J');
insert into section values('549', '1', 'Fall', 2005, 'D', '658', 'C');
insert into section values('303', '1', 'Fall', 2009, 'B', '246', 'K');
insert into section values('225', '1', 'Spring', 2010, 'A', '282', 'P');
insert into section values('225', '2', 'Fall', 2005, 'E', '81', 'B');
insert into section values('570', '2', 'Fall', 2008, 'B', '752', 'A');
insert into section values('419', '2', 'Fall', 2006, 'B', '246', 'D');
insert into section values('558', '1', 'Spring', 2002, 'J', '61', 'H');
insert into section values('556', '1', 'Fall', 2006, 'J', '61', 'G');
insert into section values('947', '2', 'Fall', 2004, 'B', '821', 'F');
insert into section values('420', '5', 'Spring', 2002, 'E', '81', 'N');
insert into section values('996', '2', 'Fall', 2010, 'G', '780', 'P');
insert into section values('267', '3', 'Spring', 2007, 'B', '752', 'A');
insert into section values('987', '1', 'Fall', 2008, 'F', '817', 'O');
insert into section values('819', '2', 'Spring', 2008, 'G', '780', 'M');
insert into section values('693', '2', 'Fall', 2009, 'F', '817', 'C');
insert into section values('653', '1', 'Fall', 2010, 'A', '782', 'F');
insert into section values('931', '2', 'Spring', 2003, 'B', '752', 'A');
insert into section values('637', '2', 'Spring', 2001, 'G', '780', 'O');
insert into section values('124', '3', 'Spring', 2007, 'G', '780', 'J');
insert into section values('896', '2', 'Fall', 2009, 'F', '817', 'C');
insert into section values('752', '4', 'Fall', 2003, 'A', '782', 'K');
insert into section values('430', '1', 'Fall', 2008, 'B', '752', 'E');
insert into section values('267', '4', 'Fall', 2004, 'F', '817', 'A');
insert into section values('687', '3', 'Fall', 2007, 'B', '246', 'E');
insert into section values('221', '1', 'Fall', 2006, 'F', '817', 'C');
insert into section values('477', '1', 'Spring', 2009, 'A', '782', 'F');
insert into section values('640', '1', 'Spring', 2007, 'J', '61', 'P');
insert into section values('903', '1', 'Spring', 2004, 'A', '282', 'J');
insert into section values('798', '3', 'Fall', 2005, 'J', '61', 'J');
insert into section values('372', '1', 'Spring', 2008, 'B', '246', 'L');
insert into section values('158', '1', 'Fall', 2001, 'B', '246', 'A');
insert into section values('453', '3', 'Spring', 2004, 'A', '782', 'H');
insert into section values('362', '2', 'Fall', 2001, 'E', '81', 'N');
insert into section values('682', '4', 'Spring', 2009, 'B', '821', 'A');
insert into section values('406', '2', 'Spring', 2004, 'D', '658', 'A');
insert into section values('314', '2', 'Spring', 2002, 'A', '782', 'L');
insert into section values('788', '3', 'Spring', 2009, 'E', '81', 'G');
insert into section values('263', '4', 'Fall', 2003, 'B', '246', 'N');
insert into section values('695', '2', 'Fall', 2006, 'F', '817', 'A');
insert into section values('895', '1', 'Spring', 2007, 'B', '246', 'F');
insert into section values('952', '1', 'Spring', 2001, 'G', '780', 'H');
insert into section values('996', '3', 'Spring', 2010, 'J', '61', 'M');
insert into section values('491', '1', 'Fall', 2010, 'B', '246', 'N');
insert into section values('750', '3', 'Fall', 2009, 'B', '752', 'O');
insert into section values('307', '2', 'Fall', 2003, 'J', '61', 'E');
insert into section values('569', '1', 'Fall', 2007, 'A', '282', 'M');
insert into section values('154', '3', 'Spring', 2010, 'B', '246', 'P');
insert into section values('429', '2', 'Spring', 2010, 'J', '61', 'N');
insert into section values('307', '3', 'Spring', 2005, 'A', '282', 'M');
insert into section values('874', '3', 'Spring', 2010, 'B', '246', 'D');
insert into section values('578', '2', 'Fall', 2006, 'G', '780', 'I');
insert into section values('349', '1', 'Fall', 2006, 'J', '61', 'H');
insert into section values('863', '3', 'Spring', 2005, 'D', '658', 'F');
insert into section values('124', '4', 'Fall', 2009, 'D', '658', 'N');
insert into section values('232', '1', 'Spring', 2008, 'A', '782', 'J');
insert into section values('832', '3', 'Fall', 2007, 'A', '282', 'I');
insert into section values('827', '3', 'Fall', 2001, 'G', '780', 'E');
insert into section values('513', '1', 'Fall', 2009, 'B', '821', 'P');
insert into section values('965', '2', 'Fall', 2003, 'E', '81', 'L');
insert into section values('788', '4', 'Fall', 2004, 'J', '61', 'P');
insert into section values('685', '1', 'Fall', 2009, 'A', '782', 'N');
insert into section values('931', '3', 'Spring', 2010, 'B', '246', 'L');
insert into section values('681', '3', 'Fall', 2010, 'G', '780', 'K');
insert into section values('419', '3', 'Spring', 2005, 'A', '282', 'E');
insert into section values('315', '2', 'Fall', 2001, 'B', '821', 'P');
insert into section values('687', '4', 'Fall', 2010, 'F', '817', 'A');
insert into section values('147', '1', 'Fall', 2005, 'A', '782', 'I');
insert into section values('711', '1', 'Fall', 2007, 'E', '81', 'M');
insert into section values('710', '1', 'Fall', 2001, 'F', '817', 'F');
insert into section values('481', '1', 'Fall', 2009, 'A', '782', 'F');
insert into section values('819', '3', 'Fall', 2002, 'D', '658', 'H');
insert into section values('878', '2', 'Fall', 2004, 'E', '81', 'G');
insert into section values('124', '5', 'Spring', 2004, 'D', '658', 'H');
insert into section values('169', '5', 'Fall', 2002, 'D', '658', 'F');
insert into section values('862', '2', 'Spring', 2002, 'A', '782', 'I');
insert into section values('632', '6', 'Spring', 2002, 'B', '821', 'J');
insert into section values('394', '1', 'Spring', 2005, 'G', '780', 'A');
insert into section values('420', '6', 'Fall', 2007, 'B', '752', 'C');
insert into section values('763', '1', 'Spring', 2007, 'B', '752', 'J');
insert into section values('752', '5', 'Fall', 2003, 'E', '81', 'A');
insert into section values('723', '2', 'Spring', 2004, 'B', '246', 'I');
insert into section values('845', '1', 'Fall', 2006, 'F', '817', 'J');
insert into section values('682', '5', 'Spring', 2007, 'B', '246', 'B');
insert into section values('669', '1', 'Fall', 2006, 'A', '282', 'O');
insert into section values('686', '4', 'Spring', 2010, 'A', '282', 'F');
insert into section values('824', '1', 'Fall', 2008, 'A', '782', 'A');
insert into section values('814', '3', 'Fall', 2002, 'B', '821', 'N');
insert into section values('610', '4', 'Fall', 2009, 'A', '782', 'G');
insert into section values('695', '3', 'Fall', 2004, 'E', '81', 'H');
insert into section values('181', '3', 'Spring', 2005, 'F', '817', 'C');
insert into section values('238', '1', 'Spring', 2007, 'G', '780', 'K');
insert into section values('597', '3', 'Spring', 2001, 'A', '282', 'E');
insert into section values('602', '1', 'Spring', 2007, 'A', '782', 'N');
insert into section values('157', '2', 'Fall', 2001, 'D', '658', 'O');
insert into section values('785', '1', 'Spring', 2004, 'B', '246', 'C');
insert into section values('340', '2', 'Fall', 2008, 'F', '817', 'E');
insert into section values('225', '3', 'Fall', 2007, 'G', '780', 'P');
insert into section values('362', '3', 'Fall', 2003, 'F', '817', 'F');
insert into section values('913', '4', 'Spring', 2003, 'J', '61', 'O');
insert into section values('686', '5', 'Spring', 2008, 'E', '81', 'J');
insert into section values('186', '3', 'Fall', 2002, 'B', '752', 'A');
insert into section values('513', '2', 'Spring', 2005, 'B', '752', 'N');
insert into section values('653', '2', 'Spring', 2008, 'F', '817', 'N');
insert into section values('750', '4', 'Fall', 2006, 'J', '61', 'P');
insert into section values('914', '2', 'Spring', 2002, 'J', '61', 'N');
insert into section values('824', '2', 'Spring', 2005, 'J', '61', 'K');
insert into section values('619', '1', 'Spring', 2001, 'E', '81', 'F');
insert into section values('824', '3', 'Fall', 2008, 'F', '817', 'K');
insert into section values('218', '2', 'Fall', 2005, 'A', '782', 'M');
insert into section values('451', '5', 'Spring', 2010, 'B', '246', 'J');
insert into section values('914', '3', 'Fall', 2008, 'G', '780', 'J');
insert into section values('687', '5', 'Spring', 2004, 'B', '752', 'F');
insert into section values('362', '4', 'Spring', 2003, 'B', '752', 'O');
insert into section values('559', '1', 'Spring', 2002, 'F', '817', 'A');
insert into section values('203', '4', 'Fall', 2006, 'B', '246', 'H');
insert into section values('952', '2', 'Fall', 2009, 'B', '246', 'E');
insert into section values('745', '1', 'Spring', 2004, 'E', '81', 'K');
insert into section values('607', '4', 'Spring', 2001, 'B', '246', 'E');
insert into section values('576', '3', 'Spring', 2005, 'B', '821', 'O');
insert into section values('785', '2', 'Spring', 2004, 'A', '282', 'C');
insert into section values('632', '7', 'Fall', 2001, 'J', '61', 'A');
insert into section values('720', '3', 'Spring', 2002, 'G', '780', 'A');
insert into section values('238', '2', 'Fall', 2006, 'F', '817', 'M');
insert into section values('674', '1', 'Spring', 2003, 'J', '61', 'L');
insert into section values('489', '2', 'Spring', 2002, 'A', '282', 'F');
insert into section values('271', '1', 'Fall', 2007, 'J', '61', 'C');
insert into section values('576', '4', 'Fall', 2004, 'A', '782', 'L');
insert into section values('822', '4', 'Fall', 2001, 'A', '782', 'N');
insert into section values('298', '3', 'Spring', 2005, 'A', '282', 'E');
insert into section values('559', '2', 'Fall', 2003, 'D', '658', 'F');
insert into section values('313', '2', 'Spring', 2005, 'F', '817', 'H');
insert into section values('298', '4', 'Fall', 2009, 'D', '658', 'M');
insert into section values('154', '4', 'Spring', 2010, 'A', '282', 'E');
insert into section values('349', '2', 'Fall', 2006, 'B', '752', 'G');
insert into section values('831', '1', 'Spring', 2006, 'A', '782', 'I');
insert into section values('562', '2', 'Fall', 2002, 'A', '282', 'D');
insert into section values('824', '4', 'Fall', 2002, 'J', '61', 'K');
insert into section values('228', '1', 'Fall', 2008, 'A', '282', 'L');
insert into section values('743', '2', 'Fall', 2007, 'G', '780', 'C');
insert into section values('934', '3', 'Spring', 2001, 'A', '782', 'J');
insert into section values('377', '2', 'Fall', 2009, 'D', '658', 'E');
insert into section values('612', '2', 'Spring', 2010, 'B', '821', 'J');
insert into section values('815', '2', 'Spring', 2003, 'A', '782', 'K');
insert into section values('429', '3', 'Fall', 2005, 'A', '782', 'P');
insert into section values('687', '6', 'Fall', 2005, 'F', '817', 'I');
insert into section values('271', '2', 'Spring', 2004, 'J', '61', 'E');
insert into section values('863', '4', 'Spring', 2003, 'B', '246', 'I');
insert into section values('271', '3', 'Spring', 2003, 'E', '81', 'F');
insert into section values('642', '1', 'Spring', 2010, 'D', '658', 'F');
insert into section values('186', '4', 'Spring', 2008, 'B', '821', 'N');
insert into section values('952', '3', 'Spring', 2002, 'B', '821', 'B');
insert into section values('375', '1', 'Fall', 2006, 'B', '821', 'F');
insert into section values('752', '6', 'Spring', 2008, 'E', '81', 'E');
insert into section values('720', '4', 'Spring', 2003, 'J', '61', 'N');
insert into section values('819', '4', 'Fall', 2001, 'B', '752', 'A');
insert into teaches values('30509', '610', '1', 'Spring', 2006);
insert into teaches values('16915', '682', '3', 'Spring', 2001);
insert into teaches values('32389', '819', '1', 'Spring', 2005);
insert into teaches values('16915', '228', '1', 'Fall', 2008);
insert into teaches values('45849', '200', '1', 'Spring', 2009);
insert into teaches values('18045', '453', '1', 'Fall', 2006);
insert into teaches values('78727', '451', '2', 'Fall', 2008);
insert into teaches values('32389', '639', '2', 'Fall', 2010);
insert into teaches values('41032', '307', '1', 'Fall', 2001);
insert into teaches values('75996', '687', '1', 'Spring', 2007);
insert into teaches values('63031', '720', '2', 'Fall', 2003);
insert into teaches values('13271', '863', '3', 'Spring', 2005);
insert into teaches values('75996', '695', '3', 'Fall', 2004);
insert into teaches values('18045', '642', '1', 'Spring', 2010);
insert into teaches values('56349', '632', '5', 'Spring', 2007);
insert into teaches values('30509', '663', '4', 'Spring', 2007);
insert into teaches values('25775', '578', '2', 'Fall', 2006);
insert into teaches values('30509', '663', '2', 'Fall', 2003);
insert into teaches values('56349', '632', '2', 'Fall', 2002);
insert into teaches values('75996', '570', '1', 'Spring', 2003);
insert into teaches values('78727', '612', '1', 'Fall', 2002);
insert into teaches values('75996', '116', '1', 'Fall', 2008);
insert into teaches values('56349', '154', '4', 'Spring', 2010);
insert into teaches values('97926', '596', '1', 'Spring', 2006);
insert into teaches values('75996', '279', '2', 'Fall', 2001);
insert into teaches values('57746', '429', '1', 'Spring', 2001);
insert into teaches values('30509', '225', '1', 'Spring', 2010);
insert into teaches values('18045', '592', '1', 'Spring', 2009);
insert into teaches values('13271', '599', '1', 'Spring', 2002);
insert into teaches values('56349', '934', '2', 'Fall', 2010);
insert into teaches values('63031', '788', '1', 'Fall', 2010);
insert into teaches values('30509', '395', '1', 'Spring', 2001);
insert into teaches values('75996', '710', '1', 'Fall', 2001);
insert into teaches values('75996', '300', '5', 'Fall', 2002);
insert into teaches values('63031', '597', '1', 'Fall', 2005);
insert into teaches values('63031', '968', '2', 'Spring', 2002);
insert into teaches values('75996', '203', '2', 'Fall', 2007);
insert into teaches values('17627', '824', '4', 'Fall', 2002);
insert into teaches values('78727', '871', '2', 'Spring', 2010);
insert into teaches values('16915', '723', '2', 'Spring', 2004);
insert into teaches values('30509', '647', '2', 'Fall', 2003);
insert into teaches values('56349', '554', '1', 'Fall', 2005);
insert into teaches values('71546', '682', '1', 'Fall', 2008);
insert into teaches values('56349', '307', '2', 'Fall', 2003);
insert into teaches values('32389', '681', '2', 'Spring', 2005);
insert into teaches values('75996', '686', '4', 'Spring', 2010);
insert into teaches values('13271', '232', '1', 'Spring', 2008);
insert into teaches values('17627', '874', '3', 'Spring', 2010);
insert into teaches values('18045', '513', '1', 'Fall', 2009);
insert into teaches values('56349', '340', '2', 'Fall', 2008);
insert into teaches values('16915', '481', '1', 'Fall', 2009);
insert into teaches values('63031', '559', '1', 'Spring', 2002);
insert into teaches values('45849', '303', '1', 'Fall', 2009);
insert into teaches values('25775', '914', '1', 'Fall', 2003);
insert into teaches values('63031', '407', '1', 'Fall', 2005);
insert into teaches values('25775', '271', '2', 'Spring', 2004);
insert into teaches values('25775', '124', '5', 'Spring', 2004);
insert into teaches values('16915', '750', '4', 'Fall', 2006);
insert into teaches values('17627', '824', '1', 'Fall', 2008);
insert into teaches values('63031', '788', '2', 'Fall', 2001);
insert into teaches values('78727', '263', '1', 'Spring', 2003);
insert into teaches values('17627', '752', '2', 'Fall', 2010);
insert into teaches values('17627', '783', '3', 'Spring', 2003);
insert into teaches values('78727', '263', '2', 'Spring', 2005);
insert into teaches values('30509', '395', '2', 'Fall', 2010);
insert into teaches values('63031', '659', '1', 'Spring', 2009);
insert into teaches values('75996', '686', '2', 'Spring', 2004);
insert into teaches values('57746', '903', '1', 'Spring', 2004);
insert into teaches values('63031', '637', '2', 'Spring', 2001);
insert into teaches values('30509', '419', '1', 'Spring', 2008);
insert into teaches values('13271', '251', '1', 'Fall', 2007);
insert into teaches values('56349', '576', '2', 'Fall', 2006);
insert into teaches values('75996', '845', '1', 'Fall', 2006);
insert into teaches values('78727', '517', '1', 'Spring', 2004);
insert into teaches values('17627', '822', '4', 'Fall', 2001);
insert into teaches values('78727', '158', '1', 'Fall', 2001);
insert into teaches values('38119', '203', '4', 'Fall', 2006);
insert into teaches values('75996', '745', '1', 'Spring', 2004);
insert into teaches values('81638', '693', '1', 'Spring', 2001);
insert into teaches values('63031', '215', '3', 'Spring', 2003);
insert into teaches values('30509', '947', '2', 'Fall', 2004);
insert into teaches values('17627', '147', '1', 'Fall', 2005);
insert into teaches values('75996', '695', '1', 'Spring', 2003);
insert into teaches values('78727', '451', '4', 'Fall', 2003);
insert into teaches values('75996', '686', '1', 'Spring', 2003);
insert into teaches values('75996', '203', '3', 'Fall', 2008);
insert into teaches values('63031', '597', '2', 'Fall', 2005);
insert into teaches values('75996', '458', '2', 'Spring', 2005);
insert into teaches values('16915', '819', '3', 'Fall', 2002);
insert into teaches values('18045', '453', '3', 'Spring', 2004);
insert into teaches values('56349', '154', '2', 'Fall', 2008);
insert into teaches values('18045', '298', '1', 'Spring', 2001);
insert into teaches values('13271', '843', '1', 'Spring', 2007);
insert into teaches values('18045', '815', '2', 'Spring', 2003);
insert into teaches values('18045', '298', '2', 'Spring', 2002);
insert into teaches values('86973', '315', '1', 'Fall', 2008);
insert into teaches values('30509', '913', '3', 'Fall', 2003);
insert into teaches values('30509', '566', '1', 'Spring', 2004);
insert into teaches values('17627', '430', '1', 'Fall', 2008);
insert into teaches values('78727', '157', '1', 'Fall', 2004);
insert into student values('53723', 'yuyun', 'RR', 79);
insert into student values('99064', 'Adri', 'DE', 32);
insert into student values('10269', 'Yohan', 'FR', 19);
insert into student values('18300', 'Ande', 'GF', 39);
insert into student values('81596', 'Yohan', 'FR', 44);
insert into student values('3805', 'Adri', 'DF', 98);
insert into student values('55545', 'Kiki', 'RR', 22);
insert into student values('18693', 'Kiki', 'SS', 8);
insert into student values('5943', 'Yohan', 'SS', 68);
insert into student values('67521', 'Budi', 'EL', 120);
insert into student values('78843', 'Ande', 'EL', 63);
insert into student values('65887', 'yuyun', 'ED', 80);
insert into student values('78958', 'Josu', 'SS', 115);
insert into student values('4944', 'Ande', 'HH', 98);
insert into student values('49849', 'yuyun', 'ED', 89);
insert into student values('582', 'Johan', 'GF', 53);
insert into student values('89703', 'Budi', 'GF', 17);
insert into student values('58423', 'Johan', 'RR', 87);
insert into student values('60614', 'Johan', 'DE', 85);
insert into student values('84568', 'Josu', 'RR', 15);
insert into student values('86021', 'Budi', 'HH', 50);
insert into student values('84321', 'Johan', 'EL', 124);
insert into student values('10391', 'Josu', 'GF', 73);
insert into student values('27439', 'Josu', 'DF', 21);
insert into student values('44335', 'rahmat', 'GF', 23);
insert into student values('77437', 'yuyun', 'DE', 40);
insert into student values('27778', 'Ande', 'HH', 126);
insert into student values('4201', 'yuyun', 'SS', 36);
insert into student values('53095', 'Johan', 'HH', 53);
insert into student values('44309', 'Budi', 'DF', 18);
insert into student values('94937', 'Kiki', 'HH', 6);
insert into student values('91843', 'Ande', 'ED', 92);
insert into student values('69875', 'yuyun', 'DE', 123);
insert into student values('10359', 'Yohan', 'RR', 16);
insert into student values('58642', 'yuyun', 'DF', 43);
insert into student values('47161', 'rahmat', 'GF', 54);
insert into student values('45239', 'Adri', 'ED', 125);
insert into student values('99088', 'Budi', 'GO', 87);
insert into student values('16482', 'Ande', 'RR', 93);
insert into student values('28455', 'Yohan', 'GO', 96);
insert into student values('727', 'yuyun', 'DE', 33);
insert into student values('61035', 'Ahmad', 'DF', 69);
insert into student values('90332', 'Budi', 'FR', 50);
insert into student values('28970', 'yuyun', 'EL', 127);
insert into student values('90264', 'yuyun', 'ED', 115);
insert into student values('23125', 'yuyun', 'ED', 103);
insert into student values('64438', 'Yohan', 'GF', 129);
insert into student values('28158', 'Yohan', 'EL', 13);
insert into student values('12511', 'Ande', 'GF', 12);
insert into student values('93018', 'Adri', 'RR', 91);
insert into student values('25667', 'Josu', 'EL', 18);
insert into student values('41536', 'Budi', 'GF', 62);
insert into student values('27056', 'Budi', 'DE', 33);
insert into student values('17704', 'yuyun', 'DF', 28);
insert into student values('28888', 'Ande', 'DE', 30);
insert into student values('78669', 'Kiki', 'ED', 39);
insert into student values('32848', 'Ande', 'ED', 35);
insert into student values('27499', 'Adri', 'DF', 64);
insert into student values('61195', 'Adri', 'GO', 6);
insert into student values('17408', 'Johan', 'GO', 33);
insert into student values('1698', 'Ahmad', 'FR', 118);
insert into student values('75694', 'Yohan', 'GO', 23);
insert into student values('22574', 'Josu', 'EL', 85);
insert into student values('33175', 'Ande', 'EL', 43);
insert into student values('21804', 'rahmat', 'EL', 84);
insert into student values('73887', 'rahmat', 'EL', 67);
insert into student values('3992', 'rahmat', 'SS', 68);
insert into student values('58382', 'Johan', 'GF', 2);
insert into student values('31218', 'Adri', 'RR', 13);
insert into student values('82603', 'Yohan', 'GO', 104);
insert into student values('7835', 'Kiki', 'HH', 115);
insert into student values('56385', 'Josu', 'EL', 40);
insert into student values('39928', 'Ahmad', 'RR', 60);
insert into student values('38685', 'Ande', 'EL', 37);
insert into student values('46094', 'Johan', 'GF', 129);
insert into student values('28781', 'Ande', 'SS', 15);
insert into student values('29603', 'Josu', 'SS', 14);
insert into student values('48578', 'Ande', 'GO', 125);
insert into student values('4931', 'rahmat', 'DE', 40);
insert into student values('96718', 'Kiki', 'HH', 30);
insert into student values('67704', 'Ahmad', 'DF', 40);
insert into student values('46887', 'Ahmad', 'SS', 65);
insert into student values('5681', 'Josu', 'RR', 32);
insert into student values('14978', 'Ande', 'ED', 76);
insert into student values('5211', 'Yohan', 'FR', 4);
insert into student values('42104', 'Yohan', 'FR', 58);
insert into student values('19786', 'Johan', 'SS', 115);
insert into student values('19555', 'Johan', 'SS', 99);
insert into student values('14481', 'Ande', 'SS', 6);
insert into student values('25313', 'Josu', 'SS', 75);
insert into student values('96965', 'Ahmad', 'DE', 61);
insert into student values('62160', 'Kiki', 'DE', 1);
insert into student values('33021', 'Josu', 'ED', 94);
insert into student values('70992', 'Ande', 'ED', 82);
insert into student values('38644', 'Kiki', 'ED', 13);
insert into student values('84868', 'Yohan', 'FR', 125);
insert into student values('58693', 'Yohan', 'ED', 61);
insert into student values('33072', 'Yohan', 'DF', 23);
insert into student values('15886', 'Ahmad', 'DE', 67);
insert into student values('15707', 'Johan', 'SS', 6);
insert into student values('83821', 'Josu', 'GO', 71);
insert into student values('85198', 'Budi', 'GF', 40);
insert into student values('74853', 'rahmat', 'RR', 17);
insert into student values('372', 'rahmat', 'SS', 14);
insert into student values('97690', 'Budi', 'RR', 112);
insert into student values('21239', 'Adri', 'EL', 9);
insert into student values('1680', 'yuyun', 'RR', 97);
insert into student values('36041', 'rahmat', 'SS', 120);
insert into student values('28239', 'Ande', 'GF', 79);
insert into student values('6808', 'Kiki', 'HH', 37);
insert into student values('31617', 'Kiki', 'GO', 23);
insert into student values('53655', 'Ande', 'DF', 69);
insert into student values('12498', 'Ande', 'DE', 42);
insert into student values('86843', 'Josu', 'DE', 117);
insert into student values('1679', 'rahmat', 'HH', 42);
insert into student values('18075', 'Kiki', 'GF', 56);
insert into student values('63111', 'Adri', 'DF', 77);
insert into student values('49135', 'Adri', 'DE', 1);
insert into student values('2412', 'rahmat', 'FR', 9);
insert into student values('3474', 'Josu', 'EL', 46);
insert into student values('38418', 'Yohan', 'DF', 12);
insert into student values('74304', 'rahmat', 'SS', 46);
insert into student values('42799', 'Ahmad', 'EL', 126);
insert into student values('87928', 'Adri', 'DE', 122);
insert into student values('14585', 'yuyun', 'GO', 32);
insert into student values('97594', 'yuyun', 'GO', 106);
insert into student values('34538', 'Ande', 'SS', 125);
insert into student values('99081', 'Johan', 'HH', 67);
insert into student values('70687', 'Johan', 'GO', 52);
insert into student values('5769', 'Johan', 'GO', 29);
insert into student values('89908', 'Ahmad', 'FR', 12);
insert into student values('49505', 'Josu', 'EL', 128);
insert into student values('12617', 'Josu', 'DE', 44);
insert into student values('96026', 'Budi', 'HH', 60);
insert into student values('48576', 'Budi', 'DE', 58);
insert into student values('9663', 'Josu', 'GF', 55);
insert into student values('74075', 'Ande', 'EL', 62);
insert into student values('6075', 'rahmat', 'GF', 112);
insert into student values('29122', 'yuyun', 'EL', 67);
insert into student values('44829', 'rahmat', 'GF', 105);
insert into student values('7611', 'rahmat', 'FR', 30);
insert into student values('76566', 'Yohan', 'ED', 18);
insert into student values('88272', 'rahmat', 'SS', 82);
insert into student values('63576', 'Ande', 'FR', 12);
insert into student values('29452', 'Budi', 'GO', 21);
insert into student values('44025', 'Yohan', 'HH', 69);
insert into student values('1501', 'Ande', 'EL', 63);
insert into student values('96942', 'Budi', 'GO', 64);
insert into student values('76691', 'Adri', 'DF', 19);
insert into student values('62256', 'Ande', 'ED', 101);
insert into student values('75391', 'Kiki', 'GO', 79);
insert into student values('99577', 'Ande', 'HH', 102);
insert into student values('15093', 'Johan', 'RR', 68);
insert into student values('46279', 'Johan', 'DF', 22);
insert into student values('14506', 'rahmat', 'EL', 50);
insert into student values('31960', 'rahmat', 'FR', 127);
insert into student values('23061', 'Budi', 'DF', 109);
insert into student values('49676', 'Adri', 'ED', 112);
insert into student values('27697', 'Ahmad', 'GO', 0);
insert into student values('60550', 'Johan', 'GF', 32);
insert into student values('43193', 'Johan', 'EL', 8);
insert into student values('31338', 'Budi', 'HH', 129);
insert into student values('3851', 'Ahmad', 'DF', 71);
insert into student values('1952', 'Ande', 'EL', 103);
insert into student values('28517', 'Ande', 'GO', 125);
insert into student values('9615', 'Johan', 'GF', 67);
insert into student values('83787', 'yuyun', 'EL', 110);
insert into student values('64642', 'Johan', 'DF', 46);
insert into student values('49374', 'Ahmad', 'SS', 16);
insert into student values('50726', 'Josu', 'FR', 75);
insert into student values('20293', 'rahmat', 'HH', 124);
insert into student values('68713', 'Yohan', 'FR', 85);
insert into student values('84584', 'Kiki', 'GO', 126);
insert into student values('69628', 'Yohan', 'SS', 12);
insert into student values('5519', 'Yohan', 'EL', 66);
insert into student values('88082', 'Budi', 'GF', 42);
insert into student values('99015', 'Kiki', 'DE', 88);
insert into student values('28254', 'Ande', 'SS', 90);
insert into student values('19644', 'Kiki', 'GO', 1);
insert into student values('56499', 'Kiki', 'HH', 66);
insert into student values('35341', 'Budi', 'DF', 48);
insert into student values('71453', 'Budi', 'GO', 20);
insert into student values('92801', 'Ahmad', 'RR', 47);
insert into student values('33331', 'Yohan', 'EL', 93);
insert into student values('42621', 'Ahmad', 'ED', 97);
insert into student values('73788', 'rahmat', 'SS', 99);
insert into student values('59024', 'yuyun', 'SS', 97);
insert into student values('5181', 'Josu', 'SS', 82);
insert into student values('61729', 'Ande', 'SS', 45);
insert into student values('80434', 'Yohan', 'ED', 99);
insert into student values('86483', 'Adri', 'RR', 106);
insert into student values('30995', 'Johan', 'GO', 54);
insert into student values('43459', 'Kiki', 'GF', 20);
insert into student values('41234', 'yuyun', 'HH', 90);
insert into student values('46087', 'Ahmad', 'DE', 87);
insert into student values('29401', 'yuyun', 'EL', 112);
insert into student values('55182', 'Ande', 'RR', 86);
insert into student values('37454', 'Budi', 'DF', 122);
insert into student values('64996', 'yuyun', 'HH', 70);
insert into student values('83377', 'Johan', 'HH', 69);
insert into takes values('28239', '481', '1', 'Fall', 2009, 'A+');
insert into takes values('10269', '583', '1', 'Spring', 2009, 'B ');
insert into takes values('31617', '752', '2', 'Fall', 2010, 'C ');
insert into takes values('62256', '566', '1', 'Spring', 2004, 'C ');
insert into takes values('38418', '554', '1', 'Fall', 2005, 'A-');
insert into takes values('372', '597', '2', 'Fall', 2005, 'A+');
insert into takes values('64642', '377', '2', 'Fall', 2009, 'B ');
insert into takes values('43459', '783', '1', 'Fall', 2003, 'C-');
insert into takes values('70992', '610', '1', 'Spring', 2006, 'A-');
insert into takes values('21804', '636', '1', 'Fall', 2001, 'A-');
insert into takes values('46887', '612', '2', 'Spring', 2010, 'C-');
insert into takes values('65887', '527', '1', 'Spring', 2006, 'A+');
insert into takes values('23061', '824', '1', 'Fall', 2008, 'C+');
insert into takes values('99577', '815', '1', 'Spring', 2001, 'B ');
insert into takes values('15093', '824', '4', 'Fall', 2002, 'A+');
insert into takes values('15707', '406', '1', 'Fall', 2006, 'A ');
insert into takes values('31338', '979', '1', 'Fall', 2006, 'B-');
insert into takes values('727', '154', '2', 'Fall', 2008, 'A+');
insert into takes values('69628', '592', '1', 'Spring', 2009, 'A-');
insert into takes values('50726', '558', '1', 'Spring', 2002, 'B-');
insert into takes values('99088', '263', '4', 'Fall', 2003, 'A ');
insert into takes values('28517', '965', '2', 'Fall', 2003, 'B+');
insert into takes values('31218', '124', '3', 'Spring', 2007, 'A ');
insert into takes values('3474', '167', '2', 'Fall', 2010, 'A ');
insert into takes values('55182', '814', '2', 'Fall', 2006, 'A ');
insert into takes values('34538', '874', '1', 'Fall', 2007, 'A ');
insert into takes values('74853', '157', '1', 'Fall', 2004, 'B+');
insert into takes values('50726', '238', '2', 'Fall', 2006, 'B-');
insert into takes values('69875', '702', '1', 'Fall', 2007, 'B-');
insert into takes values('12498', '158', '1', 'Fall', 2001, 'A ');
insert into takes values('31617', '540', '1', 'Spring', 2009, 'C-');
insert into takes values('6075', '982', '1', 'Fall', 2002, 'C-');
insert into takes values('31960', '822', '4', 'Fall', 2001, 'C+');
insert into takes values('84321', '279', '1', 'Fall', 2007, 'B-');
insert into takes values('34538', '377', '1', 'Fall', 2005, 'C+');
insert into takes values('70687', '551', '2', 'Fall', 2009, 'B-');
insert into takes values('42621', '612', '2', 'Spring', 2010, 'C ');
insert into takes values('89703', '686', '3', 'Fall', 2009, 'B+');
insert into takes values('1501', '571', '1', 'Fall', 2008, 'C+');
insert into takes values('58382', '213', '2', 'Fall', 2001, 'A ');
insert into takes values('58423', '612', '1', 'Fall', 2002, 'A-');
insert into takes values('56499', '170', '1', 'Spring', 2010, 'A+');
insert into takes values('90264', '895', '1', 'Spring', 2007, 'A ');
insert into takes values('36041', '597', '2', 'Fall', 2005, 'C-');
insert into takes values('14506', '827', '1', 'Spring', 2009, 'B ');
insert into takes values('15093', '453', '3', 'Spring', 2004, 'A-');
insert into takes values('9615', '569', '1', 'Fall', 2007, 'A-');
insert into takes values('3851', '313', '2', 'Spring', 2005, 'A-');
insert into takes values('18300', '653', '1', 'Fall', 2010, 'C+');
insert into takes values('29122', '945', '2', 'Spring', 2006, 'A ');
insert into takes values('5769', '788', '4', 'Fall', 2004, 'B+');
insert into takes values('84584', '871', '1', 'Fall', 2004, 'C-');
insert into takes values('67704', '640', '1', 'Spring', 2007, 'A-');
insert into takes values('61729', '752', '4', 'Fall', 2003, 'C-');
insert into takes values('47161', '221', '1', 'Fall', 2006, 'C+');
insert into takes values('27778', '913', '4', 'Spring', 2003, 'A ');
insert into takes values('1698', '682', '1', 'Fall', 2008, 'B ');
insert into takes values('53723', '405', '1', 'Fall', 2007, 'C ');
insert into takes values('62160', '419', '3', 'Spring', 2005, 'A+');
insert into takes values('5943', '878', '1', 'Spring', 2001, 'A-');
insert into takes values('73788', '772', '1', 'Spring', 2006, 'C+');
insert into takes values('39928', '895', '1', 'Spring', 2007, 'C-');
insert into takes values('2412', '298', '2', 'Spring', 2002, 'C ');
insert into takes values('9663', '303', '1', 'Fall', 2009, 'B+');
insert into takes values('5943', '420', '6', 'Fall', 2007, 'B-');
insert into takes values('53655', '663', '1', 'Fall', 2004, 'B+');
insert into takes values('64438', '610', '4', 'Fall', 2009, 'C ');
insert into takes values('15707', '362', '1', 'Spring', 2009, 'A ');
insert into takes values('92801', '822', '3', 'Fall', 2002, 'A+');
insert into takes values('60550', '979', '2', 'Fall', 2004, 'B ');
insert into takes values('28517', '720', '3', 'Spring', 2002, 'C ');
insert into takes values('23125', '570', '1', 'Spring', 2003, 'A+');
insert into takes values('31218', '169', '1', 'Spring', 2008, 'A-');
insert into takes values('28517', '372', '1', 'Spring', 2008, 'A+');
insert into takes values('49135', '375', '1', 'Fall', 2006, 'A+');
insert into takes values('38418', '169', '4', 'Fall', 2010, 'C ');
insert into takes values('62256', '612', '1', 'Fall', 2002, 'C+');
insert into takes values('28158', '695', '2', 'Fall', 2006, 'B+');
insert into takes values('10359', '785', '2', 'Spring', 2004, 'C ');
insert into takes values('32848', '517', '1', 'Spring', 2004, 'B+');
insert into takes values('12617', '686', '2', 'Spring', 2004, 'C-');
insert into takes values('96942', '203', '2', 'Fall', 2007, 'B ');
insert into takes values('86021', '314', '2', 'Spring', 2002, 'C+');
insert into takes values('85198', '824', '3', 'Fall', 2008, 'A+');
insert into takes values('10269', '314', '2', 'Spring', 2002, 'B+');
insert into takes values('47161', '619', '1', 'Spring', 2001, 'A-');
insert into takes values('12498', '203', '2', 'Fall', 2007, 'C+');
insert into takes values('5181', '693', '2', 'Fall', 2009, 'C-');
insert into takes values('46094', '669', '1', 'Fall', 2006, 'C+');
insert into takes values('58693', '420', '1', 'Fall', 2006, 'C+');
insert into takes values('28455', '549', '1', 'Fall', 2005, 'A-');
insert into takes values('99088', '300', '4', 'Fall', 2005, 'B+');
insert into takes values('5943', '907', '1', 'Spring', 2009, 'C+');
insert into takes values('64996', '602', '1', 'Spring', 2007, 'B+');
insert into takes values('49676', '682', '5', 'Spring', 2007, 'A-');
insert into takes values('61729', '225', '3', 'Fall', 2007, 'C ');
insert into takes values('31218', '695', '1', 'Spring', 2003, 'C ');
insert into takes values('56385', '109', '1', 'Spring', 2005, 'B ');
insert into takes values('18075', '157', '1', 'Fall', 2004, 'B ');
insert into takes values('56499', '279', '1', 'Fall', 2007, 'A ');
insert into takes values('68713', '225', '3', 'Fall', 2007, 'B ');
insert into takes values('76566', '623', '2', 'Spring', 2006, 'A-');
insert into takes values('80434', '610', '4', 'Fall', 2009, 'A-');
insert into takes values('75694', '251', '1', 'Fall', 2007, 'B-');
insert into takes values('22574', '419', '2', 'Fall', 2006, 'C ');
insert into takes values('86021', '429', '3', 'Fall', 2005, 'C-');
insert into takes values('29603', '597', '3', 'Spring', 2001, 'C-');
insert into takes values('44309', '596', '1', 'Spring', 2006, 'A-');
insert into takes values('89703', '395', '2', 'Fall', 2010, 'A+');
insert into takes values('75694', '582', '1', 'Spring', 2008, 'C-');
insert into takes values('41536', '749', '1', 'Spring', 2003, 'B-');
insert into takes values('29603', '559', '2', 'Fall', 2003, 'A-');
insert into takes values('62160', '639', '2', 'Fall', 2010, 'B+');
insert into takes values('18075', '682', '2', 'Fall', 2009, 'C+');
insert into takes values('75694', '566', '1', 'Spring', 2004, 'A+');
insert into takes values('49676', '124', '2', 'Fall', 2008, 'B-');
insert into takes values('19644', '913', '2', 'Spring', 2001, 'C+');
insert into takes values('69875', '874', '1', 'Fall', 2007, 'B ');
insert into takes values('84584', '405', '1', 'Fall', 2007, 'C ');
insert into takes values('41536', '407', '2', 'Spring', 2002, 'A-');
insert into takes values('33331', '124', '4', 'Fall', 2009, 'C ');
insert into takes values('9663', '623', '1', 'Spring', 2003, 'A-');
insert into takes values('46087', '267', '4', 'Fall', 2004, 'A+');
insert into takes values('43193', '607', '1', 'Spring', 2010, 'C ');
insert into takes values('71453', '743', '2', 'Fall', 2007, 'C-');
insert into takes values('58382', '259', '3', 'Spring', 2009, 'C ');
insert into takes values('29401', '928', '2', 'Fall', 2008, 'C-');
insert into takes values('33175', '822', '3', 'Fall', 2002, 'C-');
insert into takes values('78669', '686', '2', 'Spring', 2004, 'A-');
insert into takes values('49849', '259', '2', 'Fall', 2005, 'A-');
insert into takes values('21804', '639', '1', 'Fall', 2004, 'A+');
insert into takes values('20293', '745', '1', 'Spring', 2004, 'A ');
insert into takes values('74853', '170', '1', 'Spring', 2010, 'A ');
insert into takes values('1501', '599', '1', 'Spring', 2002, 'C-');
insert into takes values('63111', '329', '2', 'Spring', 2003, 'B+');
insert into takes values('29603', '792', '2', 'Spring', 2009, 'A-');
insert into takes values('64996', '124', '3', 'Spring', 2007, 'B+');
insert into takes values('90332', '251', '2', 'Spring', 2008, 'B+');
insert into takes values('59024', '666', '1', 'Fall', 2008, 'A ');
insert into takes values('28455', '154', '3', 'Spring', 2010, 'B+');
insert into takes values('12511', '752', '2', 'Fall', 2010, 'B+');
insert into takes values('46279', '181', '3', 'Spring', 2005, 'B+');
insert into takes values('5211', '215', '3', 'Spring', 2003, 'B ');
insert into takes values('83787', '169', '3', 'Spring', 2009, 'C ');
insert into takes values('5943', '124', '1', 'Spring', 2004, 'A+');
insert into takes values('99015', '169', '3', 'Spring', 2009, 'A+');
insert into takes values('35341', '406', '2', 'Spring', 2004, 'B-');
insert into takes values('58382', '663', '3', 'Spring', 2005, 'B-');
insert into takes values('74075', '271', '3', 'Spring', 2003, 'A ');
insert into takes values('83821', '983', '1', 'Fall', 2008, 'C-');
insert into takes values('28888', '420', '1', 'Fall', 2006, 'C-');
insert into takes values('41234', '647', '2', 'Fall', 2003, 'A+');
insert into takes values('60614', '307', '2', 'Fall', 2003, 'B ');
insert into takes values('62256', '686', '4', 'Spring', 2010, 'A ');
insert into takes values('14978', '559', '2', 'Fall', 2003, 'C ');
insert into takes values('3851', '967', '1', 'Fall', 2006, 'C ');
insert into takes values('38685', '824', '2', 'Spring', 2005, 'B+');
insert into takes values('27697', '489', '2', 'Spring', 2002, 'B+');
insert into takes values('53655', '695', '3', 'Fall', 2004, 'C+');
insert into takes values('28254', '124', '4', 'Fall', 2009, 'B+');
insert into takes values('42621', '583', '3', 'Fall', 2003, 'B+');
insert into takes values('31960', '686', '4', 'Spring', 2010, 'B-');
insert into takes values('65887', '570', '2', 'Fall', 2008, 'C ');
insert into takes values('32848', '832', '2', 'Spring', 2007, 'C+');
insert into takes values('14481', '944', '2', 'Spring', 2004, 'B+');
insert into takes values('84321', '863', '1', 'Fall', 2007, 'C+');
insert into takes values('90332', '792', '1', 'Spring', 2008, 'C+');
insert into takes values('19644', '983', '3', 'Spring', 2006, 'C+');
insert into takes values('86021', '798', '2', 'Spring', 2002, 'C+');
insert into takes values('64642', '720', '4', 'Spring', 2003, 'B+');
insert into takes values('10391', '279', '1', 'Fall', 2007, 'A-');
insert into takes values('74075', '965', '2', 'Fall', 2003, 'B+');
insert into takes values('14481', '420', '3', 'Spring', 2006, 'A ');
insert into takes values('65887', '723', '1', 'Fall', 2006, 'B-');
insert into takes values('5181', '695', '1', 'Spring', 2003, 'C ');
insert into takes values('582', '124', '3', 'Spring', 2007, 'C+');
insert into takes values('86021', '263', '3', 'Spring', 2010, 'C+');
insert into takes values('80434', '562', '1', 'Fall', 2004, 'A-');
insert into takes values('59024', '914', '2', 'Spring', 2002, 'C+');
insert into takes values('14481', '827', '3', 'Fall', 2001, 'B+');
insert into takes values('71453', '965', '2', 'Fall', 2003, 'B-');
insert into takes values('74853', '562', '2', 'Fall', 2002, 'A-');
insert into takes values('99081', '752', '1', 'Fall', 2003, 'C ');
insert into takes values('27697', '420', '2', 'Fall', 2010, 'C ');
insert into takes values('63111', '578', '1', 'Fall', 2002, 'B ');
insert into takes values('25313', '186', '1', 'Spring', 2001, 'A ');
insert into takes values('56499', '983', '3', 'Spring', 2006, 'C-');
insert into takes values('25667', '788', '3', 'Spring', 2009, 'A+');
insert into takes values('83821', '453', '2', 'Spring', 2007, 'B-');
insert into takes values('97690', '203', '3', 'Fall', 2008, 'A+');
insert into takes values('46279', '682', '5', 'Spring', 2007, 'B+');
insert into takes values('61035', '965', '2', 'Fall', 2003, 'A ');
insert into takes values('9663', '659', '2', 'Fall', 2007, 'B ');
insert into takes values('18693', '481', '1', 'Fall', 2009, 'B-');
insert into takes values('90264', '576', '1', 'Fall', 2008, 'C-');
insert into takes values('7611', '752', '3', 'Spring', 2006, 'A ');
insert into takes values('67704', '686', '1', 'Spring', 2003, 'A-');
insert into takes values('5519', '874', '2', 'Spring', 2010, 'B ');
insert into takes values('4931', '862', '2', 'Spring', 2002, 'B-');
insert into takes values('4944', '827', '3', 'Fall', 2001, 'A-');
insert into takes values('61035', '362', '1', 'Spring', 2009, 'B+');
insert into takes values('3992', '279', '1', 'Fall', 2007, 'B+');
insert into takes values('99064', '313', '2', 'Spring', 2005, 'B+');
insert into takes values('70687', '639', '1', 'Fall', 2004, 'C-');
insert into takes values('99088', '895', '1', 'Spring', 2007, 'A ');
insert into takes values('62256', '251', '2', 'Spring', 2008, 'A+');
insert into takes values('28254', '685', '1', 'Fall', 2009, 'B ');
insert into takes values('99577', '505', '1', 'Spring', 2001, 'B+');
insert into takes values('96718', '246', '1', 'Spring', 2005, 'A ');
insert into takes values('14481', '340', '1', 'Fall', 2010, 'C ');
insert into takes values('28455', '276', '1', 'Fall', 2008, 'A+');
insert into takes values('15707', '934', '2', 'Fall', 2010, 'C ');
insert into takes values('21804', '576', '2', 'Fall', 2006, 'A+');
insert into takes values('91843', '607', '2', 'Spring', 2008, 'B-');
insert into takes values('2412', '271', '1', 'Fall', 2007, 'B+');
insert into takes values('93018', '157', '2', 'Fall', 2001, 'B+');
insert into takes values('55182', '827', '2', 'Fall', 2002, 'A+');
insert into takes values('65887', '632', '4', 'Spring', 2010, 'B+');
insert into takes values('77437', '451', '1', 'Spring', 2008, 'C-');
insert into takes values('27499', '682', '5', 'Spring', 2007, 'A-');
insert into takes values('75694', '788', '2', 'Fall', 2001, 'C+');
insert into takes values('46887', '251', '2', 'Spring', 2008, 'B ');
insert into takes values('46094', '307', '3', 'Spring', 2005, 'A+');
insert into takes values('97690', '517', '1', 'Spring', 2004, 'C-');
insert into takes values('84321', '720', '3', 'Spring', 2002, 'A+');
insert into takes values('73788', '681', '2', 'Spring', 2005, 'C-');
insert into takes values('7611', '699', '1', 'Spring', 2001, 'B-');
insert into takes values('88272', '477', '1', 'Spring', 2009, 'A-');
insert into takes values('91843', '517', '1', 'Spring', 2004, 'B ');
insert into takes values('34538', '791', '1', 'Spring', 2001, 'A+');
insert into takes values('67704', '720', '3', 'Spring', 2002, 'B ');
insert into takes values('53723', '213', '2', 'Fall', 2001, 'C-');
insert into takes values('9615', '896', '2', 'Fall', 2009, 'C ');
insert into takes values('76691', '313', '1', 'Fall', 2005, 'A ');
insert into takes values('59024', '623', '1', 'Spring', 2003, 'A+');
insert into takes values('19786', '430', '1', 'Fall', 2008, 'C ');
insert into takes values('29122', '814', '1', 'Fall', 2006, 'A ');
insert into takes values('33021', '663', '2', 'Fall', 2003, 'A ');
insert into takes values('85198', '527', '2', 'Fall', 2003, 'B+');
insert into takes values('80434', '124', '4', 'Fall', 2009, 'A+');
insert into takes values('74075', '862', '1', 'Spring', 2002, 'A+');
insert into takes values('38685', '551', '3', 'Fall', 2001, 'C ');
insert into takes values('20293', '750', '2', 'Spring', 2001, 'C-');
insert into takes values('70992', '871', '1', 'Fall', 2004, 'C+');
insert into takes values('15886', '513', '2', 'Spring', 2005, 'B+');
insert into takes values('2412', '663', '2', 'Fall', 2003, 'C-');
insert into takes values('84584', '527', '1', 'Spring', 2006, 'B ');
insert into takes values('59024', '832', '3', 'Fall', 2007, 'B-');
insert into takes values('4201', '832', '1', 'Fall', 2002, 'B-');
insert into takes values('12617', '639', '2', 'Fall', 2010, 'C+');
insert into takes values('28888', '602', '1', 'Spring', 2007, 'C+');
insert into takes values('27439', '983', '1', 'Fall', 2008, 'C+');
insert into takes values('7611', '203', '1', 'Spring', 2009, 'A-');
insert into takes values('60550', '874', '3', 'Spring', 2010, 'C ');
insert into takes values('25313', '213', '1', 'Spring', 2004, 'B ');
insert into takes values('70992', '109', '1', 'Spring', 2005, 'A+');
insert into takes values('67521', '314', '2', 'Spring', 2002, 'A+');
insert into takes values('61035', '903', '1', 'Spring', 2004, 'A ');
insert into takes values('89908', '788', '1', 'Fall', 2010, 'A+');
insert into takes values('5943', '871', '2', 'Spring', 2010, 'C-');
insert into takes values('84584', '699', '2', 'Fall', 2004, 'B+');
insert into takes values('37454', '271', '2', 'Spring', 2004, 'B-');
insert into takes values('27499', '682', '2', 'Fall', 2009, 'B+');
insert into takes values('21239', '259', '3', 'Spring', 2009, 'A+');
insert into takes values('372', '913', '3', 'Fall', 2003, 'C-');
insert into takes values('7611', '395', '3', 'Spring', 2009, 'C+');
insert into takes values('20293', '147', '1', 'Fall', 2005, 'B-');
insert into takes values('15707', '315', '1', 'Fall', 2008, 'A+');
insert into takes values('99088', '271', '2', 'Spring', 2004, 'C+');
insert into takes values('96965', '952', '3', 'Spring', 2002, 'B-');
insert into takes values('12498', '167', '2', 'Fall', 2010, 'C+');
insert into takes values('5769', '186', '2', 'Spring', 2005, 'A-');
insert into takes values('97690', '934', '2', 'Fall', 2010, 'A+');
insert into takes values('86843', '267', '4', 'Fall', 2004, 'C ');
insert into takes values('31960', '632', '1', 'Spring', 2005, 'A-');
insert into takes values('5519', '451', '4', 'Fall', 2003, 'A ');
insert into takes values('47161', '395', '2', 'Fall', 2010, 'B-');
insert into takes values('28517', '430', '1', 'Fall', 2008, 'C+');
insert into takes values('74075', '263', '4', 'Fall', 2003, 'C ');
insert into takes values('28970', '597', '1', 'Fall', 2005, 'A+');
insert into takes values('29452', '583', '3', 'Fall', 2003, 'C ');
insert into takes values('28517', '669', '1', 'Fall', 2006, 'C-');
insert into takes values('67521', '513', '1', 'Fall', 2009, 'C-');
insert into takes values('18300', '896', '2', 'Fall', 2009, 'B ');
insert into takes values('25667', '815', '1', 'Spring', 2001, 'B-');
insert into takes values('23125', '300', '5', 'Fall', 2002, 'B+');
insert into takes values('99577', '300', '3', 'Fall', 2002, 'B ');
insert into takes values('77437', '788', '3', 'Spring', 2009, 'C ');
insert into takes values('7611', '176', '1', 'Spring', 2003, 'B ');
insert into takes values('58423', '181', '2', 'Fall', 2001, 'A ');
insert into takes values('56385', '773', '1', 'Fall', 2010, 'B ');
insert into takes values('99081', '681', '2', 'Spring', 2005, 'B ');
insert into takes values('96718', '669', '1', 'Fall', 2006, 'B+');
insert into takes values('78843', '983', '3', 'Spring', 2006, 'C-');
insert into takes values('21239', '996', '1', 'Spring', 2004, 'A+');
insert into takes values('15093', '788', '4', 'Fall', 2004, 'C-');
insert into takes values('84868', '944', '2', 'Spring', 2004, 'B ');
insert into takes values('31960', '307', '1', 'Fall', 2001, 'C+');
insert into takes values('25313', '874', '3', 'Spring', 2010, 'C+');
insert into takes values('22574', '783', '1', 'Fall', 2003, 'C+');
insert into takes values('74853', '822', '3', 'Fall', 2002, 'C+');
insert into takes values('28158', '395', '3', 'Spring', 2009, 'C ');
insert into takes values('10359', '597', '3', 'Spring', 2001, 'A ');
insert into takes values('7611', '200', '1', 'Spring', 2009, 'C-');
insert into takes values('48576', '263', '2', 'Spring', 2005, 'A ');
insert into takes values('67704', '300', '3', 'Fall', 2002, 'C-');
insert into takes values('4201', '576', '1', 'Fall', 2008, 'C ');
insert into takes values('23061', '429', '2', 'Spring', 2010, 'C+');
insert into takes values('19644', '124', '3', 'Spring', 2007, 'C ');
insert into takes values('727', '147', '1', 'Fall', 2005, 'A-');
insert into takes values('58382', '300', '2', 'Fall', 2007, 'A-');
insert into takes values('25313', '928', '1', 'Spring', 2003, 'A+');
insert into takes values('84584', '203', '1', 'Spring', 2009, 'A-');
insert into takes values('1679', '663', '1', 'Fall', 2004, 'A ');
insert into takes values('78843', '862', '2', 'Spring', 2002, 'C-');
insert into takes values('49676', '592', '1', 'Spring', 2009, 'C-');
insert into takes values('96718', '451', '3', 'Spring', 2009, 'C ');
insert into takes values('5769', '791', '1', 'Spring', 2001, 'B+');
insert into takes values('86021', '952', '3', 'Spring', 2002, 'B-');
insert into takes values('56499', '980', '1', 'Spring', 2002, 'B-');
insert into takes values('85198', '669', '1', 'Fall', 2006, 'A-');
insert into takes values('4931', '263', '2', 'Spring', 2005, 'A-');
insert into takes values('42799', '597', '3', 'Spring', 2001, 'B-');
insert into takes values('3805', '429', '3', 'Fall', 2005, 'C-');
insert into takes values('90332', '895', '1', 'Spring', 2007, 'B+');
insert into takes values('69628', '429', '1', 'Spring', 2001, 'A ');
insert into takes values('33175', '592', '2', 'Fall', 2008, 'B ');
insert into takes values('49849', '419', '2', 'Fall', 2006, 'A ');
insert into takes values('19786', '798', '1', 'Spring', 2008, 'A-');
insert into takes values('43193', '517', '1', 'Spring', 2004, 'B+');
insert into takes values('38644', '659', '2', 'Fall', 2007, 'B ');
insert into takes values('70687', '610', '2', 'Spring', 2010, 'B ');
insert into takes values('74853', '913', '1', 'Spring', 2007, 'C ');
insert into takes values('20293', '551', '1', 'Fall', 2005, 'A-');
insert into takes values('70687', '253', '1', 'Spring', 2005, 'B-');
insert into takes values('7835', '375', '1', 'Fall', 2006, 'B ');
insert into takes values('27778', '279', '1', 'Fall', 2007, 'A ');
insert into takes values('17704', '936', '2', 'Spring', 2007, 'A ');
insert into takes values('78843', '743', '1', 'Spring', 2006, 'C+');
insert into takes values('1680', '263', '2', 'Spring', 2005, 'A ');
insert into takes values('60550', '596', '1', 'Spring', 2006, 'C+');
insert into takes values('5181', '685', '1', 'Fall', 2009, 'A-');
insert into takes values('28239', '420', '2', 'Fall', 2010, 'C+');
insert into takes values('64438', '928', '2', 'Fall', 2008, 'B+');
insert into takes values('75391', '832', '2', 'Spring', 2007, 'C ');
insert into takes values('33331', '315', '1', 'Fall', 2008, 'A-');
insert into takes values('5681', '632', '2', 'Fall', 2002, 'C ');
insert into takes values('75391', '267', '4', 'Fall', 2004, 'A-');
insert into takes values('27778', '264', '1', 'Fall', 2003, 'A-');
insert into takes values('87928', '623', '1', 'Spring', 2003, 'A+');
insert into takes values('19555', '558', '1', 'Spring', 2002, 'B+');
insert into takes values('1698', '663', '1', 'Fall', 2004, 'A-');
insert into takes values('70992', '965', '2', 'Fall', 2003, 'B+');
insert into takes values('27778', '773', '1', 'Fall', 2010, 'A+');
insert into takes values('23061', '200', '1', 'Spring', 2009, 'A+');
insert into takes values('46087', '871', '1', 'Fall', 2004, 'B-');
insert into takes values('29122', '663', '1', 'Fall', 2004, 'A+');
insert into takes values('63576', '313', '1', 'Fall', 2005, 'B+');
insert into takes values('96942', '792', '2', 'Spring', 2009, 'B ');
insert into takes values('10269', '822', '3', 'Fall', 2002, 'B ');
insert into takes values('5211', '695', '3', 'Fall', 2004, 'C+');
insert into takes values('55182', '819', '1', 'Spring', 2005, 'B ');
insert into takes values('50726', '983', '1', 'Fall', 2008, 'A ');
insert into takes values('727', '686', '3', 'Fall', 2009, 'B+');
insert into takes values('84584', '968', '2', 'Spring', 2002, 'B ');
insert into takes values('86021', '610', '4', 'Fall', 2009, 'A-');
insert into takes values('96718', '983', '2', 'Spring', 2007, 'B+');
insert into takes values('4931', '639', '1', 'Fall', 2004, 'A+');
insert into takes values('4944', '913', '2', 'Spring', 2001, 'B+');
insert into takes values('43193', '623', '1', 'Spring', 2003, 'B+');
insert into takes values('56385', '300', '1', 'Spring', 2002, 'C-');
insert into takes values('48576', '647', '1', 'Spring', 2009, 'A-');
insert into takes values('65887', '147', '1', 'Fall', 2005, 'A+');
insert into takes values('28239', '225', '2', 'Fall', 2005, 'C ');
insert into takes values('78958', '863', '4', 'Spring', 2003, 'A+');
insert into takes values('42799', '596', '1', 'Spring', 2006, 'B+');
insert into takes values('30995', '619', '1', 'Spring', 2001, 'B+');
insert into takes values('61195', '743', '1', 'Spring', 2006, 'A ');
insert into takes values('50726', '491', '1', 'Fall', 2010, 'A-');
insert into takes values('86483', '213', '1', 'Spring', 2004, 'C+');
insert into takes values('18075', '711', '1', 'Fall', 2007, 'B-');
insert into takes values('86021', '827', '1', 'Spring', 2009, 'A-');
insert into takes values('42621', '934', '3', 'Spring', 2001, 'C+');
insert into takes values('44829', '154', '3', 'Spring', 2010, 'B+');
insert into takes values('15707', '914', '1', 'Fall', 2003, 'C+');
insert into takes values('96026', '420', '6', 'Fall', 2007, 'C-');
insert into takes values('5211', '420', '6', 'Fall', 2007, 'A ');
insert into takes values('70992', '663', '3', 'Spring', 2005, 'B+');
insert into takes values('21239', '619', '1', 'Spring', 2001, 'B+');
insert into takes values('32848', '362', '1', 'Spring', 2009, 'B-');
insert into takes values('18693', '109', '1', 'Spring', 2005, 'A ');
insert into takes values('69628', '720', '1', 'Spring', 2003, 'C ');
insert into takes values('727', '682', '3', 'Spring', 2001, 'C ');
insert into takes values('18693', '711', '1', 'Fall', 2007, 'B ');
insert into takes values('65887', '783', '3', 'Spring', 2003, 'B ');
insert into takes values('84868', '267', '4', 'Fall', 2004, 'A ');
insert into takes values('10359', '238', '2', 'Fall', 2006, 'A+');
insert into takes values('81596', '979', '1', 'Fall', 2006, 'A-');
insert into takes values('28970', '314', '2', 'Spring', 2002, 'A+');
insert into takes values('33021', '167', '1', 'Fall', 2006, 'A+');
insert into advisor values('53723', '82760');
insert into advisor values('99064', '98667');
insert into advisor values('10269', '57746');
insert into advisor values('18300', '25775');
insert into advisor values('81596', '98365');
insert into advisor values('3805', '18045');
insert into advisor values('55545', '68434');
insert into advisor values('18693', '69885');
insert into advisor values('5943', '58836');
insert into advisor values('67521', '47624');
insert into advisor values('78843', '57746');
insert into advisor values('65887', '12165');
insert into advisor values('78958', '75996');
insert into advisor values('4944', '32389');
insert into advisor values('49849', '18045');
insert into advisor values('582', '38119');
insert into advisor values('89703', '25775');
insert into advisor values('58423', '17627');
insert into advisor values('60614', '68249');
insert into advisor values('84568', '58836');
insert into advisor values('86021', '58836');
insert into advisor values('84321', '83708');
insert into advisor values('10391', '78727');
insert into advisor values('27439', '22709');
insert into advisor values('44335', '18045');
insert into advisor values('77437', '5902');
insert into advisor values('27778', '58836');
insert into advisor values('4201', '17627');
insert into advisor values('53095', '98667');
insert into advisor values('44309', '86973');
insert into advisor values('94937', '47624');
insert into advisor values('91843', '12165');
insert into advisor values('69875', '83747');
insert into advisor values('10359', '78727');
insert into advisor values('58642', '22000');
insert into advisor values('47161', '45849');
insert into advisor values('45239', '29229');
insert into advisor values('99088', '28269');
insert into advisor values('16482', '91805');
insert into advisor values('28455', '47624');
insert into advisor values('727', '28269');
insert into advisor values('61035', '34259');
insert into advisor values('90332', '4075');
insert into advisor values('28970', '91805');
insert into advisor values('90264', '86973');
insert into advisor values('23125', '47624');
insert into advisor values('64438', '22709');
insert into advisor values('28158', '63031');
insert into advisor values('12511', '83708');
insert into advisor values('93018', '18045');
insert into advisor values('25667', '7789');
insert into advisor values('41536', '47268');
insert into advisor values('27056', '32389');
insert into advisor values('17704', '83747');
insert into advisor values('28888', '58836');
insert into advisor values('78669', '7789');
insert into advisor values('32848', '64069');
insert into advisor values('27499', '47624');
insert into advisor values('61195', '75739');
insert into advisor values('17408', '57746');
insert into advisor values('1698', '63031');
insert into advisor values('75694', '83747');
insert into advisor values('22574', '39279');
insert into advisor values('33175', '80746');
insert into advisor values('21804', '41032');
insert into advisor values('73887', '22709');
insert into advisor values('3992', '22000');
insert into advisor values('58382', '80746');
insert into advisor values('31218', '56248');
insert into advisor values('82603', '25775');
insert into advisor values('7835', '69885');
insert into advisor values('56385', '82760');
insert into advisor values('39928', '13271');
insert into advisor values('38685', '38119');
insert into advisor values('46094', '5902');
insert into advisor values('28781', '82760');
insert into advisor values('29603', '38119');
insert into advisor values('48578', '83708');
insert into advisor values('4931', '68249');
insert into advisor values('96718', '17627');
insert into advisor values('67704', '29229');
insert into advisor values('46887', '75996');
insert into advisor values('5681', '37065');
insert into advisor values('14978', '97926');
insert into advisor values('5211', '25775');
insert into advisor values('42104', '82760');
insert into advisor values('19786', '25775');
insert into advisor values('19555', '69885');
insert into advisor values('14481', '92820');
insert into advisor values('25313', '4075');
insert into advisor values('96965', '86973');
insert into advisor values('62160', '64069');
insert into advisor values('33021', '75739');
insert into advisor values('70992', '75996');
insert into advisor values('38644', '47624');
insert into advisor values('84868', '56349');
insert into advisor values('58693', '7789');
insert into advisor values('33072', '5902');
insert into advisor values('15886', '28771');
insert into advisor values('15707', '29229');
insert into advisor values('83821', '22709');
insert into advisor values('85198', '56349');
insert into advisor values('74853', '12165');
insert into advisor values('372', '75739');
insert into advisor values('97690', '71546');
insert into advisor values('21239', '98365');
insert into advisor values('1680', '68249');
insert into advisor values('36041', '34259');
insert into advisor values('28239', '98365');
insert into advisor values('6808', '41032');
insert into advisor values('31617', '37065');
insert into advisor values('53655', '26860');
insert into advisor values('12498', '98667');
insert into advisor values('86843', '80746');
insert into advisor values('1679', '98365');
insert into advisor values('18075', '68249');
insert into advisor values('63111', '98667');
insert into advisor values('49135', '45849');
insert into advisor values('2412', '71546');
insert into advisor values('3474', '25775');
insert into advisor values('38418', '45849');
insert into advisor values('74304', '47624');
insert into advisor values('42799', '28269');
insert into advisor values('87928', '39279');
insert into advisor values('14585', '22709');
insert into advisor values('97594', '74827');
insert into advisor values('34538', '16915');
insert into advisor values('99081', '58836');
insert into advisor values('70687', '57746');
insert into advisor values('5769', '81638');
insert into advisor values('89908', '41032');
insert into advisor values('49505', '78727');
insert into advisor values('12617', '98667');
insert into advisor values('96026', '81638');
insert into advisor values('48576', '47268');
insert into advisor values('9663', '75739');
insert into advisor values('74075', '92820');
insert into advisor values('6075', '4075');
insert into advisor values('29122', '78727');
insert into advisor values('44829', '58836');
insert into advisor values('7611', '22709');
insert into advisor values('76566', '75996');
insert into advisor values('88272', '56248');
insert into advisor values('63576', '37065');
insert into advisor values('29452', '69885');
insert into advisor values('44025', '83747');
insert into advisor values('1501', '47624');
insert into advisor values('96942', '12165');
insert into advisor values('76691', '91805');
insert into advisor values('62256', '47268');
insert into advisor values('75391', '75996');
insert into advisor values('99577', '39279');
insert into advisor values('15093', '56349');
insert into advisor values('46279', '7789');
insert into advisor values('14506', '58836');
insert into advisor values('31960', '38119');
insert into advisor values('23061', '63031');
insert into advisor values('49676', '7789');
insert into advisor values('27697', '29229');
insert into advisor values('60550', '64069');
insert into advisor values('43193', '58836');
insert into advisor values('31338', '71546');
insert into advisor values('3851', '68434');
insert into advisor values('1952', '39279');
insert into advisor values('28517', '39279');
insert into advisor values('9615', '80746');
insert into advisor values('83787', '41032');
insert into advisor values('64642', '91805');
insert into advisor values('49374', '68434');
insert into advisor values('50726', '63031');
insert into advisor values('20293', '47268');
insert into advisor values('68713', '74827');
insert into advisor values('84584', '75996');
insert into advisor values('69628', '7789');
insert into advisor values('5519', '81638');
insert into advisor values('88082', '63031');
insert into advisor values('99015', '86973');
insert into advisor values('28254', '12165');
insert into advisor values('19644', '17627');
insert into advisor values('56499', '57746');
insert into advisor values('35341', '82760');
insert into advisor values('71453', '37065');
insert into advisor values('92801', '68434');
insert into advisor values('33331', '75739');
insert into advisor values('42621', '22709');
insert into advisor values('73788', '12165');
insert into advisor values('59024', '64069');
insert into advisor values('5181', '69885');
insert into advisor values('61729', '75739');
insert into advisor values('80434', '29229');
insert into advisor values('86483', '80746');
insert into advisor values('30995', '63031');
insert into advisor values('43459', '98667');
insert into advisor values('41234', '26860');
insert into advisor values('46087', '81638');
insert into advisor values('29401', '28771');
insert into advisor values('55182', '12165');
insert into advisor values('37454', '97926');
insert into advisor values('64996', '17627');
insert into advisor values('83377', '83747');
insert into prereq values('773', '637');
insert into prereq values('157', '669');
insert into prereq values('559', '146');
insert into prereq values('105', '430');
insert into prereq values('979', '783');
insert into prereq values('772', '124');
insert into prereq values('375', '549');
insert into prereq values('637', '228');
insert into prereq values('190', '862');
insert into prereq values('694', '559');
insert into prereq values('186', '720');
insert into prereq values('623', '420');
insert into prereq values('526', '567');
insert into prereq values('253', '556');
insert into prereq values('154', '155');
insert into prereq values('238', '105');
insert into prereq values('653', '251');
insert into prereq values('154', '597');
insert into prereq values('773', '554');
insert into prereq values('896', '820');
insert into prereq values('987', '419');
insert into prereq values('983', '693');
insert into prereq values('419', '567');
insert into prereq values('313', '203');
insert into prereq values('699', '648');
insert into prereq values('176', '599');
insert into prereq values('300', '181');
insert into prereq values('612', '967');
insert into prereq values('527', '453');
insert into prereq values('146', '814');
insert into prereq values('640', '636');
insert into prereq values('863', '517');
insert into prereq values('980', '636');
insert into prereq values('639', '221');
insert into prereq values('556', '429');
insert into prereq values('307', '843');
insert into prereq values('354', '785');
insert into prereq values('632', '702');
insert into prereq values('551', '662');
insert into prereq values('354', '585');
insert into prereq values('681', '489');
insert into prereq values('458', '577');
insert into prereq values('967', '945');
insert into prereq values('878', '822');
insert into prereq values('944', '845');
insert into prereq values('513', '636');
insert into prereq values('246', '419');
insert into prereq values('693', '377');
insert into prereq values('124', '190');
insert into prereq values('632', '540');
insert into prereq values('648', '176');
insert into prereq values('936', '720');
insert into prereq values('663', '176');
insert into prereq values('837', '666');
insert into prereq values('410', '895');
insert into prereq values('267', '745');
insert into prereq values('996', '961');
insert into prereq values('349', '419');
insert into prereq values('841', '664');
insert into prereq values('420', '695');
insert into prereq values('945', '693');
insert into prereq values('843', '569');
insert into prereq values('264', '354');
insert into prereq values('354', '481');
insert into prereq values('276', '578');
insert into prereq values('843', '576');
insert into prereq values('710', '832');
insert into prereq values('698', '474');
insert into prereq values('551', '636');
insert into prereq values('814', '874');
insert into prereq values('693', '983');
insert into prereq values('181', '582');
insert into prereq values('570', '458');
insert into prereq values('583', '170');
insert into prereq values('827', '871');
insert into prereq values('158', '792');
insert into prereq values('669', '253');
insert into prereq values('157', '116');
insert into prereq values('967', '221');
insert into prereq values('279', '639');
insert into prereq values('307', '633');
insert into prereq values('420', '583');
insert into prereq values('968', '682');
insert into prereq values('632', '451');
insert into prereq values('636', '843');
insert into prereq values('907', '122');
insert into prereq values('928', '576');
insert into prereq values('947', '750');
insert into prereq values('871', '570');
insert into prereq values('640', '221');
insert into prereq values('349', '815');
insert into prereq values('896', '165');
insert into prereq values('587', '190');
insert into prereq values('419', '429');
insert into prereq values('419', '395');
insert into prereq values('267', '303');
insert into prereq values('931', '313');
insert into prereq values('647', '863');
insert into prereq values('987', '763');
insert into prereq values('750', '221');
