insert into classroom values('A', 837, 11);
insert into classroom values('B', 670, 76);
insert into classroom values('D', 656, 20);
insert into classroom values('I', 21, 110);
insert into classroom values('H', 696, 10);
insert into classroom values('E', 42, 14);
insert into classroom values('B', 936, 95);
insert into classroom values('C', 109, 108);
insert into classroom values('B', 305, 57);
insert into classroom values('J', 485, 10);
insert into department values('WW', 'G', 460169.75);
insert into department values('MT', 'J', 39987.58);
insert into department values('EL', 'D', 578041.51);
insert into department values('DK', 'F', 142268.04);
insert into department values('GT', 'A', 342327.85);
insert into department values('IF', 'D', 558881.26);
insert into department values('HH', 'J', 414792.96);
insert into department values('DE', 'B', 624274.70);
insert into department values('ED', 'A', 322796.80);
insert into department values('SS', 'F', 224521.35);
insert into course values('143', 'IF4041', 'WW', 4);
insert into course values('924', 'IF3030', 'IF', 3);
insert into course values('173', 'IF3333', 'HH', 3);
insert into course values('415', 'IF3022', 'DE', 4);
insert into course values('403', 'IF5555', 'DE', 3);
insert into course values('672', 'IF3211', 'IF', 4);
insert into course values('371', 'IF3030', 'DK', 3);
insert into course values('477', 'IF0230', 'DK', 3);
insert into course values('920', 'IF5555', 'EL', 3);
insert into course values('777', 'IF3120', 'MT', 3);
insert into course values('124', 'IF3030', 'DK', 3);
insert into course values('533', 'IF3120', 'ED', 4);
insert into course values('561', 'IF5555', 'EL', 3);
insert into course values('286', 'IF3022', 'WW', 4);
insert into course values('421', 'IF3120', 'WW', 3);
insert into course values('635', 'IF4041', 'SS', 4);
insert into course values('871', 'IF4321', 'EL', 4);
insert into course values('583', 'IF3022', 'GT', 3);
insert into course values('210', 'IF4041', 'MT', 4);
insert into course values('820', 'IF3022', 'EL', 3);
insert into course values('258', 'IF3333', 'ED', 4);
insert into course values('921', 'IF3333', 'DE', 3);
insert into course values('671', 'IF4041', 'HH', 3);
insert into course values('677', 'IF3211', 'GT', 3);
insert into course values('450', 'IF4321', 'WW', 3);
insert into course values('106', 'IF3120', 'ED', 3);
insert into course values('249', 'IF3120', 'WW', 4);
insert into course values('720', 'IF3120', 'GT', 4);
insert into course values('406', 'IF0230', 'MT', 3);
insert into course values('892', 'IF3031', 'ED', 3);
insert into course values('417', 'IF4041', 'DK', 3);
insert into course values('409', 'IF0230', 'DE', 3);
insert into course values('121', 'IF4041', 'EL', 4);
insert into course values('710', 'IF5555', 'ED', 3);
insert into course values('144', 'IF3031', 'HH', 4);
insert into course values('134', 'IF5555', 'DK', 4);
insert into course values('615', 'IF3022', 'ED', 4);
insert into course values('702', 'IF3031', 'GT', 3);
insert into course values('232', 'IF3031', 'MT', 4);
insert into course values('676', 'IF3031', 'IF', 4);
insert into course values('393', 'IF3030', 'HH', 4);
insert into course values('713', 'IF3333', 'DK', 4);
insert into course values('731', 'IF5555', 'SS', 4);
insert into course values('180', 'IF0230', 'WW', 3);
insert into course values('169', 'IF4321', 'DK', 3);
insert into course values('666', 'IF3211', 'DE', 4);
insert into course values('599', 'IF3030', 'EL', 3);
insert into course values('577', 'IF3120', 'GT', 3);
insert into course values('703', 'IF3333', 'HH', 4);
insert into course values('939', 'IF4041', 'DE', 4);
insert into course values('978', 'IF4041', 'IF', 3);
insert into course values('363', 'IF3030', 'MT', 3);
insert into course values('711', 'IF3030', 'HH', 4);
insert into course values('231', 'IF3030', 'DK', 3);
insert into course values('747', 'IF3333', 'DE', 4);
insert into course values('243', 'IF3030', 'HH', 3);
insert into course values('255', 'IF3022', 'DE', 3);
insert into course values('918', 'IF4321', 'DE', 4);
insert into course values('654', 'IF5555', 'ED', 4);
insert into course values('639', 'IF3211', 'GT', 4);
insert into course values('454', 'IF3022', 'DE', 3);
insert into course values('370', 'IF0230', 'EL', 3);
insert into course values('241', 'IF3211', 'SS', 4);
insert into course values('953', 'IF3022', 'HH', 4);
insert into course values('965', 'IF5555', 'IF', 4);
insert into course values('809', 'IF4321', 'EL', 3);
insert into course values('838', 'IF4321', 'EL', 4);
insert into course values('402', 'IF3120', 'IF', 4);
insert into course values('412', 'IF3022', 'GT', 4);
insert into course values('432', 'IF4041', 'ED', 4);
insert into course values('860', 'IF4041', 'ED', 3);
insert into course values('266', 'IF3030', 'SS', 4);
insert into course values('679', 'IF4041', 'MT', 4);
insert into course values('446', 'IF3030', 'DE', 4);
insert into course values('807', 'IF4041', 'EL', 3);
insert into course values('618', 'IF3022', 'SS', 4);
insert into course values('739', 'IF5555', 'MT', 4);
insert into course values('595', 'IF0230', 'IF', 4);
insert into course values('668', 'IF3031', 'IF', 3);
insert into course values('981', 'IF3211', 'DK', 4);
insert into course values('827', 'IF4321', 'SS', 3);
insert into course values('934', 'IF0230', 'SS', 4);
insert into course values('567', 'IF0230', 'SS', 4);
insert into course values('900', 'IF3333', 'HH', 3);
insert into course values('316', 'IF3031', 'WW', 4);
insert into course values('473', 'IF3031', 'EL', 3);
insert into course values('608', 'IF4321', 'MT', 4);
insert into course values('214', 'IF3120', 'MT', 3);
insert into course values('819', 'IF3031', 'HH', 3);
insert into course values('590', 'IF3031', 'GT', 3);
insert into course values('337', 'IF0230', 'GT', 4);
insert into course values('626', 'IF3022', 'HH', 4);
insert into course values('780', 'IF3030', 'SS', 3);
insert into course values('866', 'IF3031', 'DE', 3);
insert into course values('265', 'IF4041', 'GT', 3);
insert into course values('587', 'IF5555', 'DE', 4);
insert into course values('816', 'IF3333', 'IF', 3);
insert into course values('598', 'IF3333', 'HH', 4);
insert into course values('239', 'IF5555', 'DK', 4);
insert into course values('517', 'IF3120', 'GT', 3);
insert into course values('312', 'IF3031', 'MT', 3);
insert into course values('263', 'IF5555', 'DE', 3);
insert into course values('211', 'IF3022', 'SS', 4);
insert into course values('687', 'IF3211', 'IF', 3);
insert into course values('505', 'IF5555', 'SS', 3);
insert into course values('903', 'IF3120', 'GT', 3);
insert into course values('883', 'IF4041', 'HH', 4);
insert into course values('519', 'IF3120', 'ED', 4);
insert into course values('325', 'IF0230', 'ED', 3);
insert into course values('726', 'IF3031', 'DE', 3);
insert into course values('379', 'IF0230', 'DK', 4);
insert into course values('836', 'IF0230', 'ED', 4);
insert into course values('631', 'IF3022', 'DK', 3);
insert into course values('643', 'IF5555', 'WW', 4);
insert into course values('552', 'IF3030', 'WW', 4);
insert into course values('627', 'IF0230', 'MT', 4);
insert into course values('663', 'IF4321', 'DK', 4);
insert into course values('786', 'IF3030', 'DE', 4);
insert into course values('470', 'IF3030', 'MT', 3);
insert into course values('512', 'IF3120', 'DK', 4);
insert into course values('160', 'IF3022', 'WW', 4);
insert into course values('977', 'IF4041', 'SS', 3);
insert into course values('357', 'IF3030', 'ED', 3);
insert into course values('617', 'IF0230', 'DE', 3);
insert into course values('735', 'IF5555', 'MT', 3);
insert into course values('636', 'IF0230', 'SS', 3);
insert into course values('178', 'IF3120', 'DK', 3);
insert into course values('269', 'IF0230', 'SS', 3);
insert into course values('557', 'IF3030', 'GT', 3);
insert into course values('184', 'IF3333', 'HH', 3);
insert into course values('386', 'IF0230', 'EL', 4);
insert into course values('166', 'IF3022', 'DK', 3);
insert into course values('213', 'IF3031', 'WW', 4);
insert into course values('326', 'IF3211', 'DK', 4);
insert into course values('455', 'IF5555', 'SS', 3);
insert into course values('669', 'IF4041', 'ED', 4);
insert into course values('113', 'IF3211', 'IF', 4);
insert into course values('295', 'IF5555', 'HH', 3);
insert into course values('177', 'IF5555', 'EL', 3);
insert into course values('889', 'IF3333', 'ED', 3);
insert into course values('725', 'IF3333', 'MT', 4);
insert into course values('447', 'IF3030', 'SS', 3);
insert into course values('480', 'IF0230', 'DE', 3);
insert into course values('522', 'IF3120', 'DE', 4);
insert into course values('198', 'IF3333', 'EL', 3);
insert into course values('400', 'IF3120', 'IF', 4);
insert into course values('310', 'IF3022', 'DE', 4);
insert into course values('148', 'IF3120', 'ED', 4);
insert into course values('698', 'IF3120', 'HH', 3);
insert into course values('111', 'IF3030', 'WW', 4);
insert into course values('497', 'IF4321', 'DK', 3);
insert into course values('153', 'IF5555', 'GT', 4);
insert into course values('670', 'IF5555', 'DK', 3);
insert into course values('369', 'IF4041', 'HH', 4);
insert into course values('395', 'IF3333', 'MT', 3);
insert into course values('817', 'IF3120', 'WW', 3);
insert into course values('174', 'IF3031', 'DE', 3);
insert into course values('970', 'IF3333', 'GT', 4);
insert into course values('582', 'IF3031', 'MT', 3);
insert into course values('783', 'IF0230', 'HH', 4);
insert into course values('691', 'IF3030', 'DK', 4);
insert into course values('913', 'IF5555', 'EL', 4);
insert into course values('373', 'IF3120', 'WW', 3);
insert into course values('960', 'IF3022', 'IF', 4);
insert into course values('645', 'IF3333', 'DE', 4);
insert into course values('985', 'IF0230', 'DK', 4);
insert into course values('261', 'IF3031', 'ED', 3);
insert into course values('524', 'IF3211', 'SS', 3);
insert into course values('154', 'IF5555', 'MT', 3);
insert into course values('283', 'IF3031', 'MT', 3);
insert into course values('825', 'IF5555', 'SS', 4);
insert into course values('941', 'IF4321', 'WW', 3);
insert into course values('962', 'IF0230', 'GT', 4);
insert into course values('579', 'IF3022', 'DK', 3);
insert into course values('870', 'IF3030', 'IF', 4);
insert into course values('137', 'IF3333', 'GT', 4);
insert into course values('319', 'IF3120', 'MT', 4);
insert into course values('528', 'IF3120', 'EL', 3);
insert into course values('649', 'IF0230', 'IF', 3);
insert into course values('391', 'IF3120', 'MT', 3);
insert into course values('880', 'IF4321', 'DE', 4);
insert into course values('737', 'IF3030', 'WW', 4);
insert into course values('637', 'IF3030', 'SS', 4);
insert into course values('655', 'IF3030', 'ED', 4);
insert into course values('884', 'IF5555', 'IF', 3);
insert into course values('955', 'IF5555', 'WW', 4);
insert into course values('936', 'IF4041', 'EL', 3);
insert into course values('523', 'IF4041', 'MT', 3);
insert into course values('881', 'IF0230', 'DK', 3);
insert into course values('549', 'IF3211', 'WW', 3);
insert into course values('800', 'IF4321', 'ED', 4);
insert into course values('438', 'IF5555', 'MT', 4);
insert into course values('594', 'IF0230', 'DK', 3);
insert into course values('521', 'IF3120', 'SS', 4);
insert into course values('766', 'IF4041', 'SS', 3);
insert into course values('908', 'IF3030', 'MT', 4);
insert into course values('553', 'IF3333', 'IF', 3);
insert into course values('972', 'IF5555', 'DK', 4);
insert into course values('664', 'IF3030', 'SS', 4);
insert into course values('926', 'IF4321', 'HH', 4);
insert into instructor values('86269', 'Adri', 'IF', 97451.82);
insert into instructor values('29606', 'Ande', 'IF', 53496.33);
insert into instructor values('37672', 'Ande', 'WW', 52201.10);
insert into instructor values('48314', 'Johan', 'EL', 39390.13);
insert into instructor values('73119', 'Adri', 'MT', 37295.52);
insert into instructor values('42378', 'Ahmad', 'GT', 45992.24);
insert into instructor values('36942', 'Ande', 'DK', 81743.02);
insert into instructor values('81921', 'Josu', 'DK', 98060.91);
insert into instructor values('71309', 'Johan', 'GT', 124899.82);
insert into instructor values('1011', 'rahmat', 'DE', 30631.68);
insert into instructor values('35868', 'Josu', 'HH', 95614.80);
insert into instructor values('41277', 'Adri', 'MT', 59519.99);
insert into instructor values('70758', 'Ahmad', 'HH', 105536.43);
insert into instructor values('70471', 'yuyun', 'DK', 100570.34);
insert into instructor values('21311', 'Kiki', 'HH', 63079.47);
insert into instructor values('74179', 'Ande', 'WW', 59823.15);
insert into instructor values('42824', 'Kiki', 'SS', 84177.37);
insert into instructor values('74893', 'Ande', 'ED', 75461.61);
insert into instructor values('93543', 'rahmat', 'DK', 48700.68);
insert into instructor values('83114', 'Johan', 'HH', 104217.32);
insert into instructor values('6737', 'rahmat', 'MT', 127300.08);
insert into instructor values('4331', 'Yohan', 'EL', 109855.18);
insert into instructor values('54818', 'Johan', 'WW', 82437.04);
insert into instructor values('14185', 'Johan', 'GT', 29423.91);
insert into instructor values('24769', 'rahmat', 'GT', 29493.74);
insert into instructor values('68808', 'Ahmad', 'DK', 64150.46);
insert into instructor values('28895', 'Johan', 'SS', 29107.91);
insert into instructor values('74614', 'rahmat', 'EL', 66172.57);
insert into instructor values('37430', 'Yohan', 'HH', 70257.13);
insert into instructor values('32618', 'Ande', 'DE', 69745.60);
insert into instructor values('87499', 'Kiki', 'WW', 95121.05);
insert into instructor values('30567', 'Johan', 'DE', 46125.65);
insert into instructor values('75629', 'Josu', 'DK', 111378.78);
insert into instructor values('56024', 'Adri', 'IF', 45022.75);
insert into instructor values('30646', 'Yohan', 'DE', 35352.91);
insert into instructor values('50099', 'Budi', 'DE', 122334.27);
insert into instructor values('92231', 'Budi', 'HH', 110290.03);
insert into instructor values('88312', 'Ahmad', 'IF', 43809.96);
insert into instructor values('38637', 'yuyun', 'MT', 48072.14);
insert into instructor values('21265', 'Ande', 'GT', 97366.46);
insert into instructor values('6208', 'Josu', 'DK', 4978164);
insert into instructor values('81169', 'Johan', 'GT', 42960.74);
insert into instructor values('98944', 'Adri', 'SS', 70796.93);
insert into instructor values('95415', 'rahmat', 'IF', 78248.04);
insert into instructor values('23544', 'Yohan', 'EL', 109474.49);
insert into instructor values('89930', 'Kiki', 'GT', 100691.49);
insert into instructor values('18557', 'Adri', 'GT', 114976.80);
insert into instructor values('64027', 'Adri', 'DE', 102356.90);
insert into instructor values('8270', 'Josu', 'WW', 29435.14);
insert into instructor values('89832', 'Ande', 'IF', 42317.68);
insert into section values('960', '1', 'Spring', 2008, 'A', '837', 'E');
insert into section values('370', '1', 'Fall', 2006, 'H', '696', 'A');
insert into section values('523', '1', 'Fall', 2002, 'H', '696', 'B');
insert into section values('649', '1', 'Spring', 2010, 'J', '485', 'J');
insert into section values('239', '1', 'Spring', 2004, 'I', '21', 'F');
insert into section values('231', '1', 'Spring', 2005, 'A', '837', 'F');
insert into section values('926', '1', 'Fall', 2005, 'D', '656', 'F');
insert into section values('880', '1', 'Fall', 2002, 'C', '109', 'M');
insert into section values('800', '1', 'Fall', 2004, 'H', '696', 'F');
insert into section values('816', '1', 'Spring', 2007, 'J', '485', 'C');
insert into section values('731', '1', 'Spring', 2003, 'E', '42', 'A');
insert into section values('106', '1', 'Spring', 2009, 'C', '109', 'L');
insert into section values('403', '1', 'Fall', 2001, 'H', '696', 'L');
insert into section values('800', '2', 'Spring', 2006, 'H', '696', 'O');
insert into section values('649', '2', 'Fall', 2007, 'C', '109', 'P');
insert into section values('214', '1', 'Spring', 2001, 'E', '42', 'N');
insert into section values('981', '1', 'Fall', 2001, 'I', '21', 'D');
insert into section values('731', '2', 'Fall', 2005, 'B', '936', 'E');
insert into section values('137', '1', 'Spring', 2008, 'C', '109', 'H');
insert into section values('134', '1', 'Spring', 2008, 'E', '42', 'M');
insert into section values('312', '1', 'Fall', 2006, 'B', '305', 'F');
insert into section values('174', '1', 'Fall', 2002, 'B', '936', 'F');
insert into section values('978', '1', 'Fall', 2003, 'A', '837', 'G');
insert into section values('446', '1', 'Fall', 2003, 'D', '656', 'I');
insert into section values('480', '1', 'Fall', 2006, 'E', '42', 'O');
insert into section values('631', '1', 'Spring', 2007, 'A', '837', 'I');
insert into section values('691', '1', 'Fall', 2002, 'H', '696', 'D');
insert into section values('631', '2', 'Fall', 2006, 'E', '42', 'D');
insert into section values('711', '1', 'Fall', 2001, 'B', '936', 'C');
insert into section values('870', '1', 'Fall', 2006, 'J', '485', 'L');
insert into section values('106', '2', 'Spring', 2007, 'D', '656', 'A');
insert into section values('972', '1', 'Fall', 2004, 'B', '305', 'N');
insert into section values('726', '1', 'Fall', 2007, 'E', '42', 'N');
insert into section values('777', '1', 'Spring', 2007, 'I', '21', 'M');
insert into section values('106', '3', 'Fall', 2009, 'C', '109', 'E');
insert into section values('965', '1', 'Fall', 2004, 'A', '837', 'F');
insert into section values('326', '1', 'Fall', 2004, 'A', '837', 'L');
insert into section values('553', '1', 'Fall', 2008, 'B', '936', 'B');
insert into section values('395', '1', 'Fall', 2001, 'E', '42', 'J');
insert into section values('735', '1', 'Spring', 2001, 'B', '305', 'O');
insert into section values('470', '1', 'Fall', 2001, 'E', '42', 'J');
insert into section values('676', '1', 'Fall', 2002, 'A', '837', 'P');
insert into section values('908', '1', 'Fall', 2007, 'J', '485', 'A');
insert into section values('809', '1', 'Fall', 2004, 'I', '21', 'K');
insert into section values('261', '1', 'Fall', 2006, 'I', '21', 'G');
insert into section values('113', '1', 'Spring', 2008, 'B', '305', 'M');
insert into section values('713', '1', 'Spring', 2010, 'B', '670', 'A');
insert into section values('962', '1', 'Fall', 2004, 'C', '109', 'M');
insert into section values('670', '1', 'Fall', 2010, 'J', '485', 'I');
insert into section values('866', '1', 'Spring', 2002, 'D', '656', 'B');
insert into section values('121', '1', 'Spring', 2001, 'E', '42', 'K');
insert into section values('266', '1', 'Fall', 2001, 'A', '837', 'O');
insert into section values('936', '1', 'Fall', 2009, 'A', '837', 'C');
insert into section values('677', '1', 'Spring', 2007, 'B', '305', 'M');
insert into section values('417', '1', 'Fall', 2004, 'D', '656', 'D');
insert into section values('626', '1', 'Spring', 2004, 'E', '42', 'C');
insert into section values('627', '1', 'Spring', 2003, 'A', '837', 'K');
insert into section values('184', '1', 'Fall', 2001, 'H', '696', 'L');
insert into section values('725', '1', 'Spring', 2005, 'E', '42', 'K');
insert into section values('766', '1', 'Fall', 2002, 'I', '21', 'H');
insert into section values('595', '1', 'Fall', 2002, 'B', '305', 'M');
insert into section values('671', '1', 'Spring', 2006, 'J', '485', 'M');
insert into section values('386', '1', 'Spring', 2003, 'B', '670', 'B');
insert into section values('402', '1', 'Spring', 2003, 'A', '837', 'E');
insert into section values('860', '1', 'Fall', 2005, 'B', '936', 'B');
insert into section values('713', '2', 'Fall', 2007, 'D', '656', 'D');
insert into section values('747', '1', 'Fall', 2004, 'B', '936', 'C');
insert into section values('737', '1', 'Fall', 2007, 'B', '305', 'E');
insert into section values('477', '1', 'Spring', 2001, 'E', '42', 'A');
insert into section values('417', '2', 'Fall', 2002, 'B', '936', 'G');
insert into section values('679', '1', 'Fall', 2002, 'B', '670', 'J');
insert into section values('672', '1', 'Spring', 2008, 'B', '936', 'F');
insert into section values('512', '1', 'Spring', 2008, 'I', '21', 'N');
insert into section values('477', '2', 'Spring', 2007, 'E', '42', 'P');
insert into section values('711', '2', 'Fall', 2009, 'A', '837', 'I');
insert into section values('627', '2', 'Fall', 2004, 'J', '485', 'J');
insert into section values('827', '1', 'Fall', 2005, 'A', '837', 'I');
insert into section values('766', '2', 'Fall', 2003, 'B', '670', 'K');
insert into section values('213', '1', 'Spring', 2009, 'B', '305', 'D');
insert into section values('214', '2', 'Fall', 2001, 'C', '109', 'H');
insert into section values('639', '1', 'Spring', 2010, 'I', '21', 'H');
insert into section values('671', '2', 'Spring', 2008, 'C', '109', 'H');
insert into section values('124', '1', 'Fall', 2008, 'B', '305', 'M');
insert into section values('210', '1', 'Spring', 2004, 'B', '670', 'C');
insert into section values('567', '1', 'Spring', 2010, 'I', '21', 'G');
insert into section values('921', '1', 'Spring', 2004, 'B', '305', 'F');
insert into section values('676', '2', 'Fall', 2001, 'D', '656', 'A');
insert into section values('121', '2', 'Fall', 2001, 'B', '305', 'J');
insert into section values('939', '1', 'Fall', 2007, 'J', '485', 'K');
insert into section values('403', '2', 'Spring', 2001, 'I', '21', 'H');
insert into section values('363', '1', 'Fall', 2005, 'I', '21', 'N');
insert into section values('552', '1', 'Spring', 2009, 'A', '837', 'C');
insert into section values('710', '1', 'Spring', 2010, 'A', '837', 'F');
insert into section values('926', '2', 'Fall', 2004, 'H', '696', 'G');
insert into section values('400', '1', 'Fall', 2002, 'B', '936', 'J');
insert into section values('113', '2', 'Fall', 2009, 'B', '936', 'P');
insert into section values('533', '1', 'Fall', 2008, 'E', '42', 'O');
insert into section values('121', '3', 'Fall', 2003, 'C', '109', 'F');
insert into section values('985', '1', 'Fall', 2009, 'E', '42', 'D');
insert into section values('962', '2', 'Fall', 2004, 'H', '696', 'D');
insert into section values('480', '2', 'Fall', 2009, 'I', '21', 'N');
insert into section values('153', '1', 'Fall', 2010, 'J', '485', 'C');
insert into section values('561', '1', 'Fall', 2002, 'D', '656', 'N');
insert into section values('838', '1', 'Fall', 2005, 'H', '696', 'O');
insert into section values('263', '1', 'Spring', 2005, 'A', '837', 'I');
insert into section values('148', '1', 'Fall', 2003, 'C', '109', 'D');
insert into section values('160', '1', 'Fall', 2007, 'E', '42', 'E');
insert into section values('549', '1', 'Fall', 2006, 'J', '485', 'L');
insert into section values('655', '1', 'Fall', 2008, 'A', '837', 'F');
insert into section values('577', '1', 'Fall', 2004, 'B', '936', 'F');
insert into section values('670', '2', 'Fall', 2010, 'C', '109', 'M');
insert into section values('325', '1', 'Fall', 2010, 'J', '485', 'J');
insert into section values('962', '3', 'Spring', 2006, 'H', '696', 'A');
insert into section values('977', '1', 'Spring', 2002, 'H', '696', 'F');
insert into section values('198', '1', 'Spring', 2008, 'E', '42', 'G');
insert into section values('977', '2', 'Fall', 2002, 'I', '21', 'B');
insert into section values('255', '1', 'Spring', 2001, 'E', '42', 'B');
insert into section values('412', '1', 'Spring', 2001, 'C', '109', 'B');
insert into section values('521', '1', 'Spring', 2006, 'B', '936', 'H');
insert into section values('533', '2', 'Spring', 2001, 'I', '21', 'F');
insert into section values('137', '2', 'Spring', 2004, 'H', '696', 'G');
insert into section values('676', '3', 'Spring', 2006, 'I', '21', 'I');
insert into section values('232', '1', 'Spring', 2001, 'I', '21', 'O');
insert into section values('310', '1', 'Spring', 2006, 'E', '42', 'P');
insert into section values('970', '1', 'Fall', 2009, 'J', '485', 'L');
insert into section values('263', '2', 'Fall', 2010, 'C', '109', 'J');
insert into section values('521', '2', 'Spring', 2009, 'D', '656', 'E');
insert into section values('903', '1', 'Spring', 2010, 'B', '936', 'M');
insert into section values('121', '4', 'Spring', 2010, 'H', '696', 'K');
insert into section values('908', '2', 'Spring', 2010, 'H', '696', 'B');
insert into section values('533', '3', 'Fall', 2006, 'I', '21', 'N');
insert into section values('939', '2', 'Fall', 2009, 'C', '109', 'L');
insert into section values('735', '2', 'Fall', 2002, 'D', '656', 'C');
insert into section values('590', '1', 'Fall', 2006, 'J', '485', 'E');
insert into section values('174', '2', 'Spring', 2005, 'B', '670', 'D');
insert into section values('198', '2', 'Fall', 2010, 'B', '670', 'H');
insert into section values('618', '1', 'Spring', 2003, 'B', '936', 'C');
insert into section values('777', '2', 'Fall', 2010, 'D', '656', 'M');
insert into section values('866', '2', 'Spring', 2006, 'C', '109', 'F');
insert into section values('809', '2', 'Fall', 2008, 'D', '656', 'D');
insert into section values('677', '2', 'Fall', 2003, 'I', '21', 'N');
insert into section values('820', '1', 'Fall', 2007, 'H', '696', 'E');
insert into section values('783', '1', 'Fall', 2008, 'A', '837', 'K');
insert into section values('671', '3', 'Fall', 2008, 'J', '485', 'A');
insert into section values('866', '3', 'Fall', 2007, 'D', '656', 'H');
insert into section values('978', '2', 'Spring', 2008, 'C', '109', 'K');
insert into section values('417', '3', 'Fall', 2007, 'D', '656', 'I');
insert into section values('777', '3', 'Spring', 2004, 'A', '837', 'B');
insert into section values('113', '3', 'Spring', 2007, 'B', '305', 'D');
insert into section values('577', '2', 'Spring', 2005, 'A', '837', 'K');
insert into section values('255', '2', 'Fall', 2003, 'B', '936', 'F');
insert into section values('710', '2', 'Spring', 2006, 'D', '656', 'B');
insert into section values('232', '2', 'Spring', 2006, 'D', '656', 'A');
insert into section values('881', '1', 'Fall', 2007, 'H', '696', 'F');
insert into section values('169', '1', 'Spring', 2007, 'I', '21', 'K');
insert into section values('920', '1', 'Fall', 2002, 'J', '485', 'B');
insert into section values('889', '1', 'Fall', 2007, 'C', '109', 'E');
insert into section values('316', '1', 'Spring', 2001, 'D', '656', 'J');
insert into section values('594', '1', 'Fall', 2002, 'H', '696', 'P');
insert into section values('106', '4', 'Spring', 2010, 'H', '696', 'N');
insert into section values('631', '3', 'Spring', 2002, 'C', '109', 'J');
insert into section values('870', '2', 'Fall', 2005, 'B', '305', 'J');
insert into section values('148', '2', 'Fall', 2006, 'I', '21', 'J');
insert into section values('160', '2', 'Fall', 2005, 'E', '42', 'J');
insert into section values('178', '1', 'Fall', 2008, 'H', '696', 'K');
insert into section values('825', '1', 'Fall', 2007, 'E', '42', 'N');
insert into section values('454', '1', 'Spring', 2006, 'E', '42', 'L');
insert into section values('889', '2', 'Fall', 2008, 'C', '109', 'H');
insert into section values('786', '1', 'Spring', 2009, 'B', '305', 'E');
insert into section values('415', '1', 'Spring', 2009, 'D', '656', 'I');
insert into section values('326', '2', 'Spring', 2003, 'I', '21', 'I');
insert into section values('432', '1', 'Fall', 2001, 'D', '656', 'G');
insert into section values('553', '2', 'Spring', 2006, 'J', '485', 'L');
insert into section values('639', '2', 'Fall', 2006, 'H', '696', 'L');
insert into section values('477', '3', 'Fall', 2006, 'B', '936', 'D');
insert into section values('106', '5', 'Fall', 2010, 'A', '837', 'A');
insert into section values('169', '2', 'Spring', 2008, 'J', '485', 'O');
insert into section values('406', '1', 'Spring', 2001, 'D', '656', 'N');
insert into section values('124', '2', 'Fall', 2003, 'B', '305', 'K');
insert into section values('325', '2', 'Fall', 2002, 'B', '670', 'O');
insert into section values('892', '1', 'Fall', 2008, 'B', '670', 'C');
insert into section values('900', '1', 'Fall', 2002, 'E', '42', 'B');
insert into section values('691', '2', 'Fall', 2007, 'D', '656', 'C');
insert into section values('636', '1', 'Fall', 2008, 'B', '936', 'P');
insert into section values('663', '1', 'Fall', 2006, 'B', '305', 'K');
insert into section values('691', '3', 'Spring', 2008, 'H', '696', 'I');
insert into section values('655', '2', 'Spring', 2004, 'A', '837', 'O');
insert into section values('608', '1', 'Fall', 2005, 'B', '670', 'P');
insert into section values('409', '1', 'Spring', 2010, 'J', '485', 'D');
insert into section values('777', '4', 'Fall', 2004, 'B', '670', 'G');
insert into section values('337', '1', 'Spring', 2002, 'H', '696', 'O');
insert into section values('726', '2', 'Fall', 2001, 'A', '837', 'C');
insert into section values('655', '3', 'Fall', 2002, 'B', '936', 'H');
insert into section values('737', '2', 'Fall', 2004, 'B', '305', 'J');
insert into section values('391', '1', 'Fall', 2006, 'B', '670', 'H');
insert into section values('985', '2', 'Fall', 2009, 'B', '670', 'K');
insert into section values('977', '3', 'Spring', 2004, 'J', '485', 'D');
insert into section values('579', '1', 'Fall', 2003, 'A', '837', 'D');
insert into section values('232', '3', 'Fall', 2005, 'B', '936', 'D');
insert into section values('786', '2', 'Spring', 2008, 'B', '670', 'H');
insert into section values('450', '1', 'Fall', 2010, 'C', '109', 'H');
insert into section values('178', '2', 'Spring', 2009, 'D', '656', 'B');
insert into section values('553', '3', 'Spring', 2006, 'H', '696', 'E');
insert into section values('519', '1', 'Fall', 2005, 'B', '936', 'D');
insert into section values('337', '2', 'Fall', 2009, 'I', '21', 'B');
insert into section values('395', '2', 'Fall', 2005, 'B', '936', 'K');
insert into section values('552', '2', 'Fall', 2008, 'C', '109', 'A');
insert into section values('180', '1', 'Spring', 2002, 'C', '109', 'F');
insert into section values('111', '1', 'Fall', 2006, 'B', '305', 'M');
insert into section values('412', '2', 'Spring', 2008, 'E', '42', 'L');
insert into section values('211', '1', 'Fall', 2010, 'A', '837', 'H');
insert into section values('679', '2', 'Spring', 2007, 'B', '670', 'L');
insert into section values('432', '2', 'Fall', 2004, 'J', '485', 'G');
insert into section values('889', '3', 'Fall', 2006, 'I', '21', 'J');
insert into section values('241', '1', 'Spring', 2010, 'D', '656', 'O');
insert into section values('900', '2', 'Spring', 2005, 'E', '42', 'G');
insert into section values('326', '3', 'Spring', 2010, 'D', '656', 'M');
insert into section values('379', '1', 'Fall', 2002, 'C', '109', 'N');
insert into section values('711', '3', 'Spring', 2004, 'B', '305', 'L');
insert into section values('567', '2', 'Fall', 2010, 'B', '305', 'K');
insert into section values('243', '1', 'Fall', 2010, 'A', '837', 'K');
insert into section values('981', '2', 'Fall', 2004, 'I', '21', 'O');
insert into section values('106', '6', 'Fall', 2005, 'I', '21', 'F');
insert into section values('113', '4', 'Spring', 2010, 'J', '485', 'D');
insert into section values('144', '1', 'Spring', 2008, 'I', '21', 'E');
insert into section values('663', '2', 'Fall', 2008, 'C', '109', 'G');
insert into section values('739', '1', 'Fall', 2006, 'E', '42', 'P');
insert into section values('881', '2', 'Fall', 2009, 'A', '837', 'O');
insert into section values('783', '2', 'Spring', 2002, 'E', '42', 'P');
insert into section values('747', '2', 'Fall', 2010, 'B', '305', 'A');
insert into section values('198', '3', 'Spring', 2008, 'D', '656', 'N');
insert into section values('921', '2', 'Fall', 2008, 'B', '670', 'I');
insert into section values('676', '4', 'Spring', 2001, 'E', '42', 'L');
insert into section values('866', '4', 'Fall', 2005, 'B', '305', 'N');
insert into section values('477', '4', 'Fall', 2003, 'I', '21', 'N');
insert into section values('106', '7', 'Fall', 2001, 'D', '656', 'N');
insert into section values('213', '2', 'Spring', 2006, 'D', '656', 'J');
insert into section values('615', '1', 'Spring', 2002, 'E', '42', 'K');
insert into section values('497', '1', 'Fall', 2002, 'D', '656', 'C');
insert into section values('702', '1', 'Spring', 2009, 'H', '696', 'I');
insert into section values('889', '4', 'Fall', 2008, 'H', '696', 'I');
insert into section values('497', '2', 'Spring', 2004, 'I', '21', 'O');
insert into section values('137', '3', 'Spring', 2005, 'C', '109', 'C');
insert into section values('676', '5', 'Fall', 2008, 'H', '696', 'D');
insert into section values('817', '1', 'Fall', 2001, 'C', '109', 'G');
insert into section values('820', '2', 'Spring', 2009, 'E', '42', 'E');
insert into section values('325', '3', 'Spring', 2003, 'I', '21', 'H');
insert into section values('393', '1', 'Spring', 2008, 'A', '837', 'B');
insert into section values('553', '4', 'Fall', 2003, 'H', '696', 'K');
insert into section values('553', '5', 'Fall', 2010, 'H', '696', 'K');
insert into section values('608', '2', 'Fall', 2007, 'B', '936', 'A');
insert into section values('153', '2', 'Spring', 2010, 'B', '670', 'I');
insert into section values('417', '4', 'Fall', 2001, 'H', '696', 'B');
insert into section values('838', '2', 'Fall', 2005, 'H', '696', 'M');
insert into section values('144', '2', 'Spring', 2001, 'J', '485', 'J');
insert into section values('477', '5', 'Fall', 2001, 'C', '109', 'D');
insert into section values('881', '3', 'Spring', 2001, 'I', '21', 'N');
insert into section values('860', '2', 'Fall', 2004, 'I', '21', 'N');
insert into section values('595', '2', 'Fall', 2010, 'D', '656', 'P');
insert into section values('913', '1', 'Fall', 2010, 'C', '109', 'B');
insert into section values('726', '3', 'Spring', 2003, 'A', '837', 'M');
insert into section values('654', '1', 'Spring', 2004, 'D', '656', 'A');
insert into section values('406', '2', 'Fall', 2001, 'B', '670', 'I');
insert into section values('636', '2', 'Fall', 2002, 'J', '485', 'J');
insert into section values('137', '4', 'Spring', 2001, 'B', '305', 'K');
insert into section values('111', '2', 'Spring', 2002, 'D', '656', 'H');
insert into section values('395', '3', 'Spring', 2004, 'I', '21', 'P');
insert into section values('567', '3', 'Spring', 2010, 'C', '109', 'D');
insert into section values('631', '4', 'Fall', 2009, 'A', '837', 'P');
insert into section values('370', '2', 'Fall', 2006, 'B', '305', 'E');
insert into section values('480', '3', 'Spring', 2009, 'B', '670', 'L');
insert into section values('866', '5', 'Spring', 2002, 'D', '656', 'O');
insert into section values('807', '1', 'Spring', 2003, 'J', '485', 'J');
insert into section values('800', '3', 'Spring', 2003, 'D', '656', 'H');
insert into section values('450', '2', 'Fall', 2009, 'J', '485', 'N');
insert into section values('687', '1', 'Spring', 2001, 'C', '109', 'G');
insert into section values('337', '3', 'Spring', 2008, 'B', '670', 'D');
insert into section values('438', '1', 'Spring', 2005, 'C', '109', 'J');
insert into section values('884', '1', 'Fall', 2001, 'E', '42', 'I');
insert into section values('594', '2', 'Spring', 2010, 'H', '696', 'A');
insert into section values('970', '2', 'Spring', 2005, 'B', '670', 'I');
insert into section values('258', '1', 'Fall', 2009, 'D', '656', 'J');
insert into section values('415', '2', 'Spring', 2008, 'B', '936', 'O');
insert into section values('255', '3', 'Spring', 2005, 'B', '305', 'N');
insert into section values('522', '1', 'Fall', 2004, 'B', '670', 'M');
insert into section values('926', '3', 'Fall', 2010, 'H', '696', 'C');
insert into section values('144', '3', 'Spring', 2008, 'A', '837', 'M');
insert into section values('637', '1', 'Spring', 2008, 'B', '305', 'C');
insert into section values('521', '3', 'Spring', 2003, 'D', '656', 'C');
insert into section values('160', '3', 'Spring', 2003, 'B', '936', 'C');
insert into section values('679', '3', 'Fall', 2003, 'B', '936', 'L');
insert into section values('255', '4', 'Fall', 2009, 'J', '485', 'E');
insert into section values('677', '3', 'Spring', 2009, 'B', '936', 'N');
insert into section values('406', '3', 'Spring', 2007, 'I', '21', 'B');
insert into section values('703', '1', 'Spring', 2007, 'B', '305', 'H');
insert into section values('777', '5', 'Spring', 2002, 'B', '670', 'H');
insert into section values('817', '2', 'Fall', 2009, 'D', '656', 'J');
insert into section values('626', '2', 'Spring', 2010, 'B', '670', 'C');
insert into section values('400', '2', 'Spring', 2004, 'B', '936', 'F');
insert into section values('521', '4', 'Spring', 2009, 'B', '305', 'P');
insert into section values('590', '2', 'Fall', 2009, 'J', '485', 'F');
insert into section values('825', '2', 'Spring', 2005, 'B', '670', 'K');
insert into section values('438', '2', 'Spring', 2002, 'C', '109', 'F');
insert into section values('477', '6', 'Spring', 2010, 'I', '21', 'G');
insert into section values('512', '2', 'Fall', 2002, 'C', '109', 'J');
insert into section values('981', '3', 'Spring', 2006, 'A', '837', 'A');
insert into section values('265', '1', 'Spring', 2010, 'J', '485', 'M');
insert into section values('124', '3', 'Spring', 2005, 'A', '837', 'H');
insert into section values('836', '1', 'Fall', 2003, 'A', '837', 'K');
insert into section values('645', '1', 'Spring', 2004, 'B', '936', 'P');
insert into section values('326', '4', 'Spring', 2004, 'C', '109', 'C');
insert into section values('668', '1', 'Fall', 2010, 'B', '936', 'P');
insert into section values('866', '6', 'Spring', 2001, 'D', '656', 'I');
insert into section values('148', '3', 'Fall', 2006, 'J', '485', 'J');
insert into section values('645', '2', 'Spring', 2006, 'B', '305', 'D');
insert into section values('402', '2', 'Fall', 2008, 'B', '305', 'E');
insert into section values('679', '4', 'Fall', 2008, 'J', '485', 'D');
insert into section values('631', '5', 'Fall', 2001, 'I', '21', 'L');
insert into section values('561', '2', 'Fall', 2002, 'A', '837', 'A');
insert into section values('884', '2', 'Spring', 2008, 'D', '656', 'N');
insert into section values('860', '3', 'Fall', 2003, 'C', '109', 'A');
insert into section values('747', '3', 'Fall', 2006, 'D', '656', 'F');
insert into section values('144', '4', 'Spring', 2007, 'B', '670', 'I');
insert into section values('370', '3', 'Spring', 2008, 'B', '670', 'O');
insert into section values('521', '5', 'Fall', 2001, 'B', '670', 'N');
insert into section values('450', '3', 'Spring', 2006, 'J', '485', 'M');
insert into section values('214', '3', 'Fall', 2004, 'C', '109', 'F');
insert into section values('261', '2', 'Fall', 2006, 'J', '485', 'K');
insert into section values('522', '2', 'Spring', 2010, 'E', '42', 'M');
insert into section values('713', '3', 'Spring', 2002, 'C', '109', 'O');
insert into section values('214', '4', 'Fall', 2006, 'J', '485', 'F');
insert into section values('698', '1', 'Fall', 2003, 'E', '42', 'P');
insert into section values('177', '1', 'Fall', 2010, 'D', '656', 'F');
insert into section values('232', '4', 'Fall', 2006, 'B', '305', 'E');
insert into section values('627', '3', 'Spring', 2005, 'A', '837', 'E');
insert into section values('860', '4', 'Spring', 2007, 'B', '936', 'I');
insert into section values('447', '1', 'Fall', 2008, 'B', '670', 'J');
insert into section values('214', '5', 'Fall', 2003, 'B', '305', 'L');
insert into section values('447', '2', 'Spring', 2008, 'C', '109', 'O');
insert into section values('664', '1', 'Fall', 2009, 'B', '670', 'F');
insert into section values('926', '4', 'Fall', 2005, 'I', '21', 'E');
insert into section values('737', '3', 'Fall', 2005, 'E', '42', 'A');
insert into section values('477', '7', 'Fall', 2008, 'B', '670', 'K');
insert into section values('635', '1', 'Spring', 2004, 'B', '305', 'J');
insert into section values('926', '5', 'Spring', 2005, 'J', '485', 'D');
insert into section values('726', '4', 'Fall', 2002, 'I', '21', 'H');
insert into section values('393', '2', 'Fall', 2005, 'B', '670', 'G');
insert into section values('720', '1', 'Fall', 2002, 'B', '936', 'I');
insert into section values('908', '3', 'Fall', 2009, 'C', '109', 'J');
insert into section values('406', '4', 'Spring', 2006, 'D', '656', 'A');
insert into section values('316', '2', 'Fall', 2009, 'E', '42', 'K');
insert into section values('295', '1', 'Spring', 2009, 'I', '21', 'K');
insert into section values('265', '2', 'Fall', 2004, 'J', '485', 'K');
insert into section values('561', '3', 'Spring', 2010, 'D', '656', 'P');
insert into section values('241', '2', 'Fall', 2007, 'D', '656', 'A');
insert into section values('735', '3', 'Spring', 2010, 'A', '837', 'D');
insert into section values('178', '3', 'Spring', 2003, 'C', '109', 'F');
insert into section values('908', '4', 'Fall', 2001, 'B', '670', 'G');
insert into section values('866', '7', 'Spring', 2003, 'H', '696', 'L');
insert into section values('160', '4', 'Spring', 2003, 'B', '936', 'N');
insert into section values('691', '4', 'Fall', 2007, 'J', '485', 'A');
insert into section values('402', '3', 'Fall', 2001, 'D', '656', 'N');
insert into section values('583', '1', 'Spring', 2008, 'B', '305', 'B');
insert into section values('860', '5', 'Fall', 2010, 'E', '42', 'I');
insert into section values('594', '3', 'Fall', 2009, 'J', '485', 'L');
insert into section values('549', '2', 'Fall', 2010, 'D', '656', 'F');
insert into section values('783', '3', 'Spring', 2005, 'A', '837', 'H');
insert into section values('655', '4', 'Spring', 2003, 'I', '21', 'D');
insert into section values('154', '1', 'Spring', 2008, 'D', '656', 'O');
insert into section values('393', '3', 'Spring', 2002, 'D', '656', 'L');
insert into section values('393', '4', 'Fall', 2002, 'A', '837', 'L');
insert into section values('178', '4', 'Fall', 2010, 'B', '936', 'I');
insert into section values('312', '2', 'Spring', 2001, 'C', '109', 'K');
insert into section values('671', '4', 'Spring', 2002, 'B', '670', 'A');
insert into section values('649', '3', 'Fall', 2010, 'B', '305', 'P');
insert into section values('417', '5', 'Fall', 2004, 'H', '696', 'N');
insert into section values('953', '1', 'Spring', 2004, 'B', '305', 'O');
insert into section values('860', '6', 'Fall', 2005, 'B', '936', 'A');
insert into section values('913', '2', 'Spring', 2003, 'D', '656', 'C');
insert into section values('174', '3', 'Fall', 2007, 'E', '42', 'P');
insert into section values('241', '3', 'Spring', 2008, 'I', '21', 'K');
insert into section values('312', '3', 'Spring', 2007, 'B', '936', 'N');
insert into section values('371', '1', 'Spring', 2006, 'B', '670', 'J');
insert into section values('599', '1', 'Fall', 2007, 'B', '305', 'D');
insert into section values('664', '2', 'Spring', 2009, 'D', '656', 'K');
insert into section values('970', '3', 'Fall', 2008, 'B', '670', 'E');
insert into section values('249', '1', 'Fall', 2007, 'B', '670', 'A');
insert into section values('939', '3', 'Fall', 2006, 'A', '837', 'A');
insert into section values('403', '3', 'Spring', 2004, 'B', '936', 'M');
insert into section values('113', '5', 'Spring', 2006, 'D', '656', 'K');
insert into section values('668', '2', 'Spring', 2006, 'A', '837', 'G');
insert into section values('177', '2', 'Fall', 2005, 'B', '936', 'J');
insert into section values('977', '4', 'Fall', 2008, 'E', '42', 'O');
insert into section values('214', '6', 'Fall', 2006, 'B', '305', 'H');
insert into section values('552', '3', 'Spring', 2010, 'B', '305', 'I');
insert into section values('720', '2', 'Fall', 2010, 'A', '837', 'A');
insert into section values('594', '4', 'Fall', 2004, 'H', '696', 'I');
insert into section values('627', '4', 'Fall', 2002, 'C', '109', 'N');
insert into section values('154', '2', 'Spring', 2006, 'C', '109', 'M');
insert into section values('672', '2', 'Fall', 2003, 'B', '670', 'P');
insert into teaches values('18557', '677', '1', 'Spring', 2007);
insert into teaches values('50099', '645', '2', 'Spring', 2006);
insert into teaches values('92231', '144', '4', 'Spring', 2007);
insert into teaches values('98944', '766', '1', 'Fall', 2002);
insert into teaches values('74893', '655', '2', 'Spring', 2004);
insert into teaches values('64027', '939', '1', 'Fall', 2007);
insert into teaches values('6737', '363', '1', 'Fall', 2005);
insert into teaches values('93543', '981', '3', 'Spring', 2006);
insert into teaches values('6208', '631', '3', 'Spring', 2002);
insert into teaches values('92231', '626', '2', 'Spring', 2010);
insert into teaches values('92231', '698', '1', 'Fall', 2003);
insert into teaches values('74893', '519', '1', 'Fall', 2005);
insert into teaches values('64027', '522', '1', 'Fall', 2004);
insert into teaches values('6208', '326', '1', 'Fall', 2004);
insert into teaches values('64027', '480', '2', 'Fall', 2009);
insert into teaches values('89930', '412', '2', 'Spring', 2008);
insert into teaches values('23544', '561', '3', 'Spring', 2010);
insert into teaches values('74893', '148', '1', 'Fall', 2003);
insert into teaches values('92231', '711', '1', 'Fall', 2001);
insert into teaches values('74893', '325', '1', 'Fall', 2010);
insert into teaches values('8270', '213', '1', 'Spring', 2009);
insert into teaches values('18557', '962', '2', 'Fall', 2004);
insert into teaches values('92231', '243', '1', 'Fall', 2010);
insert into teaches values('74893', '325', '2', 'Fall', 2002);
insert into teaches values('74893', '889', '2', 'Fall', 2008);
insert into teaches values('38637', '679', '1', 'Fall', 2002);
insert into teaches values('8270', '180', '1', 'Spring', 2002);
insert into teaches values('92231', '671', '3', 'Fall', 2008);
insert into teaches values('38637', '232', '1', 'Spring', 2001);
insert into teaches values('74614', '920', '1', 'Fall', 2002);
insert into teaches values('64027', '645', '1', 'Spring', 2004);
insert into teaches values('8270', '737', '3', 'Fall', 2005);
insert into teaches values('37430', '711', '2', 'Fall', 2009);
insert into teaches values('38637', '214', '3', 'Fall', 2004);
insert into teaches values('64027', '866', '5', 'Spring', 2002);
insert into teaches values('23544', '121', '4', 'Spring', 2010);
insert into teaches values('75629', '981', '1', 'Fall', 2001);
insert into teaches values('64027', '263', '1', 'Spring', 2005);
insert into teaches values('28895', '521', '5', 'Fall', 2001);
insert into teaches values('89930', '137', '1', 'Spring', 2008);
insert into teaches values('75629', '169', '1', 'Spring', 2007);
insert into teaches values('89832', '649', '3', 'Fall', 2010);
insert into teaches values('98944', '521', '3', 'Spring', 2003);
insert into teaches values('89832', '676', '3', 'Spring', 2006);
insert into teaches values('64027', '403', '2', 'Spring', 2001);
insert into teaches values('6208', '663', '2', 'Fall', 2008);
insert into teaches values('30646', '786', '1', 'Spring', 2009);
insert into teaches values('64027', '174', '2', 'Spring', 2005);
insert into teaches values('6208', '326', '2', 'Spring', 2003);
insert into teaches values('30567', '255', '4', 'Fall', 2009);
insert into teaches values('92231', '926', '1', 'Fall', 2005);
insert into teaches values('38637', '214', '2', 'Fall', 2001);
insert into teaches values('89832', '978', '1', 'Fall', 2003);
insert into teaches values('38637', '154', '1', 'Spring', 2008);
insert into teaches values('74893', '892', '1', 'Fall', 2008);
insert into teaches values('64027', '403', '3', 'Spring', 2004);
insert into teaches values('74614', '809', '1', 'Fall', 2004);
insert into teaches values('74893', '889', '3', 'Fall', 2006);
insert into teaches values('68808', '631', '5', 'Fall', 2001);
insert into teaches values('30646', '866', '6', 'Spring', 2001);
insert into teaches values('8270', '160', '2', 'Fall', 2005);
insert into teaches values('98944', '241', '2', 'Fall', 2007);
insert into teaches values('6208', '497', '2', 'Spring', 2004);
insert into teaches values('28895', '241', '1', 'Spring', 2010);
insert into teaches values('64027', '880', '1', 'Fall', 2002);
insert into teaches values('64027', '921', '1', 'Spring', 2004);
insert into teaches values('28895', '266', '1', 'Fall', 2001);
insert into teaches values('89832', '960', '1', 'Spring', 2008);
insert into teaches values('6208', '985', '2', 'Fall', 2009);
insert into teaches values('23544', '599', '1', 'Fall', 2007);
insert into teaches values('74893', '106', '1', 'Spring', 2009);
insert into teaches values('74893', '148', '3', 'Fall', 2006);
insert into teaches values('6208', '326', '3', 'Spring', 2010);
insert into teaches values('8270', '316', '2', 'Fall', 2009);
insert into teaches values('6737', '735', '2', 'Fall', 2002);
insert into teaches values('64027', '866', '3', 'Fall', 2007);
insert into teaches values('38637', '406', '4', 'Spring', 2006);
insert into teaches values('37430', '926', '2', 'Fall', 2004);
insert into teaches values('74893', '860', '5', 'Fall', 2010);
insert into teaches values('89832', '870', '1', 'Fall', 2006);
insert into teaches values('95415', '649', '2', 'Fall', 2007);
insert into teaches values('6208', '594', '2', 'Spring', 2010);
insert into teaches values('18557', '590', '1', 'Fall', 2006);
insert into teaches values('74893', '432', '1', 'Fall', 2001);
insert into teaches values('74893', '655', '1', 'Fall', 2008);
insert into teaches values('92231', '900', '1', 'Fall', 2002);
insert into teaches values('87499', '450', '2', 'Fall', 2009);
insert into teaches values('23544', '838', '2', 'Fall', 2005);
insert into teaches values('74893', '106', '4', 'Spring', 2010);
insert into teaches values('38637', '214', '6', 'Fall', 2006);
insert into teaches values('74614', '198', '3', 'Spring', 2008);
insert into teaches values('38637', '735', '1', 'Spring', 2001);
insert into teaches values('92231', '900', '2', 'Spring', 2005);
insert into teaches values('6208', '579', '1', 'Fall', 2003);
insert into teaches values('6208', '631', '2', 'Fall', 2006);
insert into teaches values('6208', '691', '4', 'Fall', 2007);
insert into teaches values('23544', '386', '1', 'Spring', 2003);
insert into teaches values('89832', '965', '1', 'Fall', 2004);
insert into teaches values('89832', '816', '1', 'Spring', 2007);
insert into teaches values('98944', '567', '3', 'Spring', 2010);
insert into student values('38818', 'Kiki', 'EL', 17);
insert into student values('62506', 'Budi', 'MT', 18);
insert into student values('10113', 'rahmat', 'EL', 80);
insert into student values('97507', 'Adri', 'DE', 73);
insert into student values('64478', 'Kiki', 'DE', 94);
insert into student values('44940', 'Kiki', 'GT', 68);
insert into student values('16878', 'Johan', 'GT', 25);
insert into student values('80130', 'Kiki', 'DE', 37);
insert into student values('47425', 'Kiki', 'EL', 55);
insert into student values('75736', 'Ahmad', 'SS', 26);
insert into student values('86240', 'Kiki', 'SS', 85);
insert into student values('97724', 'Kiki', 'DK', 109);
insert into student values('59727', 'Ande', 'EL', 53);
insert into student values('39159', 'Josu', 'DE', 64);
insert into student values('1034', 'yuyun', 'HH', 63);
insert into student values('57035', 'Adri', 'HH', 91);
insert into student values('41193', 'Ahmad', 'DE', 79);
insert into student values('23349', 'Yohan', 'MT', 40);
insert into student values('90621', 'Adri', 'EL', 52);
insert into student values('59530', 'rahmat', 'ED', 124);
insert into student values('38738', 'Yohan', 'ED', 2);
insert into student values('19611', 'Ande', 'SS', 120);
insert into student values('12749', 'Kiki', 'IF', 75);
insert into student values('42867', 'Josu', 'WW', 69);
insert into student values('39566', 'Ahmad', 'DE', 1);
insert into student values('92885', 'Josu', 'IF', 83);
insert into student values('36652', 'Adri', 'MT', 21);
insert into student values('87424', 'Ahmad', 'MT', 118);
insert into student values('83741', 'yuyun', 'GT', 18);
insert into student values('28396', 'rahmat', 'GT', 108);
insert into student values('85229', 'Josu', 'EL', 78);
insert into student values('64524', 'Kiki', 'HH', 3);
insert into student values('56675', 'yuyun', 'EL', 50);
insert into student values('60012', 'Ande', 'DK', 79);
insert into student values('71937', 'Josu', 'EL', 17);
insert into student values('98451', 'Budi', 'DK', 64);
insert into student values('70659', 'rahmat', 'ED', 7);
insert into student values('32799', 'Ande', 'IF', 121);
insert into student values('6268', 'Ahmad', 'HH', 55);
insert into student values('15437', 'yuyun', 'MT', 42);
insert into student values('63326', 'Josu', 'MT', 90);
insert into student values('90511', 'yuyun', 'WW', 31);
insert into student values('20112', 'rahmat', 'MT', 19);
insert into student values('87894', 'Johan', 'IF', 24);
insert into student values('64023', 'Ahmad', 'ED', 86);
insert into student values('89895', 'Josu', 'DE', 77);
insert into student values('79760', 'rahmat', 'IF', 6);
insert into student values('43591', 'rahmat', 'ED', 54);
insert into student values('26705', 'Josu', 'SS', 42);
insert into student values('66802', 'Adri', 'EL', 9);
insert into student values('6605', 'Johan', 'MT', 109);
insert into student values('67869', 'Yohan', 'SS', 71);
insert into student values('78766', 'Kiki', 'ED', 0);
insert into student values('65113', 'Ahmad', 'EL', 99);
insert into student values('65947', 'rahmat', 'IF', 101);
insert into student values('48785', 'Yohan', 'GT', 11);
insert into student values('4241', 'Yohan', 'WW', 10);
insert into student values('19208', 'Josu', 'DK', 122);
insert into student values('5132', 'Kiki', 'MT', 125);
insert into student values('14973', 'Ahmad', 'IF', 94);
insert into student values('36253', 'Johan', 'EL', 125);
insert into student values('84296', 'Adri', 'HH', 106);
insert into student values('91314', 'yuyun', 'ED', 82);
insert into student values('27132', 'Ahmad', 'MT', 20);
insert into student values('4499', 'Ande', 'HH', 92);
insert into student values('32709', 'Budi', 'DK', 27);
insert into student values('39200', 'Ahmad', 'SS', 6);
insert into student values('9065', 'Johan', 'IF', 60);
insert into student values('19894', 'Budi', 'MT', 81);
insert into student values('5129', 'Ande', 'MT', 25);
insert into student values('86281', 'Yohan', 'MT', 71);
insert into student values('77630', 'Budi', 'ED', 55);
insert into student values('65737', 'Ahmad', 'SS', 16);
insert into student values('5598', 'Yohan', 'SS', 127);
insert into student values('82335', 'Adri', 'DK', 23);
insert into student values('13814', 'Ahmad', 'GT', 38);
insert into student values('72174', 'Yohan', 'EL', 80);
insert into student values('91246', 'yuyun', 'SS', 41);
insert into student values('41588', 'Johan', 'IF', 99);
insert into student values('21386', 'Josu', 'HH', 11);
insert into student values('15976', 'Kiki', 'IF', 22);
insert into student values('34566', 'Johan', 'GT', 86);
insert into student values('98843', 'rahmat', 'MT', 32);
insert into student values('97431', 'Kiki', 'EL', 21);
insert into student values('45977', 'Johan', 'SS', 40);
insert into student values('85582', 'Kiki', 'ED', 9);
insert into student values('94375', 'Yohan', 'DE', 5);
insert into student values('64661', 'Ande', 'SS', 108);
insert into student values('72740', 'Josu', 'HH', 22);
insert into student values('69937', 'Ande', 'DE', 75);
insert into student values('34249', 'Kiki', 'IF', 24);
insert into student values('31648', 'Johan', 'MT', 24);
insert into student values('60843', 'rahmat', 'EL', 117);
insert into student values('90170', 'yuyun', 'HH', 66);
insert into student values('98357', 'yuyun', 'DK', 9);
insert into student values('43762', 'yuyun', 'EL', 45);
insert into student values('4176', 'Yohan', 'DK', 116);
insert into student values('79092', 'rahmat', 'EL', 123);
insert into student values('44381', 'yuyun', 'EL', 88);
insert into student values('27110', 'Adri', 'HH', 128);
insert into student values('64471', 'Ahmad', 'SS', 43);
insert into student values('25064', 'Yohan', 'SS', 39);
insert into student values('74644', 'rahmat', 'SS', 90);
insert into student values('30102', 'Kiki', 'ED', 80);
insert into student values('29858', 'Budi', 'MT', 42);
insert into student values('63682', 'Kiki', 'ED', 107);
insert into student values('57771', 'Budi', 'IF', 128);
insert into student values('97948', 'Budi', 'ED', 10);
insert into student values('31859', 'rahmat', 'ED', 25);
insert into student values('95596', 'Adri', 'DK', 41);
insert into student values('28406', 'Ande', 'SS', 41);
insert into student values('31572', 'Ande', 'IF', 60);
insert into student values('66605', 'Kiki', 'ED', 128);
insert into student values('85040', 'Yohan', 'GT', 67);
insert into student values('45895', 'rahmat', 'IF', 25);
insert into student values('48311', 'Kiki', 'DE', 106);
insert into student values('69682', 'Yohan', 'ED', 42);
insert into student values('22393', 'Ande', 'WW', 122);
insert into student values('31729', 'Josu', 'ED', 22);
insert into student values('5024', 'Johan', 'SS', 6);
insert into student values('48580', 'Johan', 'EL', 118);
insert into student values('94321', 'rahmat', 'ED', 119);
insert into student values('90245', 'Johan', 'ED', 49);
insert into student values('37130', 'Budi', 'WW', 51);
insert into student values('94791', 'Yohan', 'DK', 70);
insert into student values('61507', 'Johan', 'EL', 65);
insert into student values('37719', 'yuyun', 'HH', 82);
insert into student values('68847', 'Yohan', 'IF', 71);
insert into student values('41469', 'Johan', 'DE', 29);
insert into student values('52601', 'Adri', 'SS', 24);
insert into student values('57241', 'Kiki', 'WW', 67);
insert into student values('28361', 'rahmat', 'EL', 55);
insert into student values('28648', 'Budi', 'EL', 128);
insert into student values('89183', 'Josu', 'DK', 72);
insert into student values('58910', 'Budi', 'MT', 73);
insert into student values('53684', 'Johan', 'DE', 100);
insert into student values('63626', 'rahmat', 'MT', 47);
insert into student values('23005', 'yuyun', 'EL', 79);
insert into student values('6455', 'Ande', 'DK', 19);
insert into student values('6889', 'yuyun', 'EL', 83);
insert into student values('20583', 'Johan', 'MT', 73);
insert into student values('58496', 'Josu', 'MT', 20);
insert into student values('31640', 'rahmat', 'ED', 97);
insert into student values('89731', 'yuyun', 'DK', 126);
insert into student values('52256', 'Ahmad', 'DK', 121);
insert into student values('36432', 'rahmat', 'EL', 77);
insert into student values('4787', 'Budi', 'HH', 94);
insert into student values('96253', 'Josu', 'IF', 7);
insert into student values('36057', 'Yohan', 'WW', 17);
insert into student values('4282', 'Budi', 'EL', 123);
insert into student values('24602', 'Josu', 'DK', 0);
insert into student values('83121', 'Adri', 'HH', 70);
insert into student values('69268', 'yuyun', 'GT', 29);
insert into student values('12967', 'Yohan', 'DE', 117);
insert into student values('72064', 'Yohan', 'ED', 104);
insert into student values('21914', 'yuyun', 'DK', 32);
insert into student values('6450', 'Adri', 'GT', 77);
insert into student values('70882', 'Ahmad', 'HH', 56);
insert into student values('98776', 'Josu', 'EL', 100);
insert into student values('45234', 'yuyun', 'IF', 3);
insert into student values('3096', 'Budi', 'EL', 30);
insert into student values('5941', 'Adri', 'DK', 9);
insert into student values('1779', 'Ande', 'WW', 121);
insert into student values('45523', 'Johan', 'DE', 34);
insert into student values('60198', 'rahmat', 'ED', 119);
insert into student values('37227', 'Johan', 'HH', 117);
insert into student values('98950', 'Adri', 'IF', 39);
insert into student values('58265', 'Josu', 'ED', 128);
insert into student values('42913', 'rahmat', 'MT', 64);
insert into student values('85327', 'Johan', 'WW', 127);
insert into student values('64193', 'Yohan', 'WW', 41);
insert into student values('46621', 'Kiki', 'SS', 63);
insert into student values('31817', 'Yohan', 'SS', 129);
insert into student values('48394', 'rahmat', 'WW', 76);
insert into student values('94743', 'Ahmad', 'DK', 9);
insert into student values('13850', 'Johan', 'HH', 6);
insert into student values('97859', 'Ahmad', 'DK', 51);
insert into student values('94728', 'Adri', 'DE', 92);
insert into student values('97148', 'Johan', 'ED', 30);
insert into student values('87914', 'Kiki', 'WW', 14);
insert into student values('88751', 'Adri', 'GT', 42);
insert into student values('77202', 'Yohan', 'ED', 58);
insert into student values('84033', 'rahmat', 'IF', 14);
insert into student values('20649', 'yuyun', 'DE', 120);
insert into student values('74193', 'Adri', 'EL', 21);
insert into student values('11220', 'Yohan', 'EL', 53);
insert into student values('15737', 'Kiki', 'EL', 30);
insert into student values('46225', 'Yohan', 'MT', 93);
insert into student values('65036', 'Budi', 'WW', 102);
insert into student values('94168', 'Johan', 'SS', 29);
insert into student values('16951', 'Ande', 'ED', 50);
insert into student values('97563', 'Ahmad', 'EL', 86);
insert into student values('28289', 'Josu', 'MT', 67);
insert into student values('68104', 'rahmat', 'DK', 85);
insert into student values('44268', 'Adri', 'HH', 127);
insert into student values('12547', 'Budi', 'ED', 50);
insert into student values('49268', 'Yohan', 'EL', 120);
insert into student values('81967', 'Yohan', 'ED', 19);
insert into student values('13100', 'Budi', 'WW', 17);
insert into student values('59812', 'Johan', 'WW', 95);
insert into takes values('41588', '337', '2', 'Fall', 2009, 'C ');
insert into takes values('43762', '477', '7', 'Fall', 2008, 'A ');
insert into takes values('19208', '393', '4', 'Fall', 2002, 'B-');
insert into takes values('30102', '884', '2', 'Spring', 2008, 'C ');
insert into takes values('4787', '111', '1', 'Fall', 2006, 'C ');
insert into takes values('27110', '480', '1', 'Fall', 2006, 'A ');
insert into takes values('65947', '249', '1', 'Fall', 2007, 'B+');
insert into takes values('21386', '671', '1', 'Spring', 2006, 'A-');
insert into takes values('87894', '312', '2', 'Spring', 2001, 'C+');
insert into takes values('44940', '402', '2', 'Fall', 2008, 'B+');
insert into takes values('60198', '737', '3', 'Fall', 2005, 'B ');
insert into takes values('31640', '266', '1', 'Fall', 2001, 'A+');
insert into takes values('83741', '636', '2', 'Fall', 2002, 'B-');
insert into takes values('79092', '978', '1', 'Fall', 2003, 'B ');
insert into takes values('43591', '243', '1', 'Fall', 2010, 'A-');
insert into takes values('48580', '553', '3', 'Spring', 2006, 'C ');
insert into takes values('85229', '866', '2', 'Spring', 2006, 'A-');
insert into takes values('57035', '985', '2', 'Fall', 2009, 'B+');
insert into takes values('11220', '553', '4', 'Fall', 2003, 'C ');
insert into takes values('98357', '583', '1', 'Spring', 2008, 'C-');
insert into takes values('94791', '477', '3', 'Fall', 2006, 'B+');
insert into takes values('59727', '258', '1', 'Fall', 2009, 'C ');
insert into takes values('31817', '470', '1', 'Fall', 2001, 'B-');
insert into takes values('13814', '406', '4', 'Spring', 2006, 'B+');
insert into takes values('60012', '679', '2', 'Spring', 2007, 'B-');
insert into takes values('23005', '137', '3', 'Spring', 2005, 'A ');
insert into takes values('36253', '438', '2', 'Spring', 2002, 'B-');
insert into takes values('45895', '393', '2', 'Fall', 2005, 'B ');
insert into takes values('48785', '608', '2', 'Fall', 2007, 'B ');
insert into takes values('41469', '884', '1', 'Fall', 2001, 'A ');
insert into takes values('85040', '160', '1', 'Fall', 2007, 'B ');
insert into takes values('90170', '477', '4', 'Fall', 2003, 'C-');
insert into takes values('63682', '777', '3', 'Spring', 2004, 'B+');
insert into takes values('19611', '825', '2', 'Spring', 2005, 'C+');
insert into takes values('56675', '594', '4', 'Fall', 2004, 'C+');
insert into takes values('64524', '561', '1', 'Fall', 2002, 'B ');
insert into takes values('32709', '477', '5', 'Fall', 2001, 'A-');
insert into takes values('6605', '726', '1', 'Fall', 2007, 'A ');
insert into takes values('82335', '454', '1', 'Spring', 2006, 'C ');
insert into takes values('39200', '326', '4', 'Spring', 2004, 'C+');
insert into takes values('4787', '497', '1', 'Fall', 2002, 'A ');
insert into takes values('1779', '900', '2', 'Spring', 2005, 'C+');
insert into takes values('45523', '884', '1', 'Fall', 2001, 'A-');
insert into takes values('74193', '393', '4', 'Fall', 2002, 'C-');
insert into takes values('59812', '561', '3', 'Spring', 2010, 'C ');
insert into takes values('41588', '432', '1', 'Fall', 2001, 'A-');
insert into takes values('67869', '599', '1', 'Fall', 2007, 'B ');
insert into takes values('48394', '255', '1', 'Spring', 2001, 'A-');
insert into takes values('39566', '889', '2', 'Fall', 2008, 'A+');
insert into takes values('23349', '312', '2', 'Spring', 2001, 'A+');
insert into takes values('57035', '169', '2', 'Spring', 2008, 'C-');
insert into takes values('82335', '370', '3', 'Spring', 2008, 'C ');
insert into takes values('67869', '735', '3', 'Spring', 2010, 'A+');
insert into takes values('80130', '106', '7', 'Fall', 2001, 'C ');
insert into takes values('3096', '583', '1', 'Spring', 2008, 'B ');
insert into takes values('15737', '232', '2', 'Spring', 2006, 'A ');
insert into takes values('27132', '178', '3', 'Spring', 2003, 'B-');
insert into takes values('4499', '977', '4', 'Fall', 2008, 'A+');
insert into takes values('92885', '438', '2', 'Spring', 2002, 'C ');
insert into takes values('63326', '241', '3', 'Spring', 2008, 'B ');
insert into takes values('23349', '731', '1', 'Spring', 2003, 'B ');
insert into takes values('75736', '900', '1', 'Fall', 2002, 'B+');
insert into takes values('90170', '255', '3', 'Spring', 2005, 'A+');
insert into takes values('79760', '177', '2', 'Fall', 2005, 'C-');
insert into takes values('97507', '777', '5', 'Spring', 2002, 'B ');
insert into takes values('67869', '553', '4', 'Fall', 2003, 'C+');
insert into takes values('74644', '913', '1', 'Fall', 2010, 'B ');
insert into takes values('98776', '671', '2', 'Spring', 2008, 'C ');
insert into takes values('77630', '214', '4', 'Fall', 2006, 'B-');
insert into takes values('63326', '608', '1', 'Fall', 2005, 'B+');
insert into takes values('85229', '174', '2', 'Spring', 2005, 'A+');
insert into takes values('38738', '737', '1', 'Fall', 2007, 'C+');
insert into takes values('38818', '590', '1', 'Fall', 2006, 'A ');
insert into takes values('94791', '636', '2', 'Fall', 2002, 'B ');
insert into takes values('4499', '654', '1', 'Spring', 2004, 'B+');
insert into takes values('94321', '668', '2', 'Spring', 2006, 'A+');
insert into takes values('63626', '533', '2', 'Spring', 2001, 'B ');
insert into takes values('60012', '977', '3', 'Spring', 2004, 'C+');
insert into takes values('6268', '637', '1', 'Spring', 2008, 'B ');
insert into takes values('29858', '266', '1', 'Fall', 2001, 'C-');
insert into takes values('4787', '214', '5', 'Fall', 2003, 'C-');
insert into takes values('97148', '178', '2', 'Spring', 2009, 'A ');
insert into takes values('6450', '521', '1', 'Spring', 2006, 'B ');
insert into takes values('60198', '655', '3', 'Fall', 2002, 'A-');
insert into takes values('69268', '113', '5', 'Spring', 2006, 'A+');
insert into takes values('38818', '977', '1', 'Spring', 2002, 'C+');
insert into takes values('28361', '866', '4', 'Fall', 2005, 'B ');
insert into takes values('57035', '522', '2', 'Spring', 2010, 'B ');
insert into takes values('31859', '866', '1', 'Spring', 2002, 'B-');
insert into takes values('65947', '939', '3', 'Fall', 2006, 'A ');
insert into takes values('79760', '214', '4', 'Fall', 2006, 'B+');
insert into takes values('6450', '124', '2', 'Fall', 2003, 'A+');
insert into takes values('1779', '261', '2', 'Fall', 2006, 'B ');
insert into takes values('26705', '450', '1', 'Fall', 2010, 'A ');
insert into takes values('59812', '148', '3', 'Fall', 2006, 'B+');
insert into takes values('64023', '926', '5', 'Spring', 2005, 'B-');
insert into takes values('64471', '121', '2', 'Fall', 2001, 'C ');
insert into takes values('37719', '786', '1', 'Spring', 2009, 'B ');
insert into takes values('57771', '880', '1', 'Fall', 2002, 'C-');
insert into takes values('94791', '908', '2', 'Spring', 2010, 'C ');
insert into takes values('59727', '265', '1', 'Spring', 2010, 'C ');
insert into takes values('94168', '403', '1', 'Fall', 2001, 'A+');
insert into takes values('48785', '777', '3', 'Spring', 2004, 'C-');
insert into takes values('88751', '395', '1', 'Fall', 2001, 'B ');
insert into takes values('88751', '676', '4', 'Spring', 2001, 'A ');
insert into takes values('6268', '261', '1', 'Fall', 2006, 'B+');
insert into takes values('87914', '106', '5', 'Fall', 2010, 'C+');
insert into takes values('97859', '214', '2', 'Fall', 2001, 'B+');
insert into takes values('3096', '711', '2', 'Fall', 2009, 'B ');
insert into takes values('97948', '214', '5', 'Fall', 2003, 'C+');
insert into takes values('42913', '567', '2', 'Fall', 2010, 'C-');
insert into takes values('6455', '691', '2', 'Fall', 2007, 'A+');
insert into takes values('57241', '939', '1', 'Fall', 2007, 'A+');
insert into takes values('41193', '679', '2', 'Spring', 2007, 'B-');
insert into takes values('58265', '261', '2', 'Fall', 2006, 'A+');
insert into takes values('91246', '249', '1', 'Fall', 2007, 'C+');
insert into takes values('14973', '977', '2', 'Fall', 2002, 'C ');
insert into takes values('21386', '827', '1', 'Fall', 2005, 'C-');
insert into takes values('83741', '645', '1', 'Spring', 2004, 'A-');
insert into takes values('31648', '409', '1', 'Spring', 2010, 'B+');
insert into takes values('63626', '913', '2', 'Spring', 2003, 'B+');
insert into takes values('96253', '523', '1', 'Fall', 2002, 'B-');
insert into takes values('94321', '913', '1', 'Fall', 2010, 'B-');
insert into takes values('94743', '549', '2', 'Fall', 2010, 'B+');
insert into takes values('68104', '807', '1', 'Spring', 2003, 'C+');
insert into takes values('81967', '106', '5', 'Fall', 2010, 'A+');
insert into takes values('74193', '255', '1', 'Spring', 2001, 'B-');
insert into takes values('5598', '406', '4', 'Spring', 2006, 'A-');
insert into takes values('46225', '337', '3', 'Spring', 2008, 'A ');
insert into takes values('66605', '590', '2', 'Fall', 2009, 'C+');
insert into takes values('28648', '198', '2', 'Fall', 2010, 'A-');
insert into takes values('47425', '153', '1', 'Fall', 2010, 'B-');
insert into takes values('41588', '477', '7', 'Fall', 2008, 'C-');
insert into takes values('29858', '412', '2', 'Spring', 2008, 'B ');
insert into takes values('69268', '671', '1', 'Spring', 2006, 'A+');
insert into takes values('87894', '594', '4', 'Fall', 2004, 'A+');
insert into takes values('83121', '800', '1', 'Fall', 2004, 'B+');
insert into takes values('39159', '577', '2', 'Spring', 2005, 'C ');
insert into takes values('4282', '241', '1', 'Spring', 2010, 'A-');
insert into takes values('31640', '403', '1', 'Fall', 2001, 'A-');
insert into takes values('85229', '553', '5', 'Fall', 2010, 'C ');
insert into takes values('38738', '255', '4', 'Fall', 2009, 'B ');
insert into takes values('13850', '817', '1', 'Fall', 2001, 'A+');
insert into takes values('87894', '825', '2', 'Spring', 2005, 'C ');
insert into takes values('48580', '720', '1', 'Fall', 2002, 'C+');
insert into takes values('37719', '447', '2', 'Spring', 2008, 'C+');
insert into takes values('92885', '884', '1', 'Fall', 2001, 'C-');
insert into takes values('60198', '977', '4', 'Fall', 2008, 'B ');
insert into takes values('4282', '631', '5', 'Fall', 2001, 'C+');
insert into takes values('58910', '567', '3', 'Spring', 2010, 'B-');
insert into takes values('97431', '590', '2', 'Fall', 2009, 'B ');
insert into takes values('32799', '553', '1', 'Fall', 2008, 'C ');
insert into takes values('57771', '663', '2', 'Fall', 2008, 'B-');
insert into takes values('1034', '198', '3', 'Spring', 2008, 'B-');
insert into takes values('4787', '691', '3', 'Spring', 2008, 'B-');
insert into takes values('45234', '316', '1', 'Spring', 2001, 'A-');
insert into takes values('48785', '198', '3', 'Spring', 2008, 'B ');
insert into takes values('36432', '403', '1', 'Fall', 2001, 'C-');
insert into takes values('43591', '860', '5', 'Fall', 2010, 'A-');
insert into takes values('25064', '393', '1', 'Spring', 2008, 'B+');
insert into takes values('4499', '825', '2', 'Spring', 2005, 'A+');
insert into takes values('5598', '645', '1', 'Spring', 2004, 'C ');
insert into takes values('95596', '881', '2', 'Fall', 2009, 'B+');
insert into takes values('64193', '577', '1', 'Fall', 2004, 'A-');
insert into takes values('29858', '177', '2', 'Fall', 2005, 'A+');
insert into takes values('75736', '645', '2', 'Spring', 2006, 'C+');
insert into takes values('1034', '679', '2', 'Spring', 2007, 'A+');
insert into takes values('48580', '786', '2', 'Spring', 2008, 'B-');
insert into takes values('4241', '783', '2', 'Spring', 2002, 'C-');
insert into takes values('69682', '777', '3', 'Spring', 2004, 'B-');
insert into takes values('98357', '395', '3', 'Spring', 2004, 'A+');
insert into takes values('6605', '144', '3', 'Spring', 2008, 'C ');
insert into takes values('27110', '590', '1', 'Fall', 2006, 'C-');
insert into takes values('87914', '477', '2', 'Spring', 2007, 'A-');
insert into takes values('16878', '626', '2', 'Spring', 2010, 'A+');
insert into takes values('79092', '395', '3', 'Spring', 2004, 'A-');
insert into takes values('61507', '477', '4', 'Fall', 2003, 'C-');
insert into takes values('86240', '579', '1', 'Fall', 2003, 'C ');
insert into takes values('85327', '533', '1', 'Fall', 2008, 'B ');
insert into takes values('36652', '664', '1', 'Fall', 2009, 'B-');
insert into takes values('84033', '726', '3', 'Spring', 2003, 'A+');
insert into takes values('36652', '521', '2', 'Spring', 2009, 'C-');
insert into takes values('12967', '671', '2', 'Spring', 2008, 'B ');
insert into takes values('77202', '391', '1', 'Fall', 2006, 'B ');
insert into takes values('6605', '124', '3', 'Spring', 2005, 'A-');
insert into takes values('15437', '144', '3', 'Spring', 2008, 'B+');
insert into takes values('36652', '310', '1', 'Spring', 2006, 'B-');
insert into takes values('24602', '154', '1', 'Spring', 2008, 'B ');
insert into takes values('87914', '618', '1', 'Spring', 2003, 'C+');
insert into takes values('97431', '677', '2', 'Fall', 2003, 'B+');
insert into takes values('31817', '670', '2', 'Fall', 2010, 'B+');
insert into takes values('89731', '747', '2', 'Fall', 2010, 'A+');
insert into takes values('65036', '881', '2', 'Fall', 2009, 'A+');
insert into takes values('97859', '137', '3', 'Spring', 2005, 'A ');
insert into takes values('36057', '261', '1', 'Fall', 2006, 'C ');
insert into takes values('67869', '477', '4', 'Fall', 2003, 'C+');
insert into takes values('4241', '312', '2', 'Spring', 2001, 'B ');
insert into takes values('5941', '953', '1', 'Spring', 2004, 'C ');
insert into takes values('60843', '406', '2', 'Fall', 2001, 'B ');
insert into takes values('31817', '635', '1', 'Spring', 2004, 'C ');
insert into takes values('48580', '312', '3', 'Spring', 2007, 'A+');
insert into takes values('41469', '395', '1', 'Fall', 2001, 'C+');
insert into takes values('70882', '169', '1', 'Spring', 2007, 'C ');
insert into takes values('65036', '337', '3', 'Spring', 2008, 'C+');
insert into takes values('83121', '144', '2', 'Spring', 2001, 'A-');
insert into takes values('4499', '735', '2', 'Fall', 2002, 'C+');
insert into takes values('46621', '432', '1', 'Fall', 2001, 'B+');
insert into takes values('77630', '711', '2', 'Fall', 2009, 'A-');
insert into takes values('4176', '703', '1', 'Spring', 2007, 'C+');
insert into takes values('60843', '710', '1', 'Spring', 2010, 'A-');
insert into takes values('59812', '691', '4', 'Fall', 2007, 'A ');
insert into takes values('79760', '121', '1', 'Spring', 2001, 'C ');
insert into takes values('70882', '137', '2', 'Spring', 2004, 'C-');
insert into takes values('37227', '866', '7', 'Spring', 2003, 'A+');
insert into takes values('1034', '198', '1', 'Spring', 2008, 'A+');
insert into takes values('83741', '239', '1', 'Spring', 2004, 'B+');
insert into takes values('60012', '148', '2', 'Fall', 2006, 'A-');
insert into takes values('20649', '866', '2', 'Spring', 2006, 'A+');
insert into takes values('47425', '676', '1', 'Fall', 2002, 'B+');
insert into takes values('83741', '258', '1', 'Fall', 2009, 'C-');
insert into takes values('37719', '889', '2', 'Fall', 2008, 'A ');
insert into takes values('72174', '908', '2', 'Spring', 2010, 'A+');
insert into takes values('94728', '154', '2', 'Spring', 2006, 'A ');
insert into takes values('63626', '800', '1', 'Fall', 2004, 'C+');
insert into takes values('57035', '577', '2', 'Spring', 2005, 'C ');
insert into takes values('41588', '926', '4', 'Fall', 2005, 'B+');
insert into takes values('44381', '265', '1', 'Spring', 2010, 'B ');
insert into takes values('97724', '409', '1', 'Spring', 2010, 'A+');
insert into takes values('84033', '561', '2', 'Fall', 2002, 'B-');
insert into takes values('42867', '160', '1', 'Fall', 2007, 'A ');
insert into takes values('68847', '737', '3', 'Fall', 2005, 'A ');
insert into takes values('31729', '106', '7', 'Fall', 2001, 'B ');
insert into takes values('98357', '881', '2', 'Fall', 2009, 'B+');
insert into takes values('19894', '827', '1', 'Fall', 2005, 'A ');
insert into takes values('10113', '594', '2', 'Spring', 2010, 'A ');
insert into takes values('61507', '106', '4', 'Spring', 2010, 'B ');
insert into takes values('66802', '939', '2', 'Fall', 2009, 'A+');
insert into takes values('28648', '178', '1', 'Fall', 2008, 'C+');
insert into takes values('84033', '184', '1', 'Fall', 2001, 'C-');
insert into takes values('6889', '981', '1', 'Fall', 2001, 'A ');
insert into takes values('6455', '860', '4', 'Spring', 2007, 'B ');
insert into takes values('85582', '618', '1', 'Spring', 2003, 'C ');
insert into takes values('48394', '432', '1', 'Fall', 2001, 'C ');
insert into takes values('79092', '241', '1', 'Spring', 2010, 'B-');
insert into takes values('12547', '676', '4', 'Spring', 2001, 'C ');
insert into takes values('42867', '664', '1', 'Fall', 2009, 'B-');
insert into takes values('75736', '672', '2', 'Fall', 2003, 'B+');
insert into takes values('15737', '519', '1', 'Fall', 2005, 'C ');
insert into takes values('58910', '783', '1', 'Fall', 2008, 'A+');
insert into takes values('65947', '595', '1', 'Fall', 2002, 'C ');
insert into takes values('28396', '936', '1', 'Fall', 2009, 'A-');
insert into takes values('72740', '926', '1', 'Fall', 2005, 'C ');
insert into takes values('64661', '739', '1', 'Fall', 2006, 'C+');
insert into takes values('97431', '519', '1', 'Fall', 2005, 'C ');
insert into takes values('14973', '698', '1', 'Fall', 2003, 'B ');
insert into takes values('80130', '169', '2', 'Spring', 2008, 'C ');
insert into takes values('28289', '178', '1', 'Fall', 2008, 'B+');
insert into takes values('15737', '731', '1', 'Spring', 2003, 'C ');
insert into takes values('53684', '926', '4', 'Fall', 2005, 'A+');
insert into takes values('23005', '739', '1', 'Fall', 2006, 'C ');
insert into takes values('21914', '477', '1', 'Spring', 2001, 'B-');
insert into takes values('88751', '370', '1', 'Fall', 2006, 'B ');
insert into takes values('72064', '807', '1', 'Spring', 2003, 'C-');
insert into takes values('5024', '178', '3', 'Spring', 2003, 'B+');
insert into takes values('20112', '783', '2', 'Spring', 2002, 'C+');
insert into takes values('84296', '939', '1', 'Fall', 2007, 'C+');
insert into takes values('80130', '960', '1', 'Spring', 2008, 'A-');
insert into takes values('48394', '106', '6', 'Fall', 2005, 'B ');
insert into takes values('60012', '480', '2', 'Fall', 2009, 'C+');
insert into takes values('59812', '480', '1', 'Fall', 2006, 'C-');
insert into takes values('4241', '326', '1', 'Fall', 2004, 'B+');
insert into takes values('4282', '178', '2', 'Spring', 2009, 'A-');
insert into takes values('6605', '312', '1', 'Fall', 2006, 'A ');
insert into takes values('31817', '184', '1', 'Fall', 2001, 'A-');
insert into takes values('52256', '594', '3', 'Fall', 2009, 'C-');
insert into takes values('64193', '400', '1', 'Fall', 2002, 'B-');
insert into takes values('43762', '892', '1', 'Fall', 2008, 'C ');
insert into takes values('30102', '403', '3', 'Spring', 2004, 'A-');
insert into takes values('4787', '881', '1', 'Fall', 2007, 'C ');
insert into takes values('41588', '438', '1', 'Spring', 2005, 'C+');
insert into takes values('86240', '255', '2', 'Fall', 2003, 'B ');
insert into takes values('87914', '121', '3', 'Fall', 2003, 'C-');
insert into takes values('41193', '153', '2', 'Spring', 2010, 'C+');
insert into takes values('97724', '786', '2', 'Spring', 2008, 'A-');
insert into takes values('42867', '691', '3', 'Spring', 2008, 'C+');
insert into takes values('52601', '881', '1', 'Fall', 2007, 'B+');
insert into takes values('65036', '312', '1', 'Fall', 2006, 'B ');
insert into takes values('4282', '970', '1', 'Fall', 2009, 'C ');
insert into takes values('27132', '884', '2', 'Spring', 2008, 'A+');
insert into takes values('28648', '590', '1', 'Fall', 2006, 'A ');
insert into takes values('57771', '977', '2', 'Fall', 2002, 'B-');
insert into takes values('37227', '594', '3', 'Fall', 2009, 'C ');
insert into takes values('12749', '635', '1', 'Spring', 2004, 'C-');
insert into takes values('41193', '417', '4', 'Fall', 2001, 'C ');
insert into takes values('6455', '522', '2', 'Spring', 2010, 'B ');
insert into takes values('84033', '747', '3', 'Fall', 2006, 'B ');
insert into takes values('24602', '777', '3', 'Spring', 2004, 'B ');
insert into takes values('22393', '326', '3', 'Spring', 2010, 'C ');
insert into takes values('12967', '198', '3', 'Spring', 2008, 'A-');
insert into takes values('46621', '533', '3', 'Fall', 2006, 'A ');
insert into takes values('66605', '137', '1', 'Spring', 2008, 'A-');
insert into takes values('29858', '889', '4', 'Fall', 2008, 'B-');
insert into takes values('29858', '549', '1', 'Fall', 2006, 'A-');
insert into takes values('24602', '137', '4', 'Spring', 2001, 'B-');
insert into takes values('85040', '579', '1', 'Fall', 2003, 'C-');
insert into takes values('39200', '561', '2', 'Fall', 2002, 'C ');
insert into takes values('48311', '522', '2', 'Spring', 2010, 'A-');
insert into takes values('44381', '519', '1', 'Fall', 2005, 'A-');
insert into takes values('92885', '766', '2', 'Fall', 2003, 'C+');
insert into takes values('31729', '676', '3', 'Spring', 2006, 'A ');
insert into takes values('20112', '477', '6', 'Spring', 2010, 'B+');
insert into takes values('41193', '553', '1', 'Fall', 2008, 'C+');
insert into takes values('5129', '310', '1', 'Spring', 2006, 'C-');
insert into takes values('94743', '174', '3', 'Fall', 2007, 'C-');
insert into takes values('97148', '180', '1', 'Spring', 2002, 'B+');
insert into takes values('28396', '639', '2', 'Fall', 2006, 'A+');
insert into takes values('22393', '213', '1', 'Spring', 2009, 'B-');
insert into takes values('48394', '889', '1', 'Fall', 2007, 'A ');
insert into takes values('6450', '676', '3', 'Spring', 2006, 'B ');
insert into takes values('34566', '594', '4', 'Fall', 2004, 'B-');
insert into takes values('44940', '393', '1', 'Spring', 2008, 'B ');
insert into takes values('58496', '567', '1', 'Spring', 2010, 'A ');
insert into takes values('87914', '371', '1', 'Spring', 2006, 'B-');
insert into takes values('3096', '809', '1', 'Fall', 2004, 'B ');
insert into takes values('4176', '786', '2', 'Spring', 2008, 'C+');
insert into takes values('36652', '679', '4', 'Fall', 2008, 'A ');
insert into takes values('98843', '316', '1', 'Spring', 2001, 'C+');
insert into takes values('20583', '417', '3', 'Fall', 2007, 'B+');
insert into takes values('48785', '213', '1', 'Spring', 2009, 'A+');
insert into takes values('60843', '655', '1', 'Fall', 2008, 'C+');
insert into takes values('15737', '953', '1', 'Spring', 2004, 'B-');
insert into takes values('63326', '477', '4', 'Fall', 2003, 'A ');
insert into takes values('91314', '213', '2', 'Spring', 2006, 'A+');
insert into takes values('74193', '615', '1', 'Spring', 2002, 'A-');
insert into takes values('64524', '113', '2', 'Fall', 2009, 'A ');
insert into takes values('16878', '214', '4', 'Fall', 2006, 'C-');
insert into takes values('13100', '913', '1', 'Fall', 2010, 'B ');
insert into takes values('58910', '594', '2', 'Spring', 2010, 'B-');
insert into takes values('87914', '211', '1', 'Fall', 2010, 'B+');
insert into takes values('4499', '417', '4', 'Fall', 2001, 'A ');
insert into takes values('45895', '737', '1', 'Fall', 2007, 'C+');
insert into takes values('21914', '567', '1', 'Spring', 2010, 'A-');
insert into takes values('85040', '124', '1', 'Fall', 2008, 'A ');
insert into takes values('82335', '631', '1', 'Spring', 2007, 'C+');
insert into takes values('77202', '177', '1', 'Fall', 2010, 'A+');
insert into takes values('4499', '552', '3', 'Spring', 2010, 'B ');
insert into takes values('44381', '113', '2', 'Fall', 2009, 'C ');
insert into takes values('81967', '668', '1', 'Fall', 2010, 'A-');
insert into takes values('5132', '477', '3', 'Fall', 2006, 'A+');
insert into takes values('56675', '325', '2', 'Fall', 2002, 'A ');
insert into takes values('86240', '631', '2', 'Fall', 2006, 'C ');
insert into takes values('83741', '713', '2', 'Fall', 2007, 'A+');
insert into takes values('97148', '920', '1', 'Fall', 2002, 'C ');
insert into takes values('44940', '618', '1', 'Spring', 2003, 'C-');
insert into takes values('97431', '645', '1', 'Spring', 2004, 'A ');
insert into takes values('82335', '726', '2', 'Fall', 2001, 'C+');
insert into takes values('4176', '211', '1', 'Fall', 2010, 'B+');
insert into takes values('20112', '860', '1', 'Fall', 2005, 'B+');
insert into takes values('30102', '213', '1', 'Spring', 2009, 'C-');
insert into takes values('92885', '866', '6', 'Spring', 2001, 'C ');
insert into takes values('80130', '553', '1', 'Fall', 2008, 'A+');
insert into takes values('75736', '825', '1', 'Fall', 2007, 'A-');
insert into takes values('44268', '649', '3', 'Fall', 2010, 'B-');
insert into takes values('48311', '703', '1', 'Spring', 2007, 'B-');
insert into takes values('90621', '962', '2', 'Fall', 2004, 'B ');
insert into takes values('94375', '702', '1', 'Spring', 2009, 'A ');
insert into takes values('61507', '884', '2', 'Spring', 2008, 'C+');
insert into takes values('69682', '249', '1', 'Fall', 2007, 'C-');
insert into takes values('10113', '552', '2', 'Fall', 2008, 'A+');
insert into takes values('94321', '889', '3', 'Fall', 2006, 'B+');
insert into takes values('39200', '121', '2', 'Fall', 2001, 'C ');
insert into takes values('77202', '450', '2', 'Fall', 2009, 'C ');
insert into takes values('10113', '153', '1', 'Fall', 2010, 'B ');
insert into takes values('43591', '137', '3', 'Spring', 2005, 'A ');
insert into takes values('12749', '860', '2', 'Fall', 2004, 'B ');
insert into takes values('12967', '663', '2', 'Fall', 2008, 'B-');
insert into takes values('5129', '111', '2', 'Spring', 2002, 'C ');
insert into takes values('69268', '777', '4', 'Fall', 2004, 'C-');
insert into takes values('60012', '261', '1', 'Fall', 2006, 'A+');
insert into takes values('59530', '676', '2', 'Fall', 2001, 'A ');
insert into takes values('25064', '809', '2', 'Fall', 2008, 'A-');
insert into takes values('36432', '477', '6', 'Spring', 2010, 'B+');
insert into takes values('5024', '553', '3', 'Spring', 2006, 'C-');
insert into takes values('89183', '809', '1', 'Fall', 2004, 'C+');
insert into takes values('39159', '553', '2', 'Spring', 2006, 'A+');
insert into takes values('27110', '664', '2', 'Spring', 2009, 'B ');
insert into takes values('75736', '258', '1', 'Fall', 2009, 'B+');
insert into takes values('64193', '735', '1', 'Spring', 2001, 'C ');
insert into takes values('80130', '920', '1', 'Fall', 2002, 'B+');
insert into takes values('12967', '415', '1', 'Spring', 2009, 'B-');
insert into takes values('64471', '679', '4', 'Fall', 2008, 'C+');
insert into takes values('87424', '939', '2', 'Fall', 2009, 'C-');
insert into takes values('65947', '148', '1', 'Fall', 2003, 'A ');
insert into takes values('89183', '211', '1', 'Fall', 2010, 'A+');
insert into takes values('41193', '124', '2', 'Fall', 2003, 'C-');
insert into takes values('84296', '676', '4', 'Spring', 2001, 'C-');
insert into takes values('19894', '636', '1', 'Fall', 2008, 'B+');
insert into takes values('44381', '735', '2', 'Fall', 2002, 'B ');
insert into takes values('4241', '720', '1', 'Fall', 2002, 'A-');
insert into takes values('72740', '312', '3', 'Spring', 2007, 'A-');
insert into advisor values('38818', '18557');
insert into advisor values('62506', '81921');
insert into advisor values('10113', '74179');
insert into advisor values('97507', '14185');
insert into advisor values('64478', '41277');
insert into advisor values('44940', '21311');
insert into advisor values('16878', '32618');
insert into advisor values('80130', '50099');
insert into advisor values('47425', '38637');
insert into advisor values('75736', '87499');
insert into advisor values('86240', '8270');
insert into advisor values('97724', '95415');
insert into advisor values('59727', '35868');
insert into advisor values('39159', '21265');
insert into advisor values('1034', '48314');
insert into advisor values('57035', '42824');
insert into advisor values('41193', '92231');
insert into advisor values('23349', '30646');
insert into advisor values('90621', '56024');
insert into advisor values('59530', '18557');
insert into advisor values('38738', '95415');
insert into advisor values('19611', '70471');
insert into advisor values('12749', '48314');
insert into advisor values('42867', '81921');
insert into advisor values('39566', '56024');
insert into advisor values('92885', '4331');
insert into advisor values('36652', '70471');
insert into advisor values('87424', '6737');
insert into advisor values('83741', '81921');
insert into advisor values('28396', '6208');
insert into advisor values('85229', '36942');
insert into advisor values('64524', '75629');
insert into advisor values('56675', '42378');
insert into advisor values('60012', '74893');
insert into advisor values('71937', '81921');
insert into advisor values('98451', '81169');
insert into advisor values('70659', '89930');
insert into advisor values('32799', '88312');
insert into advisor values('6268', '32618');
insert into advisor values('15437', '73119');
insert into advisor values('63326', '21311');
insert into advisor values('90511', '6737');
insert into advisor values('20112', '56024');
insert into advisor values('87894', '35868');
insert into advisor values('64023', '42824');
insert into advisor values('89895', '42824');
insert into advisor values('79760', '23544');
insert into advisor values('43591', '89832');
insert into advisor values('26705', '64027');
insert into advisor values('66802', '42378');
insert into advisor values('6605', '95415');
insert into advisor values('67869', '74893');
insert into advisor values('78766', '29606');
insert into advisor values('65113', '50099');
insert into advisor values('65947', '54818');
insert into advisor values('48785', '30646');
insert into advisor values('4241', '86269');
insert into advisor values('19208', '24769');
insert into advisor values('5132', '68808');
insert into advisor values('14973', '88312');
insert into advisor values('36253', '21265');
insert into advisor values('84296', '88312');
insert into advisor values('91314', '71309');
insert into advisor values('27132', '21265');
insert into advisor values('4499', '83114');
insert into advisor values('32709', '68808');
insert into advisor values('39200', '29606');
insert into advisor values('9065', '93543');
insert into advisor values('19894', '8270');
insert into advisor values('5129', '81921');
insert into advisor values('86281', '18557');
insert into advisor values('77630', '75629');
insert into advisor values('65737', '8270');
insert into advisor values('5598', '28895');
insert into advisor values('82335', '75629');
insert into advisor values('13814', '42824');
insert into advisor values('72174', '8270');
insert into advisor values('91246', '56024');
insert into advisor values('41588', '71309');
insert into advisor values('21386', '24769');
insert into advisor values('15976', '35868');
insert into advisor values('34566', '41277');
insert into advisor values('98843', '86269');
insert into advisor values('97431', '30567');
insert into advisor values('45977', '54818');
insert into advisor values('85582', '8270');
insert into advisor values('94375', '8270');
insert into advisor values('64661', '18557');
insert into advisor values('72740', '87499');
insert into advisor values('69937', '8270');
insert into advisor values('34249', '81169');
insert into advisor values('31648', '36942');
insert into advisor values('60843', '32618');
insert into advisor values('90170', '73119');
insert into advisor values('98357', '54818');
insert into advisor values('43762', '81921');
insert into advisor values('4176', '50099');
insert into advisor values('79092', '70471');
insert into advisor values('44381', '28895');
insert into advisor values('27110', '24769');
insert into advisor values('64471', '88312');
insert into advisor values('25064', '86269');
insert into advisor values('74644', '70758');
insert into advisor values('30102', '68808');
insert into advisor values('29858', '24769');
insert into advisor values('63682', '89832');
insert into advisor values('57771', '37430');
insert into advisor values('97948', '1011');
insert into advisor values('31859', '81169');
insert into advisor values('95596', '81921');
insert into advisor values('28406', '95415');
insert into advisor values('31572', '73119');
insert into advisor values('66605', '1011');
insert into advisor values('85040', '30567');
insert into advisor values('45895', '24769');
insert into advisor values('48311', '83114');
insert into advisor values('69682', '70471');
insert into advisor values('22393', '95415');
insert into advisor values('31729', '8270');
insert into advisor values('5024', '70758');
insert into advisor values('48580', '30567');
insert into advisor values('94321', '30567');
insert into advisor values('90245', '6737');
insert into advisor values('37130', '50099');
insert into advisor values('94791', '41277');
insert into advisor values('61507', '89832');
insert into advisor values('37719', '93543');
insert into advisor values('68847', '88312');
insert into advisor values('41469', '4331');
insert into advisor values('52601', '28895');
insert into advisor values('57241', '23544');
insert into advisor values('28361', '30646');
insert into advisor values('28648', '73119');
insert into advisor values('89183', '74893');
insert into advisor values('58910', '83114');
insert into advisor values('53684', '70758');
insert into advisor values('63626', '37430');
insert into advisor values('23005', '74179');
insert into advisor values('6455', '48314');
insert into advisor values('6889', '86269');
insert into advisor values('20583', '87499');
insert into advisor values('58496', '1011');
insert into advisor values('31640', '42824');
insert into advisor values('89731', '64027');
insert into advisor values('52256', '41277');
insert into advisor values('36432', '41277');
insert into advisor values('4787', '50099');
insert into advisor values('96253', '37430');
insert into advisor values('36057', '68808');
insert into advisor values('4282', '14185');
insert into advisor values('24602', '36942');
insert into advisor values('83121', '64027');
insert into advisor values('69268', '81169');
insert into advisor values('12967', '21265');
insert into advisor values('72064', '30646');
insert into advisor values('21914', '70471');
insert into advisor values('6450', '71309');
insert into advisor values('70882', '21265');
insert into advisor values('98776', '38637');
insert into advisor values('45234', '86269');
insert into advisor values('3096', '89832');
insert into advisor values('5941', '37430');
insert into advisor values('1779', '87499');
insert into advisor values('45523', '6737');
insert into advisor values('60198', '74893');
insert into advisor values('37227', '41277');
insert into advisor values('98950', '64027');
insert into advisor values('58265', '73119');
insert into advisor values('42913', '24769');
insert into advisor values('85327', '6737');
insert into advisor values('64193', '74614');
insert into advisor values('46621', '88312');
insert into advisor values('31817', '88312');
insert into advisor values('48394', '38637');
insert into advisor values('94743', '70758');
insert into advisor values('13850', '74893');
insert into advisor values('97859', '42378');
insert into advisor values('94728', '14185');
insert into advisor values('97148', '29606');
insert into advisor values('87914', '42824');
insert into advisor values('88751', '48314');
insert into advisor values('77202', '42824');
insert into advisor values('84033', '75629');
insert into advisor values('20649', '70471');
insert into advisor values('74193', '83114');
insert into advisor values('11220', '54818');
insert into advisor values('15737', '88312');
insert into advisor values('46225', '86269');
insert into advisor values('65036', '95415');
insert into advisor values('94168', '74614');
insert into advisor values('16951', '37430');
insert into advisor values('97563', '48314');
insert into advisor values('28289', '4331');
insert into advisor values('68104', '88312');
insert into advisor values('44268', '8270');
insert into advisor values('12547', '70758');
insert into advisor values('49268', '41277');
insert into advisor values('81967', '28895');
insert into advisor values('13100', '54818');
insert into advisor values('59812', '37672');
insert into prereq values('239', '836');
insert into prereq values('310', '370');
insert into prereq values('726', '698');
insert into prereq values('113', '908');
insert into prereq values('819', '521');
insert into prereq values('913', '249');
insert into prereq values('373', '113');
insert into prereq values('820', '655');
insert into prereq values('160', '213');
insert into prereq values('319', '561');
insert into prereq values('454', '480');
insert into prereq values('241', '672');
insert into prereq values('669', '637');
insert into prereq values('677', '522');
insert into prereq values('557', '148');
insert into prereq values('312', '617');
insert into prereq values('214', '263');
insert into prereq values('295', '505');
insert into prereq values('523', '677');
insert into prereq values('231', '153');
insert into prereq values('595', '626');
insert into prereq values('918', '953');
insert into prereq values('153', '608');
insert into prereq values('173', '528');
insert into prereq values('663', '144');
insert into prereq values('263', '669');
insert into prereq values('412', '649');
insert into prereq values('671', '726');
insert into prereq values('213', '965');
insert into prereq values('406', '913');
insert into prereq values('521', '552');
insert into prereq values('454', '747');
insert into prereq values('687', '880');
insert into prereq values('283', '454');
insert into prereq values('395', '524');
insert into prereq values('866', '739');
insert into prereq values('871', '379');
insert into prereq values('269', '153');
insert into prereq values('713', '977');
insert into prereq values('590', '421');
insert into prereq values('213', '567');
insert into prereq values('663', '403');
insert into prereq values('266', '702');
insert into prereq values('239', '884');
insert into prereq values('654', '579');
insert into prereq values('871', '269');
insert into prereq values('710', '295');
insert into prereq values('582', '599');
insert into prereq values('663', '747');
insert into prereq values('370', '111');
insert into prereq values('866', '241');
insert into prereq values('316', '522');
insert into prereq values('860', '480');
insert into prereq values('668', '595');
insert into prereq values('725', '866');
insert into prereq values('820', '249');
insert into prereq values('780', '871');
insert into prereq values('590', '777');
insert into prereq values('884', '838');
insert into prereq values('965', '960');
insert into prereq values('263', '777');
insert into prereq values('153', '232');
insert into prereq values('615', '735');
insert into prereq values('261', '409');
insert into prereq values('780', '827');
insert into prereq values('934', '522');
insert into prereq values('528', '654');
insert into prereq values('985', '180');
insert into prereq values('627', '669');
insert into prereq values('310', '892');
insert into prereq values('111', '687');
insert into prereq values('970', '505');
insert into prereq values('587', '477');
insert into prereq values('521', '643');
insert into prereq values('523', '870');
insert into prereq values('386', '239');
insert into prereq values('528', '953');
insert into prereq values('231', '965');
insert into prereq values('836', '579');
insert into prereq values('512', '561');
insert into prereq values('400', '637');
insert into prereq values('777', '241');
insert into prereq values('934', '800');
insert into prereq values('786', '739');
insert into prereq values('395', '561');
insert into prereq values('783', '900');
insert into prereq values('137', '713');
insert into prereq values('618', '866');
insert into prereq values('519', '447');
insert into prereq values('926', '255');
insert into prereq values('561', '533');
insert into prereq values('780', '631');
insert into prereq values('310', '111');
insert into prereq values('655', '177');
insert into prereq values('470', '124');
insert into prereq values('608', '918');
insert into prereq values('113', '561');
insert into prereq values('939', '582');
insert into prereq values('913', '241');
insert into prereq values('836', '965');
