insert into classroom values('C', 573, 64);
insert into classroom values('H', 924, 24);
insert into classroom values('A', 823, 13);
insert into classroom values('C', 369, 101);
insert into classroom values('B', 836, 67);
insert into classroom values('C', 960, 21);
insert into classroom values('A', 414, 26);
insert into classroom values('C', 50, 24);
insert into classroom values('C', 30, 10);
insert into classroom values('G', 921, 117);
insert into department values('IF', 'H', 813029.37);
insert into department values('ED', 'D', 603957.70);
insert into department values('RR', 'C', 635691.31);
insert into department values('HI', 'F', 200637.32);
insert into department values('GF', 'E', 531806.53);
insert into department values('MT', 'D', 63358.72);
insert into department values('KL', 'A', 485303.39);
insert into department values('RQ', 'F', 641411.32);
insert into department values('DE', 'E', 478939.23);
insert into department values('WW', 'B', 74128.91);
insert into course values('280', 'IF3120', 'DE', 3);
insert into course values('204', 'IF5555', 'RQ', 3);
insert into course values('326', 'IF3022', 'DE', 3);
insert into course values('989', 'IF4041', 'MT', 3);
insert into course values('189', 'IF3120', 'KL', 3);
insert into course values('916', 'IF4041', 'RR', 3);
insert into course values('536', 'IF0230', 'GF', 3);
insert into course values('963', 'IF3022', 'MT', 3);
insert into course values('332', 'IF3031', 'KL', 3);
insert into course values('521', 'IF0230', 'WW', 4);
insert into course values('816', 'IF0230', 'WW', 3);
insert into course values('449', 'IF4041', 'RQ', 4);
insert into course values('338', 'IF3333', 'IF', 3);
insert into course values('322', 'IF4041', 'DE', 3);
insert into course values('583', 'IF3333', 'ED', 4);
insert into course values('693', 'IF0230', 'RQ', 3);
insert into course values('247', 'IF3022', 'IF', 3);
insert into course values('398', 'IF3333', 'KL', 4);
insert into course values('494', 'IF3333', 'RQ', 4);
insert into course values('128', 'IF3022', 'GF', 3);
insert into course values('991', 'IF4321', 'GF', 4);
insert into course values('122', 'IF3120', 'GF', 3);
insert into course values('986', 'IF5555', 'MT', 3);
insert into course values('152', 'IF0230', 'RQ', 4);
insert into course values('474', 'IF3333', 'WW', 3);
insert into course values('859', 'IF0230', 'RR', 4);
insert into course values('764', 'IF3120', 'WW', 4);
insert into course values('826', 'IF3120', 'KL', 3);
insert into course values('896', 'IF3333', 'GF', 4);
insert into course values('353', 'IF3022', 'IF', 3);
insert into course values('142', 'IF3211', 'RR', 4);
insert into course values('750', 'IF3022', 'ED', 4);
insert into course values('112', 'IF3030', 'RQ', 4);
insert into course values('311', 'IF0230', 'DE', 4);
insert into course values('434', 'IF3333', 'HI', 3);
insert into course values('279', 'IF3030', 'RQ', 4);
insert into course values('584', 'IF3022', 'DE', 3);
insert into course values('899', 'IF3333', 'ED', 3);
insert into course values('194', 'IF3022', 'WW', 4);
insert into course values('794', 'IF4041', 'WW', 4);
insert into course values('566', 'IF3030', 'RQ', 3);
insert into course values('500', 'IF3030', 'RQ', 3);
insert into course values('875', 'IF4041', 'RR', 3);
insert into course values('791', 'IF0230', 'HI', 4);
insert into course values('195', 'IF3120', 'RR', 4);
insert into course values('624', 'IF4321', 'IF', 3);
insert into course values('329', 'IF3120', 'MT', 4);
insert into course values('328', 'IF4041', 'ED', 3);
insert into course values('648', 'IF3030', 'RR', 3);
insert into course values('343', 'IF3031', 'KL', 4);
insert into course values('334', 'IF4321', 'KL', 3);
insert into course values('659', 'IF5555', 'RR', 3);
insert into course values('812', 'IF5555', 'RR', 3);
insert into course values('980', 'IF4041', 'GF', 3);
insert into course values('107', 'IF0230', 'DE', 3);
insert into course values('146', 'IF5555', 'HI', 4);
insert into course values('209', 'IF0230', 'KL', 3);
insert into course values('352', 'IF4321', 'IF', 3);
insert into course values('229', 'IF0230', 'GF', 3);
insert into course values('304', 'IF3211', 'RR', 3);
insert into course values('592', 'IF3030', 'RQ', 3);
insert into course values('293', 'IF5555', 'RR', 4);
insert into course values('212', 'IF4041', 'GF', 4);
insert into course values('383', 'IF3031', 'GF', 3);
insert into course values('234', 'IF3022', 'WW', 3);
insert into course values('658', 'IF3030', 'KL', 3);
insert into course values('892', 'IF3333', 'KL', 4);
insert into course values('673', 'IF3333', 'HI', 4);
insert into course values('502', 'IF3333', 'IF', 3);
insert into course values('666', 'IF0230', 'MT', 3);
insert into course values('262', 'IF3120', 'IF', 4);
insert into course values('793', 'IF5555', 'DE', 4);
insert into course values('674', 'IF0230', 'IF', 4);
insert into course values('752', 'IF3211', 'HI', 4);
insert into course values('429', 'IF3030', 'ED', 3);
insert into course values('425', 'IF4041', 'ED', 4);
insert into course values('408', 'IF3120', 'WW', 4);
insert into course values('318', 'IF3120', 'HI', 4);
insert into course values('873', 'IF4321', 'IF', 4);
insert into course values('169', 'IF3030', 'RQ', 4);
insert into course values('179', 'IF3031', 'RR', 4);
insert into course values('409', 'IF3120', 'ED', 3);
insert into course values('590', 'IF3030', 'MT', 4);
insert into course values('692', 'IF3211', 'DE', 4);
insert into course values('113', 'IF4041', 'MT', 4);
insert into course values('887', 'IF3120', 'GF', 3);
insert into course values('838', 'IF4321', 'WW', 3);
insert into course values('473', 'IF4041', 'RQ', 3);
insert into course values('386', 'IF5555', 'ED', 4);
insert into course values('503', 'IF3211', 'ED', 4);
insert into course values('324', 'IF5555', 'ED', 4);
insert into course values('766', 'IF3031', 'DE', 4);
insert into course values('520', 'IF3030', 'WW', 3);
insert into course values('524', 'IF3120', 'KL', 3);
insert into course values('314', 'IF3211', 'RR', 3);
insert into course values('921', 'IF3333', 'KL', 3);
insert into course values('554', 'IF3031', 'DE', 3);
insert into course values('866', 'IF3120', 'GF', 4);
insert into course values('867', 'IF3031', 'DE', 3);
insert into course values('231', 'IF3120', 'WW', 4);
insert into course values('232', 'IF3211', 'KL', 3);
insert into course values('918', 'IF4321', 'DE', 3);
insert into course values('969', 'IF3030', 'WW', 4);
insert into course values('264', 'IF5555', 'WW', 3);
insert into course values('237', 'IF4321', 'DE', 3);
insert into course values('557', 'IF3211', 'RQ', 4);
insert into course values('495', 'IF3022', 'GF', 3);
insert into course values('198', 'IF3022', 'MT', 3);
insert into course values('604', 'IF3022', 'ED', 4);
insert into course values('387', 'IF3031', 'HI', 3);
insert into course values('286', 'IF3031', 'GF', 3);
insert into course values('354', 'IF0230', 'KL', 4);
insert into course values('522', 'IF3120', 'KL', 4);
insert into course values('878', 'IF3022', 'HI', 3);
insert into course values('296', 'IF3211', 'ED', 3);
insert into course values('717', 'IF0230', 'IF', 3);
insert into course values('835', 'IF3022', 'HI', 4);
insert into course values('798', 'IF3031', 'DE', 3);
insert into course values('885', 'IF3333', 'KL', 4);
insert into course values('342', 'IF3022', 'WW', 4);
insert into course values('889', 'IF3030', 'RQ', 3);
insert into course values('939', 'IF4321', 'GF', 3);
insert into course values('466', 'IF3031', 'GF', 4);
insert into course values('127', 'IF4041', 'MT', 4);
insert into course values('443', 'IF3333', 'WW', 4);
insert into course values('945', 'IF3022', 'WW', 3);
insert into course values('294', 'IF5555', 'ED', 4);
insert into course values('837', 'IF0230', 'DE', 3);
insert into course values('686', 'IF3333', 'GF', 3);
insert into course values('976', 'IF4321', 'MT', 3);
insert into course values('865', 'IF3031', 'HI', 3);
insert into course values('336', 'IF3211', 'DE', 3);
insert into course values('877', 'IF3211', 'GF', 3);
insert into course values('570', 'IF3030', 'GF', 3);
insert into course values('956', 'IF3031', 'RR', 4);
insert into course values('879', 'IF3022', 'WW', 3);
insert into course values('119', 'IF3211', 'KL', 3);
insert into course values('779', 'IF4321', 'RR', 3);
insert into course values('177', 'IF4041', 'DE', 4);
insert into course values('268', 'IF4321', 'IF', 4);
insert into course values('339', 'IF4321', 'ED', 3);
insert into course values('800', 'IF3030', 'MT', 4);
insert into course values('475', 'IF0230', 'IF', 3);
insert into course values('344', 'IF3211', 'MT', 4);
insert into course values('445', 'IF4041', 'RQ', 4);
insert into course values('701', 'IF3030', 'RQ', 4);
insert into course values('814', 'IF5555', 'MT', 3);
insert into course values('486', 'IF5555', 'RQ', 4);
insert into course values('719', 'IF4041', 'HI', 4);
insert into course values('219', 'IF3031', 'RQ', 3);
insert into course values('962', 'IF3022', 'RQ', 3);
insert into course values('721', 'IF4041', 'GF', 3);
insert into course values('948', 'IF4041', 'MT', 3);
insert into course values('355', 'IF3120', 'KL', 3);
insert into course values('465', 'IF3031', 'GF', 4);
insert into course values('698', 'IF3211', 'ED', 4);
insert into course values('185', 'IF3030', 'KL', 4);
insert into course values('542', 'IF3120', 'RQ', 3);
insert into course values('883', 'IF3120', 'KL', 3);
insert into course values('763', 'IF5555', 'HI', 3);
insert into course values('987', 'IF4041', 'HI', 3);
insert into course values('787', 'IF3333', 'KL', 3);
insert into course values('266', 'IF0230', 'RR', 4);
insert into course values('690', 'IF3120', 'GF', 4);
insert into course values('162', 'IF4041', 'ED', 4);
insert into course values('307', 'IF3031', 'ED', 4);
insert into course values('829', 'IF0230', 'RQ', 3);
insert into course values('248', 'IF3211', 'HI', 4);
insert into course values('161', 'IF0230', 'RQ', 3);
insert into course values('348', 'IF3030', 'KL', 4);
insert into course values('446', 'IF3031', 'IF', 3);
insert into course values('203', 'IF4041', 'MT', 4);
insert into course values('241', 'IF5555', 'KL', 4);
insert into course values('246', 'IF3022', 'RQ', 3);
insert into course values('808', 'IF3031', 'WW', 4);
insert into course values('600', 'IF3120', 'MT', 3);
insert into course values('687', 'IF4321', 'DE', 4);
insert into course values('418', 'IF3030', 'IF', 4);
insert into course values('799', 'IF3333', 'RR', 4);
insert into course values('574', 'IF3030', 'ED', 3);
insert into course values('363', 'IF5555', 'MT', 3);
insert into course values('345', 'IF0230', 'IF', 4);
insert into course values('771', 'IF4321', 'DE', 4);
insert into course values('220', 'IF3031', 'RQ', 4);
insert into course values('373', 'IF3022', 'RQ', 3);
insert into course values('774', 'IF3333', 'GF', 3);
insert into course values('193', 'IF0230', 'MT', 4);
insert into course values('163', 'IF4321', 'ED', 4);
insert into course values('263', 'IF5555', 'ED', 4);
insert into course values('705', 'IF3030', 'DE', 3);
insert into course values('782', 'IF3211', 'ED', 3);
insert into course values('888', 'IF3031', 'GF', 4);
insert into course values('871', 'IF3030', 'RQ', 4);
insert into course values('422', 'IF4321', 'DE', 3);
insert into course values('884', 'IF3120', 'KL', 3);
insert into course values('731', 'IF3211', 'KL', 3);
insert into course values('657', 'IF3120', 'HI', 3);
insert into course values('372', 'IF0230', 'ED', 3);
insert into course values('961', 'IF5555', 'ED', 4);
insert into course values('709', 'IF3031', 'DE', 4);
insert into instructor values('9143', 'Ande', 'DE', 63820.29);
insert into instructor values('82811', 'Kiki', 'RR', 82514.08);
insert into instructor values('90804', 'Kiki', 'IF', 116788.00);
insert into instructor values('55893', 'rahmat', 'RQ', 123207.40);
insert into instructor values('18206', 'rahmat', 'RR', 94946.67);
insert into instructor values('32681', 'Budi', 'IF', 39135.97);
insert into instructor values('21949', 'Yohan', 'MT', 122699.96);
insert into instructor values('96384', 'Ande', 'KL', 73079.01);
insert into instructor values('23146', 'Kiki', 'KL', 106684.22);
insert into instructor values('81748', 'Josu', 'MT', 65572.03);
insert into instructor values('25519', 'Yohan', 'WW', 40089.02);
insert into instructor values('81329', 'Budi', 'KL', 80901.00);
insert into instructor values('98475', 'yuyun', 'KL', 91967.07);
insert into instructor values('87510', 'Budi', 'GF', 101040.63);
insert into instructor values('70923', 'Ahmad', 'MT', 125885.21);
insert into instructor values('16305', 'Johan', 'HI', 62600.80);
insert into instructor values('24465', 'Yohan', 'MT', 82599.25);
insert into instructor values('68198', 'Ande', 'RQ', 122489.68);
insert into instructor values('11345', 'Ande', 'WW', 117393.32);
insert into instructor values('42985', 'Adri', 'RQ', 64271.87);
insert into instructor values('82094', 'rahmat', 'IF', 104305.75);
insert into instructor values('89022', 'Budi', 'KL', 99093.93);
insert into instructor values('25857', 'Kiki', 'RQ', 106670.84);
insert into instructor values('93919', 'rahmat', 'ED', 72569.98);
insert into instructor values('89138', 'Yohan', 'DE', 66238.04);
insert into instructor values('43190', 'Josu', 'RQ', 62163.54);
insert into instructor values('72636', 'Josu', 'MT', 81586.72);
insert into instructor values('24702', 'Ahmad', 'RR', 38372.45);
insert into instructor values('49837', 'Kiki', 'GF', 30637.02);
insert into instructor values('37990', 'Ahmad', 'IF', 67417.23);
insert into instructor values('63043', 'rahmat', 'GF', 41764.31);
insert into instructor values('30861', 'rahmat', 'ED', 53153.47);
insert into instructor values('19311', 'Adri', 'RQ', 33356.56);
insert into instructor values('1062', 'Ahmad', 'WW', 51573.02);
insert into instructor values('25909', 'rahmat', 'MT', 122611.33);
insert into instructor values('36565', 'rahmat', 'IF', 42528.48);
insert into instructor values('78730', 'Ande', 'DE', 50950.76);
insert into instructor values('40720', 'Budi', 'HI', 110209.72);
insert into instructor values('91604', 'yuyun', 'IF', 85640.19);
insert into instructor values('40799', 'Budi', 'HI', 66421.10);
insert into instructor values('84365', 'Ahmad', 'IF', 35028.07);
insert into instructor values('37404', 'Ahmad', 'HI', 48852.32);
insert into instructor values('12704', 'Johan', 'MT', 58281.69);
insert into instructor values('80723', 'Josu', 'GF', 40305.29);
insert into instructor values('55402', 'rahmat', 'MT', 59575.42);
insert into instructor values('85347', 'Yohan', 'DE', 84234.35);
insert into instructor values('72537', 'Ahmad', 'WW', 31395.27);
insert into instructor values('86874', 'rahmat', 'ED', 116976.15);
insert into instructor values('25584', 'Josu', 'DE', 51955.31);
insert into instructor values('43612', 'rahmat', 'GF', 97690.44);
insert into section values('866', '1', 'Fall', 2005, 'C', '369', 'O');
insert into section values('212', '1', 'Fall', 2002, 'G', '921', 'O');
insert into section values('293', '1', 'Fall', 2003, 'C', '50', 'P');
insert into section values('443', '1', 'Fall', 2008, 'G', '921', 'B');
insert into section values('859', '1', 'Fall', 2010, 'C', '369', 'H');
insert into section values('750', '1', 'Spring', 2005, 'C', '30', 'B');
insert into section values('520', '1', 'Fall', 2005, 'C', '369', 'H');
insert into section values('657', '1', 'Spring', 2009, 'A', '414', 'M');
insert into section values('193', '1', 'Fall', 2004, 'B', '836', 'B');
insert into section values('859', '2', 'Spring', 2002, 'C', '369', 'N');
insert into section values('387', '1', 'Spring', 2005, 'C', '30', 'F');
insert into section values('486', '1', 'Fall', 2007, 'C', '30', 'J');
insert into section values('838', '1', 'Spring', 2009, 'C', '30', 'E');
insert into section values('198', '1', 'Fall', 2006, 'H', '924', 'P');
insert into section values('354', '1', 'Fall', 2007, 'A', '823', 'E');
insert into section values('604', '1', 'Spring', 2004, 'C', '573', 'L');
insert into section values('674', '1', 'Fall', 2002, 'B', '836', 'M');
insert into section values('279', '1', 'Fall', 2006, 'C', '369', 'I');
insert into section values('398', '1', 'Fall', 2009, 'A', '823', 'O');
insert into section values('877', '1', 'Fall', 2003, 'C', '50', 'O');
insert into section values('814', '1', 'Fall', 2004, 'C', '50', 'C');
insert into section values('193', '2', 'Spring', 2001, 'H', '924', 'H');
insert into section values('142', '1', 'Spring', 2007, 'C', '573', 'E');
insert into section values('976', '1', 'Fall', 2010, 'H', '924', 'J');
insert into section values('128', '1', 'Spring', 2007, 'C', '960', 'L');
insert into section values('234', '1', 'Fall', 2008, 'G', '921', 'G');
insert into section values('867', '1', 'Spring', 2007, 'C', '369', 'M');
insert into section values('945', '1', 'Fall', 2001, 'C', '960', 'E');
insert into section values('873', '1', 'Spring', 2009, 'C', '369', 'H');
insert into section values('198', '2', 'Fall', 2004, 'G', '921', 'J');
insert into section values('266', '1', 'Fall', 2008, 'C', '960', 'O');
insert into section values('899', '1', 'Spring', 2005, 'C', '50', 'M');
insert into section values('721', '1', 'Fall', 2010, 'G', '921', 'A');
insert into section values('446', '1', 'Fall', 2009, 'H', '924', 'K');
insert into section values('522', '1', 'Spring', 2009, 'C', '30', 'M');
insert into section values('991', '1', 'Fall', 2002, 'B', '836', 'I');
insert into section values('248', '1', 'Fall', 2009, 'G', '921', 'M');
insert into section values('386', '1', 'Fall', 2005, 'C', '573', 'A');
insert into section values('241', '1', 'Fall', 2006, 'C', '573', 'E');
insert into section values('152', '1', 'Fall', 2005, 'C', '573', 'H');
insert into section values('354', '2', 'Spring', 2002, 'C', '369', 'A');
insert into section values('763', '1', 'Spring', 2001, 'G', '921', 'A');
insert into section values('212', '2', 'Spring', 2001, 'B', '836', 'C');
insert into section values('918', '1', 'Fall', 2002, 'B', '836', 'I');
insert into section values('296', '1', 'Fall', 2007, 'H', '924', 'O');
insert into section values('446', '2', 'Spring', 2002, 'B', '836', 'K');
insert into section values('774', '1', 'Spring', 2004, 'H', '924', 'F');
insert into section values('829', '1', 'Spring', 2005, 'C', '960', 'P');
insert into section values('520', '2', 'Fall', 2007, 'C', '369', 'G');
insert into section values('808', '1', 'Fall', 2006, 'C', '369', 'D');
insert into section values('495', '1', 'Fall', 2009, 'B', '836', 'J');
insert into section values('185', '1', 'Spring', 2008, 'C', '30', 'H');
insert into section values('837', '1', 'Spring', 2005, 'B', '836', 'G');
insert into section values('328', '1', 'Fall', 2010, 'C', '50', 'M');
insert into section values('383', '1', 'Spring', 2008, 'C', '369', 'G');
insert into section values('976', '2', 'Spring', 2003, 'C', '369', 'N');
insert into section values('899', '2', 'Fall', 2006, 'C', '573', 'E');
insert into section values('266', '2', 'Fall', 2008, 'G', '921', 'K');
insert into section values('363', '1', 'Spring', 2003, 'C', '50', 'I');
insert into section values('262', '1', 'Spring', 2005, 'C', '573', 'J');
insert into section values('987', '1', 'Fall', 2002, 'C', '30', 'K');
insert into section values('232', '1', 'Fall', 2006, 'B', '836', 'A');
insert into section values('709', '1', 'Fall', 2006, 'C', '50', 'D');
insert into section values('666', '1', 'Fall', 2009, 'B', '836', 'B');
insert into section values('624', '1', 'Fall', 2007, 'A', '823', 'A');
insert into section values('916', '1', 'Fall', 2004, 'A', '414', 'E');
insert into section values('719', '1', 'Fall', 2004, 'C', '50', 'J');
insert into section values('189', '1', 'Fall', 2004, 'C', '50', 'E');
insert into section values('948', '1', 'Spring', 2005, 'C', '573', 'E');
insert into section values('466', '1', 'Spring', 2002, 'C', '573', 'B');
insert into section values('486', '2', 'Fall', 2007, 'B', '836', 'K');
insert into section values('354', '3', 'Fall', 2006, 'A', '823', 'J');
insert into section values('465', '1', 'Fall', 2004, 'C', '369', 'G');
insert into section values('885', '1', 'Fall', 2001, 'H', '924', 'N');
insert into section values('808', '2', 'Fall', 2007, 'H', '924', 'H');
insert into section values('948', '2', 'Spring', 2002, 'G', '921', 'C');
insert into section values('475', '1', 'Fall', 2005, 'C', '30', 'E');
insert into section values('443', '2', 'Fall', 2008, 'A', '823', 'N');
insert into section values('146', '1', 'Spring', 2008, 'C', '573', 'H');
insert into section values('918', '2', 'Spring', 2008, 'C', '30', 'L');
insert into section values('334', '1', 'Spring', 2007, 'C', '573', 'I');
insert into section values('719', '2', 'Spring', 2009, 'G', '921', 'M');
insert into section values('475', '2', 'Fall', 2008, 'C', '369', 'M');
insert into section values('219', '1', 'Fall', 2006, 'G', '921', 'J');
insert into section values('343', '1', 'Spring', 2009, 'A', '823', 'A');
insert into section values('142', '2', 'Fall', 2005, 'H', '924', 'B');
insert into section values('422', '1', 'Spring', 2001, 'A', '823', 'L');
insert into section values('686', '1', 'Fall', 2005, 'C', '369', 'K');
insert into section values('286', '1', 'Fall', 2006, 'C', '960', 'K');
insert into section values('119', '1', 'Spring', 2002, 'C', '50', 'C');
insert into section values('969', '1', 'Fall', 2002, 'A', '823', 'J');
insert into section values('163', '1', 'Spring', 2010, 'C', '369', 'P');
insert into section values('574', '1', 'Spring', 2002, 'A', '823', 'H');
insert into section values('948', '3', 'Fall', 2002, 'C', '369', 'C');
insert into section values('203', '1', 'Fall', 2001, 'G', '921', 'K');
insert into section values('657', '2', 'Fall', 2003, 'A', '823', 'I');
insert into section values('554', '1', 'Spring', 2009, 'H', '924', 'M');
insert into section values('122', '1', 'Spring', 2008, 'H', '924', 'P');
insert into section values('322', '1', 'Fall', 2005, 'C', '369', 'C');
insert into section values('445', '1', 'Spring', 2006, 'B', '836', 'C');
insert into section values('939', '1', 'Spring', 2008, 'H', '924', 'M');
insert into section values('332', '1', 'Fall', 2006, 'B', '836', 'K');
insert into section values('322', '2', 'Spring', 2005, 'B', '836', 'A');
insert into section values('838', '2', 'Fall', 2008, 'C', '30', 'O');
insert into section values('212', '3', 'Spring', 2007, 'C', '573', 'K');
insert into section values('826', '1', 'Fall', 2009, 'H', '924', 'J');
insert into section values('793', '1', 'Spring', 2003, 'A', '414', 'E');
insert into section values('344', '1', 'Spring', 2001, 'C', '30', 'C');
insert into section values('885', '2', 'Spring', 2004, 'H', '924', 'C');
insert into section values('128', '2', 'Spring', 2004, 'C', '960', 'M');
insert into section values('322', '3', 'Fall', 2007, 'C', '30', 'B');
insert into section values('980', '1', 'Fall', 2007, 'G', '921', 'F');
insert into section values('963', '1', 'Fall', 2008, 'C', '573', 'M');
insert into section values('693', '1', 'Spring', 2002, 'C', '30', 'E');
insert into section values('658', '1', 'Fall', 2005, 'C', '369', 'C');
insert into section values('263', '1', 'Spring', 2003, 'G', '921', 'A');
insert into section values('524', '1', 'Fall', 2009, 'A', '823', 'I');
insert into section values('307', '1', 'Spring', 2008, 'C', '30', 'K');
insert into section values('752', '1', 'Spring', 2001, 'B', '836', 'B');
insert into section values('976', '3', 'Fall', 2003, 'H', '924', 'G');
insert into section values('177', '1', 'Fall', 2009, 'G', '921', 'O');
insert into section values('570', '1', 'Spring', 2005, 'C', '573', 'O');
insert into section values('304', '1', 'Fall', 2005, 'H', '924', 'J');
insert into section values('838', '3', 'Spring', 2009, 'H', '924', 'E');
insert into section values('372', '1', 'Fall', 2002, 'C', '30', 'K');
insert into section values('363', '2', 'Fall', 2010, 'G', '921', 'B');
insert into section values('343', '2', 'Fall', 2007, 'A', '823', 'H');
insert into section values('838', '4', 'Spring', 2004, 'C', '369', 'F');
insert into section values('232', '2', 'Fall', 2008, 'C', '50', 'B');
insert into section values('808', '3', 'Spring', 2004, 'C', '30', 'K');
insert into section values('142', '3', 'Fall', 2005, 'C', '573', 'B');
insert into section values('692', '1', 'Spring', 2004, 'C', '573', 'C');
insert into section values('604', '2', 'Fall', 2009, 'C', '50', 'O');
insert into section values('234', '2', 'Fall', 2008, 'C', '960', 'I');
insert into section values('888', '1', 'Spring', 2002, 'H', '924', 'C');
insert into section values('557', '1', 'Spring', 2001, 'B', '836', 'O');
insert into section values('112', '1', 'Fall', 2005, 'B', '836', 'L');
insert into section values('500', '1', 'Spring', 2007, 'C', '369', 'C');
insert into section values('883', '1', 'Fall', 2004, 'G', '921', 'D');
insert into section values('693', '2', 'Fall', 2006, 'B', '836', 'O');
insert into section values('794', '1', 'Fall', 2009, 'C', '50', 'K');
insert into section values('372', '2', 'Fall', 2003, 'A', '414', 'I');
insert into section values('234', '3', 'Fall', 2005, 'C', '960', 'H');
insert into section values('266', '3', 'Spring', 2007, 'C', '30', 'B');
insert into section values('808', '4', 'Fall', 2005, 'A', '414', 'F');
insert into section values('838', '5', 'Spring', 2006, 'C', '573', 'J');
insert into section values('873', '2', 'Fall', 2005, 'C', '573', 'D');
insert into section values('570', '2', 'Fall', 2003, 'B', '836', 'D');
insert into section values('798', '1', 'Spring', 2006, 'C', '30', 'L');
insert into section values('829', '2', 'Spring', 2004, 'B', '836', 'N');
insert into section values('884', '1', 'Fall', 2002, 'A', '414', 'J');
insert into section values('948', '4', 'Fall', 2010, 'C', '960', 'C');
insert into section values('794', '2', 'Fall', 2003, 'B', '836', 'O');
insert into section values('345', '1', 'Spring', 2010, 'G', '921', 'N');
insert into section values('161', '1', 'Spring', 2003, 'C', '50', 'K');
insert into section values('717', '1', 'Fall', 2005, 'A', '823', 'J');
insert into section values('422', '2', 'Fall', 2003, 'C', '960', 'C');
insert into section values('128', '3', 'Spring', 2009, 'A', '823', 'L');
insert into section values('570', '3', 'Spring', 2001, 'C', '50', 'G');
insert into section values('721', '2', 'Spring', 2002, 'C', '573', 'A');
insert into section values('812', '1', 'Fall', 2004, 'C', '50', 'D');
insert into section values('231', '1', 'Spring', 2010, 'A', '414', 'N');
insert into section values('800', '1', 'Fall', 2002, 'H', '924', 'E');
insert into section values('465', '2', 'Fall', 2003, 'C', '30', 'B');
insert into section values('107', '1', 'Spring', 2001, 'C', '369', 'P');
insert into section values('162', '1', 'Spring', 2002, 'C', '369', 'B');
insert into section values('232', '3', 'Fall', 2003, 'B', '836', 'K');
insert into section values('524', '2', 'Fall', 2010, 'A', '823', 'P');
insert into section values('113', '1', 'Spring', 2005, 'G', '921', 'G');
insert into section values('980', '2', 'Spring', 2004, 'A', '823', 'D');
insert into section values('962', '1', 'Spring', 2009, 'A', '823', 'N');
insert into section values('574', '2', 'Fall', 2004, 'B', '836', 'C');
insert into section values('231', '2', 'Fall', 2004, 'B', '836', 'B');
insert into section values('189', '2', 'Spring', 2001, 'G', '921', 'A');
insert into section values('814', '2', 'Fall', 2009, 'C', '30', 'H');
insert into section values('179', '1', 'Spring', 2008, 'C', '50', 'H');
insert into section values('408', '1', 'Fall', 2006, 'C', '30', 'G');
insert into section values('892', '1', 'Fall', 2002, 'C', '30', 'D');
insert into section values('673', '1', 'Spring', 2006, 'A', '823', 'N');
insert into section values('449', '1', 'Spring', 2001, 'A', '823', 'O');
insert into section values('782', '1', 'Spring', 2008, 'G', '921', 'H');
insert into section values('220', '1', 'Fall', 2005, 'C', '369', 'F');
insert into section values('386', '2', 'Fall', 2009, 'H', '924', 'C');
insert into section values('774', '2', 'Fall', 2001, 'C', '50', 'E');
insert into section values('986', '1', 'Fall', 2008, 'C', '960', 'B');
insert into section values('798', '2', 'Spring', 2010, 'A', '414', 'I');
insert into section values('422', '3', 'Spring', 2003, 'C', '369', 'K');
insert into section values('879', '1', 'Fall', 2004, 'C', '573', 'F');
insert into section values('989', '1', 'Fall', 2004, 'C', '573', 'O');
insert into section values('659', '1', 'Spring', 2009, 'C', '30', 'D');
insert into section values('231', '3', 'Fall', 2003, 'H', '924', 'M');
insert into section values('162', '2', 'Spring', 2008, 'C', '573', 'G');
insert into section values('887', '1', 'Spring', 2010, 'C', '369', 'G');
insert into section values('112', '2', 'Fall', 2003, 'H', '924', 'I');
insert into section values('991', '2', 'Fall', 2005, 'A', '414', 'K');
insert into section values('557', '2', 'Fall', 2009, 'A', '823', 'M');
insert into section values('502', '1', 'Spring', 2003, 'B', '836', 'L');
insert into section values('326', '1', 'Spring', 2010, 'C', '30', 'F');
insert into section values('674', '2', 'Fall', 2007, 'H', '924', 'K');
insert into section values('798', '3', 'Fall', 2006, 'B', '836', 'D');
insert into section values('945', '2', 'Spring', 2007, 'H', '924', 'L');
insert into section values('326', '2', 'Spring', 2006, 'G', '921', 'J');
insert into section values('918', '3', 'Fall', 2007, 'C', '50', 'L');
insert into section values('237', '1', 'Spring', 2007, 'C', '50', 'E');
insert into section values('721', '3', 'Fall', 2010, 'H', '924', 'H');
insert into section values('918', '4', 'Spring', 2002, 'G', '921', 'G');
insert into section values('867', '2', 'Spring', 2003, 'B', '836', 'I');
insert into section values('232', '4', 'Spring', 2009, 'B', '836', 'A');
insert into section values('293', '2', 'Spring', 2004, 'G', '921', 'A');
insert into section values('557', '3', 'Fall', 2009, 'C', '369', 'J');
insert into section values('193', '3', 'Spring', 2005, 'C', '573', 'F');
insert into section values('690', '1', 'Fall', 2004, 'B', '836', 'H');
insert into section values('705', '1', 'Fall', 2001, 'C', '30', 'B');
insert into section values('324', '1', 'Fall', 2003, 'H', '924', 'M');
insert into section values('921', '1', 'Spring', 2004, 'C', '960', 'A');
insert into section values('311', '1', 'Fall', 2008, 'C', '369', 'D');
insert into section values('918', '5', 'Fall', 2009, 'A', '414', 'G');
insert into section values('686', '2', 'Spring', 2008, 'C', '573', 'K');
insert into section values('446', '3', 'Spring', 2008, 'C', '960', 'H');
insert into section values('883', '2', 'Fall', 2010, 'A', '823', 'G');
insert into section values('956', '1', 'Fall', 2005, 'H', '924', 'H');
insert into section values('879', '2', 'Spring', 2010, 'B', '836', 'B');
insert into section values('871', '1', 'Spring', 2010, 'C', '573', 'C');
insert into section values('354', '4', 'Spring', 2002, 'C', '369', 'M');
insert into section values('875', '1', 'Spring', 2010, 'A', '823', 'F');
insert into section values('326', '3', 'Fall', 2003, 'H', '924', 'B');
insert into section values('871', '2', 'Spring', 2007, 'B', '836', 'L');
insert into section values('766', '1', 'Spring', 2002, 'C', '50', 'P');
insert into section values('948', '5', 'Spring', 2001, 'A', '414', 'J');
insert into section values('185', '2', 'Fall', 2010, 'A', '414', 'O');
insert into section values('328', '2', 'Fall', 2003, 'C', '573', 'K');
insert into section values('542', '1', 'Spring', 2001, 'C', '369', 'C');
insert into section values('220', '2', 'Fall', 2001, 'C', '30', 'I');
insert into section values('338', '1', 'Fall', 2006, 'C', '369', 'N');
insert into section values('887', '2', 'Fall', 2003, 'G', '921', 'B');
insert into section values('867', '3', 'Spring', 2009, 'C', '30', 'K');
insert into section values('354', '5', 'Fall', 2008, 'G', '921', 'J');
insert into section values('835', '1', 'Fall', 2004, 'B', '836', 'M');
insert into section values('503', '1', 'Spring', 2009, 'B', '836', 'J');
insert into section values('247', '1', 'Spring', 2001, 'C', '369', 'M');
insert into section values('339', '1', 'Fall', 2005, 'C', '369', 'L');
insert into section values('794', '3', 'Fall', 2008, 'G', '921', 'G');
insert into section values('554', '2', 'Fall', 2010, 'A', '414', 'N');
insert into section values('976', '4', 'Spring', 2006, 'C', '30', 'M');
insert into section values('584', '1', 'Fall', 2008, 'C', '369', 'F');
insert into section values('520', '3', 'Spring', 2008, 'H', '924', 'K');
insert into section values('659', '2', 'Fall', 2010, 'C', '369', 'N');
insert into section values('446', '4', 'Spring', 2005, 'C', '30', 'A');
insert into section values('987', '2', 'Fall', 2005, 'A', '414', 'K');
insert into section values('731', '1', 'Fall', 2009, 'A', '414', 'H');
insert into section values('763', '2', 'Spring', 2008, 'C', '50', 'I');
insert into section values('339', '2', 'Spring', 2005, 'C', '30', 'J');
insert into section values('119', '2', 'Fall', 2003, 'G', '921', 'C');
insert into section values('268', '1', 'Spring', 2006, 'C', '50', 'F');
insert into section values('837', '2', 'Spring', 2005, 'C', '369', 'I');
insert into section values('969', '2', 'Spring', 2006, 'H', '924', 'B');
insert into section values('522', '2', 'Spring', 2004, 'A', '823', 'O');
insert into section values('185', '3', 'Spring', 2005, 'C', '30', 'B');
insert into section values('113', '2', 'Spring', 2006, 'C', '30', 'H');
insert into section values('372', '3', 'Fall', 2001, 'H', '924', 'G');
insert into section values('674', '3', 'Spring', 2006, 'A', '823', 'H');
insert into section values('793', '2', 'Spring', 2004, 'B', '836', 'B');
insert into section values('314', '1', 'Spring', 2006, 'A', '414', 'L');
insert into section values('939', '2', 'Fall', 2001, 'A', '414', 'L');
insert into section values('794', '4', 'Spring', 2007, 'C', '960', 'L');
insert into section values('686', '3', 'Spring', 2008, 'H', '924', 'K');
insert into section values('690', '2', 'Fall', 2002, 'C', '30', 'A');
insert into section values('705', '2', 'Fall', 2009, 'C', '960', 'K');
insert into section values('247', '2', 'Spring', 2010, 'A', '414', 'K');
insert into section values('873', '3', 'Spring', 2007, 'A', '823', 'O');
insert into section values('408', '2', 'Fall', 2007, 'H', '924', 'N');
insert into section values('814', '3', 'Fall', 2010, 'B', '836', 'E');
insert into section values('705', '3', 'Spring', 2007, 'C', '369', 'A');
insert into section values('885', '3', 'Spring', 2006, 'H', '924', 'D');
insert into section values('237', '2', 'Fall', 2008, 'C', '573', 'I');
insert into section values('554', '3', 'Spring', 2001, 'B', '836', 'F');
insert into section values('521', '1', 'Spring', 2005, 'C', '50', 'N');
insert into section values('884', '2', 'Fall', 2005, 'C', '573', 'B');
insert into section values('500', '2', 'Fall', 2009, 'B', '836', 'J');
insert into section values('296', '2', 'Spring', 2003, 'C', '369', 'B');
insert into section values('334', '2', 'Fall', 2009, 'C', '573', 'A');
insert into section values('418', '1', 'Fall', 2006, 'C', '573', 'J');
insert into section values('336', '1', 'Fall', 2004, 'C', '369', 'D');
insert into section values('363', '3', 'Fall', 2006, 'C', '30', 'O');
insert into section values('896', '1', 'Spring', 2001, 'C', '960', 'J');
insert into section values('867', '4', 'Spring', 2002, 'H', '924', 'F');
insert into section values('443', '3', 'Spring', 2007, 'C', '50', 'J');
insert into section values('232', '5', 'Spring', 2010, 'A', '414', 'F');
insert into section values('229', '1', 'Fall', 2004, 'G', '921', 'H');
insert into section values('494', '1', 'Fall', 2007, 'C', '573', 'N');
insert into section values('986', '2', 'Fall', 2003, 'C', '369', 'K');
insert into section values('867', '5', 'Spring', 2009, 'H', '924', 'J');
insert into section values('536', '1', 'Fall', 2005, 'C', '50', 'B');
insert into section values('354', '6', 'Fall', 2002, 'H', '924', 'B');
insert into section values('987', '3', 'Spring', 2008, 'A', '414', 'P');
insert into section values('219', '2', 'Spring', 2008, 'C', '960', 'F');
insert into section values('418', '2', 'Spring', 2005, 'A', '414', 'A');
insert into section values('348', '1', 'Spring', 2005, 'G', '921', 'J');
insert into section values('673', '2', 'Spring', 2009, 'C', '573', 'A');
insert into section values('584', '2', 'Spring', 2002, 'H', '924', 'E');
insert into section values('338', '2', 'Spring', 2003, 'C', '369', 'C');
insert into section values('185', '4', 'Spring', 2003, 'C', '369', 'F');
insert into section values('161', '2', 'Spring', 2007, 'H', '924', 'C');
insert into section values('980', '3', 'Fall', 2010, 'C', '50', 'A');
insert into section values('916', '2', 'Fall', 2001, 'A', '414', 'D');
insert into section values('705', '4', 'Spring', 2002, 'G', '921', 'P');
insert into section values('328', '3', 'Spring', 2007, 'C', '369', 'F');
insert into section values('219', '3', 'Fall', 2006, 'H', '924', 'H');
insert into section values('194', '1', 'Fall', 2006, 'B', '836', 'P');
insert into section values('536', '2', 'Spring', 2001, 'C', '573', 'C');
insert into section values('991', '3', 'Spring', 2008, 'A', '414', 'B');
insert into section values('584', '3', 'Spring', 2007, 'A', '823', 'L');
insert into section values('948', '6', 'Spring', 2005, 'C', '30', 'B');
insert into section values('969', '3', 'Fall', 2010, 'A', '414', 'C');
insert into section values('163', '2', 'Fall', 2009, 'G', '921', 'O');
insert into section values('268', '2', 'Spring', 2008, 'G', '921', 'J');
insert into section values('782', '2', 'Spring', 2001, 'C', '50', 'E');
insert into section values('409', '1', 'Fall', 2010, 'C', '573', 'I');
insert into section values('604', '3', 'Spring', 2009, 'B', '836', 'E');
insert into section values('887', '3', 'Spring', 2006, 'C', '573', 'P');
insert into section values('387', '2', 'Spring', 2006, 'H', '924', 'P');
insert into section values('503', '2', 'Fall', 2002, 'C', '960', 'E');
insert into section values('522', '3', 'Fall', 2002, 'H', '924', 'L');
insert into section values('354', '7', 'Fall', 2002, 'A', '414', 'B');
insert into section values('648', '1', 'Fall', 2008, 'C', '369', 'D');
insert into section values('280', '1', 'Spring', 2006, 'H', '924', 'J');
insert into section values('398', '2', 'Fall', 2008, 'H', '924', 'G');
insert into section values('829', '3', 'Spring', 2004, 'C', '960', 'C');
insert into section values('674', '4', 'Fall', 2006, 'C', '50', 'K');
insert into section values('592', '1', 'Fall', 2003, 'C', '573', 'J');
insert into section values('648', '2', 'Fall', 2010, 'C', '573', 'P');
insert into section values('449', '2', 'Spring', 2002, 'C', '573', 'N');
insert into section values('687', '1', 'Fall', 2002, 'C', '960', 'O');
insert into section values('887', '4', 'Fall', 2005, 'C', '369', 'D');
insert into section values('976', '5', 'Spring', 2010, 'A', '414', 'N');
insert into section values('542', '2', 'Spring', 2006, 'A', '823', 'F');
insert into section values('373', '1', 'Spring', 2001, 'A', '823', 'H');
insert into section values('945', '3', 'Fall', 2002, 'H', '924', 'D');
insert into section values('266', '4', 'Spring', 2001, 'C', '50', 'P');
insert into section values('128', '4', 'Fall', 2009, 'C', '369', 'K');
insert into section values('409', '2', 'Fall', 2007, 'G', '921', 'F');
insert into section values('122', '2', 'Spring', 2006, 'G', '921', 'J');
insert into section values('658', '2', 'Fall', 2004, 'A', '414', 'O');
insert into section values('263', '2', 'Fall', 2001, 'B', '836', 'K');
insert into section values('212', '4', 'Spring', 2007, 'C', '30', 'A');
insert into section values('248', '2', 'Fall', 2005, 'C', '960', 'H');
insert into section values('336', '2', 'Fall', 2009, 'B', '836', 'A');
insert into section values('916', '3', 'Fall', 2003, 'A', '414', 'M');
insert into section values('466', '2', 'Spring', 2008, 'H', '924', 'J');
insert into section values('666', '2', 'Fall', 2003, 'C', '369', 'G');
insert into section values('495', '2', 'Fall', 2009, 'G', '921', 'A');
insert into section values('945', '4', 'Fall', 2004, 'A', '823', 'J');
insert into section values('195', '1', 'Fall', 2007, 'A', '823', 'P');
insert into section values('322', '4', 'Spring', 2007, 'A', '823', 'C');
insert into section values('342', '1', 'Spring', 2002, 'C', '30', 'O');
insert into section values('566', '1', 'Spring', 2004, 'C', '50', 'F');
insert into section values('948', '7', 'Spring', 2010, 'A', '823', 'P');
insert into section values('782', '3', 'Fall', 2010, 'G', '921', 'F');
insert into section values('294', '1', 'Fall', 2008, 'A', '414', 'A');
insert into section values('808', '5', 'Fall', 2005, 'A', '414', 'J');
insert into section values('161', '3', 'Spring', 2003, 'H', '924', 'O');
insert into section values('185', '5', 'Spring', 2003, 'C', '573', 'I');
insert into section values('247', '3', 'Spring', 2004, 'C', '573', 'F');
insert into section values('522', '4', 'Fall', 2007, 'G', '921', 'J');
insert into section values('343', '3', 'Fall', 2009, 'C', '369', 'D');
insert into section values('877', '2', 'Fall', 2007, 'H', '924', 'L');
insert into section values('779', '1', 'Fall', 2002, 'H', '924', 'C');
insert into section values('536', '3', 'Spring', 2005, 'C', '50', 'P');
insert into section values('658', '3', 'Spring', 2009, 'C', '573', 'P');
insert into section values('363', '4', 'Spring', 2009, 'A', '823', 'N');
insert into section values('659', '3', 'Fall', 2003, 'H', '924', 'M');
insert into section values('794', '5', 'Spring', 2009, 'C', '960', 'A');
insert into section values('162', '3', 'Fall', 2007, 'A', '823', 'L');
insert into section values('495', '3', 'Fall', 2006, 'B', '836', 'E');
insert into section values('429', '1', 'Spring', 2009, 'H', '924', 'A');
insert into section values('956', '2', 'Fall', 2009, 'H', '924', 'J');
insert into section values('782', '4', 'Fall', 2001, 'C', '369', 'B');
insert into section values('793', '3', 'Spring', 2010, 'A', '823', 'G');
insert into section values('473', '1', 'Fall', 2010, 'B', '836', 'B');
insert into section values('945', '5', 'Fall', 2005, 'A', '823', 'B');
insert into section values('189', '3', 'Fall', 2005, 'C', '573', 'F');
insert into section values('179', '2', 'Spring', 2005, 'C', '30', 'J');
insert into section values('884', '3', 'Spring', 2004, 'G', '921', 'O');
insert into section values('521', '2', 'Fall', 2003, 'H', '924', 'F');
insert into section values('877', '3', 'Fall', 2006, 'C', '960', 'A');
insert into section values('566', '2', 'Fall', 2009, 'C', '30', 'M');
insert into section values('879', '3', 'Spring', 2001, 'C', '369', 'E');
insert into section values('352', '1', 'Spring', 2006, 'G', '921', 'I');
insert into section values('604', '4', 'Fall', 2001, 'G', '921', 'A');
insert into section values('345', '2', 'Fall', 2010, 'G', '921', 'K');
insert into section values('311', '2', 'Spring', 2006, 'H', '924', 'B');
insert into section values('268', '3', 'Spring', 2006, 'C', '369', 'F');
insert into section values('771', '1', 'Fall', 2010, 'C', '50', 'O');
insert into section values('887', '5', 'Spring', 2010, 'A', '823', 'B');
insert into section values('318', '1', 'Spring', 2004, 'C', '369', 'J');
insert into section values('122', '3', 'Spring', 2002, 'A', '823', 'F');
insert into section values('500', '3', 'Fall', 2005, 'A', '414', 'C');
insert into section values('624', '2', 'Fall', 2010, 'A', '823', 'N');
insert into section values('885', '4', 'Fall', 2009, 'C', '960', 'G');
insert into section values('624', '3', 'Spring', 2005, 'A', '414', 'B');
insert into teaches values('25584', '687', '1', 'Fall', 2002);
insert into teaches values('93919', '604', '3', 'Spring', 2009);
insert into teaches values('24702', '304', '1', 'Fall', 2005);
insert into teaches values('86874', '782', '3', 'Fall', 2010);
insert into teaches values('72537', '443', '1', 'Fall', 2008);
insert into teaches values('24702', '916', '1', 'Fall', 2004);
insert into teaches values('19311', '152', '1', 'Fall', 2005);
insert into teaches values('40799', '987', '3', 'Spring', 2008);
insert into teaches values('89022', '658', '2', 'Fall', 2004);
insert into teaches values('43612', '939', '1', 'Spring', 2008);
insert into teaches values('84365', '674', '2', 'Fall', 2007);
insert into teaches values('55402', '814', '1', 'Fall', 2004);
insert into teaches values('25584', '771', '1', 'Fall', 2010);
insert into teaches values('18206', '659', '3', 'Fall', 2003);
insert into teaches values('43612', '991', '1', 'Fall', 2002);
insert into teaches values('55402', '976', '2', 'Spring', 2003);
insert into teaches values('43612', '570', '3', 'Spring', 2001);
insert into teaches values('19311', '112', '1', 'Fall', 2005);
insert into teaches values('24702', '956', '1', 'Fall', 2005);
insert into teaches values('89022', '885', '4', 'Fall', 2009);
insert into teaches values('37404', '146', '1', 'Spring', 2008);
insert into teaches values('86874', '429', '1', 'Spring', 2009);
insert into teaches values('19311', '829', '1', 'Spring', 2005);
insert into teaches values('86874', '782', '1', 'Spring', 2008);
insert into teaches values('25584', '584', '2', 'Spring', 2002);
insert into teaches values('86874', '604', '4', 'Fall', 2001);
insert into teaches values('43612', '774', '1', 'Spring', 2004);
insert into teaches values('72537', '231', '2', 'Fall', 2004);
insert into teaches values('1062', '808', '3', 'Spring', 2004);
insert into teaches values('86874', '574', '2', 'Fall', 2004);
insert into teaches values('25584', '237', '2', 'Fall', 2008);
insert into teaches values('86874', '339', '2', 'Spring', 2005);
insert into teaches values('19311', '557', '1', 'Spring', 2001);
insert into teaches values('89022', '354', '7', 'Fall', 2002);
insert into teaches values('24702', '648', '1', 'Fall', 2008);
insert into teaches values('19311', '161', '2', 'Spring', 2007);
insert into teaches values('89022', '731', '1', 'Fall', 2009);
insert into teaches values('25584', '322', '4', 'Spring', 2007);
insert into teaches values('55402', '976', '3', 'Fall', 2003);
insert into teaches values('43612', '686', '2', 'Spring', 2008);
insert into teaches values('43612', '877', '2', 'Fall', 2007);
insert into teaches values('72537', '945', '3', 'Fall', 2002);
insert into teaches values('72537', '879', '1', 'Fall', 2004);
insert into teaches values('24702', '195', '1', 'Fall', 2007);
insert into teaches values('72537', '879', '2', 'Spring', 2010);
insert into teaches values('25584', '336', '1', 'Fall', 2004);
insert into teaches values('82811', '266', '2', 'Fall', 2008);
insert into teaches values('98475', '119', '1', 'Spring', 2002);
insert into teaches values('89022', '826', '1', 'Fall', 2009);
insert into teaches values('84365', '624', '2', 'Fall', 2010);
insert into teaches values('98475', '892', '1', 'Fall', 2002);
insert into teaches values('98475', '189', '2', 'Spring', 2001);
insert into teaches values('89022', '885', '1', 'Fall', 2001);
insert into teaches values('89022', '885', '3', 'Spring', 2006);
insert into teaches values('72537', '794', '3', 'Fall', 2008);
insert into teaches values('89022', '398', '2', 'Fall', 2008);
insert into teaches values('72537', '838', '2', 'Fall', 2008);
insert into teaches values('84365', '247', '1', 'Spring', 2001);
insert into teaches values('55402', '363', '4', 'Spring', 2009);
insert into teaches values('84365', '446', '4', 'Spring', 2005);
insert into teaches values('25584', '692', '1', 'Spring', 2004);
insert into teaches values('43612', '980', '3', 'Fall', 2010);
insert into teaches values('37404', '673', '1', 'Spring', 2006);
insert into teaches values('43612', '383', '1', 'Spring', 2008);
insert into teaches values('89022', '398', '1', 'Fall', 2009);
insert into teaches values('19311', '279', '1', 'Fall', 2006);
insert into teaches values('24702', '266', '1', 'Fall', 2008);
insert into teaches values('16305', '752', '1', 'Spring', 2001);
insert into teaches values('30861', '372', '3', 'Fall', 2001);
insert into teaches values('55402', '814', '2', 'Fall', 2009);
insert into teaches values('25584', '280', '1', 'Spring', 2006);
insert into teaches values('84365', '873', '2', 'Fall', 2005);
insert into teaches values('89022', '348', '1', 'Spring', 2005);
insert into teaches values('86874', '409', '1', 'Fall', 2010);
insert into teaches values('55402', '198', '2', 'Fall', 2004);
insert into teaches values('86874', '163', '2', 'Fall', 2009);
insert into teaches values('81329', '884', '1', 'Fall', 2002);
insert into teaches values('43612', '991', '3', 'Spring', 2008);
insert into teaches values('43612', '686', '3', 'Spring', 2008);
insert into teaches values('55402', '363', '2', 'Fall', 2010);
insert into teaches values('30861', '328', '3', 'Spring', 2007);
insert into teaches values('25584', '554', '1', 'Spring', 2009);
insert into teaches values('86874', '899', '2', 'Fall', 2006);
insert into teaches values('19311', '449', '1', 'Spring', 2001);
insert into teaches values('24702', '142', '3', 'Fall', 2005);
insert into teaches values('98475', '354', '3', 'Fall', 2006);
insert into teaches values('85347', '709', '1', 'Fall', 2006);
insert into teaches values('19311', '829', '3', 'Spring', 2004);
insert into teaches values('25909', '363', '1', 'Spring', 2003);
insert into teaches values('80723', '212', '2', 'Spring', 2001);
insert into teaches values('86874', '503', '1', 'Spring', 2009);
insert into teaches values('19311', '829', '2', 'Spring', 2004);
insert into teaches values('43612', '939', '2', 'Fall', 2001);
insert into teaches values('43612', '495', '3', 'Fall', 2006);
insert into teaches values('89022', '354', '1', 'Fall', 2007);
insert into teaches values('89022', '232', '3', 'Fall', 2003);
insert into teaches values('43612', '212', '1', 'Fall', 2002);
insert into teaches values('24702', '142', '1', 'Spring', 2007);
insert into teaches values('24702', '314', '1', 'Spring', 2006);
insert into teaches values('72537', '808', '4', 'Fall', 2005);
insert into student values('41115', 'Johan', 'WW', 39);
insert into student values('50562', 'Budi', 'WW', 33);
insert into student values('9367', 'yuyun', 'HI', 107);
insert into student values('8596', 'Ahmad', 'KL', 53);
insert into student values('44973', 'rahmat', 'IF', 16);
insert into student values('43028', 'Kiki', 'IF', 127);
insert into student values('52135', 'Josu', 'WW', 105);
insert into student values('71898', 'Josu', 'KL', 58);
insert into student values('90237', 'Johan', 'RQ', 129);
insert into student values('33035', 'Yohan', 'KL', 71);
insert into student values('84558', 'Johan', 'WW', 72);
insert into student values('94929', 'Kiki', 'WW', 70);
insert into student values('52196', 'Josu', 'WW', 21);
insert into student values('88262', 'rahmat', 'DE', 39);
insert into student values('71826', 'Adri', 'RR', 74);
insert into student values('41000', 'yuyun', 'IF', 17);
insert into student values('48182', 'yuyun', 'WW', 0);
insert into student values('92867', 'Ande', 'MT', 90);
insert into student values('73465', 'Ahmad', 'DE', 32);
insert into student values('15469', 'Adri', 'ED', 76);
insert into student values('45611', 'Josu', 'IF', 112);
insert into student values('60002', 'Budi', 'IF', 47);
insert into student values('39882', 'yuyun', 'KL', 77);
insert into student values('71949', 'Adri', 'MT', 12);
insert into student values('76889', 'Ande', 'IF', 9);
insert into student values('9281', 'Ahmad', 'IF', 46);
insert into student values('60074', 'Ahmad', 'GF', 57);
insert into student values('41113', 'Ande', 'RR', 3);
insert into student values('49751', 'Adri', 'RQ', 92);
insert into student values('18782', 'yuyun', 'RR', 94);
insert into student values('62818', 'Kiki', 'MT', 42);
insert into student values('11071', 'Ande', 'DE', 63);
insert into student values('44538', 'yuyun', 'ED', 42);
insert into student values('17591', 'Johan', 'WW', 7);
insert into student values('89175', 'Yohan', 'DE', 119);
insert into student values('40364', 'Yohan', 'HI', 56);
insert into student values('32571', 'Budi', 'HI', 52);
insert into student values('21227', 'Ahmad', 'KL', 53);
insert into student values('62224', 'rahmat', 'RR', 47);
insert into student values('47343', 'yuyun', 'ED', 87);
insert into student values('67182', 'yuyun', 'DE', 54);
insert into student values('68730', 'Budi', 'GF', 23);
insert into student values('68403', 'Yohan', 'RQ', 15);
insert into student values('96888', 'Yohan', 'WW', 19);
insert into student values('32203', 'Adri', 'MT', 120);
insert into student values('69088', 'rahmat', 'ED', 64);
insert into student values('94279', 'Ahmad', 'ED', 0);
insert into student values('31700', 'Ahmad', 'IF', 109);
insert into student values('50727', 'Kiki', 'IF', 95);
insert into student values('26813', 'Adri', 'IF', 51);
insert into student values('47922', 'Ande', 'IF', 96);
insert into student values('5937', 'Ahmad', 'GF', 114);
insert into student values('22267', 'rahmat', 'RR', 30);
insert into student values('79791', 'Adri', 'HI', 97);
insert into student values('81339', 'Yohan', 'WW', 12);
insert into student values('29728', 'Josu', 'ED', 89);
insert into student values('38619', 'yuyun', 'ED', 59);
insert into student values('75509', 'Kiki', 'ED', 80);
insert into student values('15785', 'Ahmad', 'KL', 30);
insert into student values('48045', 'yuyun', 'GF', 80);
insert into student values('70143', 'Kiki', 'ED', 73);
insert into student values('44269', 'Johan', 'IF', 105);
insert into student values('66593', 'Adri', 'DE', 24);
insert into student values('55271', 'yuyun', 'KL', 101);
insert into student values('27165', 'Josu', 'HI', 68);
insert into student values('19062', 'Kiki', 'RQ', 60);
insert into student values('21866', 'Ande', 'MT', 60);
insert into student values('56030', 'Ande', 'RQ', 73);
insert into student values('35691', 'rahmat', 'KL', 54);
insert into student values('8206', 'rahmat', 'GF', 26);
insert into student values('33611', 'Josu', 'MT', 0);
insert into student values('19199', 'rahmat', 'ED', 115);
insert into student values('37505', 'Kiki', 'KL', 72);
insert into student values('55635', 'Ande', 'KL', 1);
insert into student values('84779', 'yuyun', 'RR', 35);
insert into student values('24696', 'Kiki', 'HI', 11);
insert into student values('44692', 'yuyun', 'KL', 43);
insert into student values('87717', 'rahmat', 'RQ', 119);
insert into student values('12495', 'Ahmad', 'HI', 4);
insert into student values('42714', 'yuyun', 'MT', 2);
insert into student values('53339', 'Adri', 'KL', 83);
insert into student values('43425', 'Ahmad', 'HI', 38);
insert into student values('11007', 'Johan', 'IF', 27);
insert into student values('3153', 'Kiki', 'MT', 110);
insert into student values('84492', 'Johan', 'GF', 1);
insert into student values('92103', 'Adri', 'RR', 0);
insert into student values('69152', 'yuyun', 'GF', 93);
insert into student values('4076', 'Ande', 'RR', 73);
insert into student values('84479', 'Josu', 'IF', 129);
insert into student values('61108', 'Josu', 'DE', 6);
insert into student values('27834', 'yuyun', 'GF', 28);
insert into student values('7803', 'Yohan', 'WW', 14);
insert into student values('94505', 'Ahmad', 'MT', 61);
insert into student values('33863', 'yuyun', 'ED', 55);
insert into student values('13874', 'yuyun', 'RQ', 66);
insert into student values('29739', 'Ande', 'GF', 118);
insert into student values('94273', 'Yohan', 'RR', 92);
insert into student values('22687', 'Johan', 'GF', 6);
insert into student values('81328', 'yuyun', 'ED', 51);
insert into student values('67018', 'Adri', 'WW', 113);
insert into student values('42430', 'Ahmad', 'RR', 73);
insert into student values('92955', 'rahmat', 'HI', 25);
insert into student values('76697', 'Adri', 'MT', 88);
insert into student values('4425', 'Budi', 'MT', 41);
insert into student values('20150', 'Ahmad', 'RQ', 14);
insert into student values('55863', 'Ahmad', 'RR', 107);
insert into student values('97173', 'Ahmad', 'RR', 85);
insert into student values('75796', 'Josu', 'RQ', 60);
insert into student values('64511', 'Adri', 'MT', 53);
insert into student values('33716', 'Ande', 'HI', 92);
insert into student values('85705', 'Budi', 'ED', 121);
insert into student values('76570', 'Budi', 'ED', 36);
insert into student values('7089', 'yuyun', 'DE', 52);
insert into student values('67504', 'yuyun', 'DE', 6);
insert into student values('71965', 'Ahmad', 'IF', 92);
insert into student values('94667', 'Kiki', 'DE', 115);
insert into student values('89633', 'Josu', 'WW', 20);
insert into student values('65353', 'Yohan', 'KL', 31);
insert into student values('28471', 'Budi', 'KL', 101);
insert into student values('48115', 'Budi', 'ED', 126);
insert into student values('19750', 'Ahmad', 'KL', 102);
insert into student values('5341', 'Budi', 'KL', 1);
insert into student values('12893', 'Josu', 'RQ', 103);
insert into student values('73059', 'Yohan', 'DE', 74);
insert into student values('11094', 'yuyun', 'DE', 107);
insert into student values('31180', 'Josu', 'WW', 99);
insert into student values('86', 'rahmat', 'RR', 99);
insert into student values('41416', 'Kiki', 'WW', 56);
insert into student values('81993', 'Adri', 'IF', 127);
insert into student values('8659', 'Ande', 'HI', 16);
insert into student values('89640', 'Kiki', 'IF', 78);
insert into student values('89873', 'Budi', 'MT', 117);
insert into student values('76820', 'Johan', 'DE', 52);
insert into student values('79794', 'Ande', 'RR', 118);
insert into student values('32441', 'Ande', 'KL', 42);
insert into student values('37933', 'Yohan', 'RQ', 88);
insert into student values('45998', 'Josu', 'GF', 14);
insert into student values('36966', 'Ahmad', 'MT', 34);
insert into student values('18321', 'Adri', 'KL', 20);
insert into student values('96489', 'Adri', 'MT', 29);
insert into student values('9006', 'Kiki', 'HI', 118);
insert into student values('63118', 'Adri', 'GF', 30);
insert into student values('46582', 'Yohan', 'DE', 84);
insert into student values('22965', 'Ahmad', 'ED', 68);
insert into student values('56073', 'Johan', 'HI', 9);
insert into student values('69417', 'Josu', 'DE', 28);
insert into student values('24942', 'Johan', 'MT', 102);
insert into student values('95231', 'yuyun', 'GF', 69);
insert into student values('93144', 'Johan', 'WW', 113);
insert into student values('81781', 'Josu', 'WW', 65);
insert into student values('84416', 'Yohan', 'GF', 16);
insert into student values('54997', 'Ande', 'ED', 57);
insert into student values('56527', 'Johan', 'DE', 38);
insert into student values('53297', 'Josu', 'RR', 1);
insert into student values('73587', 'Ande', 'IF', 12);
insert into student values('71206', 'Ande', 'WW', 83);
insert into student values('96486', 'Ahmad', 'RQ', 100);
insert into student values('44795', 'Josu', 'RR', 74);
insert into student values('47148', 'Yohan', 'WW', 90);
insert into student values('41089', 'Adri', 'GF', 6);
insert into student values('30706', 'Adri', 'RR', 106);
insert into student values('37714', 'Adri', 'WW', 28);
insert into student values('23186', 'Ahmad', 'IF', 6);
insert into student values('59603', 'Ahmad', 'RQ', 14);
insert into student values('55884', 'yuyun', 'WW', 96);
insert into student values('38196', 'Johan', 'HI', 10);
insert into student values('62124', 'Johan', 'DE', 120);
insert into student values('67692', 'Yohan', 'IF', 89);
insert into student values('31272', 'Josu', 'IF', 120);
insert into student values('3519', 'Yohan', 'GF', 42);
insert into student values('18208', 'Kiki', 'IF', 121);
insert into student values('64474', 'yuyun', 'IF', 78);
insert into student values('60478', 'Budi', 'IF', 41);
insert into student values('28115', 'Adri', 'HI', 89);
insert into student values('74646', 'Johan', 'WW', 128);
insert into student values('39403', 'Ahmad', 'RR', 80);
insert into student values('43524', 'Yohan', 'DE', 10);
insert into student values('14925', 'Budi', 'ED', 125);
insert into student values('89682', 'Josu', 'WW', 62);
insert into student values('80270', 'Ande', 'HI', 3);
insert into student values('54705', 'Adri', 'HI', 77);
insert into student values('38220', 'Josu', 'RQ', 37);
insert into student values('35484', 'Ande', 'HI', 14);
insert into student values('7729', 'Ahmad', 'RQ', 35);
insert into student values('38074', 'Ahmad', 'MT', 45);
insert into student values('69231', 'Ahmad', 'WW', 25);
insert into student values('22843', 'Yohan', 'IF', 5);
insert into student values('17700', 'Kiki', 'HI', 6);
insert into student values('70744', 'Yohan', 'IF', 23);
insert into student values('28885', 'Josu', 'HI', 84);
insert into student values('76884', 'Ande', 'MT', 46);
insert into student values('5907', 'Josu', 'DE', 11);
insert into student values('93055', 'Ande', 'KL', 12);
insert into student values('97179', 'Ahmad', 'WW', 85);
insert into student values('53359', 'Yohan', 'KL', 91);
insert into student values('12207', 'rahmat', 'RR', 53);
insert into student values('30342', 'yuyun', 'DE', 84);
insert into student values('16128', 'Ande', 'HI', 15);
insert into student values('69809', 'Ande', 'IF', 69);
insert into student values('55493', 'Johan', 'GF', 75);
insert into takes values('33863', '885', '2', 'Spring', 2004, 'B+');
insert into takes values('75796', '338', '2', 'Spring', 2003, 'C-');
insert into takes values('22843', '980', '3', 'Fall', 2010, 'A+');
insert into takes values('60478', '219', '1', 'Fall', 2006, 'B ');
insert into takes values('97179', '976', '3', 'Fall', 2003, 'A+');
insert into takes values('89175', '247', '1', 'Spring', 2001, 'C ');
insert into takes values('48115', '948', '1', 'Spring', 2005, 'A-');
insert into takes values('64474', '220', '2', 'Fall', 2001, 'B+');
insert into takes values('23186', '542', '1', 'Spring', 2001, 'A+');
insert into takes values('94667', '969', '3', 'Fall', 2010, 'A ');
insert into takes values('56527', '814', '1', 'Fall', 2004, 'C-');
insert into takes values('67692', '203', '1', 'Fall', 2001, 'A-');
insert into takes values('28115', '179', '1', 'Spring', 2008, 'C ');
insert into takes values('69152', '354', '6', 'Fall', 2002, 'C-');
insert into takes values('8596', '873', '2', 'Fall', 2005, 'C+');
insert into takes values('19750', '887', '1', 'Spring', 2010, 'A+');
insert into takes values('36966', '326', '1', 'Spring', 2010, 'C+');
insert into takes values('56527', '916', '1', 'Fall', 2004, 'B-');
insert into takes values('47148', '948', '7', 'Spring', 2010, 'A-');
insert into takes values('70744', '659', '1', 'Spring', 2009, 'B-');
insert into takes values('11094', '409', '1', 'Fall', 2010, 'B-');
insert into takes values('22687', '859', '2', 'Spring', 2002, 'A+');
insert into takes values('71949', '867', '2', 'Spring', 2003, 'A-');
insert into takes values('69231', '838', '4', 'Spring', 2004, 'C-');
insert into takes values('92955', '363', '3', 'Fall', 2006, 'B ');
insert into takes values('76697', '161', '1', 'Spring', 2003, 'C+');
insert into takes values('28471', '750', '1', 'Spring', 2005, 'A-');
insert into takes values('62124', '142', '2', 'Fall', 2005, 'B+');
insert into takes values('24696', '991', '1', 'Fall', 2002, 'B ');
insert into takes values('41416', '624', '3', 'Spring', 2005, 'A+');
insert into takes values('97179', '574', '1', 'Spring', 2002, 'B ');
insert into takes values('36966', '731', '1', 'Fall', 2009, 'A ');
insert into takes values('33863', '867', '3', 'Spring', 2009, 'B+');
insert into takes values('50562', '345', '2', 'Fall', 2010, 'C ');
insert into takes values('39882', '446', '3', 'Spring', 2008, 'A ');
insert into takes values('73465', '731', '1', 'Fall', 2009, 'C+');
insert into takes values('4076', '398', '2', 'Fall', 2008, 'B+');
insert into takes values('94667', '808', '2', 'Fall', 2007, 'A+');
insert into takes values('93144', '916', '1', 'Fall', 2004, 'B+');
insert into takes values('18782', '794', '3', 'Fall', 2008, 'A+');
insert into takes values('47922', '867', '1', 'Spring', 2007, 'C+');
insert into takes values('70744', '859', '2', 'Spring', 2002, 'B+');
insert into takes values('69231', '328', '2', 'Fall', 2003, 'B ');
insert into takes values('67018', '884', '3', 'Spring', 2004, 'C+');
insert into takes values('17700', '522', '4', 'Fall', 2007, 'B-');
insert into takes values('23186', '570', '3', 'Spring', 2001, 'C-');
insert into takes values('32203', '887', '3', 'Spring', 2006, 'A ');
insert into takes values('55863', '916', '3', 'Fall', 2003, 'B ');
insert into takes values('69417', '867', '4', 'Spring', 2002, 'B ');
insert into takes values('32203', '311', '1', 'Fall', 2008, 'B ');
insert into takes values('5937', '179', '1', 'Spring', 2008, 'B-');
insert into takes values('69809', '446', '4', 'Spring', 2005, 'C ');
insert into takes values('40364', '859', '1', 'Fall', 2010, 'B-');
insert into takes values('93055', '808', '4', 'Fall', 2005, 'B+');
insert into takes values('8206', '584', '2', 'Spring', 2002, 'C+');
insert into takes values('33035', '475', '1', 'Fall', 2005, 'A-');
insert into takes values('11071', '383', '1', 'Spring', 2008, 'A+');
insert into takes values('76820', '241', '1', 'Fall', 2006, 'A+');
insert into takes values('50727', '193', '1', 'Fall', 2004, 'A ');
insert into takes values('76570', '826', '1', 'Fall', 2009, 'B-');
insert into takes values('41113', '557', '1', 'Spring', 2001, 'B-');
insert into takes values('84479', '604', '2', 'Fall', 2009, 'B+');
insert into takes values('64474', '673', '2', 'Spring', 2009, 'A ');
insert into takes values('43524', '212', '3', 'Spring', 2007, 'C+');
insert into takes values('28471', '363', '1', 'Spring', 2003, 'A+');
insert into takes values('26813', '948', '6', 'Spring', 2005, 'B+');
insert into takes values('38196', '884', '2', 'Fall', 2005, 'C ');
insert into takes values('17591', '584', '3', 'Spring', 2007, 'B ');
insert into takes values('39403', '241', '1', 'Fall', 2006, 'B-');
insert into takes values('76570', '185', '4', 'Spring', 2003, 'B+');
insert into takes values('7803', '503', '1', 'Spring', 2009, 'C+');
insert into takes values('22843', '522', '3', 'Fall', 2002, 'A ');
insert into takes values('52196', '495', '2', 'Fall', 2009, 'B+');
insert into takes values('37933', '808', '1', 'Fall', 2006, 'B+');
insert into takes values('32203', '336', '2', 'Fall', 2009, 'C ');
insert into takes values('3519', '520', '1', 'Fall', 2005, 'C ');
insert into takes values('84492', '520', '1', 'Fall', 2005, 'C-');
insert into takes values('43524', '705', '3', 'Spring', 2007, 'A-');
insert into takes values('39403', '782', '2', 'Spring', 2001, 'A ');
insert into takes values('31180', '542', '2', 'Spring', 2006, 'A-');
insert into takes values('44692', '648', '1', 'Fall', 2008, 'C-');
insert into takes values('33035', '520', '1', 'Fall', 2005, 'A+');
insert into takes values('64474', '304', '1', 'Fall', 2005, 'B+');
insert into takes values('48045', '885', '1', 'Fall', 2001, 'A ');
insert into takes values('9006', '475', '1', 'Fall', 2005, 'C ');
insert into takes values('9281', '195', '1', 'Fall', 2007, 'C ');
insert into takes values('81781', '326', '2', 'Spring', 2006, 'C-');
insert into takes values('96888', '871', '2', 'Spring', 2007, 'B ');
insert into takes values('21866', '322', '1', 'Fall', 2005, 'A ');
insert into takes values('92955', '918', '3', 'Fall', 2007, 'A ');
insert into takes values('8206', '363', '3', 'Fall', 2006, 'B ');
insert into takes values('64474', '142', '2', 'Fall', 2005, 'C-');
insert into takes values('88262', '584', '2', 'Spring', 2002, 'C-');
insert into takes values('93144', '871', '2', 'Spring', 2007, 'C+');
insert into takes values('84479', '976', '2', 'Spring', 2003, 'C ');
insert into takes values('8659', '195', '1', 'Fall', 2007, 'A+');
insert into takes values('7803', '690', '2', 'Fall', 2002, 'B-');
insert into takes values('42430', '879', '3', 'Spring', 2001, 'C+');
insert into takes values('76884', '522', '2', 'Spring', 2004, 'B ');
insert into takes values('35691', '343', '2', 'Fall', 2007, 'A ');
insert into takes values('23186', '520', '1', 'Fall', 2005, 'A ');
insert into takes values('92955', '969', '3', 'Fall', 2010, 'C-');
insert into takes values('94505', '782', '2', 'Spring', 2001, 'C-');
insert into takes values('27834', '989', '1', 'Fall', 2004, 'B+');
insert into takes values('69231', '475', '2', 'Fall', 2008, 'C+');
insert into takes values('87717', '293', '1', 'Fall', 2003, 'A-');
insert into takes values('89640', '666', '2', 'Fall', 2003, 'C+');
insert into takes values('18321', '446', '4', 'Spring', 2005, 'A-');
insert into takes values('55493', '352', '1', 'Spring', 2006, 'C+');
insert into takes values('61108', '887', '2', 'Fall', 2003, 'A+');
insert into takes values('31180', '918', '3', 'Fall', 2007, 'C ');
insert into takes values('15469', '717', '1', 'Fall', 2005, 'C ');
insert into takes values('84558', '624', '2', 'Fall', 2010, 'B-');
insert into takes values('24942', '918', '4', 'Spring', 2002, 'A-');
insert into takes values('44795', '386', '2', 'Fall', 2009, 'C ');
insert into takes values('95231', '584', '1', 'Fall', 2008, 'A ');
insert into takes values('37505', '107', '1', 'Spring', 2001, 'B ');
insert into takes values('44692', '771', '1', 'Fall', 2010, 'A ');
insert into takes values('19750', '524', '2', 'Fall', 2010, 'B ');
insert into takes values('41115', '522', '2', 'Spring', 2004, 'C ');
insert into takes values('5341', '146', '1', 'Spring', 2008, 'B ');
insert into takes values('71898', '976', '3', 'Fall', 2003, 'C-');
insert into takes values('96489', '179', '1', 'Spring', 2008, 'B+');
insert into takes values('26813', '336', '1', 'Fall', 2004, 'B+');
insert into takes values('11007', '969', '2', 'Spring', 2006, 'A-');
insert into takes values('15785', '794', '4', 'Spring', 2007, 'A-');
insert into takes values('29728', '495', '3', 'Fall', 2006, 'C-');
insert into takes values('84492', '877', '3', 'Fall', 2006, 'A ');
insert into takes values('23186', '584', '2', 'Spring', 2002, 'C-');
insert into takes values('81328', '782', '3', 'Fall', 2010, 'A+');
insert into takes values('14925', '189', '3', 'Fall', 2005, 'B ');
insert into takes values('81993', '363', '2', 'Fall', 2010, 'A+');
insert into takes values('31700', '446', '4', 'Spring', 2005, 'B-');
insert into takes values('32441', '446', '2', 'Spring', 2002, 'C ');
insert into takes values('53339', '969', '1', 'Fall', 2002, 'C ');
insert into takes values('22267', '885', '4', 'Fall', 2009, 'A ');
insert into takes values('9281', '268', '3', 'Spring', 2006, 'A+');
insert into takes values('33863', '883', '2', 'Fall', 2010, 'C+');
insert into takes values('27834', '892', '1', 'Fall', 2002, 'A ');
insert into takes values('47148', '387', '2', 'Spring', 2006, 'C ');
insert into takes values('92103', '354', '4', 'Spring', 2002, 'A ');
insert into takes values('28115', '231', '2', 'Fall', 2004, 'B+');
insert into takes values('35484', '418', '2', 'Spring', 2005, 'C+');
insert into takes values('22267', '980', '3', 'Fall', 2010, 'C ');
insert into takes values('22843', '495', '3', 'Fall', 2006, 'A ');
insert into takes values('79794', '838', '1', 'Spring', 2009, 'B-');
insert into takes values('81328', '443', '1', 'Fall', 2008, 'C+');
insert into takes values('33716', '286', '1', 'Fall', 2006, 'B+');
insert into takes values('37933', '189', '2', 'Spring', 2001, 'C+');
insert into takes values('11007', '986', '1', 'Fall', 2008, 'C ');
insert into takes values('92103', '354', '6', 'Fall', 2002, 'C+');
insert into takes values('42714', '956', '2', 'Fall', 2009, 'C+');
insert into takes values('33035', '717', '1', 'Fall', 2005, 'B ');
insert into takes values('44795', '268', '1', 'Spring', 2006, 'B ');
insert into takes values('8206', '837', '1', 'Spring', 2005, 'A-');
insert into takes values('53297', '465', '1', 'Fall', 2004, 'B ');
insert into takes values('3519', '814', '1', 'Fall', 2004, 'B-');
insert into takes values('3153', '486', '2', 'Fall', 2007, 'C-');
insert into takes values('69417', '502', '1', 'Spring', 2003, 'A ');
insert into takes values('73465', '885', '1', 'Fall', 2001, 'B+');
insert into takes values('73059', '500', '3', 'Fall', 2005, 'C ');
insert into takes values('9367', '279', '1', 'Fall', 2006, 'B ');
insert into takes values('55493', '686', '3', 'Spring', 2008, 'A+');
insert into takes values('27165', '142', '2', 'Fall', 2005, 'B-');
insert into takes values('42714', '418', '2', 'Spring', 2005, 'A-');
insert into takes values('33035', '793', '1', 'Spring', 2003, 'B ');
insert into takes values('35484', '128', '1', 'Spring', 2007, 'B ');
insert into takes values('61108', '798', '2', 'Spring', 2010, 'C ');
insert into takes values('56030', '119', '2', 'Fall', 2003, 'C+');
insert into takes values('41115', '128', '2', 'Spring', 2004, 'B+');
insert into takes values('8206', '429', '1', 'Spring', 2009, 'B ');
insert into takes values('5937', '800', '1', 'Fall', 2002, 'C-');
insert into takes values('81781', '867', '4', 'Spring', 2002, 'A ');
insert into takes values('12207', '311', '1', 'Fall', 2008, 'C-');
insert into takes values('37714', '976', '1', 'Fall', 2010, 'B ');
insert into takes values('55493', '466', '2', 'Spring', 2008, 'B-');
insert into takes values('88262', '542', '2', 'Spring', 2006, 'B+');
insert into takes values('15785', '798', '1', 'Spring', 2006, 'C-');
insert into takes values('17591', '232', '4', 'Spring', 2009, 'B+');
insert into takes values('26813', '648', '1', 'Fall', 2008, 'C+');
insert into takes values('48182', '956', '2', 'Fall', 2009, 'C-');
insert into takes values('41113', '719', '2', 'Spring', 2009, 'A+');
insert into takes values('30342', '162', '3', 'Fall', 2007, 'B-');
insert into takes values('97179', '314', '1', 'Spring', 2006, 'C ');
insert into takes values('79791', '763', '1', 'Spring', 2001, 'B+');
insert into takes values('79794', '867', '3', 'Spring', 2009, 'B-');
insert into takes values('5341', '885', '1', 'Fall', 2001, 'C ');
insert into takes values('54705', '234', '3', 'Fall', 2005, 'A-');
insert into takes values('97173', '247', '3', 'Spring', 2004, 'A ');
insert into takes values('28471', '659', '1', 'Spring', 2009, 'B+');
insert into takes values('44269', '570', '2', 'Fall', 2003, 'A+');
insert into takes values('89175', '318', '1', 'Spring', 2004, 'B ');
insert into takes values('55271', '885', '4', 'Fall', 2009, 'A-');
insert into takes values('18782', '345', '2', 'Fall', 2010, 'A+');
insert into takes values('67182', '142', '1', 'Spring', 2007, 'A+');
insert into takes values('97179', '782', '3', 'Fall', 2010, 'C-');
insert into takes values('5341', '859', '2', 'Spring', 2002, 'A-');
insert into takes values('76570', '980', '3', 'Fall', 2010, 'A+');
insert into takes values('41416', '976', '2', 'Spring', 2003, 'A ');
insert into takes values('50727', '989', '1', 'Fall', 2004, 'B-');
insert into takes values('11071', '554', '2', 'Fall', 2010, 'B+');
insert into takes values('16128', '584', '3', 'Spring', 2007, 'B+');
insert into takes values('89682', '584', '2', 'Spring', 2002, 'A+');
insert into takes values('22267', '466', '2', 'Spring', 2008, 'B ');
insert into takes values('38074', '648', '2', 'Fall', 2010, 'A ');
insert into takes values('71206', '808', '2', 'Fall', 2007, 'C-');
insert into takes values('81339', '752', '1', 'Spring', 2001, 'B ');
insert into takes values('45611', '808', '1', 'Fall', 2006, 'C+');
insert into takes values('12893', '185', '5', 'Spring', 2003, 'C-');
insert into takes values('84558', '466', '1', 'Spring', 2002, 'A+');
insert into takes values('94667', '659', '1', 'Spring', 2009, 'A+');
insert into takes values('7089', '674', '4', 'Fall', 2006, 'B-');
insert into takes values('96489', '522', '2', 'Spring', 2004, 'C-');
insert into takes values('62124', '443', '1', 'Fall', 2008, 'C ');
insert into takes values('66593', '557', '2', 'Fall', 2009, 'B-');
insert into takes values('33716', '179', '2', 'Spring', 2005, 'B ');
insert into takes values('22843', '798', '3', 'Fall', 2006, 'A ');
insert into takes values('37933', '873', '2', 'Fall', 2005, 'B+');
insert into takes values('39403', '266', '1', 'Fall', 2008, 'B+');
insert into takes values('97173', '918', '4', 'Spring', 2002, 'C ');
insert into takes values('62818', '521', '2', 'Fall', 2003, 'B+');
insert into takes values('76820', '128', '3', 'Spring', 2009, 'C+');
insert into takes values('9006', '266', '4', 'Spring', 2001, 'A-');
insert into takes values('63118', '465', '2', 'Fall', 2003, 'B-');
insert into takes values('28115', '554', '1', 'Spring', 2009, 'C+');
insert into takes values('89682', '322', '1', 'Fall', 2005, 'A ');
insert into takes values('67018', '524', '1', 'Fall', 2009, 'A+');
insert into takes values('63118', '231', '3', 'Fall', 2003, 'C ');
insert into takes values('81339', '782', '2', 'Spring', 2001, 'C-');
insert into takes values('45998', '879', '2', 'Spring', 2010, 'B ');
insert into takes values('73587', '268', '3', 'Spring', 2006, 'B-');
insert into takes values('69417', '128', '1', 'Spring', 2007, 'A-');
insert into takes values('69152', '286', '1', 'Fall', 2006, 'A-');
insert into takes values('92103', '473', '1', 'Fall', 2010, 'C ');
insert into takes values('97179', '916', '1', 'Fall', 2004, 'B ');
insert into takes values('42714', '899', '1', 'Spring', 2005, 'A ');
insert into takes values('44269', '570', '1', 'Spring', 2005, 'B+');
insert into takes values('66593', '486', '2', 'Fall', 2007, 'C ');
insert into takes values('13874', '888', '1', 'Spring', 2002, 'A-');
insert into takes values('44269', '162', '2', 'Spring', 2008, 'A-');
insert into takes values('43425', '692', '1', 'Spring', 2004, 'A ');
insert into takes values('22267', '203', '1', 'Fall', 2001, 'A-');
insert into takes values('48115', '268', '2', 'Spring', 2008, 'C-');
insert into takes values('21866', '466', '1', 'Spring', 2002, 'C+');
insert into takes values('17591', '867', '3', 'Spring', 2009, 'C ');
insert into takes values('64511', '185', '4', 'Spring', 2003, 'A ');
insert into takes values('71206', '566', '1', 'Spring', 2004, 'C-');
insert into takes values('60478', '873', '3', 'Spring', 2007, 'C+');
insert into takes values('73059', '326', '1', 'Spring', 2010, 'B ');
insert into takes values('55884', '794', '3', 'Fall', 2008, 'B-');
insert into takes values('45998', '939', '1', 'Spring', 2008, 'C ');
insert into takes values('15785', '343', '1', 'Spring', 2009, 'B ');
insert into takes values('21227', '884', '1', 'Fall', 2002, 'C ');
insert into takes values('93144', '220', '1', 'Fall', 2005, 'B+');
insert into takes values('33716', '719', '1', 'Fall', 2004, 'B-');
insert into takes values('7803', '520', '1', 'Fall', 2005, 'B+');
insert into takes values('66593', '986', '2', 'Fall', 2003, 'B+');
insert into takes values('9281', '219', '2', 'Spring', 2008, 'C+');
insert into takes values('41115', '113', '2', 'Spring', 2006, 'C ');
insert into takes values('44692', '980', '1', 'Fall', 2007, 'C+');
insert into takes values('79794', '604', '3', 'Spring', 2009, 'B ');
insert into takes values('40364', '128', '4', 'Fall', 2009, 'C+');
insert into takes values('37505', '524', '2', 'Fall', 2010, 'C-');
insert into takes values('33863', '987', '1', 'Fall', 2002, 'B-');
insert into takes values('41115', '871', '1', 'Spring', 2010, 'A ');
insert into takes values('29728', '520', '3', 'Spring', 2008, 'A ');
insert into takes values('15469', '948', '4', 'Fall', 2010, 'C ');
insert into takes values('11094', '584', '2', 'Spring', 2002, 'C ');
insert into takes values('33863', '584', '3', 'Spring', 2007, 'B ');
insert into takes values('45611', '918', '3', 'Fall', 2007, 'B ');
insert into takes values('33035', '500', '2', 'Fall', 2009, 'A ');
insert into takes values('55271', '991', '3', 'Spring', 2008, 'B+');
insert into takes values('44973', '443', '3', 'Spring', 2007, 'A ');
insert into takes values('33035', '266', '3', 'Spring', 2007, 'C ');
insert into takes values('13874', '592', '1', 'Fall', 2003, 'C-');
insert into takes values('35484', '945', '1', 'Fall', 2001, 'C-');
insert into takes values('5341', '322', '2', 'Spring', 2005, 'B-');
insert into takes values('70143', '829', '1', 'Spring', 2005, 'C+');
insert into takes values('84779', '409', '2', 'Fall', 2007, 'B+');
insert into takes values('81781', '884', '1', 'Fall', 2002, 'C ');
insert into takes values('92955', '705', '1', 'Fall', 2001, 'A+');
insert into takes values('44973', '465', '1', 'Fall', 2004, 'A ');
insert into takes values('3153', '237', '1', 'Spring', 2007, 'B ');
insert into takes values('81781', '352', '1', 'Spring', 2006, 'B+');
insert into takes values('13874', '198', '1', 'Fall', 2006, 'C-');
insert into takes values('19199', '314', '1', 'Spring', 2006, 'C ');
insert into takes values('26813', '794', '5', 'Spring', 2009, 'C ');
insert into takes values('94929', '721', '1', 'Fall', 2010, 'B+');
insert into takes values('15785', '234', '2', 'Fall', 2008, 'A-');
insert into takes values('7803', '122', '2', 'Spring', 2006, 'A-');
insert into takes values('56527', '963', '1', 'Fall', 2008, 'B ');
insert into takes values('92103', '826', '1', 'Fall', 2009, 'B ');
insert into takes values('55493', '794', '3', 'Fall', 2008, 'B+');
insert into takes values('44538', '237', '2', 'Fall', 2008, 'C ');
insert into takes values('3519', '771', '1', 'Fall', 2010, 'A+');
insert into takes values('9006', '731', '1', 'Fall', 2009, 'C+');
insert into takes values('42430', '241', '1', 'Fall', 2006, 'B+');
insert into takes values('24696', '686', '3', 'Spring', 2008, 'A ');
insert into takes values('56073', '837', '2', 'Spring', 2005, 'B+');
insert into takes values('9006', '604', '3', 'Spring', 2009, 'B-');
insert into takes values('5907', '939', '2', 'Fall', 2001, 'C+');
insert into takes values('70143', '774', '2', 'Fall', 2001, 'A ');
insert into takes values('87717', '829', '3', 'Spring', 2004, 'B+');
insert into takes values('89633', '162', '1', 'Spring', 2002, 'A ');
insert into takes values('56073', '980', '2', 'Spring', 2004, 'A+');
insert into takes values('56527', '326', '2', 'Spring', 2006, 'C-');
insert into takes values('42714', '212', '3', 'Spring', 2007, 'B-');
insert into takes values('60478', '592', '1', 'Fall', 2003, 'A+');
insert into takes values('93144', '279', '1', 'Fall', 2006, 'A+');
insert into takes values('31700', '161', '1', 'Spring', 2003, 'B ');
insert into takes values('94505', '536', '1', 'Fall', 2005, 'B ');
insert into takes values('26813', '976', '1', 'Fall', 2010, 'A-');
insert into takes values('8596', '354', '7', 'Fall', 2002, 'A-');
insert into takes values('94279', '918', '5', 'Fall', 2009, 'C-');
insert into takes values('69231', '991', '2', 'Fall', 2005, 'C+');
insert into takes values('18208', '363', '3', 'Fall', 2006, 'A ');
insert into takes values('81328', '343', '1', 'Spring', 2009, 'A-');
insert into takes values('44692', '918', '2', 'Spring', 2008, 'C+');
insert into takes values('29739', '648', '1', 'Fall', 2008, 'A ');
insert into takes values('38220', '794', '5', 'Spring', 2009, 'C ');
insert into takes values('76570', '500', '1', 'Spring', 2007, 'B-');
insert into takes values('67182', '945', '5', 'Fall', 2005, 'A ');
insert into takes values('95231', '162', '2', 'Spring', 2008, 'B-');
insert into takes values('33035', '945', '1', 'Fall', 2001, 'B+');
insert into takes values('40364', '386', '1', 'Fall', 2005, 'C-');
insert into takes values('76889', '248', '2', 'Fall', 2005, 'B-');
insert into takes values('94929', '266', '2', 'Fall', 2008, 'C ');
insert into takes values('33863', '161', '2', 'Spring', 2007, 'B-');
insert into takes values('89175', '179', '2', 'Spring', 2005, 'B+');
insert into takes values('56030', '884', '2', 'Fall', 2005, 'A+');
insert into takes values('29739', '185', '2', 'Fall', 2010, 'C ');
insert into takes values('52135', '237', '1', 'Spring', 2007, 'B ');
insert into takes values('11094', '386', '2', 'Fall', 2009, 'A-');
insert into takes values('71949', '232', '1', 'Fall', 2006, 'B ');
insert into takes values('33863', '465', '1', 'Fall', 2004, 'C-');
insert into takes values('84492', '343', '3', 'Fall', 2009, 'A+');
insert into takes values('48115', '234', '2', 'Fall', 2008, 'A ');
insert into takes values('84779', '339', '2', 'Spring', 2005, 'C-');
insert into takes values('75796', '557', '1', 'Spring', 2001, 'B+');
insert into takes values('38196', '666', '1', 'Fall', 2009, 'B+');
insert into takes values('89682', '189', '2', 'Spring', 2001, 'C+');
insert into takes values('93144', '495', '2', 'Fall', 2009, 'A-');
insert into takes values('53339', '314', '1', 'Spring', 2006, 'B ');
insert into takes values('67692', '232', '2', 'Fall', 2008, 'A-');
insert into takes values('73587', '877', '1', 'Fall', 2003, 'C ');
insert into takes values('18321', '231', '1', 'Spring', 2010, 'A+');
insert into takes values('23186', '885', '1', 'Fall', 2001, 'B ');
insert into takes values('18208', '332', '1', 'Fall', 2006, 'C+');
insert into takes values('97179', '866', '1', 'Fall', 2005, 'A-');
insert into takes values('40364', '814', '1', 'Fall', 2004, 'A+');
insert into takes values('18782', '142', '3', 'Fall', 2005, 'A+');
insert into takes values('69417', '266', '4', 'Spring', 2001, 'A+');
insert into takes values('55863', '263', '1', 'Spring', 2003, 'A ');
insert into takes values('15785', '354', '5', 'Fall', 2008, 'C ');
insert into takes values('5937', '892', '1', 'Fall', 2002, 'A-');
insert into takes values('50727', '363', '4', 'Spring', 2009, 'C ');
insert into takes values('71949', '956', '1', 'Fall', 2005, 'C+');
insert into takes values('32441', '113', '2', 'Spring', 2006, 'A+');
insert into takes values('67692', '686', '1', 'Fall', 2005, 'B ');
insert into takes values('9367', '128', '4', 'Fall', 2009, 'C ');
insert into takes values('31180', '386', '1', 'Fall', 2005, 'B-');
insert into takes values('53359', '686', '1', 'Fall', 2005, 'C-');
insert into takes values('87717', '343', '3', 'Fall', 2009, 'A-');
insert into takes values('8659', '398', '2', 'Fall', 2008, 'C ');
insert into takes values('47148', '495', '3', 'Fall', 2006, 'C-');
insert into takes values('38074', '793', '1', 'Spring', 2003, 'A ');
insert into takes values('31700', '686', '2', 'Spring', 2008, 'B+');
insert into takes values('41089', '443', '2', 'Fall', 2008, 'C-');
insert into takes values('89633', '536', '2', 'Spring', 2001, 'A+');
insert into takes values('71206', '231', '2', 'Fall', 2004, 'B-');
insert into takes values('31700', '674', '2', 'Fall', 2007, 'B-');
insert into takes values('41089', '657', '1', 'Spring', 2009, 'C-');
insert into takes values('55863', '146', '1', 'Spring', 2008, 'A+');
insert into takes values('16128', '231', '3', 'Fall', 2003, 'A-');
insert into takes values('30706', '475', '2', 'Fall', 2008, 'C-');
insert into takes values('28885', '939', '1', 'Spring', 2008, 'A-');
insert into takes values('50562', '800', '1', 'Fall', 2002, 'C ');
insert into takes values('87717', '446', '1', 'Fall', 2009, 'C+');
insert into takes values('95231', '234', '2', 'Fall', 2008, 'B ');
insert into takes values('20150', '829', '2', 'Spring', 2004, 'C ');
insert into takes values('62818', '584', '2', 'Spring', 2002, 'B+');
insert into takes values('3153', '976', '2', 'Spring', 2003, 'B+');
insert into takes values('36966', '465', '2', 'Fall', 2003, 'B-');
insert into takes values('59603', '916', '1', 'Fall', 2004, 'A-');
insert into takes values('84479', '719', '2', 'Spring', 2009, 'C+');
insert into takes values('29728', '887', '3', 'Spring', 2006, 'B ');
insert into takes values('84479', '686', '2', 'Spring', 2008, 'B ');
insert into takes values('8596', '837', '2', 'Spring', 2005, 'A-');
insert into takes values('37933', '794', '3', 'Fall', 2008, 'A-');
insert into takes values('97179', '918', '4', 'Spring', 2002, 'C+');
insert into takes values('13874', '570', '2', 'Fall', 2003, 'B ');
insert into takes values('41416', '976', '5', 'Spring', 2010, 'B ');
insert into takes values('17591', '212', '4', 'Spring', 2007, 'C ');
insert into takes values('16128', '884', '2', 'Fall', 2005, 'B-');
insert into takes values('60074', '867', '4', 'Spring', 2002, 'B+');
insert into takes values('21227', '686', '1', 'Fall', 2005, 'B ');
insert into takes values('41113', '794', '3', 'Fall', 2008, 'C+');
insert into takes values('12207', '721', '3', 'Fall', 2010, 'B+');
insert into takes values('71206', '648', '1', 'Fall', 2008, 'C+');
insert into takes values('87717', '604', '3', 'Spring', 2009, 'C ');
insert into advisor values('41115', '43190');
insert into advisor values('50562', '12704');
insert into advisor values('9367', '72537');
insert into advisor values('8596', '11345');
insert into advisor values('44973', '63043');
insert into advisor values('43028', '43190');
insert into advisor values('52135', '49837');
insert into advisor values('71898', '25909');
insert into advisor values('90237', '91604');
insert into advisor values('33035', '9143');
insert into advisor values('84558', '12704');
insert into advisor values('94929', '12704');
insert into advisor values('52196', '91604');
insert into advisor values('88262', '89138');
insert into advisor values('71826', '32681');
insert into advisor values('41000', '89022');
insert into advisor values('48182', '90804');
insert into advisor values('92867', '84365');
insert into advisor values('73465', '84365');
insert into advisor values('15469', '49837');
insert into advisor values('45611', '55893');
insert into advisor values('60002', '24465');
insert into advisor values('39882', '91604');
insert into advisor values('71949', '68198');
insert into advisor values('76889', '1062');
insert into advisor values('9281', '32681');
insert into advisor values('60074', '84365');
insert into advisor values('41113', '24465');
insert into advisor values('49751', '43612');
insert into advisor values('18782', '37990');
insert into advisor values('62818', '42985');
insert into advisor values('11071', '72636');
insert into advisor values('44538', '43190');
insert into advisor values('17591', '40799');
insert into advisor values('89175', '55402');
insert into advisor values('40364', '42985');
insert into advisor values('32571', '70923');
insert into advisor values('21227', '96384');
insert into advisor values('62224', '81329');
insert into advisor values('47343', '30861');
insert into advisor values('67182', '25909');
insert into advisor values('68730', '68198');
insert into advisor values('68403', '21949');
insert into advisor values('96888', '49837');
insert into advisor values('32203', '55893');
insert into advisor values('69088', '49837');
insert into advisor values('94279', '49837');
insert into advisor values('31700', '36565');
insert into advisor values('50727', '89022');
insert into advisor values('26813', '87510');
insert into advisor values('47922', '78730');
insert into advisor values('5937', '11345');
insert into advisor values('22267', '32681');
insert into advisor values('79791', '9143');
insert into advisor values('81339', '19311');
insert into advisor values('29728', '85347');
insert into advisor values('38619', '68198');
insert into advisor values('75509', '63043');
insert into advisor values('15785', '25909');
insert into advisor values('48045', '18206');
insert into advisor values('70143', '25909');
insert into advisor values('44269', '98475');
insert into advisor values('66593', '72537');
insert into advisor values('55271', '86874');
insert into advisor values('27165', '30861');
insert into advisor values('19062', '36565');
insert into advisor values('21866', '23146');
insert into advisor values('56030', '36565');
insert into advisor values('35691', '24702');
insert into advisor values('8206', '63043');
insert into advisor values('33611', '43612');
insert into advisor values('19199', '86874');
insert into advisor values('37505', '80723');
insert into advisor values('55635', '85347');
insert into advisor values('84779', '96384');
insert into advisor values('24696', '80723');
insert into advisor values('44692', '63043');
insert into advisor values('87717', '24702');
insert into advisor values('12495', '25519');
insert into advisor values('42714', '23146');
insert into advisor values('53339', '96384');
insert into advisor values('43425', '82094');
insert into advisor values('11007', '25909');
insert into advisor values('3153', '23146');
insert into advisor values('84492', '87510');
insert into advisor values('92103', '89022');
insert into advisor values('69152', '37404');
insert into advisor values('4076', '63043');
insert into advisor values('84479', '1062');
insert into advisor values('61108', '36565');
insert into advisor values('27834', '43612');
insert into advisor values('7803', '32681');
insert into advisor values('94505', '40720');
insert into advisor values('33863', '85347');
insert into advisor values('13874', '24702');
insert into advisor values('29739', '89022');
insert into advisor values('94273', '43190');
insert into advisor values('22687', '87510');
insert into advisor values('81328', '98475');
insert into advisor values('67018', '84365');
insert into advisor values('42430', '91604');
insert into advisor values('92955', '25519');
insert into advisor values('76697', '30861');
insert into advisor values('4425', '18206');
insert into advisor values('20150', '78730');
insert into advisor values('55863', '85347');
insert into advisor values('97173', '68198');
insert into advisor values('75796', '21949');
insert into advisor values('64511', '23146');
insert into advisor values('33716', '87510');
insert into advisor values('85705', '1062');
insert into advisor values('76570', '72636');
insert into advisor values('7089', '86874');
insert into advisor values('67504', '98475');
insert into advisor values('71965', '84365');
insert into advisor values('94667', '19311');
insert into advisor values('89633', '55402');
insert into advisor values('65353', '42985');
insert into advisor values('28471', '55893');
insert into advisor values('48115', '72636');
insert into advisor values('19750', '12704');
insert into advisor values('5341', '81748');
insert into advisor values('12893', '36565');
insert into advisor values('73059', '55893');
insert into advisor values('11094', '25584');
insert into advisor values('31180', '82811');
insert into advisor values('86', '96384');
insert into advisor values('41416', '84365');
insert into advisor values('81993', '43190');
insert into advisor values('8659', '11345');
insert into advisor values('89640', '23146');
insert into advisor values('89873', '93919');
insert into advisor values('76820', '43190');
insert into advisor values('79794', '91604');
insert into advisor values('32441', '55402');
insert into advisor values('37933', '42985');
insert into advisor values('45998', '36565');
insert into advisor values('36966', '11345');
insert into advisor values('18321', '37404');
insert into advisor values('96489', '72636');
insert into advisor values('9006', '89022');
insert into advisor values('63118', '90804');
insert into advisor values('46582', '11345');
insert into advisor values('22965', '93919');
insert into advisor values('56073', '84365');
insert into advisor values('69417', '93919');
insert into advisor values('24942', '82094');
insert into advisor values('95231', '63043');
insert into advisor values('93144', '40720');
insert into advisor values('81781', '24702');
insert into advisor values('84416', '55893');
insert into advisor values('54997', '24465');
insert into advisor values('56527', '68198');
insert into advisor values('53297', '78730');
insert into advisor values('73587', '89022');
insert into advisor values('71206', '93919');
insert into advisor values('96486', '82811');
insert into advisor values('44795', '49837');
insert into advisor values('47148', '40720');
insert into advisor values('41089', '72537');
insert into advisor values('30706', '37404');
insert into advisor values('37714', '72537');
insert into advisor values('23186', '55893');
insert into advisor values('59603', '40799');
insert into advisor values('55884', '82094');
insert into advisor values('38196', '25909');
insert into advisor values('62124', '42985');
insert into advisor values('67692', '23146');
insert into advisor values('31272', '42985');
insert into advisor values('3519', '32681');
insert into advisor values('18208', '84365');
insert into advisor values('64474', '40720');
insert into advisor values('60478', '81748');
insert into advisor values('28115', '37404');
insert into advisor values('74646', '24465');
insert into advisor values('39403', '42985');
insert into advisor values('43524', '84365');
insert into advisor values('14925', '1062');
insert into advisor values('89682', '89022');
insert into advisor values('80270', '80723');
insert into advisor values('54705', '81748');
insert into advisor values('38220', '40720');
insert into advisor values('35484', '43612');
insert into advisor values('7729', '32681');
insert into advisor values('38074', '9143');
insert into advisor values('69231', '36565');
insert into advisor values('22843', '43612');
insert into advisor values('17700', '42985');
insert into advisor values('70744', '72636');
insert into advisor values('28885', '25857');
insert into advisor values('76884', '96384');
insert into advisor values('5907', '36565');
insert into advisor values('93055', '82811');
insert into advisor values('97179', '16305');
insert into advisor values('53359', '37404');
insert into advisor values('12207', '19311');
insert into advisor values('30342', '78730');
insert into advisor values('16128', '40799');
insert into advisor values('69809', '80723');
insert into advisor values('55493', '89138');
insert into prereq values('311', '859');
insert into prereq values('113', '198');
insert into prereq values('345', '686');
insert into prereq values('939', '363');
insert into prereq values('445', '692');
insert into prereq values('354', '353');
insert into prereq values('247', '731');
insert into prereq values('867', '945');
insert into prereq values('799', '701');
insert into prereq values('342', '787');
insert into prereq values('918', '774');
insert into prereq values('987', '263');
insert into prereq values('445', '162');
insert into prereq values('865', '195');
insert into prereq values('624', '888');
insert into prereq values('793', '332');
insert into prereq values('752', '204');
insert into prereq values('698', '542');
insert into prereq values('280', '814');
insert into prereq values('666', '280');
insert into prereq values('296', '152');
insert into prereq values('502', '771');
insert into prereq values('877', '279');
insert into prereq values('791', '888');
insert into prereq values('991', '344');
insert into prereq values('203', '386');
insert into prereq values('219', '503');
insert into prereq values('731', '386');
insert into prereq values('266', '495');
insert into prereq values('294', '892');
insert into prereq values('692', '859');
insert into prereq values('764', '465');
insert into prereq values('429', '961');
insert into prereq values('566', '791');
insert into prereq values('348', '500');
insert into prereq values('945', '877');
insert into prereq values('779', '311');
insert into prereq values('339', '279');
insert into prereq values('503', '234');
insert into prereq values('918', '976');
insert into prereq values('878', '673');
insert into prereq values('583', '838');
insert into prereq values('434', '566');
insert into prereq values('293', '918');
insert into prereq values('387', '119');
insert into prereq values('354', '209');
insert into prereq values('443', '339');
insert into prereq values('280', '956');
insert into prereq values('779', '162');
insert into prereq values('888', '355');
insert into prereq values('398', '752');
insert into prereq values('800', '604');
insert into prereq values('232', '812');
insert into prereq values('127', '418');
insert into prereq values('692', '161');
insert into prereq values('542', '866');
insert into prereq values('921', '127');
insert into prereq values('883', '887');
insert into prereq values('465', '266');
insert into prereq values('348', '355');
insert into prereq values('363', '799');
insert into prereq values('976', '386');
insert into prereq values('705', '465');
insert into prereq values('142', '425');
insert into prereq values('878', '798');
insert into prereq values('896', '495');
insert into prereq values('307', '342');
insert into prereq values('867', '624');
insert into prereq values('293', '318');
insert into prereq values('263', '520');
insert into prereq values('763', '294');
insert into prereq values('583', '791');
insert into prereq values('763', '674');
insert into prereq values('122', '204');
insert into prereq values('674', '449');
insert into prereq values('698', '474');
insert into prereq values('113', '574');
insert into prereq values('793', '709');
insert into prereq values('859', '774');
insert into prereq values('879', '266');
insert into prereq values('209', '987');
insert into prereq values('203', '692');
insert into prereq values('193', '353');
insert into prereq values('888', '495');
insert into prereq values('521', '721');
insert into prereq values('624', '209');
insert into prereq values('686', '961');
insert into prereq values('113', '348');
insert into prereq values('332', '204');
insert into prereq values('343', '179');
insert into prereq values('648', '264');
insert into prereq values('112', '162');
insert into prereq values('521', '793');
insert into prereq values('963', '554');
insert into prereq values('673', '659');
insert into prereq values('600', '939');
insert into prereq values('879', '600');
insert into prereq values('948', '280');
insert into prereq values('673', '871');
insert into prereq values('889', '600');
