insert into classroom values('F', 738, 121);
insert into classroom values('G', 411, 26);
insert into classroom values('J', 187, 63);
insert into classroom values('G', 650, 86);
insert into classroom values('C', 313, 21);
insert into classroom values('F', 830, 10);
insert into classroom values('D', 890, 127);
insert into classroom values('E', 879, 106);
insert into classroom values('G', 195, 21);
insert into classroom values('A', 146, 10);
insert into department values('SS', 'E', 11251.68);
insert into department values('GT', 'C', 707604.18);
insert into department values('RQ', 'A', 807507.24);
insert into department values('BN', 'C', 185694.39);
insert into department values('RR', 'G', 895000.93);
insert into department values('DF', 'E', 343391.02);
insert into department values('GF', 'I', 399016.22);
insert into department values('GO', 'J', 431268.80);
insert into department values('ED', 'J', 357091.19);
insert into department values('HH', 'D', 333105.77);
insert into course values('931', 'IF3030', 'BN', 3);
insert into course values('272', 'IF3120', 'GF', 4);
insert into course values('675', 'IF5555', 'GO', 3);
insert into course values('567', 'IF5555', 'GT', 3);
insert into course values('337', 'IF3031', 'SS', 4);
insert into course values('725', 'IF4041', 'RQ', 4);
insert into course values('826', 'IF3120', 'ED', 3);
insert into course values('813', 'IF3211', 'DF', 3);
insert into course values('853', 'IF3333', 'SS', 3);
insert into course values('456', 'IF0230', 'GT', 3);
insert into course values('821', 'IF3022', 'DF', 4);
insert into course values('598', 'IF0230', 'GT', 3);
insert into course values('483', 'IF0230', 'SS', 4);
insert into course values('712', 'IF5555', 'SS', 3);
insert into course values('913', 'IF3120', 'GT', 3);
insert into course values('981', 'IF3022', 'RQ', 3);
insert into course values('699', 'IF3333', 'ED', 3);
insert into course values('114', 'IF3031', 'RQ', 3);
insert into course values('367', 'IF4321', 'HH', 3);
insert into course values('196', 'IF3031', 'BN', 3);
insert into course values('477', 'IF5555', 'RR', 4);
insert into course values('277', 'IF3120', 'GT', 4);
insert into course values('778', 'IF3022', 'GO', 4);
insert into course values('586', 'IF3120', 'DF', 4);
insert into course values('346', 'IF5555', 'GO', 3);
insert into course values('847', 'IF4321', 'GT', 4);
insert into course values('904', 'IF4041', 'GF', 4);
insert into course values('328', 'IF3333', 'GF', 3);
insert into course values('189', 'IF4321', 'RQ', 3);
insert into course values('146', 'IF3333', 'GT', 3);
insert into course values('721', 'IF3120', 'SS', 3);
insert into course values('511', 'IF3031', 'ED', 3);
insert into course values('291', 'IF0230', 'BN', 4);
insert into course values('713', 'IF3333', 'RR', 4);
insert into course values('581', 'IF3031', 'BN', 4);
insert into course values('536', 'IF3211', 'GF', 3);
insert into course values('421', 'IF4321', 'DF', 4);
insert into course values('643', 'IF3031', 'GF', 4);
insert into course values('711', 'IF3022', 'HH', 4);
insert into course values('540', 'IF3211', 'GF', 4);
insert into course values('599', 'IF0230', 'HH', 4);
insert into course values('876', 'IF3333', 'RR', 4);
insert into course values('864', 'IF3120', 'RR', 3);
insert into course values('463', 'IF3031', 'GO', 4);
insert into course values('355', 'IF4321', 'GT', 4);
insert into course values('966', 'IF3333', 'GF', 3);
insert into course values('930', 'IF3031', 'RR', 4);
insert into course values('364', 'IF5555', 'RR', 3);
insert into course values('362', 'IF4041', 'ED', 3);
insert into course values('471', 'IF3333', 'GF', 4);
insert into course values('987', 'IF3120', 'DF', 3);
insert into course values('436', 'IF4041', 'ED', 3);
insert into course values('474', 'IF4041', 'RQ', 3);
insert into course values('908', 'IF3031', 'GO', 4);
insert into course values('994', 'IF5555', 'HH', 4);
insert into course values('532', 'IF3333', 'HH', 4);
insert into course values('797', 'IF3211', 'RR', 4);
insert into course values('591', 'IF3120', 'ED', 4);
insert into course values('104', 'IF3030', 'BN', 4);
insert into course values('410', 'IF4321', 'ED', 3);
insert into course values('785', 'IF4041', 'HH', 3);
insert into course values('704', 'IF0230', 'GO', 3);
insert into course values('352', 'IF3120', 'BN', 4);
insert into course values('294', 'IF3211', 'RQ', 3);
insert into course values('743', 'IF5555', 'GO', 3);
insert into course values('357', 'IF3120', 'GT', 3);
insert into course values('468', 'IF3030', 'HH', 3);
insert into course values('301', 'IF3120', 'HH', 4);
insert into course values('490', 'IF3031', 'GF', 4);
insert into course values('677', 'IF3333', 'ED', 4);
insert into course values('551', 'IF3120', 'RR', 4);
insert into course values('257', 'IF3333', 'ED', 4);
insert into course values('497', 'IF3211', 'GF', 4);
insert into course values('271', 'IF3022', 'DF', 3);
insert into course values('836', 'IF3120', 'SS', 3);
insert into course values('651', 'IF3030', 'RQ', 3);
insert into course values('137', 'IF5555', 'DF', 3);
insert into course values('979', 'IF3333', 'RR', 3);
insert into course values('374', 'IF4321', 'BN', 4);
insert into course values('803', 'IF3120', 'BN', 4);
insert into course values('172', 'IF3333', 'SS', 4);
insert into course values('524', 'IF3030', 'SS', 3);
insert into course values('639', 'IF4321', 'BN', 3);
insert into course values('691', 'IF3120', 'GO', 3);
insert into course values('117', 'IF3120', 'GF', 4);
insert into course values('296', 'IF3022', 'GT', 3);
insert into course values('147', 'IF5555', 'GO', 4);
insert into course values('861', 'IF3211', 'ED', 3);
insert into course values('616', 'IF0230', 'GT', 4);
insert into course values('814', 'IF3333', 'SS', 4);
insert into course values('896', 'IF3031', 'SS', 4);
insert into course values('672', 'IF5555', 'ED', 4);
insert into course values('854', 'IF0230', 'GT', 4);
insert into course values('225', 'IF3120', 'ED', 4);
insert into course values('665', 'IF4041', 'ED', 4);
insert into course values('687', 'IF4321', 'BN', 4);
insert into course values('473', 'IF3031', 'GO', 4);
insert into course values('700', 'IF3031', 'GF', 4);
insert into course values('198', 'IF4321', 'GO', 4);
insert into course values('965', 'IF0230', 'ED', 3);
insert into course values('741', 'IF3031', 'GO', 4);
insert into course values('825', 'IF3333', 'ED', 3);
insert into course values('402', 'IF3211', 'GF', 3);
insert into course values('242', 'IF3120', 'RQ', 3);
insert into course values('960', 'IF3031', 'GT', 4);
insert into course values('206', 'IF0230', 'BN', 3);
insert into course values('250', 'IF3211', 'ED', 3);
insert into course values('519', 'IF3333', 'RQ', 3);
insert into course values('375', 'IF4321', 'RR', 3);
insert into course values('431', 'IF3022', 'RQ', 3);
insert into course values('793', 'IF3031', 'ED', 3);
insert into course values('236', 'IF3211', 'RR', 3);
insert into course values('239', 'IF4041', 'RR', 3);
insert into course values('608', 'IF3030', 'BN', 4);
insert into course values('809', 'IF0230', 'GO', 3);
insert into course values('575', 'IF3031', 'RQ', 4);
insert into course values('703', 'IF3031', 'BN', 3);
insert into course values('356', 'IF0230', 'BN', 4);
insert into course values('401', 'IF3333', 'RQ', 3);
insert into course values('262', 'IF3120', 'HH', 3);
insert into course values('412', 'IF3120', 'ED', 4);
insert into course values('980', 'IF4321', 'GO', 4);
insert into course values('929', 'IF4321', 'RR', 4);
insert into course values('566', 'IF3030', 'GO', 3);
insert into course values('681', 'IF4041', 'GO', 4);
insert into course values('533', 'IF4321', 'GO', 4);
insert into course values('418', 'IF5555', 'GO', 3);
insert into course values('153', 'IF5555', 'BN', 3);
insert into course values('766', 'IF3333', 'GO', 4);
insert into course values('875', 'IF5555', 'GT', 4);
insert into course values('689', 'IF0230', 'BN', 4);
insert into course values('753', 'IF4041', 'BN', 4);
insert into course values('928', 'IF3120', 'ED', 4);
insert into course values('185', 'IF4321', 'HH', 4);
insert into course values('582', 'IF3030', 'BN', 4);
insert into course values('580', 'IF4321', 'ED', 3);
insert into course values('187', 'IF3211', 'BN', 4);
insert into course values('527', 'IF5555', 'BN', 3);
insert into course values('518', 'IF3030', 'BN', 3);
insert into course values('634', 'IF3333', 'SS', 3);
insert into course values('863', 'IF3333', 'BN', 3);
insert into course values('335', 'IF3120', 'RQ', 3);
insert into course values('203', 'IF3333', 'ED', 4);
insert into course values('805', 'IF3022', 'SS', 4);
insert into course values('752', 'IF3022', 'DF', 4);
insert into course values('444', 'IF4321', 'SS', 3);
insert into course values('698', 'IF0230', 'GT', 3);
insert into course values('233', 'IF3333', 'RQ', 4);
insert into course values('652', 'IF5555', 'BN', 4);
insert into course values('914', 'IF0230', 'RR', 3);
insert into course values('235', 'IF3333', 'HH', 3);
insert into course values('726', 'IF4041', 'GF', 4);
insert into course values('380', 'IF4041', 'RQ', 3);
insert into course values('181', 'IF4041', 'GT', 4);
insert into course values('888', 'IF3022', 'ED', 4);
insert into course values('791', 'IF3333', 'GO', 4);
insert into course values('939', 'IF4041', 'ED', 4);
insert into course values('368', 'IF3022', 'DF', 3);
insert into course values('636', 'IF0230', 'RR', 3);
insert into course values('555', 'IF3333', 'SS', 3);
insert into course values('564', 'IF3022', 'DF', 4);
insert into course values('815', 'IF5555', 'GT', 3);
insert into course values('213', 'IF3030', 'GT', 3);
insert into course values('748', 'IF4321', 'ED', 3);
insert into course values('942', 'IF4321', 'RQ', 3);
insert into course values('759', 'IF4321', 'BN', 4);
insert into course values('179', 'IF3030', 'ED', 4);
insert into course values('522', 'IF3022', 'GO', 4);
insert into course values('592', 'IF3031', 'GT', 4);
insert into course values('640', 'IF5555', 'GF', 3);
insert into course values('191', 'IF3211', 'HH', 3);
insert into course values('448', 'IF4321', 'RR', 4);
insert into course values('620', 'IF4041', 'GO', 3);
insert into course values('898', 'IF4041', 'SS', 3);
insert into course values('829', 'IF4041', 'RR', 4);
insert into course values('382', 'IF3211', 'HH', 3);
insert into course values('746', 'IF3031', 'DF', 3);
insert into course values('986', 'IF5555', 'SS', 3);
insert into course values('962', 'IF3211', 'GT', 3);
insert into course values('267', 'IF3120', 'GF', 4);
insert into course values('885', 'IF3031', 'SS', 3);
insert into course values('200', 'IF3031', 'RQ', 3);
insert into course values('222', 'IF3022', 'GT', 4);
insert into course values('417', 'IF3031', 'RQ', 4);
insert into course values('756', 'IF4321', 'SS', 4);
insert into course values('340', 'IF0230', 'HH', 4);
insert into course values('439', 'IF3211', 'GO', 3);
insert into course values('441', 'IF4321', 'SS', 4);
insert into course values('307', 'IF3333', 'HH', 4);
insert into course values('371', 'IF4041', 'RQ', 4);
insert into course values('574', 'IF3022', 'GF', 4);
insert into course values('720', 'IF4321', 'HH', 3);
insert into course values('558', 'IF3030', 'ED', 4);
insert into course values('139', 'IF3120', 'HH', 4);
insert into course values('379', 'IF3333', 'GF', 4);
insert into course values('744', 'IF3211', 'ED', 3);
insert into course values('515', 'IF3022', 'RR', 3);
insert into course values('693', 'IF3120', 'BN', 3);
insert into course values('493', 'IF3031', 'RQ', 3);
insert into course values('728', 'IF4321', 'BN', 3);
insert into instructor values('52791', 'Adri', 'GO', 92581.20);
insert into instructor values('93503', 'yuyun', 'GF', 117722.50);
insert into instructor values('35198', 'Adri', 'GO', 52069.11);
insert into instructor values('42167', 'Johan', 'RQ', 66559.59);
insert into instructor values('85029', 'Johan', 'SS', 82028.54);
insert into instructor values('98644', 'Josu', 'GO', 124190.16);
insert into instructor values('90621', 'Josu', 'SS', 65774.24);
insert into instructor values('17341', 'Yohan', 'RQ', 123285.21);
insert into instructor values('71984', 'Kiki', 'GF', 117787.12);
insert into instructor values('37327', 'Ahmad', 'RQ', 96855.06);
insert into instructor values('20388', 'Johan', 'SS', 104727.30);
insert into instructor values('49701', 'yuyun', 'RR', 112649.29);
insert into instructor values('28501', 'Johan', 'GF', 115896.38);
insert into instructor values('2418', 'Kiki', 'DF', 29029.05);
insert into instructor values('13276', 'rahmat', 'GT', 79172.60);
insert into instructor values('21828', 'Josu', 'SS', 97680.89);
insert into instructor values('57260', 'Johan', 'RR', 34164.96);
insert into instructor values('99328', 'Johan', 'SS', 80826.43);
insert into instructor values('94897', 'Johan', 'DF', 68180.25);
insert into instructor values('30858', 'Ande', 'RQ', 120992.72);
insert into instructor values('5809', 'Ande', 'RR', 92569.55);
insert into instructor values('1916', 'Ahmad', 'HH', 99942.67);
insert into instructor values('1132', 'Yohan', 'ED', 87118.29);
insert into instructor values('73355', 'Ahmad', 'BN', 50025.79);
insert into instructor values('51422', 'Josu', 'RQ', 68366.79);
insert into instructor values('36935', 'Yohan', 'SS', 35993.97);
insert into instructor values('80889', 'Budi', 'SS', 44095.79);
insert into instructor values('73368', 'Yohan', 'GT', 108237.74);
insert into instructor values('14509', 'Budi', 'BN', 100684.00);
insert into instructor values('97060', 'Adri', 'ED', 39433.21);
insert into instructor values('26274', 'yuyun', 'ED', 32642.63);
insert into instructor values('76934', 'Ande', 'GT', 95750.32);
insert into instructor values('90426', 'Budi', 'ED', 64354.26);
insert into instructor values('64758', 'Ande', 'DF', 61057.96);
insert into instructor values('9905', 'rahmat', 'GO', 32891.27);
insert into instructor values('14053', 'yuyun', 'GF', 127971.84);
insert into instructor values('60446', 'rahmat', 'GT', 97761.49);
insert into instructor values('96415', 'Ande', 'SS', 93126.14);
insert into instructor values('85649', 'Josu', 'SS', 118526.58);
insert into instructor values('7688', 'yuyun', 'DF', 45709.96);
insert into instructor values('31829', 'yuyun', 'GF', 94461.22);
insert into instructor values('1505', 'rahmat', 'HH', 118094.97);
insert into instructor values('96333', 'yuyun', 'SS', 91768.89);
insert into instructor values('27363', 'Ahmad', 'ED', 75290.67);
insert into instructor values('5784', 'Ahmad', 'RQ', 93342.55);
insert into instructor values('42625', 'Ande', 'BN', 55998.84);
insert into instructor values('80878', 'rahmat', 'DF', 93656.32);
insert into instructor values('50215', 'Yohan', 'RQ', 42199.00);
insert into instructor values('17922', 'Kiki', 'HH', 127097.01);
insert into instructor values('83934', 'yuyun', 'ED', 126481.74);
insert into section values('766', '1', 'Fall', 2003, 'A', '146', 'M');
insert into section values('756', '1', 'Spring', 2005, 'A', '146', 'I');
insert into section values('567', '1', 'Fall', 2008, 'D', '890', 'M');
insert into section values('699', '1', 'Fall', 2007, 'D', '890', 'A');
insert into section values('778', '1', 'Spring', 2010, 'C', '313', 'C');
insert into section values('473', '1', 'Fall', 2007, 'G', '650', 'C');
insert into section values('864', '1', 'Fall', 2010, 'F', '738', 'A');
insert into section values('711', '1', 'Fall', 2002, 'G', '411', 'C');
insert into section values('307', '1', 'Fall', 2001, 'E', '879', 'N');
insert into section values('532', '1', 'Spring', 2005, 'E', '879', 'K');
insert into section values('355', '1', 'Fall', 2008, 'F', '830', 'G');
insert into section values('527', '1', 'Spring', 2007, 'E', '879', 'E');
insert into section values('410', '1', 'Spring', 2001, 'F', '738', 'J');
insert into section values('340', '1', 'Spring', 2008, 'G', '650', 'E');
insert into section values('778', '2', 'Fall', 2006, 'G', '195', 'D');
insert into section values('417', '1', 'Fall', 2006, 'G', '195', 'I');
insert into section values('371', '1', 'Fall', 2008, 'F', '738', 'P');
insert into section values('104', '1', 'Spring', 2007, 'F', '830', 'A');
insert into section values('206', '1', 'Spring', 2004, 'G', '411', 'E');
insert into section values('785', '1', 'Fall', 2007, 'G', '411', 'O');
insert into section values('236', '1', 'Spring', 2009, 'G', '650', 'O');
insert into section values('643', '1', 'Fall', 2010, 'G', '411', 'P');
insert into section values('931', '1', 'Spring', 2007, 'F', '830', 'F');
insert into section values('473', '2', 'Fall', 2010, 'G', '650', 'J');
insert into section values('580', '1', 'Spring', 2007, 'D', '890', 'D');
insert into section values('185', '1', 'Fall', 2008, 'F', '738', 'L');
insert into section values('172', '1', 'Fall', 2007, 'J', '187', 'G');
insert into section values('185', '2', 'Spring', 2005, 'F', '830', 'C');
insert into section values('636', '1', 'Fall', 2004, 'G', '650', 'K');
insert into section values('448', '1', 'Fall', 2008, 'G', '195', 'C');
insert into section values('689', '1', 'Fall', 2003, 'C', '313', 'G');
insert into section values('335', '1', 'Fall', 2001, 'G', '195', 'G');
insert into section values('814', '1', 'Fall', 2005, 'F', '738', 'J');
insert into section values('580', '2', 'Spring', 2004, 'F', '738', 'G');
insert into section values('382', '1', 'Spring', 2003, 'A', '146', 'D');
insert into section values('815', '1', 'Fall', 2003, 'D', '890', 'O');
insert into section values('675', '1', 'Fall', 2001, 'A', '146', 'I');
insert into section values('888', '1', 'Spring', 2005, 'F', '830', 'L');
insert into section values('743', '1', 'Spring', 2010, 'G', '650', 'L');
insert into section values('914', '1', 'Fall', 2008, 'C', '313', 'E');
insert into section values('759', '1', 'Fall', 2001, 'E', '879', 'I');
insert into section values('640', '1', 'Fall', 2007, 'G', '411', 'I');
insert into section values('592', '1', 'Fall', 2010, 'G', '195', 'J');
insert into section values('586', '1', 'Fall', 2004, 'E', '879', 'F');
insert into section values('698', '1', 'Fall', 2002, 'E', '879', 'P');
insert into section values('898', '1', 'Fall', 2005, 'J', '187', 'P');
insert into section values('271', '1', 'Fall', 2007, 'A', '146', 'O');
insert into section values('257', '1', 'Spring', 2007, 'F', '738', 'P');
insert into section values('582', '1', 'Spring', 2002, 'D', '890', 'H');
insert into section values('725', '1', 'Spring', 2001, 'E', '879', 'N');
insert into section values('616', '1', 'Spring', 2001, 'A', '146', 'K');
insert into section values('713', '1', 'Fall', 2008, 'F', '830', 'C');
insert into section values('225', '1', 'Spring', 2007, 'C', '313', 'D');
insert into section values('551', '1', 'Spring', 2007, 'C', '313', 'E');
insert into section values('704', '1', 'Fall', 2009, 'D', '890', 'N');
insert into section values('236', '2', 'Fall', 2001, 'C', '313', 'G');
insert into section values('797', '1', 'Spring', 2002, 'A', '146', 'M');
insert into section values('809', '1', 'Spring', 2008, 'E', '879', 'E');
insert into section values('672', '1', 'Fall', 2005, 'G', '195', 'D');
insert into section values('581', '1', 'Spring', 2010, 'J', '187', 'D');
insert into section values('242', '1', 'Fall', 2009, 'G', '195', 'H');
insert into section values('942', '1', 'Fall', 2008, 'A', '146', 'M');
insert into section values('412', '1', 'Spring', 2004, 'C', '313', 'K');
insert into section values('853', '1', 'Spring', 2007, 'G', '195', 'G');
insert into section values('863', '1', 'Fall', 2004, 'J', '187', 'D');
insert into section values('477', '1', 'Fall', 2001, 'E', '879', 'N');
insert into section values('340', '2', 'Spring', 2009, 'G', '195', 'K');
insert into section values('362', '1', 'Fall', 2008, 'F', '738', 'C');
insert into section values('567', '2', 'Spring', 2006, 'F', '738', 'B');
insert into section values('352', '1', 'Fall', 2006, 'J', '187', 'M');
insert into section values('371', '2', 'Fall', 2008, 'J', '187', 'M');
insert into section values('271', '2', 'Fall', 2004, 'G', '650', 'E');
insert into section values('608', '1', 'Fall', 2008, 'G', '195', 'F');
insert into section values('402', '1', 'Fall', 2005, 'G', '411', 'F');
insert into section values('741', '1', 'Fall', 2002, 'G', '411', 'A');
insert into section values('700', '1', 'Fall', 2008, 'F', '830', 'G');
insert into section values('805', '1', 'Spring', 2008, 'G', '650', 'J');
insert into section values('726', '1', 'Spring', 2009, 'D', '890', 'D');
insert into section values('634', '1', 'Spring', 2004, 'C', '313', 'E');
insert into section values('836', '1', 'Fall', 2010, 'E', '879', 'J');
insert into section values('691', '1', 'Fall', 2002, 'C', '313', 'E');
insert into section values('986', '1', 'Fall', 2003, 'F', '830', 'E');
insert into section values('861', '1', 'Fall', 2001, 'G', '195', 'M');
insert into section values('242', '2', 'Spring', 2005, 'G', '650', 'P');
insert into section values('598', '1', 'Spring', 2006, 'F', '738', 'K');
insert into section values('468', '1', 'Spring', 2005, 'D', '890', 'H');
insert into section values('598', '2', 'Fall', 2004, 'J', '187', 'O');
insert into section values('368', '1', 'Spring', 2010, 'F', '738', 'D');
insert into section values('203', '1', 'Fall', 2006, 'G', '650', 'B');
insert into section values('474', '1', 'Spring', 2004, 'C', '313', 'E');
insert into section values('412', '2', 'Spring', 2002, 'J', '187', 'F');
insert into section values('418', '1', 'Fall', 2010, 'C', '313', 'H');
insert into section values('206', '2', 'Fall', 2001, 'G', '650', 'P');
insert into section values('704', '2', 'Fall', 2008, 'D', '890', 'A');
insert into section values('853', '2', 'Fall', 2005, 'G', '411', 'C');
insert into section values('813', '1', 'Fall', 2005, 'D', '890', 'O');
insert into section values('519', '1', 'Spring', 2005, 'A', '146', 'H');
insert into section values('515', '1', 'Fall', 2001, 'G', '650', 'M');
insert into section values('913', '1', 'Fall', 2003, 'A', '146', 'J');
insert into section values('379', '1', 'Spring', 2006, 'F', '738', 'A');
insert into section values('222', '1', 'Fall', 2009, 'C', '313', 'E');
insert into section values('257', '2', 'Fall', 2010, 'A', '146', 'B');
insert into section values('533', '1', 'Spring', 2008, 'G', '650', 'E');
insert into section values('636', '2', 'Fall', 2002, 'A', '146', 'B');
insert into section values('675', '2', 'Spring', 2003, 'F', '738', 'G');
insert into section values('439', '1', 'Fall', 2003, 'A', '146', 'M');
insert into section values('536', '1', 'Fall', 2003, 'E', '879', 'H');
insert into section values('753', '1', 'Fall', 2008, 'A', '146', 'N');
insert into section values('522', '1', 'Spring', 2006, 'G', '650', 'D');
insert into section values('328', '1', 'Fall', 2009, 'G', '650', 'O');
insert into section values('104', '2', 'Fall', 2001, 'G', '411', 'G');
insert into section values('896', '1', 'Fall', 2003, 'F', '830', 'G');
insert into section values('582', '2', 'Spring', 2004, 'F', '738', 'I');
insert into section values('987', '1', 'Fall', 2005, 'J', '187', 'M');
insert into section values('518', '1', 'Fall', 2007, 'G', '195', 'E');
insert into section values('191', '1', 'Fall', 2005, 'G', '195', 'G');
insert into section values('908', '1', 'Fall', 2010, 'A', '146', 'O');
insert into section values('759', '2', 'Spring', 2001, 'G', '411', 'F');
insert into section values('778', '3', 'Fall', 2004, 'F', '738', 'M');
insert into section values('913', '2', 'Fall', 2002, 'G', '650', 'C');
insert into section values('677', '1', 'Fall', 2003, 'F', '738', 'I');
insert into section values('558', '1', 'Spring', 2006, 'G', '650', 'N');
insert into section values('987', '2', 'Fall', 2006, 'G', '411', 'F');
insert into section values('753', '2', 'Spring', 2010, 'G', '195', 'C');
insert into section values('960', '1', 'Fall', 2005, 'G', '411', 'O');
insert into section values('591', '1', 'Spring', 2005, 'A', '146', 'I');
insert into section values('721', '1', 'Spring', 2003, 'G', '650', 'J');
insert into section values('551', '2', 'Spring', 2004, 'G', '411', 'I');
insert into section values('854', '1', 'Fall', 2007, 'A', '146', 'J');
insert into section values('468', '2', 'Fall', 2005, 'J', '187', 'L');
insert into section values('524', '1', 'Fall', 2006, 'E', '879', 'C');
insert into section values('748', '1', 'Spring', 2010, 'G', '411', 'C');
insert into section values('981', '1', 'Fall', 2005, 'C', '313', 'H');
insert into section values('700', '2', 'Fall', 2002, 'C', '313', 'L');
insert into section values('942', '2', 'Fall', 2005, 'J', '187', 'O');
insert into section values('931', '2', 'Spring', 2007, 'G', '411', 'B');
insert into section values('826', '1', 'Spring', 2004, 'G', '411', 'O');
insert into section values('598', '3', 'Fall', 2007, 'F', '830', 'N');
insert into section values('527', '2', 'Fall', 2002, 'F', '738', 'M');
insert into section values('931', '3', 'Spring', 2007, 'D', '890', 'N');
insert into section values('418', '2', 'Fall', 2008, 'G', '650', 'I');
insert into section values('356', '1', 'Fall', 2009, 'D', '890', 'L');
insert into section values('853', '3', 'Fall', 2002, 'J', '187', 'C');
insert into section values('693', '1', 'Fall', 2005, 'D', '890', 'C');
insert into section values('277', '1', 'Fall', 2006, 'C', '313', 'F');
insert into section values('791', '1', 'Spring', 2001, 'J', '187', 'B');
insert into section values('402', '2', 'Fall', 2001, 'G', '650', 'H');
insert into section values('574', '1', 'Spring', 2004, 'A', '146', 'N');
insert into section values('352', '2', 'Spring', 2009, 'F', '738', 'H');
insert into section values('567', '3', 'Fall', 2005, 'J', '187', 'P');
insert into section values('929', '1', 'Spring', 2008, 'G', '411', 'J');
insert into section values('294', '1', 'Spring', 2002, 'E', '879', 'P');
insert into section values('726', '2', 'Spring', 2001, 'C', '313', 'L');
insert into section values('114', '1', 'Fall', 2007, 'D', '890', 'F');
insert into section values('693', '2', 'Fall', 2010, 'D', '890', 'B');
insert into section values('829', '1', 'Fall', 2006, 'G', '411', 'L');
insert into section values('766', '2', 'Spring', 2007, 'F', '830', 'O');
insert into section values('374', '1', 'Fall', 2004, 'D', '890', 'D');
insert into section values('914', '2', 'Fall', 2007, 'G', '195', 'K');
insert into section values('888', '2', 'Fall', 2004, 'F', '738', 'K');
insert into section values('904', '1', 'Spring', 2004, 'F', '738', 'J');
insert into section values('301', '1', 'Spring', 2010, 'G', '650', 'L');
insert into section values('401', '1', 'Fall', 2007, 'F', '830', 'J');
insert into section values('829', '2', 'Fall', 2008, 'A', '146', 'F');
insert into section values('591', '2', 'Spring', 2001, 'D', '890', 'E');
insert into section values('797', '2', 'Fall', 2005, 'D', '890', 'N');
insert into section values('582', '3', 'Fall', 2003, 'J', '187', 'A');
insert into section values('474', '2', 'Spring', 2010, 'E', '879', 'M');
insert into section values('746', '1', 'Fall', 2004, 'F', '830', 'G');
insert into section values('888', '3', 'Spring', 2010, 'C', '313', 'A');
insert into section values('634', '2', 'Fall', 2004, 'G', '650', 'P');
insert into section values('778', '4', 'Fall', 2004, 'F', '738', 'J');
insert into section values('580', '3', 'Fall', 2002, 'G', '195', 'N');
insert into section values('698', '2', 'Fall', 2002, 'G', '650', 'A');
insert into section values('896', '2', 'Spring', 2009, 'G', '195', 'G');
insert into section values('665', '1', 'Fall', 2002, 'G', '411', 'D');
insert into section values('196', '1', 'Fall', 2006, 'D', '890', 'J');
insert into section values('527', '3', 'Spring', 2003, 'C', '313', 'I');
insert into section values('721', '2', 'Spring', 2004, 'G', '650', 'O');
insert into section values('493', '1', 'Spring', 2009, 'G', '411', 'E');
insert into section values('191', '2', 'Spring', 2009, 'C', '313', 'I');
insert into section values('239', '1', 'Spring', 2006, 'G', '650', 'H');
insert into section values('598', '4', 'Spring', 2005, 'F', '830', 'O');
insert into section values('575', '1', 'Fall', 2009, 'G', '195', 'E');
insert into section values('456', '1', 'Fall', 2008, 'A', '146', 'I');
insert into section values('703', '1', 'Fall', 2009, 'E', '879', 'O');
insert into section values('793', '1', 'Fall', 2002, 'G', '195', 'D');
insert into section values('301', '2', 'Spring', 2002, 'G', '411', 'P');
insert into section values('854', '2', 'Fall', 2007, 'G', '411', 'F');
insert into section values('726', '3', 'Fall', 2009, 'G', '650', 'H');
insert into section values('634', '3', 'Fall', 2008, 'F', '738', 'A');
insert into section values('582', '4', 'Fall', 2001, 'G', '411', 'B');
insert into section values('527', '4', 'Fall', 2004, 'C', '313', 'J');
insert into section values('463', '1', 'Spring', 2004, 'G', '411', 'D');
insert into section values('468', '3', 'Fall', 2005, 'E', '879', 'C');
insert into section values('412', '3', 'Spring', 2007, 'J', '187', 'A');
insert into section values('444', '1', 'Spring', 2009, 'D', '890', 'N');
insert into section values('412', '4', 'Fall', 2003, 'F', '738', 'L');
insert into section values('236', '3', 'Fall', 2005, 'G', '650', 'D');
insert into section values('277', '2', 'Fall', 2002, 'G', '195', 'G');
insert into section values('337', '1', 'Fall', 2010, 'F', '830', 'D');
insert into section values('966', '1', 'Fall', 2002, 'C', '313', 'M');
insert into section values('355', '2', 'Fall', 2004, 'G', '650', 'K');
insert into section values('364', '1', 'Fall', 2003, 'F', '830', 'I');
insert into section values('257', '3', 'Spring', 2001, 'G', '650', 'K');
insert into section values('189', '1', 'Spring', 2009, 'J', '187', 'B');
insert into section values('652', '1', 'Spring', 2002, 'A', '146', 'K');
insert into section values('104', '3', 'Spring', 2008, 'F', '830', 'M');
insert into section values('681', '1', 'Spring', 2010, 'J', '187', 'H');
insert into section values('532', '2', 'Spring', 2008, 'F', '738', 'E');
insert into section values('726', '4', 'Fall', 2006, 'J', '187', 'A');
insert into section values('294', '2', 'Spring', 2007, 'A', '146', 'E');
insert into section values('687', '1', 'Fall', 2002, 'D', '890', 'K');
insert into section values('236', '4', 'Fall', 2005, 'E', '879', 'E');
insert into section values('979', '1', 'Spring', 2003, 'G', '195', 'P');
insert into section values('665', '2', 'Spring', 2004, 'C', '313', 'N');
insert into section values('412', '5', 'Spring', 2006, 'F', '738', 'B');
insert into section values('296', '1', 'Fall', 2002, 'G', '411', 'P');
insert into section values('271', '3', 'Fall', 2003, 'A', '146', 'J');
insert into section values('898', '2', 'Spring', 2002, 'C', '313', 'L');
insert into section values('814', '2', 'Fall', 2010, 'F', '738', 'L');
insert into section values('362', '2', 'Spring', 2009, 'F', '830', 'J');
insert into section values('196', '2', 'Fall', 2001, 'E', '879', 'L');
insert into section values('235', '1', 'Fall', 2001, 'D', '890', 'A');
insert into section values('235', '2', 'Spring', 2006, 'G', '650', 'I');
insert into section values('704', '3', 'Spring', 2001, 'C', '313', 'H');
insert into section values('875', '1', 'Spring', 2006, 'F', '830', 'G');
insert into section values('200', '1', 'Fall', 2001, 'C', '313', 'J');
insert into section values('196', '3', 'Fall', 2007, 'E', '879', 'F');
insert into section values('704', '4', 'Fall', 2001, 'D', '890', 'B');
insert into section values('836', '2', 'Spring', 2001, 'A', '146', 'N');
insert into section values('497', '1', 'Fall', 2001, 'E', '879', 'O');
insert into section values('179', '1', 'Spring', 2008, 'G', '650', 'O');
insert into section values('746', '2', 'Spring', 2004, 'G', '411', 'B');
insert into section values('713', '2', 'Fall', 2006, 'G', '195', 'J');
insert into section values('699', '2', 'Fall', 2005, 'A', '146', 'O');
insert into section values('896', '3', 'Spring', 2007, 'E', '879', 'H');
insert into section values('752', '1', 'Fall', 2003, 'C', '313', 'M');
insert into section values('888', '4', 'Spring', 2008, 'G', '411', 'P');
insert into section values('885', '1', 'Fall', 2007, 'D', '890', 'C');
insert into section values('643', '2', 'Spring', 2002, 'J', '187', 'K');
insert into section values('213', '1', 'Spring', 2001, 'F', '738', 'L');
insert into section values('337', '2', 'Spring', 2007, 'G', '411', 'H');
insert into section values('296', '2', 'Fall', 2008, 'C', '313', 'F');
insert into section values('813', '2', 'Spring', 2009, 'E', '879', 'H');
insert into section values('665', '3', 'Spring', 2002, 'E', '879', 'A');
insert into section values('536', '2', 'Spring', 2008, 'D', '890', 'B');
insert into section values('854', '3', 'Spring', 2007, 'A', '146', 'E');
insert into section values('522', '2', 'Fall', 2003, 'F', '830', 'K');
insert into section values('294', '3', 'Spring', 2001, 'F', '738', 'M');
insert into section values('291', '1', 'Spring', 2005, 'A', '146', 'I');
insert into section values('206', '3', 'Spring', 2005, 'C', '313', 'G');
insert into section values('441', '1', 'Fall', 2009, 'G', '195', 'H');
insert into section values('725', '2', 'Spring', 2009, 'C', '313', 'P');
insert into section values('346', '1', 'Spring', 2004, 'G', '650', 'D');
insert into section values('147', '1', 'Spring', 2008, 'E', '879', 'M');
insert into section values('519', '2', 'Spring', 2001, 'A', '146', 'J');
insert into section values('431', '1', 'Spring', 2003, 'D', '890', 'G');
insert into section values('704', '5', 'Spring', 2006, 'J', '187', 'A');
insert into section values('471', '1', 'Fall', 2001, 'G', '195', 'F');
insert into section values('367', '1', 'Spring', 2010, 'G', '411', 'J');
insert into section values('566', '1', 'Fall', 2006, 'G', '411', 'D');
insert into section values('356', '2', 'Spring', 2003, 'A', '146', 'P');
insert into section values('236', '5', 'Fall', 2008, 'J', '187', 'H');
insert into section values('896', '4', 'Spring', 2002, 'J', '187', 'P');
insert into section values('805', '2', 'Spring', 2006, 'A', '146', 'H');
insert into section values('898', '3', 'Fall', 2002, 'C', '313', 'O');
insert into section values('490', '1', 'Fall', 2005, 'J', '187', 'L');
insert into section values('337', '3', 'Spring', 2006, 'A', '146', 'P');
insert into section values('965', '1', 'Spring', 2003, 'J', '187', 'N');
insert into section values('558', '2', 'Spring', 2002, 'F', '738', 'G');
insert into section values('766', '3', 'Fall', 2004, 'F', '830', 'H');
insert into section values('743', '2', 'Spring', 2003, 'C', '313', 'J');
insert into section values('908', '2', 'Spring', 2008, 'C', '313', 'P');
insert into section values('876', '1', 'Fall', 2008, 'D', '890', 'N');
insert into section values('189', '2', 'Spring', 2007, 'E', '879', 'B');
insert into section values('294', '4', 'Fall', 2008, 'J', '187', 'M');
insert into section values('960', '2', 'Fall', 2007, 'D', '890', 'K');
insert into section values('448', '2', 'Spring', 2002, 'F', '738', 'O');
insert into section values('929', '2', 'Spring', 2003, 'E', '879', 'F');
insert into section values('836', '3', 'Spring', 2004, 'E', '879', 'L');
insert into section values('235', '3', 'Fall', 2010, 'F', '738', 'F');
insert into section values('836', '4', 'Fall', 2009, 'D', '890', 'E');
insert into section values('575', '2', 'Spring', 2003, 'D', '890', 'L');
insert into section values('693', '3', 'Spring', 2010, 'G', '195', 'O');
insert into section values('809', '2', 'Fall', 2006, 'F', '830', 'C');
insert into section values('382', '2', 'Spring', 2003, 'D', '890', 'K');
insert into section values('651', '1', 'Spring', 2007, 'D', '890', 'D');
insert into section values('179', '2', 'Fall', 2005, 'J', '187', 'K');
insert into section values('362', '3', 'Fall', 2009, 'J', '187', 'M');
insert into section values('533', '2', 'Fall', 2006, 'F', '830', 'D');
insert into section values('380', '1', 'Fall', 2008, 'G', '195', 'B');
insert into section values('651', '2', 'Spring', 2010, 'A', '146', 'F');
insert into section values('829', '3', 'Spring', 2003, 'D', '890', 'E');
insert into section values('581', '2', 'Spring', 2009, 'D', '890', 'J');
insert into section values('412', '6', 'Fall', 2003, 'C', '313', 'F');
insert into section values('759', '3', 'Fall', 2007, 'F', '738', 'I');
insert into section values('942', '3', 'Spring', 2004, 'D', '890', 'B');
insert into section values('137', '1', 'Spring', 2001, 'F', '738', 'A');
insert into section values('271', '4', 'Fall', 2001, 'A', '146', 'D');
insert into section values('746', '3', 'Fall', 2001, 'F', '738', 'E');
insert into section values('813', '3', 'Fall', 2001, 'G', '195', 'G');
insert into section values('864', '2', 'Spring', 2002, 'C', '313', 'N');
insert into section values('439', '2', 'Fall', 2005, 'E', '879', 'N');
insert into section values('753', '3', 'Fall', 2007, 'F', '738', 'H');
insert into section values('371', '3', 'Fall', 2005, 'G', '411', 'L');
insert into section values('575', '3', 'Fall', 2005, 'F', '738', 'M');
insert into section values('699', '3', 'Spring', 2007, 'G', '195', 'B');
insert into section values('379', '2', 'Spring', 2001, 'G', '195', 'B');
insert into section values('675', '3', 'Spring', 2004, 'F', '830', 'I');
insert into section values('580', '4', 'Fall', 2003, 'G', '411', 'N');
insert into section values('196', '4', 'Spring', 2004, 'D', '890', 'N');
insert into section values('908', '3', 'Spring', 2005, 'C', '313', 'C');
insert into section values('555', '1', 'Fall', 2005, 'A', '146', 'P');
insert into section values('756', '2', 'Fall', 2002, 'F', '830', 'G');
insert into section values('720', '1', 'Spring', 2001, 'G', '411', 'H');
insert into section values('137', '2', 'Spring', 2005, 'C', '313', 'H');
insert into section values('896', '5', 'Spring', 2007, 'G', '650', 'M');
insert into section values('296', '3', 'Fall', 2008, 'A', '146', 'H');
insert into section values('797', '3', 'Fall', 2006, 'F', '830', 'J');
insert into section values('815', '2', 'Fall', 2003, 'G', '195', 'B');
insert into section values('581', '3', 'Fall', 2002, 'A', '146', 'D');
insert into section values('987', '3', 'Spring', 2003, 'G', '195', 'O');
insert into section values('146', '1', 'Spring', 2002, 'F', '738', 'N');
insert into section values('987', '4', 'Spring', 2003, 'G', '411', 'H');
insert into section values('439', '3', 'Fall', 2010, 'G', '195', 'J');
insert into section values('580', '5', 'Spring', 2007, 'F', '738', 'M');
insert into section values('574', '2', 'Fall', 2008, 'D', '890', 'N');
insert into section values('213', '2', 'Fall', 2010, 'D', '890', 'J');
insert into section values('793', '2', 'Fall', 2003, 'C', '313', 'K');
insert into section values('965', '2', 'Spring', 2004, 'G', '650', 'J');
insert into section values('272', '1', 'Fall', 2006, 'F', '738', 'G');
insert into section values('987', '5', 'Spring', 2003, 'G', '650', 'B');
insert into section values('864', '3', 'Fall', 2005, 'D', '890', 'H');
insert into section values('421', '1', 'Spring', 2010, 'G', '411', 'L');
insert into section values('532', '3', 'Spring', 2003, 'E', '879', 'K');
insert into section values('206', '4', 'Spring', 2003, 'C', '313', 'G');
insert into section values('725', '3', 'Spring', 2004, 'E', '879', 'K');
insert into section values('704', '6', 'Fall', 2004, 'F', '738', 'I');
insert into section values('189', '3', 'Spring', 2007, 'A', '146', 'F');
insert into section values('979', '2', 'Fall', 2007, 'J', '187', 'H');
insert into section values('374', '2', 'Fall', 2001, 'G', '195', 'F');
insert into section values('277', '3', 'Fall', 2005, 'A', '146', 'E');
insert into section values('375', '1', 'Spring', 2008, 'E', '879', 'F');
insert into section values('483', '1', 'Fall', 2007, 'A', '146', 'G');
insert into section values('493', '2', 'Spring', 2003, 'F', '738', 'C');
insert into section values('931', '4', 'Spring', 2009, 'G', '650', 'I');
insert into section values('181', '1', 'Spring', 2008, 'D', '890', 'I');
insert into section values('117', '1', 'Fall', 2003, 'E', '879', 'E');
insert into section values('567', '4', 'Fall', 2008, 'F', '830', 'I');
insert into section values('939', '1', 'Fall', 2004, 'E', '879', 'P');
insert into section values('456', '2', 'Fall', 2001, 'J', '187', 'I');
insert into section values('213', '3', 'Spring', 2003, 'F', '738', 'C');
insert into section values('930', '1', 'Spring', 2003, 'A', '146', 'A');
insert into section values('581', '4', 'Fall', 2006, 'D', '890', 'H');
insert into section values('352', '3', 'Fall', 2002, 'A', '146', 'G');
insert into section values('441', '2', 'Fall', 2002, 'D', '890', 'D');
insert into section values('463', '2', 'Spring', 2006, 'D', '890', 'O');
insert into section values('374', '3', 'Spring', 2001, 'E', '879', 'K');
insert into section values('222', '2', 'Spring', 2009, 'G', '195', 'P');
insert into section values('712', '1', 'Spring', 2007, 'F', '738', 'M');
insert into section values('813', '4', 'Fall', 2001, 'C', '313', 'G');
insert into section values('356', '3', 'Spring', 2010, 'F', '830', 'A');
insert into section values('986', '2', 'Spring', 2010, 'D', '890', 'C');
insert into section values('346', '2', 'Spring', 2002, 'G', '411', 'C');
insert into section values('829', '4', 'Spring', 2006, 'J', '187', 'P');
insert into section values('814', '3', 'Spring', 2006, 'F', '738', 'M');
insert into section values('675', '4', 'Fall', 2003, 'F', '738', 'E');
insert into section values('778', '5', 'Spring', 2008, 'F', '830', 'F');
insert into section values('896', '6', 'Fall', 2003, 'F', '738', 'D');
insert into section values('355', '3', 'Spring', 2004, 'J', '187', 'M');
insert into section values('185', '3', 'Spring', 2002, 'F', '830', 'N');
insert into section values('337', '4', 'Fall', 2002, 'G', '411', 'G');
insert into section values('357', '1', 'Fall', 2005, 'J', '187', 'K');
insert into section values('803', '1', 'Spring', 2002, 'F', '738', 'P');
insert into section values('511', '1', 'Fall', 2006, 'G', '195', 'I');
insert into section values('634', '4', 'Fall', 2003, 'F', '738', 'H');
insert into section values('582', '5', 'Spring', 2008, 'A', '146', 'M');
insert into section values('966', '2', 'Spring', 2009, 'A', '146', 'M');
insert into section values('885', '2', 'Spring', 2001, 'G', '411', 'N');
insert into section values('346', '3', 'Spring', 2010, 'G', '411', 'B');
insert into section values('931', '5', 'Fall', 2003, 'F', '738', 'K');
insert into section values('357', '2', 'Spring', 2008, 'G', '650', 'N');
insert into section values('233', '1', 'Spring', 2004, 'F', '830', 'A');
insert into section values('928', '1', 'Spring', 2005, 'E', '879', 'J');
insert into section values('814', '4', 'Fall', 2008, 'G', '411', 'F');
insert into section values('960', '3', 'Spring', 2009, 'C', '313', 'C');
insert into section values('356', '4', 'Fall', 2007, 'F', '830', 'P');
insert into section values('181', '2', 'Fall', 2004, 'G', '195', 'I');
insert into section values('335', '2', 'Fall', 2008, 'J', '187', 'I');
insert into section values('885', '3', 'Fall', 2005, 'E', '879', 'O');
insert into section values('888', '5', 'Fall', 2008, 'G', '650', 'J');
insert into section values('444', '2', 'Spring', 2006, 'A', '146', 'O');
insert into section values('791', '2', 'Fall', 2002, 'F', '738', 'O');
insert into section values('829', '5', 'Fall', 2007, 'F', '830', 'M');
insert into section values('533', '3', 'Fall', 2003, 'A', '146', 'F');
insert into section values('854', '4', 'Spring', 2010, 'A', '146', 'C');
insert into section values('206', '5', 'Spring', 2007, 'A', '146', 'E');
insert into section values('257', '4', 'Spring', 2005, 'F', '830', 'N');
insert into section values('532', '4', 'Spring', 2010, 'C', '313', 'C');
insert into teaches values('64758', '271', '1', 'Fall', 2007);
insert into teaches values('9905', '522', '2', 'Fall', 2003);
insert into teaches values('9905', '691', '1', 'Fall', 2002);
insert into teaches values('50215', '942', '1', 'Fall', 2008);
insert into teaches values('80878', '987', '3', 'Spring', 2003);
insert into teaches values('60446', '913', '2', 'Fall', 2002);
insert into teaches values('17922', '191', '2', 'Spring', 2009);
insert into teaches values('83934', '412', '4', 'Fall', 2003);
insert into teaches values('5809', '236', '1', 'Spring', 2009);
insert into teaches values('83934', '179', '2', 'Fall', 2005);
insert into teaches values('17922', '340', '1', 'Spring', 2008);
insert into teaches values('5784', '242', '1', 'Fall', 2009);
insert into teaches values('98644', '675', '1', 'Fall', 2001);
insert into teaches values('9905', '675', '3', 'Spring', 2004);
insert into teaches values('60446', '598', '2', 'Fall', 2004);
insert into teaches values('14509', '104', '1', 'Spring', 2007);
insert into teaches values('9905', '704', '4', 'Fall', 2001);
insert into teaches values('42625', '693', '3', 'Spring', 2010);
insert into teaches values('9905', '533', '3', 'Fall', 2003);
insert into teaches values('14509', '582', '1', 'Spring', 2002);
insert into teaches values('60446', '592', '1', 'Fall', 2010);
insert into teaches values('60446', '213', '1', 'Spring', 2001);
insert into teaches values('60446', '355', '1', 'Fall', 2008);
insert into teaches values('60446', '181', '1', 'Spring', 2008);
insert into teaches values('14509', '803', '1', 'Spring', 2002);
insert into teaches values('83934', '225', '1', 'Spring', 2007);
insert into teaches values('5809', '236', '4', 'Fall', 2005);
insert into teaches values('60446', '296', '2', 'Fall', 2008);
insert into teaches values('50215', '942', '3', 'Spring', 2004);
insert into teaches values('5809', '375', '1', 'Spring', 2008);
insert into teaches values('98644', '791', '1', 'Spring', 2001);
insert into teaches values('42625', '374', '1', 'Fall', 2004);
insert into teaches values('83934', '362', '1', 'Fall', 2008);
insert into teaches values('1505', '468', '1', 'Spring', 2005);
insert into teaches values('5809', '448', '1', 'Fall', 2008);
insert into teaches values('50215', '942', '2', 'Fall', 2005);
insert into teaches values('96333', '756', '2', 'Fall', 2002);
insert into teaches values('96333', '524', '1', 'Fall', 2006);
insert into teaches values('14053', '726', '1', 'Spring', 2009);
insert into teaches values('5809', '979', '2', 'Fall', 2007);
insert into teaches values('31829', '272', '1', 'Fall', 2006);
insert into teaches values('5784', '335', '2', 'Fall', 2008);
insert into teaches values('60446', '815', '2', 'Fall', 2003);
insert into teaches values('5809', '364', '1', 'Fall', 2003);
insert into teaches values('83934', '580', '4', 'Fall', 2003);
insert into teaches values('80878', '987', '5', 'Spring', 2003);
insert into teaches values('5784', '575', '1', 'Fall', 2009);
insert into teaches values('42625', '703', '1', 'Fall', 2009);
insert into teaches values('5784', '335', '1', 'Fall', 2001);
insert into teaches values('9905', '908', '1', 'Fall', 2010);
insert into teaches values('9905', '704', '2', 'Fall', 2008);
insert into teaches values('31829', '117', '1', 'Fall', 2003);
insert into teaches values('60446', '960', '3', 'Spring', 2009);
insert into teaches values('42625', '206', '1', 'Spring', 2004);
insert into teaches values('83934', '793', '1', 'Fall', 2002);
insert into teaches values('5809', '477', '1', 'Fall', 2001);
insert into teaches values('50215', '294', '1', 'Spring', 2002);
insert into teaches values('42625', '527', '3', 'Spring', 2003);
insert into teaches values('96333', '896', '5', 'Spring', 2007);
insert into teaches values('83934', '580', '1', 'Spring', 2007);
insert into teaches values('83934', '257', '1', 'Spring', 2007);
insert into teaches values('14053', '904', '1', 'Spring', 2004);
insert into teaches values('42625', '759', '1', 'Fall', 2001);
insert into teaches values('9905', '766', '3', 'Fall', 2004);
insert into teaches values('60446', '277', '3', 'Fall', 2005);
insert into teaches values('60446', '698', '2', 'Fall', 2002);
insert into teaches values('83934', '580', '3', 'Fall', 2002);
insert into teaches values('17922', '382', '1', 'Spring', 2003);
insert into teaches values('42625', '206', '2', 'Fall', 2001);
insert into teaches values('42625', '196', '4', 'Spring', 2004);
insert into teaches values('90426', '888', '1', 'Spring', 2005);
insert into teaches values('76934', '567', '1', 'Fall', 2008);
insert into teaches values('42625', '352', '2', 'Spring', 2009);
insert into teaches values('50215', '431', '1', 'Spring', 2003);
insert into teaches values('9905', '791', '2', 'Fall', 2002);
insert into teaches values('17922', '532', '1', 'Spring', 2005);
insert into teaches values('50215', '200', '1', 'Fall', 2001);
insert into teaches values('80878', '368', '1', 'Spring', 2010);
insert into teaches values('5784', '189', '3', 'Spring', 2007);
insert into teaches values('42625', '374', '3', 'Spring', 2001);
insert into teaches values('83934', '677', '1', 'Fall', 2003);
insert into teaches values('90426', '591', '1', 'Spring', 2005);
insert into teaches values('17922', '711', '1', 'Fall', 2002);
insert into teaches values('83934', '362', '2', 'Spring', 2009);
insert into teaches values('83934', '580', '5', 'Spring', 2007);
insert into teaches values('42625', '581', '3', 'Fall', 2002);
insert into teaches values('96333', '836', '1', 'Fall', 2010);
insert into teaches values('50215', '371', '2', 'Fall', 2008);
insert into teaches values('96333', '836', '3', 'Spring', 2004);
insert into teaches values('60446', '567', '3', 'Fall', 2005);
insert into teaches values('83934', '965', '1', 'Spring', 2003);
insert into teaches values('5809', '914', '1', 'Fall', 2008);
insert into teaches values('17922', '532', '2', 'Spring', 2008);
insert into teaches values('17922', '235', '2', 'Spring', 2006);
insert into teaches values('27363', '203', '1', 'Fall', 2006);
insert into teaches values('9905', '346', '3', 'Spring', 2010);
insert into teaches values('60446', '277', '2', 'Fall', 2002);
insert into teaches values('60446', '222', '1', 'Fall', 2009);
insert into teaches values('96333', '896', '6', 'Fall', 2003);
insert into teaches values('96333', '898', '2', 'Spring', 2002);
insert into student values('75363', 'rahmat', 'ED', 82);
insert into student values('88244', 'Ahmad', 'GO', 36);
insert into student values('11445', 'Ande', 'BN', 58);
insert into student values('83169', 'Ande', 'ED', 128);
insert into student values('30043', 'Ande', 'RQ', 40);
insert into student values('12387', 'Adri', 'GF', 4);
insert into student values('92404', 'Johan', 'GF', 94);
insert into student values('76925', 'Kiki', 'HH', 43);
insert into student values('75322', 'Ahmad', 'GF', 118);
insert into student values('94926', 'Adri', 'ED', 67);
insert into student values('98367', 'Josu', 'RR', 88);
insert into student values('73518', 'Adri', 'RR', 90);
insert into student values('41970', 'Johan', 'ED', 4);
insert into student values('12784', 'Adri', 'RR', 78);
insert into student values('48185', 'Kiki', 'DF', 128);
insert into student values('99072', 'Budi', 'SS', 68);
insert into student values('33718', 'Josu', 'DF', 127);
insert into student values('44164', 'Kiki', 'SS', 14);
insert into student values('388', 'Budi', 'SS', 6);
insert into student values('52477', 'Adri', 'RR', 78);
insert into student values('19993', 'Ahmad', 'BN', 118);
insert into student values('14052', 'Johan', 'GF', 25);
insert into student values('29891', 'Adri', 'GF', 15);
insert into student values('71247', 'Kiki', 'BN', 34);
insert into student values('84333', 'Adri', 'BN', 49);
insert into student values('35147', 'Adri', 'RQ', 26);
insert into student values('473', 'yuyun', 'GT', 52);
insert into student values('48289', 'Adri', 'DF', 58);
insert into student values('4548', 'Kiki', 'ED', 58);
insert into student values('8915', 'Johan', 'ED', 103);
insert into student values('40455', 'yuyun', 'GO', 113);
insert into student values('93757', 'Josu', 'GT', 5);
insert into student values('61905', 'Josu', 'RQ', 88);
insert into student values('76470', 'Josu', 'GO', 78);
insert into student values('27600', 'Ahmad', 'SS', 129);
insert into student values('65582', 'yuyun', 'GF', 47);
insert into student values('11687', 'Kiki', 'GF', 43);
insert into student values('67312', 'Ahmad', 'HH', 34);
insert into student values('14231', 'Johan', 'RR', 114);
insert into student values('26687', 'Ande', 'SS', 59);
insert into student values('7064', 'Budi', 'GO', 13);
insert into student values('68634', 'Johan', 'BN', 26);
insert into student values('52990', 'Ahmad', 'DF', 55);
insert into student values('74169', 'Ande', 'RQ', 100);
insert into student values('17750', 'Yohan', 'SS', 36);
insert into student values('99407', 'Johan', 'GF', 31);
insert into student values('50792', 'yuyun', 'RR', 45);
insert into student values('27720', 'Budi', 'DF', 49);
insert into student values('24372', 'rahmat', 'BN', 74);
insert into student values('22954', 'rahmat', 'GT', 101);
insert into student values('85911', 'Adri', 'RR', 43);
insert into student values('93301', 'Yohan', 'RQ', 102);
insert into student values('88197', 'Adri', 'HH', 55);
insert into student values('74981', 'Adri', 'HH', 25);
insert into student values('35565', 'Kiki', 'RR', 94);
insert into student values('80236', 'Yohan', 'HH', 124);
insert into student values('73690', 'Ahmad', 'GO', 108);
insert into student values('60602', 'yuyun', 'RR', 129);
insert into student values('47375', 'Josu', 'ED', 25);
insert into student values('51575', 'Kiki', 'RR', 129);
insert into student values('25127', 'yuyun', 'RR', 21);
insert into student values('12101', 'Josu', 'HH', 61);
insert into student values('91036', 'Josu', 'RR', 98);
insert into student values('91232', 'Josu', 'GF', 3);
insert into student values('20318', 'rahmat', 'DF', 4);
insert into student values('31711', 'Kiki', 'ED', 125);
insert into student values('94361', 'Ahmad', 'GT', 91);
insert into student values('24050', 'Adri', 'HH', 90);
insert into student values('28146', 'Budi', 'RR', 89);
insert into student values('87587', 'Ahmad', 'HH', 44);
insert into student values('83976', 'yuyun', 'RQ', 53);
insert into student values('48695', 'Yohan', 'BN', 79);
insert into student values('98324', 'yuyun', 'BN', 34);
insert into student values('96364', 'Kiki', 'ED', 103);
insert into student values('18155', 'Yohan', 'ED', 44);
insert into student values('79610', 'Ande', 'RR', 79);
insert into student values('72024', 'Kiki', 'GO', 97);
insert into student values('49460', 'yuyun', 'RR', 44);
insert into student values('77701', 'Josu', 'SS', 22);
insert into student values('32454', 'rahmat', 'HH', 91);
insert into student values('14416', 'Budi', 'BN', 94);
insert into student values('11190', 'rahmat', 'DF', 96);
insert into student values('95095', 'yuyun', 'GO', 68);
insert into student values('5540', 'Josu', 'DF', 6);
insert into student values('48655', 'Adri', 'DF', 23);
insert into student values('69419', 'Josu', 'SS', 47);
insert into student values('24006', 'Josu', 'RR', 23);
insert into student values('82592', 'Ande', 'HH', 14);
insert into student values('36070', 'Ahmad', 'ED', 100);
insert into student values('92304', 'Budi', 'BN', 63);
insert into student values('46035', 'Kiki', 'GF', 124);
insert into student values('40451', 'Adri', 'GF', 44);
insert into student values('58505', 'Budi', 'GO', 87);
insert into student values('62717', 'Josu', 'HH', 14);
insert into student values('51072', 'Johan', 'GF', 108);
insert into student values('39577', 'Johan', 'BN', 76);
insert into student values('51018', 'Yohan', 'SS', 72);
insert into student values('18446', 'yuyun', 'HH', 119);
insert into student values('48209', 'Kiki', 'ED', 69);
insert into student values('71852', 'Ande', 'ED', 9);
insert into student values('955', 'Josu', 'GO', 51);
insert into student values('99005', 'Johan', 'RQ', 48);
insert into student values('56456', 'Yohan', 'RR', 23);
insert into student values('91014', 'Johan', 'SS', 14);
insert into student values('92752', 'Yohan', 'GO', 72);
insert into student values('61413', 'Kiki', 'GF', 123);
insert into student values('68390', 'yuyun', 'GF', 47);
insert into student values('70994', 'Josu', 'HH', 41);
insert into student values('79545', 'Yohan', 'GF', 91);
insert into student values('80576', 'Ahmad', 'SS', 84);
insert into student values('63344', 'Josu', 'GO', 101);
insert into student values('91994', 'yuyun', 'GO', 56);
insert into student values('8459', 'Ande', 'RR', 108);
insert into student values('36552', 'Johan', 'GT', 128);
insert into student values('3175', 'Budi', 'RQ', 68);
insert into student values('94249', 'Josu', 'DF', 95);
insert into student values('38807', 'Ande', 'GF', 91);
insert into student values('9688', 'Josu', 'RR', 60);
insert into student values('32845', 'Yohan', 'GT', 46);
insert into student values('71946', 'Ahmad', 'RR', 89);
insert into student values('38257', 'Yohan', 'DF', 126);
insert into student values('33388', 'Budi', 'ED', 55);
insert into student values('73254', 'Josu', 'GF', 108);
insert into student values('56358', 'Yohan', 'RQ', 88);
insert into student values('68841', 'Josu', 'DF', 11);
insert into student values('59772', 'yuyun', 'BN', 11);
insert into student values('37651', 'Ahmad', 'GO', 115);
insert into student values('35209', 'Ande', 'ED', 43);
insert into student values('56980', 'Budi', 'RR', 106);
insert into student values('68196', 'rahmat', 'GO', 87);
insert into student values('37400', 'Ahmad', 'ED', 43);
insert into student values('17372', 'Ande', 'ED', 31);
insert into student values('88643', 'rahmat', 'SS', 91);
insert into student values('82877', 'rahmat', 'DF', 23);
insert into student values('9974', 'Josu', 'BN', 66);
insert into student values('62571', 'Johan', 'RR', 11);
insert into student values('9033', 'Yohan', 'ED', 7);
insert into student values('78340', 'Kiki', 'RR', 41);
insert into student values('33393', 'Ahmad', 'ED', 105);
insert into student values('10656', 'Ande', 'GO', 31);
insert into student values('48121', 'Johan', 'GO', 36);
insert into student values('71954', 'Budi', 'DF', 63);
insert into student values('99914', 'rahmat', 'GT', 120);
insert into student values('73829', 'yuyun', 'ED', 49);
insert into student values('38501', 'Josu', 'HH', 46);
insert into student values('40449', 'Josu', 'SS', 104);
insert into student values('292', 'Kiki', 'RR', 10);
insert into student values('49989', 'Adri', 'BN', 6);
insert into student values('92511', 'Yohan', 'GF', 13);
insert into student values('44908', 'Josu', 'ED', 81);
insert into student values('57155', 'Josu', 'GO', 71);
insert into student values('9546', 'Adri', 'GO', 79);
insert into student values('30554', 'yuyun', 'GO', 61);
insert into student values('66830', 'Ande', 'GT', 21);
insert into student values('94951', 'Ahmad', 'RR', 28);
insert into student values('77728', 'Adri', 'GF', 73);
insert into student values('29128', 'Adri', 'GO', 100);
insert into student values('28769', 'Budi', 'GF', 128);
insert into student values('10516', 'Ande', 'BN', 10);
insert into student values('53711', 'Ahmad', 'ED', 116);
insert into student values('97181', 'rahmat', 'HH', 115);
insert into student values('72896', 'Budi', 'BN', 53);
insert into student values('93645', 'yuyun', 'GO', 85);
insert into student values('10307', 'Adri', 'RR', 114);
insert into student values('54634', 'Adri', 'RQ', 98);
insert into student values('36708', 'Yohan', 'ED', 69);
insert into student values('83411', 'yuyun', 'RQ', 7);
insert into student values('12071', 'Adri', 'HH', 106);
insert into student values('76097', 'Josu', 'DF', 64);
insert into student values('20938', 'Ande', 'DF', 109);
insert into student values('84169', 'Josu', 'BN', 16);
insert into student values('21029', 'yuyun', 'GT', 24);
insert into student values('37463', 'Yohan', 'GF', 35);
insert into student values('26922', 'Ande', 'DF', 127);
insert into student values('39858', 'Budi', 'DF', 76);
insert into student values('64071', 'Johan', 'HH', 75);
insert into student values('19260', 'Josu', 'BN', 84);
insert into student values('5984', 'Josu', 'RR', 11);
insert into student values('59409', 'rahmat', 'GT', 63);
insert into student values('58551', 'Ahmad', 'BN', 30);
insert into student values('58884', 'Ande', 'SS', 109);
insert into student values('19782', 'Kiki', 'GO', 85);
insert into student values('53831', 'Adri', 'RQ', 21);
insert into student values('1281', 'Ande', 'BN', 2);
insert into student values('32929', 'Budi', 'DF', 52);
insert into student values('65175', 'rahmat', 'GT', 4);
insert into student values('54199', 'yuyun', 'HH', 71);
insert into student values('98895', 'Adri', 'RR', 22);
insert into student values('90981', 'Adri', 'SS', 15);
insert into student values('82381', 'Josu', 'HH', 100);
insert into student values('90916', 'rahmat', 'BN', 89);
insert into student values('26860', 'Johan', 'DF', 28);
insert into student values('5444', 'Kiki', 'ED', 14);
insert into student values('12866', 'Budi', 'GO', 70);
insert into student values('16368', 'Budi', 'GO', 66);
insert into student values('84097', 'Yohan', 'RQ', 117);
insert into student values('55278', 'Ahmad', 'RR', 63);
insert into student values('69458', 'Johan', 'GF', 65);
insert into student values('93182', 'Yohan', 'SS', 66);
insert into student values('55961', 'rahmat', 'RQ', 119);
insert into takes values('75322', '191', '2', 'Spring', 2009, 'A+');
insert into takes values('99914', '357', '1', 'Fall', 2005, 'A-');
insert into takes values('36070', '463', '2', 'Spring', 2006, 'B+');
insert into takes values('97181', '524', '1', 'Fall', 2006, 'B-');
insert into takes values('56358', '693', '1', 'Fall', 2005, 'B+');
insert into takes values('36552', '726', '2', 'Spring', 2001, 'A+');
insert into takes values('35147', '766', '1', 'Fall', 2003, 'C-');
insert into takes values('26860', '913', '2', 'Fall', 2002, 'A-');
insert into takes values('48289', '759', '1', 'Fall', 2001, 'B-');
insert into takes values('53831', '296', '3', 'Fall', 2008, 'B+');
insert into takes values('98895', '836', '2', 'Spring', 2001, 'C ');
insert into takes values('19260', '532', '3', 'Spring', 2003, 'C+');
insert into takes values('75322', '939', '1', 'Fall', 2004, 'B-');
insert into takes values('9546', '853', '3', 'Fall', 2002, 'C ');
insert into takes values('18446', '236', '4', 'Fall', 2005, 'C ');
insert into takes values('27720', '567', '1', 'Fall', 2008, 'A+');
insert into takes values('91014', '699', '3', 'Spring', 2007, 'A ');
insert into takes values('91014', '785', '1', 'Fall', 2007, 'C ');
insert into takes values('8915', '233', '1', 'Spring', 2004, 'B ');
insert into takes values('40455', '582', '5', 'Spring', 2008, 'B+');
insert into takes values('76470', '803', '1', 'Spring', 2002, 'B+');
insert into takes values('71946', '493', '1', 'Spring', 2009, 'B+');
insert into takes values('11445', '700', '2', 'Fall', 2002, 'B ');
insert into takes values('27720', '356', '1', 'Fall', 2009, 'B+');
insert into takes values('68634', '582', '5', 'Spring', 2008, 'B ');
insert into takes values('79610', '836', '3', 'Spring', 2004, 'B-');
insert into takes values('11445', '743', '1', 'Spring', 2010, 'A ');
insert into takes values('69419', '335', '2', 'Fall', 2008, 'B ');
insert into takes values('388', '704', '2', 'Fall', 2008, 'A+');
insert into takes values('39858', '412', '2', 'Spring', 2002, 'A-');
insert into takes values('76097', '146', '1', 'Spring', 2002, 'C ');
insert into takes values('3175', '533', '3', 'Fall', 2003, 'B-');
insert into takes values('12101', '928', '1', 'Spring', 2005, 'B+');
insert into takes values('20938', '580', '2', 'Spring', 2004, 'B+');
insert into takes values('83976', '896', '5', 'Spring', 2007, 'A-');
insert into takes values('92304', '836', '2', 'Spring', 2001, 'B ');
insert into takes values('35565', '463', '2', 'Spring', 2006, 'C-');
insert into takes values('82592', '929', '2', 'Spring', 2003, 'A-');
insert into takes values('63344', '598', '1', 'Spring', 2006, 'B-');
insert into takes values('82877', '778', '5', 'Spring', 2008, 'B-');
insert into takes values('91994', '672', '1', 'Fall', 2005, 'A ');
insert into takes values('94951', '699', '1', 'Fall', 2007, 'A-');
insert into takes values('55278', '598', '3', 'Fall', 2007, 'C ');
insert into takes values('71946', '814', '4', 'Fall', 2008, 'A+');
insert into takes values('10307', '913', '1', 'Fall', 2003, 'C-');
insert into takes values('77701', '888', '4', 'Spring', 2008, 'B+');
insert into takes values('292', '346', '2', 'Spring', 2002, 'B+');
insert into takes values('94249', '582', '2', 'Spring', 2004, 'C+');
insert into takes values('93301', '896', '5', 'Spring', 2007, 'B ');
insert into takes values('99005', '532', '2', 'Spring', 2008, 'C-');
insert into takes values('473', '634', '1', 'Spring', 2004, 'A+');
insert into takes values('71852', '797', '1', 'Spring', 2002, 'A-');
insert into takes values('5540', '965', '2', 'Spring', 2004, 'B ');
insert into takes values('30554', '200', '1', 'Fall', 2001, 'C+');
insert into takes values('91994', '235', '1', 'Fall', 2001, 'B-');
insert into takes values('22954', '814', '1', 'Fall', 2005, 'B ');
insert into takes values('8915', '301', '2', 'Spring', 2002, 'C-');
insert into takes values('56358', '235', '1', 'Fall', 2001, 'B ');
insert into takes values('73254', '439', '2', 'Fall', 2005, 'C-');
insert into takes values('9546', '930', '1', 'Spring', 2003, 'C ');
insert into takes values('41970', '532', '3', 'Spring', 2003, 'C ');
insert into takes values('24372', '885', '2', 'Spring', 2001, 'B ');
insert into takes values('38257', '527', '4', 'Fall', 2004, 'A+');
insert into takes values('54199', '352', '3', 'Fall', 2002, 'A-');
insert into takes values('96364', '896', '4', 'Spring', 2002, 'C+');
insert into takes values('84169', '930', '1', 'Spring', 2003, 'B ');
insert into takes values('37400', '477', '1', 'Fall', 2001, 'B ');
insert into takes values('84169', '233', '1', 'Spring', 2004, 'C+');
insert into takes values('7064', '931', '1', 'Spring', 2007, 'C+');
insert into takes values('10656', '703', '1', 'Fall', 2009, 'A+');
insert into takes values('85911', '778', '1', 'Spring', 2010, 'C+');
insert into takes values('37400', '346', '1', 'Spring', 2004, 'A ');
insert into takes values('5540', '836', '4', 'Fall', 2009, 'A ');
insert into takes values('26922', '960', '1', 'Fall', 2005, 'C+');
insert into takes values('955', '402', '1', 'Fall', 2005, 'A ');
insert into takes values('69419', '575', '1', 'Fall', 2009, 'B ');
insert into takes values('58884', '185', '3', 'Spring', 2002, 'A ');
insert into takes values('25127', '876', '1', 'Fall', 2008, 'B ');
insert into takes values('46035', '235', '1', 'Fall', 2001, 'A+');
insert into takes values('63344', '356', '4', 'Fall', 2007, 'A-');
insert into takes values('57155', '189', '2', 'Spring', 2007, 'C-');
insert into takes values('68196', '379', '1', 'Spring', 2006, 'B+');
insert into takes values('9688', '677', '1', 'Fall', 2003, 'C-');
insert into takes values('99914', '746', '3', 'Fall', 2001, 'B ');
insert into takes values('48121', '713', '2', 'Fall', 2006, 'A ');
insert into takes values('93757', '203', '1', 'Fall', 2006, 'A+');
insert into takes values('473', '239', '1', 'Spring', 2006, 'A-');
insert into takes values('68634', '444', '2', 'Spring', 2006, 'B+');
insert into takes values('92752', '456', '1', 'Fall', 2008, 'C+');
insert into takes values('12866', '592', '1', 'Fall', 2010, 'C-');
insert into takes values('61413', '463', '2', 'Spring', 2006, 'B ');
insert into takes values('96364', '876', '1', 'Fall', 2008, 'B+');
insert into takes values('92511', '357', '2', 'Spring', 2008, 'C+');
insert into takes values('22954', '581', '3', 'Fall', 2002, 'C-');
insert into takes values('76925', '296', '1', 'Fall', 2002, 'A ');
insert into takes values('39577', '519', '1', 'Spring', 2005, 'B ');
insert into takes values('5540', '898', '1', 'Fall', 2005, 'A-');
insert into takes values('47375', '582', '3', 'Fall', 2003, 'C ');
insert into takes values('48655', '352', '3', 'Fall', 2002, 'A ');
insert into takes values('14416', '829', '4', 'Spring', 2006, 'C+');
insert into takes values('24372', '473', '1', 'Fall', 2007, 'C+');
insert into takes values('67312', '477', '1', 'Fall', 2001, 'C-');
insert into takes values('9688', '213', '1', 'Spring', 2001, 'C+');
insert into takes values('69419', '371', '1', 'Fall', 2008, 'B-');
insert into takes values('14052', '356', '2', 'Spring', 2003, 'B+');
insert into takes values('82592', '966', '2', 'Spring', 2009, 'B+');
insert into takes values('94951', '257', '2', 'Fall', 2010, 'C ');
insert into takes values('11190', '987', '1', 'Fall', 2005, 'B ');
insert into takes values('88643', '987', '1', 'Fall', 2005, 'C ');
insert into takes values('30554', '965', '2', 'Spring', 2004, 'A ');
insert into takes values('51018', '675', '4', 'Fall', 2003, 'A ');
insert into takes values('48695', '355', '1', 'Fall', 2008, 'B-');
insert into takes values('33718', '836', '2', 'Spring', 2001, 'A-');
insert into takes values('92511', '987', '2', 'Fall', 2006, 'A-');
insert into takes values('71247', '519', '2', 'Spring', 2001, 'A ');
insert into takes values('32929', '493', '1', 'Spring', 2009, 'A+');
insert into takes values('52477', '497', '1', 'Fall', 2001, 'B+');
insert into takes values('99005', '340', '2', 'Spring', 2009, 'B+');
insert into takes values('10307', '726', '2', 'Spring', 2001, 'A ');
insert into takes values('56980', '981', '1', 'Fall', 2005, 'A ');
insert into takes values('65175', '524', '1', 'Fall', 2006, 'C-');
insert into takes values('51072', '301', '2', 'Spring', 2002, 'A-');
insert into takes values('91232', '236', '2', 'Fall', 2001, 'A+');
insert into takes values('38501', '536', '2', 'Spring', 2008, 'B+');
insert into takes values('56358', '693', '2', 'Fall', 2010, 'C-');
insert into takes values('78340', '206', '2', 'Fall', 2001, 'A ');
insert into takes values('88197', '693', '1', 'Fall', 2005, 'A+');
insert into takes values('11687', '913', '1', 'Fall', 2003, 'B+');
insert into takes values('955', '634', '1', 'Spring', 2004, 'C+');
insert into takes values('14416', '651', '1', 'Spring', 2007, 'C+');
insert into takes values('24006', '814', '1', 'Fall', 2005, 'A+');
insert into takes values('74981', '885', '1', 'Fall', 2007, 'A+');
insert into takes values('37651', '277', '1', 'Fall', 2006, 'A ');
insert into takes values('40455', '328', '1', 'Fall', 2009, 'C+');
insert into takes values('83976', '987', '2', 'Fall', 2006, 'C ');
insert into takes values('93757', '371', '2', 'Fall', 2008, 'B-');
insert into takes values('99005', '853', '2', 'Fall', 2005, 'B ');
insert into takes values('27720', '522', '1', 'Spring', 2006, 'C-');
insert into takes values('76925', '942', '1', 'Fall', 2008, 'A+');
insert into takes values('92511', '986', '1', 'Fall', 2003, 'A+');
insert into takes values('95095', '272', '1', 'Fall', 2006, 'B-');
insert into takes values('5540', '914', '1', 'Fall', 2008, 'C+');
insert into takes values('48121', '778', '4', 'Fall', 2004, 'C+');
insert into takes values('77701', '581', '2', 'Spring', 2009, 'A+');
insert into takes values('92752', '931', '1', 'Spring', 2007, 'A-');
insert into takes values('9974', '582', '3', 'Fall', 2003, 'B ');
insert into takes values('75363', '598', '1', 'Spring', 2006, 'B+');
insert into takes values('33718', '863', '1', 'Fall', 2004, 'C ');
insert into takes values('76470', '582', '2', 'Spring', 2004, 'C ');
insert into takes values('99005', '913', '2', 'Fall', 2002, 'A ');
insert into takes values('9974', '888', '4', 'Spring', 2008, 'A ');
insert into takes values('62717', '536', '2', 'Spring', 2008, 'B+');
insert into takes values('27600', '375', '1', 'Spring', 2008, 'A ');
insert into takes values('36070', '582', '4', 'Fall', 2001, 'B-');
insert into takes values('19993', '721', '2', 'Spring', 2004, 'B ');
insert into takes values('30554', '698', '1', 'Fall', 2002, 'B+');
insert into takes values('77728', '704', '5', 'Spring', 2006, 'A ');
insert into takes values('27720', '236', '2', 'Fall', 2001, 'A-');
insert into takes values('91232', '987', '2', 'Fall', 2006, 'A+');
insert into takes values('10656', '340', '1', 'Spring', 2008, 'B-');
insert into takes values('54199', '643', '2', 'Spring', 2002, 'B-');
insert into takes values('388', '814', '2', 'Fall', 2010, 'A ');
insert into takes values('37651', '533', '3', 'Fall', 2003, 'A-');
insert into takes values('69419', '181', '2', 'Fall', 2004, 'B+');
insert into takes values('94249', '704', '1', 'Fall', 2009, 'C-');
insert into takes values('35565', '291', '1', 'Spring', 2005, 'C-');
insert into takes values('91994', '693', '2', 'Fall', 2010, 'B ');
insert into takes values('65582', '582', '2', 'Spring', 2004, 'A-');
insert into takes values('91036', '222', '2', 'Spring', 2009, 'B-');
insert into takes values('40451', '346', '1', 'Spring', 2004, 'B ');
insert into takes values('72896', '206', '3', 'Spring', 2005, 'A+');
insert into takes values('19782', '337', '3', 'Spring', 2006, 'A ');
insert into takes values('30554', '580', '1', 'Spring', 2007, 'B+');
insert into takes values('37651', '222', '1', 'Fall', 2009, 'B+');
insert into takes values('37400', '913', '1', 'Fall', 2003, 'A-');
insert into takes values('36552', '444', '1', 'Spring', 2009, 'A-');
insert into takes values('18155', '104', '2', 'Fall', 2001, 'A ');
insert into takes values('91036', '965', '2', 'Spring', 2004, 'A ');
insert into takes values('40449', '598', '1', 'Spring', 2006, 'B+');
insert into takes values('28769', '829', '3', 'Spring', 2003, 'C+');
insert into takes values('19260', '721', '1', 'Spring', 2003, 'B+');
insert into takes values('48209', '741', '1', 'Fall', 2002, 'C+');
insert into takes values('12784', '371', '2', 'Fall', 2008, 'A-');
insert into takes values('56980', '591', '1', 'Spring', 2005, 'C+');
insert into takes values('46035', '581', '1', 'Spring', 2010, 'B+');
insert into takes values('56980', '356', '4', 'Fall', 2007, 'C ');
insert into takes values('17372', '814', '2', 'Fall', 2010, 'B-');
insert into takes values('36552', '836', '2', 'Spring', 2001, 'C-');
insert into takes values('92404', '536', '1', 'Fall', 2003, 'B+');
insert into takes values('91036', '691', '1', 'Fall', 2002, 'B+');
insert into takes values('94361', '931', '4', 'Spring', 2009, 'B-');
insert into takes values('59772', '652', '1', 'Spring', 2002, 'C+');
insert into takes values('16368', '515', '1', 'Fall', 2001, 'B-');
insert into takes values('88643', '296', '3', 'Fall', 2008, 'C ');
insert into takes values('5984', '797', '2', 'Fall', 2005, 'A-');
insert into takes values('30043', '704', '3', 'Spring', 2001, 'B+');
insert into takes values('91036', '876', '1', 'Fall', 2008, 'C-');
insert into takes values('75322', '555', '1', 'Fall', 2005, 'A ');
insert into takes values('26687', '518', '1', 'Fall', 2007, 'B-');
insert into takes values('41970', '533', '3', 'Fall', 2003, 'B ');
insert into takes values('73829', '699', '1', 'Fall', 2007, 'A ');
insert into takes values('32454', '271', '1', 'Fall', 2007, 'B+');
insert into takes values('20938', '357', '1', 'Fall', 2005, 'C+');
insert into takes values('83169', '291', '1', 'Spring', 2005, 'A+');
insert into takes values('79545', '532', '1', 'Spring', 2005, 'C ');
insert into takes values('73254', '987', '2', 'Fall', 2006, 'A-');
insert into takes values('27720', '524', '1', 'Fall', 2006, 'A ');
insert into takes values('76097', '966', '1', 'Fall', 2002, 'B ');
insert into takes values('98895', '929', '2', 'Spring', 2003, 'B ');
insert into takes values('28769', '675', '2', 'Spring', 2003, 'C ');
insert into takes values('77701', '147', '1', 'Spring', 2008, 'A-');
insert into takes values('37400', '929', '1', 'Spring', 2008, 'A ');
insert into takes values('92511', '191', '1', 'Fall', 2005, 'A ');
insert into takes values('75322', '277', '3', 'Fall', 2005, 'B ');
insert into takes values('35565', '382', '2', 'Spring', 2003, 'A-');
insert into takes values('93182', '854', '4', 'Spring', 2010, 'C-');
insert into takes values('29128', '743', '2', 'Spring', 2003, 'C+');
insert into takes values('95095', '235', '1', 'Fall', 2001, 'A-');
insert into takes values('955', '448', '2', 'Spring', 2002, 'A ');
insert into takes values('37463', '203', '1', 'Fall', 2006, 'A ');
insert into takes values('94951', '380', '1', 'Fall', 2008, 'A ');
insert into takes values('76097', '987', '1', 'Fall', 2005, 'B ');
insert into takes values('75322', '829', '1', 'Fall', 2006, 'A+');
insert into takes values('18155', '511', '1', 'Fall', 2006, 'A-');
insert into takes values('19782', '861', '1', 'Fall', 2001, 'A-');
insert into takes values('68196', '203', '1', 'Fall', 2006, 'A+');
insert into takes values('91014', '371', '1', 'Fall', 2008, 'B+');
insert into takes values('29891', '439', '3', 'Fall', 2010, 'A-');
insert into takes values('83169', '417', '1', 'Fall', 2006, 'B ');
insert into takes values('48655', '908', '2', 'Spring', 2008, 'A ');
insert into takes values('20938', '720', '1', 'Spring', 2001, 'A-');
insert into takes values('1281', '233', '1', 'Spring', 2004, 'C-');
insert into takes values('68390', '519', '1', 'Spring', 2005, 'B+');
insert into takes values('35209', '711', '1', 'Fall', 2002, 'C ');
insert into takes values('93301', '681', '1', 'Spring', 2010, 'A-');
insert into takes values('28146', '213', '1', 'Spring', 2001, 'C+');
insert into takes values('98367', '355', '2', 'Fall', 2004, 'C-');
insert into takes values('38257', '294', '1', 'Spring', 2002, 'B ');
insert into takes values('28769', '471', '1', 'Fall', 2001, 'B-');
insert into takes values('68390', '574', '2', 'Fall', 2008, 'C+');
insert into takes values('7064', '371', '1', 'Fall', 2008, 'C ');
insert into takes values('32454', '551', '2', 'Spring', 2004, 'B+');
insert into takes values('9688', '942', '3', 'Spring', 2004, 'B ');
insert into takes values('78340', '439', '2', 'Fall', 2005, 'C+');
insert into takes values('10656', '213', '2', 'Fall', 2010, 'A-');
insert into takes values('16368', '172', '1', 'Fall', 2007, 'B-');
insert into takes values('78340', '196', '4', 'Spring', 2004, 'B+');
insert into takes values('27720', '567', '2', 'Spring', 2006, 'C+');
insert into takes values('60602', '675', '3', 'Spring', 2004, 'B+');
insert into takes values('83411', '981', '1', 'Fall', 2005, 'B+');
insert into takes values('24372', '908', '2', 'Spring', 2008, 'B+');
insert into takes values('48209', '748', '1', 'Spring', 2010, 'C+');
insert into takes values('48209', '356', '1', 'Fall', 2009, 'C ');
insert into takes values('58505', '410', '1', 'Spring', 2001, 'B-');
insert into takes values('97181', '854', '4', 'Spring', 2010, 'A ');
insert into takes values('18446', '598', '3', 'Fall', 2007, 'B+');
insert into takes values('74169', '296', '2', 'Fall', 2008, 'B+');
insert into takes values('8459', '699', '2', 'Fall', 2005, 'C+');
insert into takes values('91014', '885', '2', 'Spring', 2001, 'C+');
insert into takes values('94361', '704', '6', 'Fall', 2004, 'C-');
insert into takes values('48289', '362', '2', 'Spring', 2009, 'B+');
insert into takes values('98367', '756', '1', 'Spring', 2005, 'A+');
insert into takes values('12784', '352', '2', 'Spring', 2009, 'A ');
insert into takes values('99005', '586', '1', 'Fall', 2004, 'A-');
insert into takes values('66830', '778', '2', 'Fall', 2006, 'A-');
insert into takes values('92304', '826', '1', 'Spring', 2004, 'A ');
insert into takes values('30554', '699', '2', 'Fall', 2005, 'B-');
insert into takes values('71946', '928', '1', 'Spring', 2005, 'C-');
insert into takes values('16368', '137', '2', 'Spring', 2005, 'B-');
insert into takes values('94951', '196', '2', 'Fall', 2001, 'B ');
insert into takes values('83976', '352', '2', 'Spring', 2009, 'A+');
insert into takes values('91036', '652', '1', 'Spring', 2002, 'C-');
insert into takes values('29891', '527', '2', 'Fall', 2002, 'C-');
insert into takes values('68841', '634', '3', 'Fall', 2008, 'B+');
insert into takes values('93182', '960', '2', 'Fall', 2007, 'C ');
insert into takes values('73518', '681', '1', 'Spring', 2010, 'C-');
insert into takes values('72024', '296', '3', 'Fall', 2008, 'A-');
insert into takes values('56456', '374', '3', 'Spring', 2001, 'B ');
insert into takes values('62571', '725', '3', 'Spring', 2004, 'A ');
insert into takes values('48209', '257', '2', 'Fall', 2010, 'A+');
insert into takes values('22954', '206', '3', 'Spring', 2005, 'B ');
insert into takes values('35565', '567', '1', 'Fall', 2008, 'C+');
insert into takes values('90916', '374', '1', 'Fall', 2004, 'A-');
insert into takes values('16368', '294', '1', 'Spring', 2002, 'C-');
insert into takes values('65582', '929', '2', 'Spring', 2003, 'A ');
insert into takes values('3175', '412', '1', 'Spring', 2004, 'A ');
insert into takes values('292', '752', '1', 'Fall', 2003, 'A ');
insert into takes values('94249', '236', '1', 'Spring', 2009, 'C ');
insert into takes values('73518', '352', '1', 'Fall', 2006, 'C ');
insert into takes values('16368', '277', '2', 'Fall', 2002, 'C ');
insert into takes values('46035', '236', '5', 'Fall', 2008, 'C-');
insert into takes values('94926', '759', '1', 'Fall', 2001, 'A+');
insert into takes values('12784', '753', '2', 'Spring', 2010, 'A-');
insert into takes values('74169', '271', '3', 'Fall', 2003, 'C ');
insert into takes values('48121', '888', '4', 'Spring', 2008, 'B-');
insert into takes values('12784', '854', '1', 'Fall', 2007, 'A+');
insert into takes values('11190', '206', '2', 'Fall', 2001, 'C+');
insert into takes values('19782', '581', '4', 'Fall', 2006, 'B-');
insert into takes values('20318', '885', '3', 'Fall', 2005, 'C-');
insert into takes values('30043', '483', '1', 'Fall', 2007, 'A+');
insert into takes values('67312', '652', '1', 'Spring', 2002, 'C+');
insert into takes values('99005', '328', '1', 'Fall', 2009, 'A-');
insert into takes values('11445', '356', '2', 'Spring', 2003, 'A-');
insert into takes values('74981', '137', '2', 'Spring', 2005, 'C ');
insert into takes values('30554', '444', '1', 'Spring', 2009, 'B ');
insert into takes values('98895', '598', '4', 'Spring', 2005, 'A-');
insert into takes values('73254', '213', '3', 'Spring', 2003, 'A ');
insert into takes values('73829', '741', '1', 'Fall', 2002, 'C-');
insert into takes values('9546', '294', '4', 'Fall', 2008, 'B ');
insert into takes values('48121', '753', '2', 'Spring', 2010, 'A+');
insert into takes values('93757', '355', '1', 'Fall', 2008, 'C-');
insert into takes values('93757', '809', '2', 'Fall', 2006, 'B-');
insert into takes values('52477', '362', '3', 'Fall', 2009, 'A+');
insert into takes values('12071', '826', '1', 'Spring', 2004, 'A+');
insert into takes values('93182', '805', '2', 'Spring', 2006, 'C-');
insert into takes values('82877', '296', '2', 'Fall', 2008, 'C+');
insert into takes values('56980', '896', '6', 'Fall', 2003, 'C-');
insert into takes values('51575', '555', '1', 'Fall', 2005, 'B+');
insert into takes values('55961', '551', '2', 'Spring', 2004, 'A ');
insert into takes values('39577', '236', '2', 'Fall', 2001, 'B-');
insert into takes values('26922', '634', '4', 'Fall', 2003, 'B+');
insert into takes values('39858', '778', '4', 'Fall', 2004, 'C-');
insert into takes values('91994', '574', '1', 'Spring', 2004, 'A-');
insert into takes values('49989', '533', '1', 'Spring', 2008, 'B-');
insert into takes values('33393', '966', '1', 'Fall', 2002, 'A+');
insert into takes values('27720', '581', '1', 'Spring', 2010, 'B+');
insert into takes values('39858', '759', '3', 'Fall', 2007, 'B ');
insert into takes values('51018', '813', '3', 'Fall', 2001, 'C-');
insert into takes values('29128', '575', '2', 'Spring', 2003, 'A ');
insert into takes values('88197', '908', '1', 'Fall', 2010, 'C+');
insert into takes values('76470', '748', '1', 'Spring', 2010, 'B ');
insert into takes values('29128', '412', '5', 'Spring', 2006, 'A-');
insert into takes values('93301', '908', '2', 'Spring', 2008, 'C+');
insert into takes values('38807', '567', '2', 'Spring', 2006, 'A+');
insert into takes values('56980', '412', '5', 'Spring', 2006, 'B-');
insert into takes values('5444', '558', '1', 'Spring', 2006, 'A+');
insert into takes values('73829', '558', '1', 'Spring', 2006, 'C-');
insert into takes values('59409', '463', '1', 'Spring', 2004, 'B-');
insert into takes values('94249', '726', '2', 'Spring', 2001, 'A+');
insert into takes values('25127', '898', '1', 'Fall', 2005, 'B-');
insert into takes values('19993', '200', '1', 'Fall', 2001, 'C ');
insert into takes values('82877', '634', '2', 'Fall', 2004, 'B-');
insert into takes values('49460', '805', '2', 'Spring', 2006, 'C+');
insert into takes values('92404', '474', '2', 'Spring', 2010, 'B+');
insert into takes values('37463', '356', '3', 'Spring', 2010, 'C+');
insert into takes values('10307', '743', '1', 'Spring', 2010, 'B+');
insert into takes values('73518', '888', '5', 'Fall', 2008, 'B ');
insert into takes values('65175', '137', '1', 'Spring', 2001, 'B-');
insert into takes values('5540', '439', '3', 'Fall', 2010, 'B ');
insert into takes values('99072', '574', '2', 'Fall', 2008, 'C+');
insert into takes values('8459', '898', '3', 'Fall', 2002, 'B-');
insert into takes values('26860', '468', '1', 'Spring', 2005, 'A-');
insert into takes values('48209', '864', '2', 'Spring', 2002, 'B-');
insert into takes values('73518', '965', '1', 'Spring', 2003, 'B ');
insert into takes values('9033', '720', '1', 'Spring', 2001, 'C+');
insert into takes values('18155', '439', '1', 'Fall', 2003, 'B-');
insert into takes values('58884', '752', '1', 'Fall', 2003, 'A ');
insert into takes values('27600', '580', '1', 'Spring', 2007, 'B+');
insert into takes values('52477', '785', '1', 'Fall', 2007, 'C ');
insert into takes values('19782', '236', '2', 'Fall', 2001, 'C-');
insert into takes values('79545', '699', '2', 'Fall', 2005, 'A ');
insert into takes values('50792', '677', '1', 'Fall', 2003, 'A+');
insert into takes values('53831', '791', '2', 'Fall', 2002, 'B+');
insert into takes values('65582', '634', '3', 'Fall', 2008, 'C+');
insert into takes values('72024', '235', '2', 'Spring', 2006, 'A+');
insert into takes values('54199', '888', '2', 'Fall', 2004, 'A+');
insert into takes values('48209', '864', '1', 'Fall', 2010, 'A-');
insert into takes values('59772', '854', '1', 'Fall', 2007, 'B ');
insert into takes values('9974', '981', '1', 'Fall', 2005, 'A-');
insert into takes values('76097', '580', '3', 'Fall', 2002, 'C-');
insert into takes values('12866', '813', '2', 'Spring', 2009, 'A+');
insert into takes values('91994', '752', '1', 'Fall', 2003, 'A+');
insert into takes values('9974', '908', '2', 'Spring', 2008, 'C ');
insert into takes values('17372', '580', '2', 'Spring', 2004, 'A+');
insert into takes values('93757', '536', '1', 'Fall', 2003, 'A+');
insert into takes values('10656', '277', '3', 'Fall', 2005, 'B ');
insert into takes values('36708', '412', '1', 'Spring', 2004, 'A ');
insert into takes values('99407', '864', '3', 'Fall', 2005, 'C-');
insert into takes values('90916', '582', '2', 'Spring', 2004, 'C-');
insert into takes values('54634', '527', '2', 'Fall', 2002, 'A-');
insert into takes values('10516', '813', '2', 'Spring', 2009, 'C ');
insert into takes values('38501', '477', '1', 'Fall', 2001, 'B-');
insert into takes values('61413', '863', '1', 'Fall', 2004, 'A+');
insert into takes values('71852', '753', '1', 'Fall', 2008, 'A-');
insert into takes values('30043', '580', '3', 'Fall', 2002, 'C ');
insert into takes values('38501', '939', '1', 'Fall', 2004, 'B+');
insert into takes values('40449', '213', '1', 'Spring', 2001, 'B-');
insert into takes values('90981', '797', '1', 'Spring', 2002, 'A+');
insert into takes values('92304', '752', '1', 'Fall', 2003, 'A-');
insert into takes values('1281', '239', '1', 'Spring', 2006, 'B-');
insert into takes values('68634', '864', '3', 'Fall', 2005, 'C-');
insert into takes values('96364', '574', '1', 'Spring', 2004, 'B+');
insert into takes values('38257', '468', '3', 'Fall', 2005, 'A ');
insert into takes values('71946', '239', '1', 'Spring', 2006, 'A-');
insert into takes values('36708', '698', '1', 'Fall', 2002, 'B-');
insert into takes values('67312', '636', '1', 'Fall', 2004, 'A+');
insert into takes values('94951', '515', '1', 'Fall', 2001, 'A-');
insert into takes values('27600', '693', '1', 'Fall', 2005, 'C+');
insert into takes values('99407', '374', '3', 'Spring', 2001, 'A+');
insert into takes values('72896', '294', '4', 'Fall', 2008, 'B ');
insert into advisor values('75363', '85029');
insert into advisor values('88244', '85029');
insert into advisor values('11445', '73355');
insert into advisor values('83169', '14053');
insert into advisor values('30043', '35198');
insert into advisor values('12387', '31829');
insert into advisor values('92404', '49701');
insert into advisor values('76925', '17341');
insert into advisor values('75322', '60446');
insert into advisor values('94926', '20388');
insert into advisor values('98367', '20388');
insert into advisor values('73518', '96415');
insert into advisor values('41970', '76934');
insert into advisor values('12784', '51422');
insert into advisor values('48185', '36935');
insert into advisor values('99072', '52791');
insert into advisor values('33718', '80878');
insert into advisor values('44164', '64758');
insert into advisor values('388', '31829');
insert into advisor values('52477', '14053');
insert into advisor values('19993', '76934');
insert into advisor values('14052', '90621');
insert into advisor values('29891', '1916');
insert into advisor values('71247', '73355');
insert into advisor values('84333', '64758');
insert into advisor values('35147', '5784');
insert into advisor values('473', '50215');
insert into advisor values('48289', '37327');
insert into advisor values('4548', '83934');
insert into advisor values('8915', '5784');
insert into advisor values('40455', '21828');
insert into advisor values('93757', '5784');
insert into advisor values('61905', '5809');
insert into advisor values('76470', '49701');
insert into advisor values('27600', '76934');
insert into advisor values('65582', '76934');
insert into advisor values('11687', '73355');
insert into advisor values('67312', '94897');
insert into advisor values('14231', '42625');
insert into advisor values('26687', '73368');
insert into advisor values('7064', '20388');
insert into advisor values('68634', '99328');
insert into advisor values('52990', '52791');
insert into advisor values('74169', '31829');
insert into advisor values('17750', '30858');
insert into advisor values('99407', '85029');
insert into advisor values('50792', '97060');
insert into advisor values('27720', '97060');
insert into advisor values('24372', '85649');
insert into advisor values('22954', '97060');
insert into advisor values('85911', '64758');
insert into advisor values('93301', '42625');
insert into advisor values('88197', '90621');
insert into advisor values('74981', '90621');
insert into advisor values('35565', '93503');
insert into advisor values('80236', '14509');
insert into advisor values('73690', '42167');
insert into advisor values('60602', '85029');
insert into advisor values('47375', '90426');
insert into advisor values('51575', '73368');
insert into advisor values('25127', '5809');
insert into advisor values('12101', '52791');
insert into advisor values('91036', '71984');
insert into advisor values('91232', '90621');
insert into advisor values('20318', '42167');
insert into advisor values('31711', '42625');
insert into advisor values('94361', '13276');
insert into advisor values('24050', '36935');
insert into advisor values('28146', '26274');
insert into advisor values('87587', '17922');
insert into advisor values('83976', '5784');
insert into advisor values('48695', '94897');
insert into advisor values('98324', '90621');
insert into advisor values('96364', '52791');
insert into advisor values('18155', '85029');
insert into advisor values('79610', '31829');
insert into advisor values('72024', '36935');
insert into advisor values('49460', '1916');
insert into advisor values('77701', '13276');
insert into advisor values('32454', '5809');
insert into advisor values('14416', '7688');
insert into advisor values('11190', '1132');
insert into advisor values('95095', '93503');
insert into advisor values('5540', '73368');
insert into advisor values('48655', '71984');
insert into advisor values('69419', '26274');
insert into advisor values('24006', '9905');
insert into advisor values('82592', '50215');
insert into advisor values('36070', '85029');
insert into advisor values('92304', '1505');
insert into advisor values('46035', '42625');
insert into advisor values('40451', '17922');
insert into advisor values('58505', '20388');
insert into advisor values('62717', '57260');
insert into advisor values('51072', '96415');
insert into advisor values('39577', '9905');
insert into advisor values('51018', '90621');
insert into advisor values('18446', '96415');
insert into advisor values('48209', '28501');
insert into advisor values('71852', '52791');
insert into advisor values('955', '9905');
insert into advisor values('99005', '9905');
insert into advisor values('56456', '9905');
insert into advisor values('91014', '90426');
insert into advisor values('92752', '52791');
insert into advisor values('61413', '80878');
insert into advisor values('68390', '83934');
insert into advisor values('70994', '96333');
insert into advisor values('79545', '98644');
insert into advisor values('80576', '64758');
insert into advisor values('63344', '90621');
insert into advisor values('91994', '17922');
insert into advisor values('8459', '51422');
insert into advisor values('36552', '51422');
insert into advisor values('3175', '1505');
insert into advisor values('94249', '42167');
insert into advisor values('38807', '21828');
insert into advisor values('9688', '80889');
insert into advisor values('32845', '85649');
insert into advisor values('71946', '90426');
insert into advisor values('38257', '64758');
insert into advisor values('33388', '80889');
insert into advisor values('73254', '85029');
insert into advisor values('56358', '36935');
insert into advisor values('68841', '27363');
insert into advisor values('59772', '5809');
insert into advisor values('37651', '31829');
insert into advisor values('35209', '60446');
insert into advisor values('56980', '17922');
insert into advisor values('68196', '80889');
insert into advisor values('37400', '35198');
insert into advisor values('17372', '96415');
insert into advisor values('88643', '37327');
insert into advisor values('82877', '96333');
insert into advisor values('9974', '83934');
insert into advisor values('62571', '76934');
insert into advisor values('9033', '7688');
insert into advisor values('78340', '83934');
insert into advisor values('33393', '20388');
insert into advisor values('10656', '2418');
insert into advisor values('48121', '73355');
insert into advisor values('71954', '85029');
insert into advisor values('99914', '76934');
insert into advisor values('73829', '80878');
insert into advisor values('38501', '2418');
insert into advisor values('40449', '52791');
insert into advisor values('292', '85649');
insert into advisor values('49989', '96333');
insert into advisor values('92511', '7688');
insert into advisor values('44908', '1132');
insert into advisor values('57155', '30858');
insert into advisor values('9546', '1916');
insert into advisor values('30554', '31829');
insert into advisor values('66830', '35198');
insert into advisor values('94951', '9905');
insert into advisor values('77728', '57260');
insert into advisor values('29128', '83934');
insert into advisor values('28769', '1505');
insert into advisor values('10516', '42167');
insert into advisor values('53711', '52791');
insert into advisor values('97181', '52791');
insert into advisor values('72896', '80889');
insert into advisor values('93645', '83934');
insert into advisor values('10307', '36935');
insert into advisor values('54634', '37327');
insert into advisor values('36708', '49701');
insert into advisor values('83411', '51422');
insert into advisor values('12071', '73355');
insert into advisor values('76097', '27363');
insert into advisor values('20938', '21828');
insert into advisor values('84169', '2418');
insert into advisor values('21029', '52791');
insert into advisor values('37463', '98644');
insert into advisor values('26922', '30858');
insert into advisor values('39858', '17922');
insert into advisor values('64071', '31829');
insert into advisor values('19260', '21828');
insert into advisor values('5984', '83934');
insert into advisor values('59409', '51422');
insert into advisor values('58551', '96333');
insert into advisor values('58884', '52791');
insert into advisor values('19782', '83934');
insert into advisor values('53831', '1916');
insert into advisor values('1281', '52791');
insert into advisor values('32929', '2418');
insert into advisor values('65175', '28501');
insert into advisor values('54199', '13276');
insert into advisor values('98895', '51422');
insert into advisor values('90981', '71984');
insert into advisor values('82381', '73368');
insert into advisor values('90916', '27363');
insert into advisor values('26860', '17341');
insert into advisor values('5444', '80889');
insert into advisor values('12866', '5809');
insert into advisor values('16368', '20388');
insert into advisor values('84097', '73355');
insert into advisor values('55278', '85029');
insert into advisor values('69458', '42167');
insert into advisor values('93182', '1916');
insert into advisor values('55961', '57260');
insert into prereq values('153', '410');
insert into prereq values('444', '474');
insert into prereq values('725', '441');
insert into prereq values('262', '815');
insert into prereq values('540', '634');
insert into prereq values('826', '146');
insert into prereq values('928', '421');
insert into prereq values('146', '825');
insert into prereq values('272', '187');
insert into prereq values('189', '236');
insert into prereq values('371', '213');
insert into prereq values('987', '809');
insert into prereq values('267', '652');
insert into prereq values('357', '439');
insert into prereq values('375', '885');
insert into prereq values('191', '497');
insert into prereq values('994', '187');
insert into prereq values('693', '418');
insert into prereq values('307', '826');
insert into prereq values('888', '766');
insert into prereq values('791', '752');
insert into prereq values('966', '829');
insert into prereq values('813', '225');
insert into prereq values('962', '147');
insert into prereq values('960', '672');
insert into prereq values('368', '665');
insert into prereq values('375', '853');
insert into prereq values('863', '417');
insert into prereq values('689', '752');
insert into prereq values('598', '725');
insert into prereq values('797', '272');
insert into prereq values('483', '436');
insert into prereq values('809', '987');
insert into prereq values('271', '965');
insert into prereq values('797', '888');
insert into prereq values('532', '965');
insert into prereq values('468', '371');
insert into prereq values('456', '233');
insert into prereq values('744', '960');
insert into prereq values('778', '463');
insert into prereq values('294', '418');
insert into prereq values('699', '689');
insert into prereq values('875', '233');
insert into prereq values('250', '640');
insert into prereq values('826', '693');
insert into prereq values('277', '908');
insert into prereq values('797', '463');
insert into prereq values('257', '515');
insert into prereq values('362', '222');
insert into prereq values('599', '813');
insert into prereq values('965', '477');
insert into prereq values('821', '966');
insert into prereq values('726', '536');
insert into prereq values('898', '172');
insert into prereq values('441', '439');
insert into prereq values('225', '239');
insert into prereq values('527', '436');
insert into prereq values('986', '401');
insert into prereq values('616', '825');
insert into prereq values('797', '189');
insert into prereq values('213', '829');
insert into prereq values('640', '728');
insert into prereq values('574', '829');
insert into prereq values('153', '665');
insert into prereq values('753', '803');
insert into prereq values('555', '643');
insert into prereq values('196', '752');
insert into prereq values('187', '198');
insert into prereq values('555', '558');
insert into prereq values('235', '743');
insert into prereq values('431', '726');
insert into prereq values('301', '675');
insert into prereq values('581', '473');
insert into prereq values('965', '720');
insert into prereq values('725', '233');
insert into prereq values('468', '598');
insert into prereq values('836', '239');
insert into prereq values('117', '586');
insert into prereq values('362', '551');
insert into prereq values('746', '687');
insert into prereq values('616', '524');
insert into prereq values('689', '181');
insert into prereq values('904', '527');
insert into prereq values('939', '725');
insert into prereq values('712', '242');
insert into prereq values('743', '699');
insert into prereq values('233', '410');
insert into prereq values('928', '410');
insert into prereq values('532', '239');
insert into prereq values('328', '746');
insert into prereq values('189', '456');
insert into prereq values('863', '355');
insert into prereq values('410', '401');
insert into prereq values('713', '362');
insert into prereq values('473', '401');
insert into prereq values('382', '104');
insert into prereq values('250', '797');
insert into prereq values('474', '346');
insert into prereq values('371', '643');
insert into prereq values('439', '885');
