insert into classroom values('C', 252, 19);
insert into classroom values('G', 626, 10);
insert into classroom values('A', 555, 199);
insert into classroom values('E', 29, 18);
insert into classroom values('I', 126, 31);
insert into classroom values('D', 564, 103);
insert into classroom values('H', 993, 99);
insert into classroom values('D', 533, 105);
insert into classroom values('E', 118, 11);
insert into classroom values('G', 938, 11);
insert into department values('KL', 'F', 109665.88);
insert into department values('EL', 'F', 843002.55);
insert into department values('FR', 'H', 31935.84);
insert into department values('GO', 'D', 509706.17);
insert into department values('ED', 'D', 54962.16);
insert into department values('DE', 'F', 793971.82);
insert into department values('HH', 'D', 434818.43);
insert into department values('RQ', 'E', 522806.06);
insert into department values('BN', 'F', 38825.89);
insert into department values('GF', 'E', 683740.53);
insert into course values('934', 'IF3022', 'ED', 3);
insert into course values('734', 'IF3120', 'ED', 3);
insert into course values('687', 'IF0230', 'EL', 3);
insert into course values('614', 'IF3030', 'KL', 3);
insert into course values('259', 'IF3030', 'HH', 4);
insert into course values('942', 'IF5555', 'GF', 4);
insert into course values('450', 'IF3030', 'BN', 4);
insert into course values('253', 'IF3031', 'FR', 4);
insert into course values('812', 'IF3333', 'HH', 3);
insert into course values('508', 'IF5555', 'HH', 4);
insert into course values('384', 'IF3031', 'GO', 3);
insert into course values('352', 'IF0230', 'EL', 4);
insert into course values('973', 'IF0230', 'BN', 4);
insert into course values('665', 'IF0230', 'RQ', 3);
insert into course values('463', 'IF4321', 'EL', 3);
insert into course values('319', 'IF3333', 'RQ', 4);
insert into course values('966', 'IF4321', 'EL', 3);
insert into course values('919', 'IF3120', 'GO', 3);
insert into course values('303', 'IF5555', 'EL', 3);
insert into course values('750', 'IF0230', 'GF', 4);
insert into course values('497', 'IF3211', 'DE', 4);
insert into course values('644', 'IF4041', 'KL', 4);
insert into course values('838', 'IF3022', 'RQ', 4);
insert into course values('695', 'IF3120', 'HH', 4);
insert into course values('183', 'IF0230', 'HH', 4);
insert into course values('806', 'IF3211', 'DE', 4);
insert into course values('701', 'IF4041', 'EL', 4);
insert into course values('683', 'IF3030', 'GF', 4);
insert into course values('514', 'IF3333', 'HH', 4);
insert into course values('606', 'IF0230', 'KL', 3);
insert into course values('550', 'IF3022', 'DE', 4);
insert into course values('617', 'IF3031', 'FR', 3);
insert into course values('690', 'IF3031', 'DE', 4);
insert into course values('234', 'IF0230', 'DE', 3);
insert into course values('229', 'IF5555', 'GF', 4);
insert into course values('879', 'IF3030', 'RQ', 3);
insert into course values('953', 'IF3031', 'KL', 4);
insert into course values('868', 'IF3030', 'GO', 3);
insert into course values('169', 'IF0230', 'FR', 3);
insert into course values('735', 'IF3022', 'DE', 4);
insert into course values('333', 'IF3211', 'BN', 4);
insert into course values('936', 'IF3211', 'HH', 3);
insert into course values('680', 'IF0230', 'ED', 4);
insert into course values('540', 'IF3022', 'FR', 3);
insert into course values('578', 'IF3120', 'FR', 3);
insert into course values('477', 'IF4321', 'FR', 4);
insert into course values('836', 'IF5555', 'DE', 4);
insert into course values('443', 'IF3333', 'RQ', 3);
insert into course values('682', 'IF5555', 'FR', 3);
insert into course values('796', 'IF3030', 'GO', 3);
insert into course values('845', 'IF3120', 'EL', 4);
insert into course values('422', 'IF3120', 'EL', 3);
insert into course values('814', 'IF3333', 'GF', 3);
insert into course values('767', 'IF3022', 'RQ', 4);
insert into course values('569', 'IF5555', 'KL', 3);
insert into course values('899', 'IF4041', 'EL', 4);
insert into course values('554', 'IF3030', 'BN', 3);
insert into course values('653', 'IF4321', 'DE', 3);
insert into course values('294', 'IF4041', 'HH', 4);
insert into course values('522', 'IF5555', 'HH', 3);
insert into course values('992', 'IF3333', 'GF', 4);
insert into course values('777', 'IF3022', 'FR', 4);
insert into course values('102', 'IF3022', 'BN', 3);
insert into course values('570', 'IF4321', 'KL', 4);
insert into course values('739', 'IF5555', 'DE', 4);
insert into course values('846', 'IF3030', 'KL', 3);
insert into course values('331', 'IF3333', 'BN', 4);
insert into course values('589', 'IF3120', 'GO', 4);
insert into course values('493', 'IF3120', 'HH', 3);
insert into course values('433', 'IF4041', 'HH', 3);
insert into course values('472', 'IF3333', 'FR', 3);
insert into course values('145', 'IF0230', 'GO', 4);
insert into course values('766', 'IF4321', 'RQ', 4);
insert into course values('985', 'IF5555', 'FR', 3);
insert into course values('861', 'IF5555', 'FR', 4);
insert into course values('643', 'IF0230', 'ED', 3);
insert into course values('397', 'IF3333', 'EL', 3);
insert into course values('217', 'IF4321', 'DE', 4);
insert into course values('177', 'IF3211', 'ED', 4);
insert into course values('380', 'IF4041', 'DE', 3);
insert into course values('342', 'IF5555', 'RQ', 4);
insert into course values('591', 'IF3333', 'EL', 4);
insert into course values('630', 'IF4321', 'HH', 3);
insert into course values('932', 'IF0230', 'HH', 3);
insert into course values('884', 'IF3031', 'DE', 3);
insert into course values('473', 'IF3333', 'ED', 3);
insert into course values('268', 'IF3120', 'GF', 4);
insert into course values('726', 'IF5555', 'HH', 3);
insert into course values('808', 'IF3120', 'RQ', 4);
insert into course values('602', 'IF3211', 'RQ', 4);
insert into course values('584', 'IF5555', 'BN', 3);
insert into course values('431', 'IF3333', 'GF', 3);
insert into course values('930', 'IF3211', 'ED', 4);
insert into course values('991', 'IF5555', 'HH', 4);
insert into course values('311', 'IF4041', 'RQ', 4);
insert into course values('871', 'IF3120', 'RQ', 4);
insert into course values('150', 'IF3333', 'KL', 3);
insert into course values('740', 'IF3030', 'RQ', 3);
insert into course values('295', 'IF3333', 'GO', 3);
insert into course values('358', 'IF4041', 'GF', 4);
insert into course values('137', 'IF3031', 'HH', 3);
insert into course values('581', 'IF3030', 'GF', 3);
insert into course values('411', 'IF3022', 'DE', 3);
insert into course values('135', 'IF4321', 'GO', 4);
insert into course values('263', 'IF3333', 'FR', 4);
insert into course values('561', 'IF3333', 'DE', 4);
insert into course values('837', 'IF0230', 'ED', 4);
insert into course values('305', 'IF5555', 'HH', 3);
insert into course values('642', 'IF5555', 'DE', 4);
insert into course values('328', 'IF4041', 'EL', 4);
insert into course values('563', 'IF3030', 'DE', 3);
insert into course values('527', 'IF0230', 'BN', 4);
insert into course values('190', 'IF3333', 'GF', 4);
insert into course values('717', 'IF5555', 'KL', 3);
insert into course values('413', 'IF3333', 'ED', 3);
insert into course values('547', 'IF3120', 'GF', 4);
insert into course values('572', 'IF3030', 'FR', 3);
insert into course values('566', 'IF3022', 'GO', 4);
insert into course values('143', 'IF3120', 'KL', 4);
insert into course values('997', 'IF3030', 'RQ', 4);
insert into course values('579', 'IF3030', 'EL', 4);
insert into course values('130', 'IF3022', 'ED', 3);
insert into course values('782', 'IF3211', 'HH', 3);
insert into course values('909', 'IF5555', 'FR', 3);
insert into course values('555', 'IF5555', 'GO', 4);
insert into course values('619', 'IF3120', 'EL', 3);
insert into course values('301', 'IF3120', 'BN', 4);
insert into course values('447', 'IF3333', 'BN', 3);
insert into course values('300', 'IF0230', 'FR', 3);
insert into course values('926', 'IF3022', 'HH', 3);
insert into course values('588', 'IF5555', 'BN', 4);
insert into course values('722', 'IF3031', 'RQ', 3);
insert into course values('731', 'IF3333', 'KL', 3);
insert into course values('366', 'IF5555', 'FR', 4);
insert into course values('163', 'IF5555', 'RQ', 3);
insert into course values('407', 'IF0230', 'EL', 3);
insert into course values('751', 'IF5555', 'GO', 4);
insert into course values('326', 'IF0230', 'DE', 3);
insert into course values('222', 'IF4321', 'GO', 3);
insert into course values('265', 'IF3030', 'HH', 3);
insert into course values('254', 'IF4041', 'DE', 4);
insert into course values('462', 'IF4321', 'RQ', 4);
insert into course values('559', 'IF3030', 'RQ', 3);
insert into course values('235', 'IF3031', 'GF', 4);
insert into course values('562', 'IF3030', 'DE', 4);
insert into course values('756', 'IF5555', 'HH', 3);
insert into course values('891', 'IF3211', 'GO', 4);
insert into course values('399', 'IF4041', 'EL', 3);
insert into course values('856', 'IF0230', 'GO', 3);
insert into course values('205', 'IF4041', 'KL', 4);
insert into course values('390', 'IF4041', 'EL', 4);
insert into course values('287', 'IF0230', 'GO', 3);
insert into course values('389', 'IF3031', 'FR', 4);
insert into course values('299', 'IF3031', 'ED', 3);
insert into course values('486', 'IF0230', 'BN', 3);
insert into course values('317', 'IF4321', 'BN', 3);
insert into course values('244', 'IF3031', 'HH', 4);
insert into course values('802', 'IF3031', 'KL', 3);
insert into course values('232', 'IF3022', 'BN', 4);
insert into course values('480', 'IF3030', 'GF', 3);
insert into course values('291', 'IF0230', 'RQ', 3);
insert into course values('104', 'IF5555', 'EL', 4);
insert into course values('889', 'IF0230', 'BN', 3);
insert into course values('854', 'IF3031', 'EL', 3);
insert into course values('485', 'IF4041', 'EL', 4);
insert into course values('224', 'IF3030', 'GO', 3);
insert into course values('203', 'IF4041', 'HH', 3);
insert into course values('835', 'IF5555', 'ED', 3);
insert into course values('396', 'IF4041', 'EL', 4);
insert into course values('273', 'IF3031', 'BN', 4);
insert into course values('293', 'IF3211', 'KL', 4);
insert into course values('182', 'IF3022', 'RQ', 3);
insert into course values('219', 'IF5555', 'RQ', 4);
insert into course values('937', 'IF3120', 'FR', 4);
insert into course values('207', 'IF3211', 'GO', 3);
insert into course values('159', 'IF4321', 'GF', 3);
insert into course values('538', 'IF3022', 'FR', 4);
insert into course values('970', 'IF4041', 'GO', 3);
insert into course values('266', 'IF3031', 'ED', 4);
insert into course values('106', 'IF4321', 'ED', 3);
insert into course values('179', 'IF3031', 'GO', 4);
insert into course values('892', 'IF4041', 'DE', 4);
insert into course values('967', 'IF0230', 'RQ', 4);
insert into course values('543', 'IF3030', 'KL', 3);
insert into course values('811', 'IF3030', 'HH', 4);
insert into course values('401', 'IF3211', 'HH', 3);
insert into course values('174', 'IF3031', 'GO', 3);
insert into course values('198', 'IF0230', 'GO', 4);
insert into course values('773', 'IF5555', 'DE', 4);
insert into course values('641', 'IF3120', 'ED', 4);
insert into course values('863', 'IF3333', 'FR', 4);
insert into course values('612', 'IF3333', 'HH', 3);
insert into course values('520', 'IF3333', 'GF', 4);
insert into course values('958', 'IF4321', 'FR', 3);
insert into course values('186', 'IF4321', 'RQ', 3);
insert into course values('763', 'IF3030', 'DE', 4);
insert into course values('403', 'IF5555', 'RQ', 4);
insert into course values('621', 'IF3333', 'KL', 3);
insert into course values('288', 'IF3120', 'GF', 3);
insert into course values('783', 'IF0230', 'KL', 3);
insert into instructor values('16909', 'rahmat', 'RQ', 115825.48);
insert into instructor values('78749', 'Johan', 'DE', 96583.53);
insert into instructor values('2528', 'Kiki', 'GO', 56631.24);
insert into instructor values('90303', 'Ahmad', 'HH', 106348.76);
insert into instructor values('52607', 'Adri', 'GO', 122040.39);
insert into instructor values('32693', 'Ande', 'EL', 75247.89);
insert into instructor values('53541', 'Yohan', 'DE', 34865.02);
insert into instructor values('95003', 'rahmat', 'BN', 103605.65);
insert into instructor values('32197', 'Johan', 'HH', 59625.08);
insert into instructor values('74827', 'rahmat', 'RQ', 123386.71);
insert into instructor values('31308', 'Josu', 'GO', 98363.69);
insert into instructor values('16694', 'Adri', 'KL', 82590.97);
insert into instructor values('44418', 'Josu', 'EL', 83722.05);
insert into instructor values('13322', 'Budi', 'DE', 111944.12);
insert into instructor values('16647', 'Ande', 'KL', 68276.06);
insert into instructor values('52267', 'Ande', 'HH', 87387.70);
insert into instructor values('26648', 'Budi', 'GF', 57671.87);
insert into instructor values('85435', 'Ande', 'ED', 101969.99);
insert into instructor values('21641', 'Budi', 'DE', 111757.70);
insert into instructor values('12564', 'rahmat', 'GF', 38962.51);
insert into instructor values('28009', 'rahmat', 'GO', 42694.57);
insert into instructor values('5514', 'rahmat', 'ED', 94373.64);
insert into instructor values('74275', 'Ahmad', 'RQ', 71938.53);
insert into instructor values('38987', 'Johan', 'ED', 31504.52);
insert into instructor values('27641', 'Ande', 'HH', 69022.36);
insert into instructor values('94368', 'Ahmad', 'ED', 62789.06);
insert into instructor values('41385', 'Kiki', 'RQ', 84224.63);
insert into instructor values('19499', 'rahmat', 'RQ', 44883.45);
insert into instructor values('23114', 'rahmat', 'BN', 104499.43);
insert into instructor values('65961', 'Budi', 'KL', 41817.38);
insert into instructor values('84045', 'Adri', 'GO', 107449.93);
insert into instructor values('74223', 'Johan', 'RQ', 57992.71);
insert into instructor values('23933', 'Ande', 'HH', 61664.43);
insert into instructor values('29583', 'Johan', 'GO', 67912.06);
insert into instructor values('82785', 'Josu', 'DE', 123393.37);
insert into instructor values('81937', 'Johan', 'HH', 72743.25);
insert into instructor values('64791', 'Budi', 'BN', 109331.22);
insert into instructor values('67420', 'Johan', 'GF', 95172.68);
insert into instructor values('34008', 'Ande', 'EL', 83177.13);
insert into instructor values('92204', 'Adri', 'ED', 83473.55);
insert into instructor values('66265', 'yuyun', 'ED', 79683.50);
insert into instructor values('45371', 'yuyun', 'GO', 33312.63);
insert into instructor values('33285', 'Adri', 'ED', 104061.65);
insert into instructor values('89082', 'yuyun', 'HH', 51541.53);
insert into instructor values('23365', 'Johan', 'KL', 86899.09);
insert into instructor values('48150', 'Budi', 'BN', 80066.65);
insert into instructor values('3194', 'Budi', 'EL', 45152.95);
insert into instructor values('72853', 'rahmat', 'GF', 69864.04);
insert into instructor values('98367', 'Kiki', 'HH', 98319.24);
insert into instructor values('1880', 'Yohan', 'RQ', 45303.62);
insert into section values('846', '1', 'Spring', 2006, 'C', '252', 'G');
insert into section values('806', '1', 'Fall', 2003, 'A', '555', 'F');
insert into section values('396', '1', 'Fall', 2005, 'D', '533', 'C');
insert into section values('871', '1', 'Fall', 2009, 'D', '533', 'K');
insert into section values('253', '1', 'Spring', 2005, 'H', '993', 'H');
insert into section values('739', '1', 'Fall', 2008, 'A', '555', 'A');
insert into section values('380', '1', 'Fall', 2010, 'G', '626', 'E');
insert into section values('463', '1', 'Spring', 2004, 'C', '252', 'I');
insert into section values('973', '1', 'Fall', 2007, 'A', '555', 'H');
insert into section values('566', '1', 'Spring', 2002, 'E', '118', 'L');
insert into section values('926', '1', 'Spring', 2009, 'A', '555', 'F');
insert into section values('680', '1', 'Fall', 2005, 'H', '993', 'B');
insert into section values('695', '1', 'Spring', 2007, 'D', '533', 'D');
insert into section values('891', '1', 'Spring', 2007, 'E', '29', 'B');
insert into section values('619', '1', 'Spring', 2004, 'I', '126', 'B');
insert into section values('198', '1', 'Fall', 2009, 'D', '564', 'N');
insert into section values('486', '1', 'Fall', 2007, 'E', '118', 'F');
insert into section values('137', '1', 'Spring', 2002, 'G', '626', 'C');
insert into section values('186', '1', 'Fall', 2004, 'I', '126', 'N');
insert into section values('930', '1', 'Fall', 2003, 'G', '626', 'D');
insert into section values('731', '1', 'Spring', 2005, 'E', '29', 'O');
insert into section values('837', '1', 'Fall', 2008, 'A', '555', 'A');
insert into section values('389', '1', 'Spring', 2010, 'G', '626', 'I');
insert into section values('731', '2', 'Spring', 2001, 'E', '118', 'C');
insert into section values('884', '1', 'Spring', 2002, 'I', '126', 'H');
insert into section values('540', '1', 'Spring', 2003, 'I', '126', 'I');
insert into section values('665', '1', 'Spring', 2004, 'E', '118', 'K');
insert into section values('806', '2', 'Spring', 2003, 'I', '126', 'J');
insert into section values('884', '2', 'Fall', 2007, 'G', '938', 'K');
insert into section values('740', '1', 'Fall', 2008, 'G', '626', 'C');
insert into section values('472', '1', 'Fall', 2010, 'H', '993', 'J');
insert into section values('751', '1', 'Spring', 2010, 'A', '555', 'J');
insert into section values('520', '1', 'Spring', 2002, 'E', '29', 'H');
insert into section values('909', '1', 'Spring', 2010, 'I', '126', 'N');
insert into section values('808', '1', 'Spring', 2002, 'H', '993', 'C');
insert into section values('934', '1', 'Spring', 2010, 'G', '626', 'J');
insert into section values('919', '1', 'Spring', 2004, 'E', '118', 'H');
insert into section values('695', '2', 'Spring', 2005, 'G', '938', 'C');
insert into section values('643', '1', 'Fall', 2006, 'D', '533', 'I');
insert into section values('937', '1', 'Fall', 2010, 'D', '533', 'G');
insert into section values('294', '1', 'Fall', 2002, 'E', '118', 'H');
insert into section values('473', '1', 'Spring', 2005, 'D', '564', 'E');
insert into section values('756', '1', 'Fall', 2006, 'G', '626', 'O');
insert into section values('326', '1', 'Fall', 2006, 'D', '533', 'E');
insert into section values('563', '1', 'Fall', 2006, 'C', '252', 'O');
insert into section values('783', '1', 'Spring', 2010, 'C', '252', 'J');
insert into section values('342', '1', 'Fall', 2004, 'G', '938', 'K');
insert into section values('856', '1', 'Fall', 2004, 'E', '118', 'F');
insert into section values('317', '1', 'Fall', 2002, 'E', '118', 'H');
insert into section values('578', '1', 'Fall', 2006, 'G', '626', 'J');
insert into section values('299', '1', 'Fall', 2009, 'I', '126', 'O');
insert into section values('621', '1', 'Fall', 2008, 'I', '126', 'J');
insert into section values('899', '1', 'Fall', 2002, 'G', '626', 'C');
insert into section values('641', '1', 'Fall', 2006, 'D', '564', 'M');
insert into section values('265', '1', 'Fall', 2005, 'A', '555', 'I');
insert into section values('861', '1', 'Fall', 2006, 'I', '126', 'M');
insert into section values('767', '1', 'Fall', 2009, 'I', '126', 'C');
insert into section values('579', '1', 'Fall', 2006, 'H', '993', 'F');
insert into section values('508', '1', 'Fall', 2010, 'C', '252', 'O');
insert into section values('295', '1', 'Spring', 2005, 'G', '938', 'L');
insert into section values('493', '1', 'Fall', 2007, 'G', '938', 'A');
insert into section values('333', '1', 'Spring', 2005, 'E', '118', 'G');
insert into section values('937', '2', 'Spring', 2007, 'E', '118', 'A');
insert into section values('932', '1', 'Spring', 2009, 'I', '126', 'I');
insert into section values('244', '1', 'Fall', 2007, 'D', '533', 'K');
insert into section values('863', '1', 'Fall', 2002, 'A', '555', 'O');
insert into section values('997', '1', 'Fall', 2009, 'E', '118', 'K');
insert into section values('163', '1', 'Spring', 2006, 'D', '533', 'H');
insert into section values('644', '1', 'Fall', 2005, 'C', '252', 'O');
insert into section values('413', '1', 'Fall', 2004, 'H', '993', 'D');
insert into section values('836', '1', 'Fall', 2010, 'I', '126', 'M');
insert into section values('617', '1', 'Fall', 2001, 'I', '126', 'J');
insert into section values('163', '2', 'Spring', 2002, 'E', '118', 'K');
insert into section values('891', '2', 'Fall', 2002, 'G', '938', 'A');
insert into section values('174', '1', 'Spring', 2006, 'G', '938', 'G');
insert into section values('970', '1', 'Fall', 2003, 'D', '533', 'M');
insert into section values('899', '2', 'Fall', 2010, 'G', '938', 'A');
insert into section values('773', '1', 'Fall', 2008, 'E', '118', 'G');
insert into section values('295', '2', 'Fall', 2004, 'H', '993', 'O');
insert into section values('480', '1', 'Spring', 2010, 'G', '626', 'K');
insert into section values('731', '3', 'Spring', 2003, 'C', '252', 'L');
insert into section values('812', '1', 'Fall', 2002, 'G', '626', 'L');
insert into section values('796', '1', 'Spring', 2009, 'H', '993', 'G');
insert into section values('207', '1', 'Fall', 2007, 'E', '29', 'O');
insert into section values('967', '1', 'Fall', 2008, 'G', '626', 'F');
insert into section values('514', '1', 'Fall', 2008, 'D', '533', 'L');
insert into section values('682', '1', 'Fall', 2004, 'G', '626', 'L');
insert into section values('450', '1', 'Fall', 2007, 'D', '533', 'O');
insert into section values('838', '1', 'Fall', 2008, 'C', '252', 'O');
insert into section values('642', '1', 'Spring', 2010, 'D', '533', 'J');
insert into section values('447', '1', 'Fall', 2009, 'E', '118', 'O');
insert into section values('333', '2', 'Fall', 2001, 'D', '564', 'F');
insert into section values('342', '2', 'Fall', 2006, 'E', '118', 'I');
insert into section values('806', '3', 'Spring', 2001, 'G', '938', 'K');
insert into section values('205', '1', 'Spring', 2001, 'D', '533', 'K');
insert into section values('958', '1', 'Spring', 2002, 'H', '993', 'P');
insert into section values('331', '1', 'Fall', 2002, 'D', '564', 'P');
insert into section values('145', '1', 'Fall', 2007, 'E', '29', 'N');
insert into section values('653', '1', 'Spring', 2002, 'D', '564', 'C');
insert into section values('163', '3', 'Fall', 2005, 'C', '252', 'I');
insert into section values('554', '1', 'Fall', 2002, 'E', '118', 'H');
insert into section values('731', '4', 'Fall', 2005, 'D', '533', 'H');
insert into section values('433', '1', 'Spring', 2006, 'H', '993', 'A');
insert into section values('508', '2', 'Spring', 2007, 'D', '564', 'H');
insert into section values('641', '2', 'Spring', 2005, 'H', '993', 'B');
insert into section values('680', '2', 'Spring', 2005, 'I', '126', 'I');
insert into section values('550', '1', 'Spring', 2005, 'I', '126', 'H');
insert into section values('190', '1', 'Fall', 2006, 'H', '993', 'C');
insert into section values('333', '3', 'Spring', 2007, 'G', '938', 'C');
insert into section values('203', '1', 'Fall', 2009, 'E', '118', 'D');
insert into section values('303', '1', 'Spring', 2003, 'E', '118', 'M');
insert into section values('836', '2', 'Spring', 2006, 'G', '626', 'J');
insert into section values('739', '2', 'Fall', 2001, 'H', '993', 'J');
insert into section values('782', '1', 'Fall', 2004, 'E', '29', 'E');
insert into section values('836', '3', 'Fall', 2005, 'I', '126', 'F');
insert into section values('782', '2', 'Fall', 2006, 'D', '533', 'I');
insert into section values('641', '3', 'Spring', 2002, 'E', '29', 'O');
insert into section values('207', '2', 'Spring', 2005, 'D', '533', 'G');
insert into section values('295', '3', 'Spring', 2001, 'E', '118', 'I');
insert into section values('683', '1', 'Spring', 2002, 'G', '938', 'D');
insert into section values('953', '1', 'Fall', 2004, 'A', '555', 'A');
insert into section values('992', '1', 'Fall', 2009, 'C', '252', 'G');
insert into section values('763', '1', 'Fall', 2010, 'A', '555', 'O');
insert into section values('232', '1', 'Fall', 2002, 'C', '252', 'H');
insert into section values('463', '2', 'Fall', 2010, 'D', '564', 'N');
insert into section values('653', '2', 'Spring', 2008, 'G', '626', 'K');
insert into section values('992', '2', 'Fall', 2008, 'E', '29', 'N');
insert into section values('443', '1', 'Spring', 2010, 'E', '118', 'D');
insert into section values('207', '3', 'Spring', 2001, 'I', '126', 'E');
insert into section values('562', '1', 'Spring', 2002, 'H', '993', 'D');
insert into section values('861', '2', 'Spring', 2002, 'D', '533', 'B');
insert into section values('265', '2', 'Fall', 2005, 'G', '938', 'D');
insert into section values('555', '1', 'Fall', 2010, 'H', '993', 'O');
insert into section values('717', '1', 'Spring', 2002, 'E', '29', 'G');
insert into section values('431', '1', 'Fall', 2005, 'E', '118', 'G');
insert into section values('443', '2', 'Fall', 2007, 'A', '555', 'F');
insert into section values('909', '2', 'Spring', 2003, 'G', '938', 'B');
insert into section values('690', '1', 'Spring', 2001, 'G', '938', 'J');
insert into section values('486', '2', 'Fall', 2008, 'D', '564', 'N');
insert into section values('837', '2', 'Spring', 2010, 'H', '993', 'J');
insert into section values('614', '1', 'Spring', 2009, 'H', '993', 'P');
insert into section values('561', '1', 'Spring', 2007, 'A', '555', 'K');
insert into section values('591', '1', 'Fall', 2004, 'G', '938', 'F');
insert into section values('550', '2', 'Spring', 2003, 'D', '564', 'H');
insert into section values('572', '1', 'Spring', 2009, 'H', '993', 'B');
insert into section values('319', '1', 'Spring', 2006, 'H', '993', 'I');
insert into section values('614', '2', 'Spring', 2004, 'C', '252', 'E');
insert into section values('644', '2', 'Spring', 2003, 'I', '126', 'M');
insert into section values('766', '1', 'Spring', 2010, 'D', '564', 'L');
insert into section values('814', '1', 'Fall', 2006, 'D', '533', 'D');
insert into section values('942', '1', 'Fall', 2008, 'D', '533', 'L');
insert into section values('145', '2', 'Spring', 2007, 'H', '993', 'D');
insert into section values('352', '1', 'Spring', 2006, 'G', '938', 'E');
insert into section values('930', '2', 'Spring', 2008, 'G', '938', 'D');
insert into section values('291', '1', 'Fall', 2007, 'D', '564', 'I');
insert into section values('235', '1', 'Fall', 2006, 'G', '626', 'H');
insert into section values('508', '3', 'Spring', 2010, 'I', '126', 'D');
insert into section values('422', '1', 'Fall', 2002, 'C', '252', 'E');
insert into section values('569', '1', 'Spring', 2003, 'A', '555', 'P');
insert into section values('472', '2', 'Fall', 2009, 'E', '29', 'A');
insert into section values('879', '1', 'Spring', 2001, 'E', '29', 'L');
insert into section values('559', '1', 'Spring', 2008, 'I', '126', 'C');
insert into section values('268', '1', 'Fall', 2007, 'E', '29', 'B');
insert into section values('234', '1', 'Spring', 2004, 'A', '555', 'A');
insert into section values('543', '1', 'Spring', 2006, 'E', '118', 'H');
insert into section values('163', '4', 'Spring', 2006, 'C', '252', 'N');
insert into section values('514', '2', 'Fall', 2007, 'G', '626', 'P');
insert into section values('224', '1', 'Fall', 2004, 'D', '564', 'A');
insert into section values('763', '2', 'Fall', 2004, 'E', '29', 'C');
insert into section values('899', '3', 'Fall', 2002, 'G', '626', 'L');
insert into section values('687', '1', 'Spring', 2003, 'C', '252', 'N');
insert into section values('130', '1', 'Fall', 2010, 'H', '993', 'H');
insert into section values('472', '3', 'Fall', 2005, 'D', '564', 'A');
insert into section values('562', '2', 'Spring', 2010, 'A', '555', 'M');
insert into section values('644', '3', 'Spring', 2001, 'G', '938', 'L');
insert into section values('763', '3', 'Fall', 2006, 'G', '626', 'L');
insert into section values('358', '1', 'Fall', 2003, 'G', '626', 'J');
insert into section values('763', '4', 'Spring', 2006, 'D', '533', 'L');
insert into section values('102', '1', 'Fall', 2006, 'C', '252', 'H');
insert into section values('547', '1', 'Spring', 2002, 'D', '533', 'J');
insert into section values('431', '2', 'Spring', 2005, 'D', '564', 'N');
insert into section values('224', '2', 'Fall', 2007, 'E', '118', 'P');
insert into section values('288', '1', 'Spring', 2010, 'D', '564', 'M');
insert into section values('884', '3', 'Fall', 2001, 'D', '564', 'J');
insert into section values('863', '2', 'Spring', 2007, 'C', '252', 'F');
insert into section values('682', '2', 'Spring', 2002, 'C', '252', 'J');
insert into section values('244', '2', 'Fall', 2001, 'I', '126', 'O');
insert into section values('294', '2', 'Fall', 2009, 'G', '938', 'M');
insert into section values('665', '2', 'Fall', 2002, 'D', '564', 'C');
insert into section values('930', '3', 'Fall', 2001, 'C', '252', 'O');
insert into section values('641', '4', 'Spring', 2004, 'A', '555', 'B');
insert into section values('644', '4', 'Fall', 2006, 'D', '533', 'B');
insert into section values('102', '2', 'Spring', 2006, 'E', '29', 'K');
insert into section values('366', '1', 'Fall', 2002, 'I', '126', 'G');
insert into section values('751', '2', 'Fall', 2006, 'E', '118', 'I');
insert into section values('244', '3', 'Fall', 2007, 'H', '993', 'L');
insert into section values('219', '1', 'Spring', 2006, 'C', '252', 'D');
insert into section values('570', '1', 'Spring', 2005, 'I', '126', 'L');
insert into section values('473', '2', 'Spring', 2008, 'E', '29', 'H');
insert into section values('836', '4', 'Spring', 2009, 'C', '252', 'E');
insert into section values('413', '2', 'Fall', 2007, 'D', '533', 'N');
insert into section values('644', '5', 'Fall', 2007, 'G', '938', 'C');
insert into section values('845', '1', 'Spring', 2007, 'C', '252', 'D');
insert into section values('683', '2', 'Spring', 2008, 'H', '993', 'G');
insert into section values('953', '2', 'Spring', 2006, 'E', '29', 'H');
insert into section values('235', '2', 'Fall', 2007, 'I', '126', 'L');
insert into section values('584', '1', 'Fall', 2007, 'D', '564', 'I');
insert into section values('934', '2', 'Spring', 2008, 'C', '252', 'N');
insert into section values('305', '1', 'Fall', 2009, 'E', '29', 'F');
insert into section values('305', '2', 'Spring', 2004, 'D', '564', 'D');
insert into section values('846', '2', 'Spring', 2010, 'A', '555', 'P');
insert into section values('751', '3', 'Spring', 2008, 'E', '29', 'L');
insert into section values('522', '1', 'Spring', 2008, 'G', '626', 'P');
insert into section values('399', '1', 'Fall', 2007, 'E', '118', 'N');
insert into section values('263', '1', 'Spring', 2006, 'C', '252', 'P');
insert into section values('997', '2', 'Spring', 2010, 'H', '993', 'I');
insert into section values('401', '1', 'Fall', 2008, 'G', '938', 'G');
insert into section values('244', '4', 'Spring', 2001, 'A', '555', 'N');
insert into section values('756', '2', 'Fall', 2010, 'E', '29', 'P');
insert into section values('811', '1', 'Fall', 2006, 'G', '938', 'F');
insert into section values('472', '4', 'Fall', 2007, 'A', '555', 'B');
insert into section values('520', '2', 'Spring', 2010, 'E', '29', 'N');
insert into section values('811', '2', 'Spring', 2002, 'E', '29', 'N');
insert into section values('899', '4', 'Spring', 2010, 'A', '555', 'H');
insert into section values('879', '2', 'Fall', 2002, 'E', '29', 'F');
insert into section values('295', '4', 'Spring', 2005, 'C', '252', 'D');
insert into section values('203', '2', 'Spring', 2004, 'E', '118', 'I');
insert into section values('602', '1', 'Fall', 2006, 'C', '252', 'M');
insert into section values('145', '3', 'Fall', 2008, 'I', '126', 'B');
insert into section values('997', '3', 'Fall', 2009, 'D', '533', 'L');
insert into section values('384', '1', 'Spring', 2005, 'D', '564', 'D');
insert into section values('617', '2', 'Spring', 2003, 'I', '126', 'G');
insert into section values('884', '4', 'Spring', 2005, 'G', '938', 'F');
insert into section values('566', '2', 'Spring', 2007, 'E', '118', 'M');
insert into section values('163', '5', 'Fall', 2008, 'E', '29', 'G');
insert into section values('643', '2', 'Fall', 2001, 'I', '126', 'F');
insert into section values('293', '1', 'Spring', 2002, 'H', '993', 'G');
insert into section values('884', '5', 'Fall', 2009, 'A', '555', 'B');
insert into section values('305', '3', 'Fall', 2006, 'H', '993', 'E');
insert into section values('763', '5', 'Fall', 2009, 'D', '533', 'D');
insert into section values('967', '2', 'Spring', 2006, 'E', '29', 'O');
insert into section values('104', '1', 'Fall', 2001, 'G', '938', 'J');
insert into section values('229', '1', 'Fall', 2004, 'G', '626', 'H');
insert into section values('919', '2', 'Spring', 2007, 'I', '126', 'A');
insert into section values('782', '3', 'Fall', 2003, 'G', '938', 'I');
insert into section values('861', '3', 'Fall', 2005, 'G', '626', 'O');
insert into section values('812', '2', 'Spring', 2003, 'D', '533', 'A');
insert into section values('182', '1', 'Fall', 2001, 'D', '564', 'O');
insert into section values('889', '1', 'Fall', 2008, 'I', '126', 'C');
insert into section values('767', '2', 'Spring', 2004, 'D', '533', 'L');
insert into section values('665', '3', 'Spring', 2002, 'E', '118', 'C');
insert into section values('447', '2', 'Spring', 2001, 'G', '938', 'H');
insert into section values('396', '2', 'Fall', 2004, 'D', '533', 'M');
insert into section values('630', '1', 'Spring', 2008, 'G', '626', 'I');
insert into section values('538', '1', 'Fall', 2010, 'I', '126', 'I');
insert into section values('480', '2', 'Fall', 2007, 'D', '564', 'D');
insert into section values('566', '3', 'Spring', 2004, 'I', '126', 'P');
insert into section values('997', '4', 'Fall', 2007, 'G', '626', 'C');
insert into section values('630', '2', 'Fall', 2005, 'G', '938', 'E');
insert into section values('932', '2', 'Spring', 2005, 'G', '938', 'F');
insert into section values('433', '2', 'Fall', 2009, 'A', '555', 'P');
insert into section values('305', '4', 'Spring', 2007, 'D', '564', 'I');
insert into section values('232', '2', 'Fall', 2005, 'C', '252', 'B');
insert into section values('477', '1', 'Fall', 2005, 'C', '252', 'G');
insert into section values('259', '1', 'Spring', 2010, 'C', '252', 'E');
insert into section values('584', '2', 'Fall', 2004, 'E', '118', 'E');
insert into section values('630', '3', 'Fall', 2006, 'G', '938', 'C');
insert into section values('463', '3', 'Fall', 2001, 'H', '993', 'P');
insert into section values('331', '2', 'Spring', 2007, 'H', '993', 'F');
insert into section values('966', '1', 'Spring', 2007, 'G', '938', 'I');
insert into section values('642', '2', 'Fall', 2003, 'I', '126', 'P');
insert into section values('569', '2', 'Fall', 2010, 'H', '993', 'F');
insert into section values('520', '3', 'Spring', 2008, 'A', '555', 'F');
insert into section values('782', '4', 'Spring', 2002, 'A', '555', 'G');
insert into section values('305', '5', 'Spring', 2006, 'A', '555', 'M');
insert into section values('846', '3', 'Spring', 2007, 'E', '29', 'D');
insert into section values('411', '1', 'Fall', 2002, 'G', '938', 'E');
insert into section values('543', '2', 'Spring', 2005, 'I', '126', 'G');
insert into section values('846', '4', 'Spring', 2001, 'G', '938', 'E');
insert into section values('288', '2', 'Fall', 2009, 'E', '29', 'H');
insert into section values('643', '3', 'Spring', 2009, 'A', '555', 'K');
insert into section values('777', '1', 'Spring', 2002, 'E', '118', 'D');
insert into section values('295', '5', 'Fall', 2005, 'H', '993', 'L');
insert into section values('891', '3', 'Fall', 2002, 'H', '993', 'N');
insert into section values('751', '4', 'Fall', 2004, 'E', '118', 'D');
insert into section values('863', '3', 'Spring', 2007, 'G', '626', 'H');
insert into section values('399', '2', 'Fall', 2001, 'H', '993', 'A');
insert into section values('174', '2', 'Fall', 2002, 'E', '118', 'K');
insert into section values('846', '5', 'Spring', 2005, 'D', '533', 'F');
insert into section values('293', '2', 'Fall', 2005, 'I', '126', 'J');
insert into section values('174', '3', 'Spring', 2006, 'G', '626', 'P');
insert into section values('569', '3', 'Spring', 2010, 'H', '993', 'G');
insert into section values('333', '4', 'Spring', 2006, 'H', '993', 'H');
insert into section values('563', '2', 'Spring', 2003, 'I', '126', 'F');
insert into section values('328', '1', 'Fall', 2009, 'H', '993', 'L');
insert into section values('806', '4', 'Fall', 2010, 'A', '555', 'C');
insert into section values('159', '1', 'Fall', 2006, 'G', '626', 'B');
insert into section values('861', '4', 'Spring', 2008, 'I', '126', 'G');
insert into section values('234', '2', 'Fall', 2001, 'D', '533', 'F');
insert into section values('463', '4', 'Spring', 2005, 'E', '29', 'L');
insert into section values('174', '4', 'Fall', 2008, 'D', '564', 'O');
insert into section values('985', '1', 'Fall', 2007, 'D', '533', 'A');
insert into section values('837', '3', 'Spring', 2004, 'H', '993', 'E');
insert into section values('550', '3', 'Fall', 2010, 'D', '564', 'B');
insert into section values('169', '1', 'Fall', 2003, 'D', '564', 'I');
insert into section values('750', '1', 'Spring', 2009, 'A', '555', 'F');
insert into section values('861', '5', 'Fall', 2010, 'H', '993', 'L');
insert into section values('473', '3', 'Fall', 2006, 'D', '564', 'L');
insert into section values('680', '3', 'Fall', 2010, 'A', '555', 'E');
insert into section values('569', '4', 'Fall', 2005, 'D', '564', 'A');
insert into section values('380', '2', 'Spring', 2001, 'C', '252', 'F');
insert into section values('486', '3', 'Fall', 2001, 'C', '252', 'B');
insert into section values('299', '2', 'Fall', 2007, 'D', '533', 'D');
insert into section values('985', '2', 'Spring', 2004, 'H', '993', 'D');
insert into section values('217', '1', 'Spring', 2007, 'D', '564', 'I');
insert into section values('892', '1', 'Fall', 2005, 'D', '533', 'C');
insert into section values('342', '3', 'Spring', 2004, 'G', '626', 'C');
insert into section values('130', '2', 'Fall', 2003, 'D', '564', 'F');
insert into section values('991', '1', 'Spring', 2004, 'D', '564', 'I');
insert into section values('578', '2', 'Spring', 2003, 'D', '533', 'E');
insert into section values('486', '4', 'Spring', 2003, 'D', '564', 'G');
insert into section values('665', '4', 'Fall', 2004, 'G', '938', 'E');
insert into section values('690', '2', 'Fall', 2008, 'D', '564', 'N');
insert into section values('443', '3', 'Fall', 2007, 'D', '533', 'J');
insert into section values('868', '1', 'Fall', 2004, 'D', '564', 'C');
insert into section values('619', '2', 'Spring', 2003, 'E', '29', 'G');
insert into section values('219', '2', 'Spring', 2002, 'D', '533', 'O');
insert into section values('266', '1', 'Spring', 2002, 'I', '126', 'H');
insert into section values('970', '2', 'Spring', 2005, 'D', '564', 'C');
insert into section values('808', '2', 'Spring', 2007, 'I', '126', 'E');
insert into section values('958', '2', 'Fall', 2001, 'E', '118', 'F');
insert into section values('401', '2', 'Fall', 2010, 'A', '555', 'A');
insert into section values('493', '2', 'Fall', 2002, 'D', '564', 'K');
insert into section values('643', '4', 'Spring', 2001, 'C', '252', 'E');
insert into section values('682', '3', 'Spring', 2004, 'C', '252', 'O');
insert into section values('143', '1', 'Spring', 2007, 'E', '118', 'L');
insert into section values('578', '3', 'Fall', 2010, 'E', '29', 'J');
insert into section values('838', '2', 'Fall', 2001, 'I', '126', 'A');
insert into section values('561', '2', 'Spring', 2002, 'I', '126', 'O');
insert into section values('543', '3', 'Fall', 2002, 'E', '118', 'J');
insert into section values('891', '4', 'Fall', 2008, 'G', '626', 'J');
insert into section values('584', '3', 'Fall', 2004, 'D', '564', 'M');
insert into section values('783', '2', 'Fall', 2006, 'D', '564', 'G');
insert into section values('485', '1', 'Spring', 2010, 'E', '118', 'J');
insert into section values('527', '1', 'Fall', 2005, 'E', '29', 'M');
insert into section values('163', '6', 'Fall', 2006, 'G', '938', 'K');
insert into section values('303', '2', 'Spring', 2004, 'D', '564', 'P');
insert into section values('777', '2', 'Spring', 2004, 'A', '555', 'C');
insert into section values('863', '4', 'Fall', 2008, 'C', '252', 'N');
insert into section values('102', '3', 'Fall', 2010, 'G', '626', 'K');
insert into section values('183', '1', 'Spring', 2009, 'D', '564', 'N');
insert into section values('183', '2', 'Spring', 2001, 'G', '626', 'J');
insert into section values('991', '2', 'Spring', 2008, 'E', '118', 'L');
insert into section values('205', '2', 'Spring', 2006, 'G', '938', 'H');
insert into section values('740', '2', 'Spring', 2009, 'I', '126', 'L');
insert into section values('734', '1', 'Fall', 2004, 'I', '126', 'O');
insert into section values('846', '6', 'Fall', 2007, 'C', '252', 'H');
insert into section values('763', '6', 'Spring', 2010, 'I', '126', 'I');
insert into section values('463', '5', 'Spring', 2010, 'A', '555', 'O');
insert into section values('295', '6', 'Spring', 2010, 'I', '126', 'J');
insert into section values('868', '2', 'Spring', 2002, 'E', '118', 'I');
insert into section values('562', '3', 'Fall', 2007, 'C', '252', 'O');
insert into section values('259', '2', 'Fall', 2006, 'H', '993', 'L');
insert into section values('540', '2', 'Fall', 2003, 'A', '555', 'I');
insert into section values('311', '1', 'Fall', 2001, 'A', '555', 'J');
insert into section values('591', '2', 'Spring', 2005, 'E', '118', 'M');
insert into section values('845', '2', 'Fall', 2005, 'D', '533', 'L');
insert into section values('953', '3', 'Fall', 2004, 'D', '533', 'B');
insert into section values('569', '5', 'Spring', 2010, 'G', '626', 'E');
insert into section values('326', '2', 'Spring', 2010, 'E', '29', 'E');
insert into section values('991', '3', 'Spring', 2003, 'E', '29', 'C');
insert into section values('868', '3', 'Fall', 2006, 'D', '564', 'M');
insert into section values('854', '1', 'Fall', 2004, 'C', '252', 'O');
insert into section values('997', '5', 'Fall', 2002, 'E', '29', 'F');
insert into section values('497', '1', 'Spring', 2009, 'G', '626', 'A');
insert into section values('808', '3', 'Spring', 2007, 'D', '564', 'N');
insert into section values('295', '7', 'Fall', 2004, 'E', '29', 'B');
insert into section values('232', '3', 'Spring', 2001, 'H', '993', 'M');
insert into section values('581', '1', 'Fall', 2008, 'D', '533', 'M');
insert into section values('581', '2', 'Spring', 2007, 'A', '555', 'N');
insert into section values('644', '6', 'Fall', 2004, 'E', '29', 'K');
insert into section values('932', '3', 'Fall', 2010, 'D', '533', 'E');
insert into section values('683', '3', 'Fall', 2009, 'H', '993', 'C');
insert into section values('642', '3', 'Fall', 2006, 'G', '938', 'C');
insert into section values('390', '1', 'Fall', 2005, 'D', '564', 'G');
insert into section values('447', '3', 'Spring', 2001, 'C', '252', 'P');
insert into section values('740', '3', 'Fall', 2005, 'A', '555', 'G');
insert into section values('396', '3', 'Fall', 2006, 'C', '252', 'H');
insert into section values('735', '1', 'Fall', 2005, 'G', '938', 'I');
insert into section values('473', '4', 'Fall', 2006, 'G', '938', 'C');
insert into section values('527', '2', 'Spring', 2002, 'E', '118', 'O');
insert into section values('145', '4', 'Fall', 2001, 'A', '555', 'G');
insert into section values('538', '2', 'Fall', 2008, 'I', '126', 'G');
insert into section values('450', '2', 'Spring', 2004, 'C', '252', 'A');
insert into section values('812', '3', 'Fall', 2007, 'E', '29', 'G');
insert into section values('967', '3', 'Spring', 2008, 'D', '533', 'D');
insert into section values('198', '2', 'Spring', 2006, 'H', '993', 'I');
insert into section values('812', '4', 'Fall', 2002, 'D', '533', 'E');
insert into section values('224', '3', 'Spring', 2009, 'C', '252', 'B');
insert into section values('861', '6', 'Spring', 2001, 'E', '29', 'L');
insert into teaches values('23365', '861', '6', 'Spring', 2001);
insert into teaches values('45371', '207', '1', 'Fall', 2007);
insert into teaches values('21641', '326', '2', 'Spring', 2010);
insert into teaches values('72853', '683', '1', 'Spring', 2002);
insert into teaches values('1880', '319', '1', 'Spring', 2006);
insert into teaches values('48150', '447', '1', 'Fall', 2009);
insert into teaches values('74827', '863', '2', 'Spring', 2007);
insert into teaches values('45371', '384', '1', 'Spring', 2005);
insert into teaches values('48150', '909', '1', 'Spring', 2010);
insert into teaches values('23365', '783', '2', 'Fall', 2006);
insert into teaches values('21641', '863', '1', 'Fall', 2002);
insert into teaches values('65961', '846', '2', 'Spring', 2010);
insert into teaches values('34008', '396', '1', 'Fall', 2005);
insert into teaches values('45371', '295', '4', 'Spring', 2005);
insert into teaches values('1880', '766', '1', 'Spring', 2010);
insert into teaches values('89082', '265', '2', 'Fall', 2005);
insert into teaches values('32693', '937', '2', 'Spring', 2007);
insert into teaches values('89082', '305', '4', 'Spring', 2007);
insert into teaches values('3194', '303', '1', 'Spring', 2003);
insert into teaches values('82785', '892', '1', 'Fall', 2005);
insert into teaches values('21641', '411', '1', 'Fall', 2002);
insert into teaches values('82785', '836', '2', 'Spring', 2006);
insert into teaches values('48150', '486', '4', 'Spring', 2003);
insert into teaches values('72853', '431', '2', 'Spring', 2005);
insert into teaches values('33285', '473', '4', 'Fall', 2006);
insert into teaches values('3194', '899', '1', 'Fall', 2002);
insert into teaches values('72853', '683', '3', 'Fall', 2009);
insert into teaches values('45371', '751', '1', 'Spring', 2010);
insert into teaches values('23365', '644', '1', 'Fall', 2005);
insert into teaches values('23365', '953', '1', 'Fall', 2004);
insert into teaches values('82785', '735', '1', 'Fall', 2005);
insert into teaches values('33285', '643', '4', 'Spring', 2001);
insert into teaches values('65961', '731', '1', 'Spring', 2005);
insert into teaches values('3194', '104', '1', 'Fall', 2001);
insert into teaches values('23365', '543', '3', 'Fall', 2002);
insert into teaches values('84045', '174', '4', 'Fall', 2008);
insert into teaches values('67420', '366', '1', 'Fall', 2002);
insert into teaches values('45371', '919', '1', 'Spring', 2004);
insert into teaches values('44418', '253', '1', 'Spring', 2005);
insert into teaches values('82785', '739', '1', 'Fall', 2008);
insert into teaches values('3194', '399', '2', 'Fall', 2001);
insert into teaches values('72853', '581', '2', 'Spring', 2007);
insert into teaches values('1880', '879', '2', 'Fall', 2002);
insert into teaches values('3194', '422', '1', 'Fall', 2002);
insert into teaches values('33285', '680', '1', 'Fall', 2005);
insert into teaches values('45371', '224', '2', 'Fall', 2007);
insert into teaches values('45371', '145', '2', 'Spring', 2007);
insert into teaches values('82785', '806', '4', 'Fall', 2010);
insert into teaches values('1880', '808', '2', 'Spring', 2007);
insert into teaches values('65961', '731', '3', 'Spring', 2003);
insert into teaches values('48150', '486', '2', 'Fall', 2008);
insert into teaches values('23365', '846', '4', 'Spring', 2001);
insert into teaches values('98367', '932', '3', 'Fall', 2010);
insert into teaches values('82785', '763', '3', 'Fall', 2006);
insert into teaches values('34008', '328', '1', 'Fall', 2009);
insert into teaches values('12564', '229', '1', 'Fall', 2004);
insert into teaches values('66265', '299', '1', 'Fall', 2009);
insert into teaches values('82785', '773', '1', 'Fall', 2008);
insert into teaches values('5514', '909', '2', 'Spring', 2003);
insert into teaches values('98367', '630', '1', 'Spring', 2008);
insert into teaches values('98367', '522', '1', 'Spring', 2008);
insert into teaches values('82785', '653', '1', 'Spring', 2002);
insert into teaches values('98367', '433', '2', 'Fall', 2009);
insert into teaches values('89082', '932', '2', 'Spring', 2005);
insert into teaches values('33285', '473', '3', 'Fall', 2006);
insert into teaches values('45371', '145', '1', 'Fall', 2007);
insert into teaches values('33285', '680', '3', 'Fall', 2010);
insert into teaches values('67420', '288', '1', 'Spring', 2010);
insert into teaches values('82785', '561', '2', 'Spring', 2002);
insert into teaches values('82785', '562', '2', 'Spring', 2010);
insert into teaches values('16647', '717', '1', 'Spring', 2002);
insert into teaches values('48150', '584', '1', 'Fall', 2007);
insert into teaches values('48150', '973', '1', 'Fall', 2007);
insert into teaches values('82785', '642', '2', 'Fall', 2003);
insert into teaches values('45371', '566', '3', 'Spring', 2004);
insert into teaches values('23365', '621', '1', 'Fall', 2008);
insert into teaches values('48150', '232', '3', 'Spring', 2001);
insert into teaches values('98367', '630', '3', 'Fall', 2006);
insert into teaches values('48150', '889', '1', 'Fall', 2008);
insert into teaches values('82785', '763', '4', 'Spring', 2006);
insert into teaches values('89082', '401', '2', 'Fall', 2010);
insert into teaches values('48150', '450', '1', 'Fall', 2007);
insert into teaches values('82785', '739', '2', 'Fall', 2001);
insert into teaches values('82785', '550', '2', 'Spring', 2003);
insert into teaches values('98367', '493', '2', 'Fall', 2002);
insert into teaches values('31308', '985', '2', 'Spring', 2004);
insert into teaches values('3194', '591', '1', 'Fall', 2004);
insert into teaches values('48150', '102', '2', 'Spring', 2006);
insert into teaches values('1880', '182', '1', 'Fall', 2001);
insert into teaches values('48150', '450', '2', 'Spring', 2004);
insert into teaches values('3194', '396', '2', 'Fall', 2004);
insert into teaches values('98367', '305', '1', 'Fall', 2009);
insert into teaches values('98367', '508', '3', 'Spring', 2010);
insert into teaches values('21641', '653', '2', 'Spring', 2008);
insert into teaches values('48150', '333', '3', 'Spring', 2007);
insert into teaches values('89082', '695', '1', 'Spring', 2007);
insert into teaches values('23365', '569', '3', 'Spring', 2010);
insert into teaches values('1880', '219', '2', 'Spring', 2002);
insert into teaches values('98367', '991', '1', 'Spring', 2004);
insert into teaches values('45371', '295', '2', 'Fall', 2004);
insert into student values('50231', 'Ande', 'GO', 121);
insert into student values('85882', 'Ande', 'GO', 105);
insert into student values('7988', 'Yohan', 'HH', 93);
insert into student values('68791', 'Yohan', 'GO', 121);
insert into student values('71834', 'Ahmad', 'DE', 80);
insert into student values('84758', 'Adri', 'DE', 3);
insert into student values('20506', 'Josu', 'BN', 48);
insert into student values('76907', 'Ande', 'BN', 47);
insert into student values('49371', 'Ande', 'RQ', 6);
insert into student values('17284', 'Yohan', 'BN', 53);
insert into student values('46530', 'rahmat', 'FR', 38);
insert into student values('99050', 'Yohan', 'DE', 34);
insert into student values('96427', 'Budi', 'KL', 119);
insert into student values('75392', 'Josu', 'GO', 97);
insert into student values('92110', 'Ahmad', 'FR', 99);
insert into student values('76032', 'Yohan', 'RQ', 13);
insert into student values('99645', 'yuyun', 'EL', 110);
insert into student values('51139', 'Ahmad', 'KL', 85);
insert into student values('7330', 'Josu', 'EL', 57);
insert into student values('58487', 'Kiki', 'HH', 0);
insert into student values('67299', 'Kiki', 'DE', 125);
insert into student values('6632', 'rahmat', 'EL', 2);
insert into student values('41888', 'Budi', 'EL', 81);
insert into student values('46681', 'Josu', 'EL', 20);
insert into student values('12497', 'Johan', 'BN', 7);
insert into student values('78217', 'rahmat', 'KL', 78);
insert into student values('62505', 'rahmat', 'EL', 78);
insert into student values('87057', 'Budi', 'RQ', 78);
insert into student values('84791', 'Ande', 'EL', 22);
insert into student values('73986', 'Josu', 'KL', 115);
insert into student values('41474', 'Johan', 'GF', 98);
insert into student values('61833', 'Kiki', 'RQ', 49);
insert into student values('93418', 'Adri', 'KL', 81);
insert into student values('59949', 'Ahmad', 'KL', 128);
insert into student values('14796', 'yuyun', 'HH', 99);
insert into student values('89581', 'Ande', 'RQ', 53);
insert into student values('79644', 'rahmat', 'FR', 97);
insert into student values('11843', 'Josu', 'RQ', 63);
insert into student values('15785', 'Kiki', 'ED', 36);
insert into student values('98565', 'Budi', 'GF', 52);
insert into student values('66654', 'rahmat', 'GO', 117);
insert into student values('89889', 'Budi', 'BN', 129);
insert into student values('59005', 'Ahmad', 'EL', 98);
insert into student values('32606', 'Josu', 'KL', 85);
insert into student values('77508', 'Josu', 'BN', 68);
insert into student values('40799', 'yuyun', 'KL', 24);
insert into student values('81961', 'Ahmad', 'GF', 28);
insert into student values('25760', 'Yohan', 'DE', 73);
insert into student values('87615', 'Johan', 'GF', 39);
insert into student values('87833', 'Ande', 'KL', 86);
insert into student values('65041', 'Adri', 'KL', 39);
insert into student values('83896', 'Adri', 'DE', 29);
insert into student values('56676', 'Ande', 'FR', 82);
insert into student values('24201', 'rahmat', 'GF', 58);
insert into student values('64470', 'rahmat', 'HH', 125);
insert into student values('60079', 'Ahmad', 'KL', 73);
insert into student values('6851', 'Josu', 'GF', 6);
insert into student values('61481', 'Ahmad', 'ED', 52);
insert into student values('65884', 'yuyun', 'GO', 28);
insert into student values('78512', 'Ahmad', 'EL', 73);
insert into student values('42735', 'yuyun', 'BN', 45);
insert into student values('24789', 'yuyun', 'HH', 114);
insert into student values('20644', 'Johan', 'EL', 41);
insert into student values('15653', 'Adri', 'GO', 103);
insert into student values('90908', 'rahmat', 'ED', 49);
insert into student values('2630', 'Kiki', 'HH', 120);
insert into student values('48914', 'yuyun', 'DE', 16);
insert into student values('14937', 'Kiki', 'BN', 40);
insert into student values('31035', 'yuyun', 'BN', 106);
insert into student values('52312', 'yuyun', 'ED', 47);
insert into student values('7783', 'Ande', 'RQ', 25);
insert into student values('74870', 'Ahmad', 'DE', 50);
insert into student values('38143', 'yuyun', 'DE', 88);
insert into student values('28900', 'yuyun', 'HH', 46);
insert into student values('23239', 'Josu', 'ED', 51);
insert into student values('6728', 'Adri', 'GF', 6);
insert into student values('95131', 'Ahmad', 'GO', 111);
insert into student values('60293', 'Yohan', 'DE', 36);
insert into student values('58803', 'Adri', 'ED', 96);
insert into student values('14519', 'yuyun', 'DE', 113);
insert into student values('24384', 'Johan', 'BN', 38);
insert into student values('63765', 'Ande', 'FR', 123);
insert into student values('2958', 'Kiki', 'KL', 92);
insert into student values('47856', 'Johan', 'GO', 118);
insert into student values('15076', 'rahmat', 'HH', 98);
insert into student values('60094', 'Yohan', 'KL', 62);
insert into student values('52185', 'yuyun', 'ED', 123);
insert into student values('52707', 'Josu', 'EL', 87);
insert into student values('5848', 'Josu', 'HH', 59);
insert into student values('28433', 'Ahmad', 'GO', 29);
insert into student values('74586', 'Josu', 'GO', 55);
insert into student values('5440', 'Josu', 'BN', 56);
insert into student values('73257', 'Yohan', 'GF', 14);
insert into student values('30782', 'Adri', 'GO', 91);
insert into student values('4355', 'yuyun', 'FR', 63);
insert into student values('43912', 'yuyun', 'RQ', 102);
insert into student values('32536', 'Ahmad', 'HH', 12);
insert into student values('49614', 'Johan', 'FR', 43);
insert into student values('85959', 'Kiki', 'EL', 42);
insert into student values('67122', 'Josu', 'DE', 59);
insert into student values('72196', 'rahmat', 'GO', 36);
insert into student values('43401', 'Kiki', 'GO', 96);
insert into student values('33621', 'Yohan', 'FR', 50);
insert into student values('20632', 'yuyun', 'RQ', 93);
insert into student values('96911', 'Ahmad', 'FR', 93);
insert into student values('21463', 'Johan', 'EL', 35);
insert into student values('53245', 'Budi', 'BN', 90);
insert into student values('84433', 'Johan', 'RQ', 129);
insert into student values('4121', 'yuyun', 'GF', 31);
insert into student values('7810', 'Budi', 'EL', 91);
insert into student values('74737', 'Ande', 'FR', 90);
insert into student values('57367', 'Yohan', 'GF', 84);
insert into student values('45635', 'Josu', 'ED', 124);
insert into student values('66737', 'Yohan', 'KL', 22);
insert into student values('54400', 'Johan', 'FR', 36);
insert into student values('24289', 'Kiki', 'DE', 6);
insert into student values('53004', 'Josu', 'HH', 94);
insert into student values('11853', 'Budi', 'KL', 125);
insert into student values('41531', 'Adri', 'FR', 22);
insert into student values('68777', 'Josu', 'KL', 75);
insert into student values('17878', 'Kiki', 'FR', 104);
insert into student values('64063', 'Adri', 'DE', 69);
insert into student values('1268', 'Ahmad', 'GO', 43);
insert into student values('65063', 'Johan', 'BN', 27);
insert into student values('42272', 'yuyun', 'EL', 62);
insert into student values('74830', 'Yohan', 'GF', 109);
insert into student values('98809', 'Josu', 'BN', 117);
insert into student values('28019', 'Josu', 'HH', 115);
insert into student values('82989', 'Budi', 'KL', 26);
insert into student values('67365', 'Yohan', 'GO', 12);
insert into student values('33628', 'Kiki', 'ED', 93);
insert into student values('18726', 'Josu', 'GF', 92);
insert into student values('26811', 'Johan', 'HH', 91);
insert into student values('72106', 'Kiki', 'ED', 29);
insert into student values('12109', 'Johan', 'KL', 88);
insert into student values('77208', 'Johan', 'KL', 92);
insert into student values('75115', 'Kiki', 'KL', 129);
insert into student values('69223', 'Kiki', 'GO', 116);
insert into student values('12957', 'Josu', 'ED', 23);
insert into student values('30498', 'Adri', 'EL', 81);
insert into student values('56607', 'Kiki', 'GF', 26);
insert into student values('70788', 'Adri', 'FR', 92);
insert into student values('20924', 'Johan', 'ED', 90);
insert into student values('764', 'Ande', 'BN', 34);
insert into student values('33910', 'rahmat', 'ED', 108);
insert into student values('62570', 'Adri', 'HH', 11);
insert into student values('75963', 'Ande', 'RQ', 8);
insert into student values('77695', 'Yohan', 'DE', 12);
insert into student values('31857', 'Josu', 'ED', 88);
insert into student values('18305', 'Ahmad', 'EL', 98);
insert into student values('40714', 'Ande', 'ED', 6);
insert into student values('72644', 'Budi', 'GO', 124);
insert into student values('62320', 'yuyun', 'HH', 72);
insert into student values('42545', 'Yohan', 'EL', 3);
insert into student values('20538', 'rahmat', 'GF', 29);
insert into student values('98914', 'Yohan', 'ED', 88);
insert into student values('13364', 'Adri', 'KL', 92);
insert into student values('13123', 'rahmat', 'BN', 32);
insert into student values('86491', 'Yohan', 'KL', 62);
insert into student values('48211', 'Kiki', 'EL', 54);
insert into student values('39518', 'Yohan', 'GO', 45);
insert into student values('94112', 'Budi', 'ED', 5);
insert into student values('86078', 'rahmat', 'GF', 43);
insert into student values('20526', 'Budi', 'HH', 3);
insert into student values('91694', 'Adri', 'BN', 113);
insert into student values('8240', 'Josu', 'RQ', 24);
insert into student values('59795', 'Ande', 'FR', 5);
insert into student values('48237', 'yuyun', 'GO', 37);
insert into student values('67268', 'rahmat', 'GF', 70);
insert into student values('17948', 'Josu', 'GF', 61);
insert into student values('15274', 'rahmat', 'BN', 40);
insert into student values('48103', 'Budi', 'EL', 28);
insert into student values('60673', 'Yohan', 'KL', 89);
insert into student values('45867', 'Ahmad', 'EL', 89);
insert into student values('89941', 'Budi', 'KL', 116);
insert into student values('54838', 'Ande', 'BN', 7);
insert into student values('87781', 'Yohan', 'GO', 10);
insert into student values('7496', 'Josu', 'EL', 58);
insert into student values('93923', 'rahmat', 'BN', 47);
insert into student values('20562', 'Ande', 'KL', 92);
insert into student values('67890', 'Yohan', 'GO', 59);
insert into student values('79609', 'Adri', 'EL', 8);
insert into student values('22310', 'Adri', 'FR', 9);
insert into student values('81299', 'Kiki', 'RQ', 72);
insert into student values('35015', 'Josu', 'RQ', 89);
insert into student values('84424', 'Johan', 'BN', 117);
insert into student values('55853', 'Adri', 'GF', 123);
insert into student values('96530', 'Ande', 'GO', 6);
insert into student values('84005', 'Adri', 'DE', 10);
insert into student values('73117', 'Josu', 'HH', 67);
insert into student values('93610', 'Ande', 'HH', 62);
insert into student values('39367', 'Adri', 'ED', 68);
insert into student values('26636', 'Johan', 'KL', 97);
insert into student values('30528', 'Yohan', 'ED', 42);
insert into student values('98572', 'rahmat', 'RQ', 49);
insert into student values('70731', 'Kiki', 'HH', 121);
insert into student values('67293', 'rahmat', 'FR', 115);
insert into student values('88123', 'Johan', 'DE', 70);
insert into student values('5124', 'rahmat', 'RQ', 76);
insert into student values('43958', 'Ande', 'DE', 100);
insert into takes values('94112', '970', '1', 'Fall', 2003, 'A ');
insert into takes values('24789', '846', '3', 'Spring', 2007, 'A-');
insert into takes values('20562', '889', '1', 'Fall', 2008, 'A-');
insert into takes values('61481', '735', '1', 'Fall', 2005, 'B-');
insert into takes values('20632', '811', '2', 'Spring', 2002, 'B-');
insert into takes values('72644', '207', '2', 'Spring', 2005, 'C ');
insert into takes values('12957', '331', '2', 'Spring', 2007, 'B-');
insert into takes values('42272', '808', '1', 'Spring', 2002, 'A+');
insert into takes values('62570', '561', '1', 'Spring', 2007, 'C-');
insert into takes values('54400', '102', '1', 'Fall', 2006, 'C-');
insert into takes values('45635', '396', '3', 'Fall', 2006, 'C-');
insert into takes values('59949', '837', '1', 'Fall', 2008, 'C-');
insert into takes values('76907', '884', '5', 'Fall', 2009, 'A ');
insert into takes values('64470', '463', '1', 'Spring', 2004, 'A+');
insert into takes values('20506', '569', '3', 'Spring', 2010, 'B+');
insert into takes values('74737', '342', '3', 'Spring', 2004, 'A-');
insert into takes values('55853', '836', '1', 'Fall', 2010, 'B-');
insert into takes values('89581', '145', '3', 'Fall', 2008, 'B-');
insert into takes values('73986', '234', '1', 'Spring', 2004, 'B-');
insert into takes values('93610', '389', '1', 'Spring', 2010, 'C ');
insert into takes values('21463', '295', '2', 'Fall', 2004, 'B-');
insert into takes values('93923', '389', '1', 'Spring', 2010, 'A ');
insert into takes values('73986', '566', '1', 'Spring', 2002, 'A-');
insert into takes values('43958', '879', '2', 'Fall', 2002, 'B-');
insert into takes values('5124', '331', '2', 'Spring', 2007, 'B-');
insert into takes values('11843', '396', '2', 'Fall', 2004, 'A+');
insert into takes values('48211', '695', '1', 'Spring', 2007, 'B-');
insert into takes values('42272', '486', '2', 'Fall', 2008, 'B ');
insert into takes values('67365', '219', '2', 'Spring', 2002, 'A-');
insert into takes values('1268', '543', '2', 'Spring', 2005, 'B+');
insert into takes values('77695', '561', '2', 'Spring', 2002, 'B+');
insert into takes values('31857', '808', '1', 'Spring', 2002, 'C-');
insert into takes values('55853', '836', '3', 'Fall', 2005, 'C+');
insert into takes values('65041', '550', '2', 'Spring', 2003, 'C-');
insert into takes values('2630', '630', '2', 'Fall', 2005, 'A+');
insert into takes values('68777', '812', '2', 'Spring', 2003, 'A-');
insert into takes values('59005', '288', '2', 'Fall', 2009, 'C ');
insert into takes values('39367', '566', '1', 'Spring', 2002, 'C ');
insert into takes values('48103', '102', '1', 'Fall', 2006, 'C-');
insert into takes values('98565', '543', '2', 'Spring', 2005, 'A-');
insert into takes values('65041', '563', '1', 'Fall', 2006, 'A ');
insert into takes values('90908', '319', '1', 'Spring', 2006, 'B+');
insert into takes values('59949', '244', '4', 'Spring', 2001, 'B-');
insert into takes values('79644', '845', '2', 'Fall', 2005, 'A+');
insert into takes values('85959', '224', '1', 'Fall', 2004, 'C+');
insert into takes values('57367', '682', '1', 'Fall', 2004, 'B-');
insert into takes values('12957', '235', '2', 'Fall', 2007, 'B ');
insert into takes values('15785', '683', '3', 'Fall', 2009, 'B+');
insert into takes values('2958', '295', '2', 'Fall', 2004, 'C+');
insert into takes values('99050', '497', '1', 'Spring', 2009, 'A ');
insert into takes values('78217', '232', '2', 'Fall', 2005, 'A+');
insert into takes values('93610', '739', '1', 'Fall', 2008, 'B-');
insert into takes values('32606', '642', '1', 'Spring', 2010, 'A+');
insert into takes values('75392', '934', '2', 'Spring', 2008, 'B-');
insert into takes values('53004', '538', '2', 'Fall', 2008, 'C ');
insert into takes values('11853', '782', '1', 'Fall', 2004, 'A-');
insert into takes values('73117', '562', '2', 'Spring', 2010, 'A-');
insert into takes values('60293', '863', '1', 'Fall', 2002, 'C+');
insert into takes values('81961', '892', '1', 'Fall', 2005, 'A ');
insert into takes values('14796', '520', '3', 'Spring', 2008, 'C ');
insert into takes values('51139', '812', '1', 'Fall', 2002, 'B ');
insert into takes values('79609', '690', '1', 'Spring', 2001, 'C-');
insert into takes values('7810', '380', '1', 'Fall', 2010, 'C+');
insert into takes values('41474', '447', '3', 'Spring', 2001, 'B-');
insert into takes values('82989', '447', '2', 'Spring', 2001, 'C-');
insert into takes values('79644', '527', '2', 'Spring', 2002, 'B+');
insert into takes values('13364', '224', '3', 'Spring', 2009, 'A ');
insert into takes values('1268', '174', '3', 'Spring', 2006, 'A ');
insert into takes values('54400', '244', '3', 'Fall', 2007, 'C-');
insert into takes values('72196', '731', '2', 'Spring', 2001, 'A-');
insert into takes values('84424', '665', '1', 'Spring', 2004, 'A-');
insert into takes values('48211', '932', '2', 'Spring', 2005, 'B ');
insert into takes values('72644', '305', '3', 'Fall', 2006, 'A ');
insert into takes values('79644', '463', '4', 'Spring', 2005, 'A-');
insert into takes values('33621', '751', '2', 'Fall', 2006, 'A-');
insert into takes values('56676', '486', '4', 'Spring', 2003, 'A ');
insert into takes values('12497', '871', '1', 'Fall', 2009, 'C ');
insert into takes values('7810', '480', '2', 'Fall', 2007, 'C ');
insert into takes values('96530', '665', '3', 'Spring', 2002, 'A+');
insert into takes values('83896', '581', '1', 'Fall', 2008, 'B ');
insert into takes values('20506', '930', '2', 'Spring', 2008, 'C-');
insert into takes values('20632', '796', '1', 'Spring', 2009, 'B ');
insert into takes values('67365', '232', '1', 'Fall', 2002, 'A-');
insert into takes values('68791', '641', '4', 'Spring', 2004, 'B-');
insert into takes values('61481', '219', '2', 'Spring', 2002, 'C ');
insert into takes values('4121', '751', '3', 'Spring', 2008, 'A+');
insert into takes values('28900', '899', '3', 'Fall', 2002, 'C+');
insert into takes values('15785', '683', '2', 'Spring', 2008, 'C ');
insert into takes values('99645', '566', '3', 'Spring', 2004, 'B ');
insert into takes values('20562', '899', '4', 'Spring', 2010, 'B-');
insert into takes values('21463', '630', '1', 'Spring', 2008, 'C-');
insert into takes values('56607', '486', '4', 'Spring', 2003, 'A+');
insert into takes values('98809', '644', '3', 'Spring', 2001, 'C+');
insert into takes values('74830', '145', '4', 'Fall', 2001, 'A ');
insert into takes values('18305', '899', '2', 'Fall', 2010, 'C ');
insert into takes values('40799', '812', '3', 'Fall', 2007, 'A+');
insert into takes values('68791', '617', '1', 'Fall', 2001, 'C-');
insert into takes values('5440', '352', '1', 'Spring', 2006, 'B ');
insert into takes values('53245', '563', '1', 'Fall', 2006, 'C ');
insert into takes values('55853', '899', '3', 'Fall', 2002, 'A-');
insert into takes values('98809', '763', '4', 'Spring', 2006, 'A-');
insert into takes values('75392', '520', '1', 'Spring', 2002, 'C ');
insert into takes values('24289', '814', '1', 'Fall', 2006, 'B-');
insert into takes values('6728', '680', '1', 'Fall', 2005, 'B-');
insert into takes values('30528', '229', '1', 'Fall', 2004, 'B-');
insert into takes values('87057', '856', '1', 'Fall', 2004, 'A+');
insert into takes values('5848', '643', '4', 'Spring', 2001, 'C+');
insert into takes values('51139', '644', '3', 'Spring', 2001, 'C-');
insert into takes values('96427', '630', '2', 'Fall', 2005, 'B-');
insert into takes values('81299', '846', '2', 'Spring', 2010, 'B ');
insert into takes values('66737', '259', '2', 'Fall', 2006, 'A ');
insert into takes values('84005', '750', '1', 'Spring', 2009, 'C ');
insert into takes values('74870', '295', '3', 'Spring', 2001, 'B+');
insert into takes values('26636', '642', '1', 'Spring', 2010, 'B ');
insert into takes values('74737', '186', '1', 'Fall', 2004, 'B ');
insert into takes values('40799', '299', '1', 'Fall', 2009, 'A-');
insert into takes values('20562', '763', '6', 'Spring', 2010, 'C-');
insert into takes values('57367', '319', '1', 'Spring', 2006, 'B+');
insert into takes values('63765', '966', '1', 'Spring', 2007, 'B ');
insert into takes values('71834', '366', '1', 'Fall', 2002, 'C+');
insert into takes values('33910', '783', '2', 'Fall', 2006, 'C ');
insert into takes values('84758', '680', '2', 'Spring', 2005, 'C+');
insert into takes values('75963', '295', '4', 'Spring', 2005, 'B-');
insert into takes values('59005', '234', '2', 'Fall', 2001, 'A+');
insert into takes values('62320', '538', '1', 'Fall', 2010, 'B-');
insert into takes values('1268', '486', '1', 'Fall', 2007, 'C ');
insert into takes values('17878', '555', '1', 'Fall', 2010, 'A+');
insert into takes values('6851', '682', '3', 'Spring', 2004, 'C ');
insert into takes values('59005', '695', '2', 'Spring', 2005, 'A ');
insert into takes values('20924', '967', '1', 'Fall', 2008, 'A ');
insert into takes values('52185', '333', '1', 'Spring', 2005, 'B ');
insert into takes values('52312', '217', '1', 'Spring', 2007, 'A ');
insert into takes values('72644', '102', '1', 'Fall', 2006, 'C+');
insert into takes values('20538', '735', '1', 'Fall', 2005, 'A+');
insert into takes values('86078', '740', '2', 'Spring', 2009, 'A+');
insert into takes values('84433', '812', '4', 'Fall', 2002, 'C-');
insert into takes values('25760', '992', '1', 'Fall', 2009, 'A+');
insert into takes values('76032', '891', '1', 'Spring', 2007, 'C+');
insert into takes values('93610', '756', '2', 'Fall', 2010, 'B+');
insert into takes values('49614', '433', '1', 'Spring', 2006, 'A ');
insert into takes values('30498', '602', '1', 'Fall', 2006, 'B+');
insert into takes values('24201', '566', '3', 'Spring', 2004, 'C+');
insert into takes values('32606', '174', '4', 'Fall', 2008, 'C-');
insert into takes values('17948', '690', '2', 'Fall', 2008, 'A ');
insert into takes values('91694', '836', '1', 'Fall', 2010, 'B+');
insert into takes values('18305', '244', '2', 'Fall', 2001, 'C+');
insert into takes values('66654', '333', '1', 'Spring', 2005, 'B-');
insert into takes values('47856', '205', '2', 'Spring', 2006, 'A-');
insert into takes values('55853', '808', '3', 'Spring', 2007, 'C+');
insert into takes values('98565', '861', '4', 'Spring', 2008, 'A+');
insert into takes values('15785', '846', '6', 'Fall', 2007, 'A ');
insert into takes values('25760', '486', '1', 'Fall', 2007, 'B-');
insert into takes values('73117', '472', '1', 'Fall', 2010, 'A+');
insert into takes values('96530', '783', '1', 'Spring', 2010, 'C-');
insert into takes values('20644', '413', '2', 'Fall', 2007, 'C ');
insert into takes values('58803', '899', '4', 'Spring', 2010, 'A ');
insert into takes values('59795', '326', '2', 'Spring', 2010, 'B+');
insert into takes values('53245', '207', '1', 'Fall', 2007, 'C+');
insert into takes values('32536', '572', '1', 'Spring', 2009, 'C ');
insert into takes values('12497', '333', '3', 'Spring', 2007, 'B-');
insert into takes values('11843', '380', '1', 'Fall', 2010, 'A ');
insert into takes values('88123', '244', '2', 'Fall', 2001, 'C ');
insert into takes values('45867', '863', '1', 'Fall', 2002, 'B ');
insert into takes values('33621', '380', '2', 'Spring', 2001, 'C+');
insert into takes values('42272', '695', '2', 'Spring', 2005, 'A+');
insert into takes values('56676', '997', '4', 'Fall', 2007, 'C-');
insert into takes values('70788', '861', '2', 'Spring', 2002, 'B ');
insert into takes values('87781', '486', '2', 'Fall', 2008, 'C ');
insert into takes values('20538', '734', '1', 'Fall', 2004, 'B ');
insert into takes values('38143', '295', '6', 'Spring', 2010, 'A ');
insert into takes values('49614', '926', '1', 'Spring', 2009, 'B ');
insert into takes values('72644', '527', '1', 'Fall', 2005, 'A+');
insert into takes values('28019', '450', '1', 'Fall', 2007, 'A-');
insert into takes values('59949', '808', '2', 'Spring', 2007, 'C ');
insert into takes values('2630', '244', '1', 'Fall', 2007, 'C ');
insert into takes values('14937', '932', '3', 'Fall', 2010, 'C-');
insert into takes values('92110', '163', '2', 'Spring', 2002, 'A+');
insert into takes values('76907', '265', '1', 'Fall', 2005, 'A ');
insert into takes values('81961', '244', '4', 'Spring', 2001, 'C-');
insert into takes values('24201', '756', '1', 'Fall', 2006, 'A ');
insert into takes values('45867', '333', '2', 'Fall', 2001, 'A+');
insert into takes values('32606', '508', '3', 'Spring', 2010, 'B ');
insert into takes values('32536', '520', '2', 'Spring', 2010, 'C ');
insert into takes values('5124', '294', '2', 'Fall', 2009, 'A+');
insert into takes values('5124', '868', '2', 'Spring', 2002, 'B+');
insert into takes values('89941', '235', '1', 'Fall', 2006, 'C ');
insert into takes values('46681', '763', '4', 'Spring', 2006, 'C+');
insert into takes values('60293', '856', '1', 'Fall', 2004, 'C ');
insert into takes values('33910', '643', '1', 'Fall', 2006, 'B-');
insert into takes values('35015', '293', '2', 'Fall', 2005, 'C-');
insert into takes values('43401', '422', '1', 'Fall', 2002, 'B ');
insert into takes values('96427', '997', '3', 'Fall', 2009, 'B+');
insert into takes values('60293', '812', '3', 'Fall', 2007, 'C-');
insert into takes values('42545', '333', '2', 'Fall', 2001, 'B ');
insert into takes values('74586', '808', '3', 'Spring', 2007, 'C ');
insert into takes values('55853', '665', '2', 'Fall', 2002, 'C ');
insert into takes values('52312', '291', '1', 'Fall', 2007, 'C+');
insert into takes values('77695', '291', '1', 'Fall', 2007, 'C ');
insert into takes values('8240', '846', '6', 'Fall', 2007, 'B ');
insert into takes values('21463', '614', '2', 'Spring', 2004, 'C+');
insert into takes values('94112', '751', '1', 'Spring', 2010, 'B+');
insert into takes values('6632', '174', '1', 'Spring', 2006, 'B ');
insert into takes values('61481', '102', '3', 'Fall', 2010, 'A-');
insert into takes values('28433', '570', '1', 'Spring', 2005, 'A-');
insert into takes values('82989', '630', '1', 'Spring', 2008, 'C ');
insert into takes values('5848', '806', '2', 'Spring', 2003, 'C+');
insert into takes values('91694', '443', '2', 'Fall', 2007, 'B+');
insert into takes values('15274', '543', '1', 'Spring', 2006, 'A-');
insert into takes values('4121', '472', '4', 'Fall', 2007, 'A+');
insert into takes values('75392', '198', '2', 'Spring', 2006, 'A-');
insert into takes values('62570', '584', '2', 'Fall', 2004, 'B ');
insert into takes values('73986', '966', '1', 'Spring', 2007, 'A ');
insert into takes values('7810', '299', '1', 'Fall', 2009, 'A ');
insert into takes values('42272', '508', '1', 'Fall', 2010, 'B ');
insert into takes values('33621', '680', '2', 'Spring', 2005, 'C ');
insert into takes values('65884', '569', '2', 'Fall', 2010, 'C ');
insert into takes values('68791', '836', '1', 'Fall', 2010, 'B+');
insert into takes values('13123', '854', '1', 'Fall', 2004, 'B-');
insert into takes values('7810', '812', '4', 'Fall', 2002, 'C+');
insert into takes values('55853', '690', '1', 'Spring', 2001, 'A-');
insert into takes values('74870', '806', '3', 'Spring', 2001, 'B-');
insert into takes values('20538', '642', '1', 'Spring', 2010, 'A-');
insert into takes values('5124', '520', '2', 'Spring', 2010, 'B ');
insert into takes values('24201', '861', '4', 'Spring', 2008, 'A+');
insert into takes values('55853', '932', '1', 'Spring', 2009, 'B ');
insert into takes values('53245', '485', '1', 'Spring', 2010, 'B ');
insert into takes values('74586', '443', '1', 'Spring', 2010, 'A ');
insert into takes values('31035', '203', '1', 'Fall', 2009, 'C+');
insert into takes values('67122', '934', '1', 'Spring', 2010, 'B+');
insert into takes values('20644', '562', '2', 'Spring', 2010, 'C+');
insert into takes values('55853', '680', '2', 'Spring', 2005, 'A ');
insert into takes values('25760', '899', '1', 'Fall', 2002, 'C+');
insert into takes values('42735', '130', '2', 'Fall', 2003, 'C-');
insert into takes values('60079', '767', '1', 'Fall', 2009, 'C ');
insert into takes values('74830', '690', '2', 'Fall', 2008, 'B+');
insert into takes values('39367', '614', '1', 'Spring', 2009, 'C-');
insert into takes values('7810', '812', '2', 'Spring', 2003, 'B ');
insert into takes values('75392', '985', '2', 'Spring', 2004, 'A ');
insert into takes values('13364', '991', '2', 'Spring', 2008, 'B-');
insert into takes values('72106', '219', '1', 'Spring', 2006, 'A-');
insert into takes values('39367', '644', '2', 'Spring', 2003, 'A-');
insert into takes values('49371', '130', '2', 'Fall', 2003, 'A-');
insert into takes values('87781', '665', '3', 'Spring', 2002, 'B-');
insert into takes values('82989', '581', '2', 'Spring', 2007, 'B+');
insert into takes values('94112', '891', '3', 'Fall', 2002, 'C+');
insert into takes values('30528', '396', '1', 'Fall', 2005, 'A ');
insert into takes values('69223', '182', '1', 'Fall', 2001, 'A-');
insert into takes values('53245', '472', '1', 'Fall', 2010, 'B+');
insert into takes values('40799', '584', '3', 'Fall', 2004, 'C ');
insert into takes values('7496', '266', '1', 'Spring', 2002, 'A-');
insert into takes values('72644', '614', '1', 'Spring', 2009, 'B+');
insert into takes values('23239', '991', '1', 'Spring', 2004, 'C-');
insert into takes values('14937', '145', '2', 'Spring', 2007, 'A-');
insert into takes values('45635', '751', '4', 'Fall', 2004, 'A+');
insert into takes values('79644', '846', '5', 'Spring', 2005, 'A+');
insert into takes values('54400', '431', '1', 'Fall', 2005, 'A+');
insert into takes values('14937', '868', '2', 'Spring', 2002, 'B ');
insert into takes values('54838', '932', '3', 'Fall', 2010, 'C-');
insert into takes values('6851', '295', '5', 'Fall', 2005, 'B ');
insert into takes values('59005', '838', '1', 'Fall', 2008, 'C+');
insert into takes values('40714', '985', '1', 'Fall', 2007, 'B ');
insert into takes values('59795', '756', '2', 'Fall', 2010, 'A ');
insert into takes values('47856', '559', '1', 'Spring', 2008, 'A ');
insert into takes values('74586', '846', '1', 'Spring', 2006, 'A ');
insert into takes values('79609', '619', '1', 'Spring', 2004, 'A-');
insert into takes values('84758', '319', '1', 'Spring', 2006, 'B+');
insert into takes values('24201', '259', '2', 'Fall', 2006, 'C ');
insert into takes values('20526', '846', '5', 'Spring', 2005, 'B+');
insert into takes values('49371', '333', '4', 'Spring', 2006, 'C+');
insert into takes values('79644', '219', '2', 'Spring', 2002, 'B-');
insert into takes values('84433', '581', '2', 'Spring', 2007, 'A+');
insert into takes values('86078', '145', '2', 'Spring', 2007, 'A+');
insert into takes values('39367', '232', '2', 'Fall', 2005, 'B ');
insert into takes values('67293', '569', '4', 'Fall', 2005, 'B ');
insert into takes values('48103', '991', '1', 'Spring', 2004, 'C ');
insert into takes values('87057', '763', '5', 'Fall', 2009, 'A-');
insert into takes values('87833', '527', '2', 'Spring', 2002, 'B ');
insert into takes values('46530', '680', '1', 'Fall', 2005, 'A-');
insert into takes values('84005', '486', '2', 'Fall', 2008, 'B+');
insert into takes values('8240', '540', '2', 'Fall', 2003, 'A ');
insert into takes values('70731', '520', '1', 'Spring', 2002, 'B ');
insert into takes values('46530', '174', '1', 'Spring', 2006, 'C ');
insert into takes values('15076', '838', '1', 'Fall', 2008, 'B-');
insert into takes values('1268', '303', '1', 'Spring', 2003, 'C-');
insert into takes values('62570', '837', '3', 'Spring', 2004, 'A-');
insert into takes values('35015', '763', '6', 'Spring', 2010, 'B ');
insert into takes values('11843', '731', '1', 'Spring', 2005, 'B+');
insert into takes values('87615', '244', '4', 'Spring', 2001, 'C-');
insert into takes values('32536', '926', '1', 'Spring', 2009, 'C ');
insert into takes values('61481', '682', '3', 'Spring', 2004, 'B+');
insert into takes values('81961', '889', '1', 'Fall', 2008, 'A-');
insert into takes values('47856', '569', '5', 'Spring', 2010, 'C+');
insert into takes values('79644', '572', '1', 'Spring', 2009, 'C ');
insert into takes values('94112', '294', '1', 'Fall', 2002, 'A ');
insert into takes values('77695', '303', '1', 'Spring', 2003, 'C ');
insert into takes values('62320', '389', '1', 'Spring', 2010, 'B-');
insert into takes values('54400', '891', '2', 'Fall', 2002, 'C+');
insert into takes values('45867', '413', '1', 'Fall', 2004, 'B-');
insert into takes values('74870', '562', '1', 'Spring', 2002, 'B-');
insert into takes values('14937', '837', '2', 'Spring', 2010, 'A ');
insert into takes values('86491', '578', '3', 'Fall', 2010, 'C-');
insert into takes values('2958', '868', '2', 'Spring', 2002, 'C-');
insert into takes values('99645', '892', '1', 'Fall', 2005, 'C+');
insert into takes values('49371', '433', '2', 'Fall', 2009, 'C ');
insert into takes values('13123', '207', '3', 'Spring', 2001, 'C ');
insert into takes values('42272', '473', '3', 'Fall', 2006, 'C ');
insert into takes values('85959', '838', '1', 'Fall', 2008, 'A-');
insert into takes values('11853', '268', '1', 'Fall', 2007, 'B ');
insert into takes values('67122', '547', '1', 'Spring', 2002, 'B+');
insert into takes values('43958', '299', '2', 'Fall', 2007, 'C+');
insert into takes values('62505', '207', '3', 'Spring', 2001, 'B-');
insert into takes values('8240', '884', '1', 'Spring', 2002, 'A-');
insert into takes values('73117', '967', '1', 'Fall', 2008, 'C ');
insert into takes values('76032', '232', '1', 'Fall', 2002, 'B ');
insert into takes values('18726', '480', '1', 'Spring', 2010, 'C ');
insert into takes values('52185', '767', '1', 'Fall', 2009, 'C ');
insert into takes values('81299', '102', '3', 'Fall', 2010, 'A ');
insert into takes values('32606', '937', '2', 'Spring', 2007, 'A-');
insert into takes values('5440', '486', '1', 'Fall', 2007, 'B+');
insert into takes values('83896', '433', '1', 'Spring', 2006, 'B-');
insert into takes values('74737', '413', '2', 'Fall', 2007, 'B ');
insert into takes values('8240', '930', '1', 'Fall', 2003, 'A ');
insert into takes values('33621', '653', '2', 'Spring', 2008, 'A+');
insert into takes values('42545', '207', '1', 'Fall', 2007, 'C-');
insert into takes values('41531', '145', '1', 'Fall', 2007, 'A+');
insert into takes values('14796', '644', '6', 'Fall', 2004, 'A+');
insert into takes values('7496', '879', '2', 'Fall', 2002, 'B-');
insert into takes values('40799', '186', '1', 'Fall', 2004, 'C+');
insert into takes values('73257', '750', '1', 'Spring', 2009, 'B ');
insert into takes values('93418', '643', '4', 'Spring', 2001, 'C+');
insert into takes values('48237', '431', '2', 'Spring', 2005, 'A-');
insert into takes values('65063', '584', '3', 'Fall', 2004, 'A ');
insert into takes values('4121', '871', '1', 'Fall', 2009, 'A-');
insert into takes values('94112', '401', '1', 'Fall', 2008, 'A+');
insert into takes values('5124', '547', '1', 'Spring', 2002, 'C-');
insert into takes values('76907', '763', '5', 'Fall', 2009, 'C ');
insert into takes values('87057', '174', '3', 'Spring', 2006, 'C+');
insert into takes values('31035', '198', '1', 'Fall', 2009, 'C ');
insert into takes values('7988', '953', '1', 'Fall', 2004, 'A-');
insert into takes values('46681', '234', '1', 'Spring', 2004, 'B ');
insert into takes values('84758', '508', '2', 'Spring', 2007, 'B ');
insert into takes values('15076', '555', '1', 'Fall', 2010, 'A ');
insert into takes values('6851', '863', '3', 'Spring', 2007, 'C ');
insert into takes values('41531', '396', '3', 'Fall', 2006, 'C-');
insert into takes values('81299', '443', '1', 'Spring', 2010, 'B-');
insert into takes values('86491', '190', '1', 'Fall', 2006, 'A+');
insert into takes values('47856', '130', '2', 'Fall', 2003, 'B+');
insert into takes values('59005', '137', '1', 'Spring', 2002, 'B ');
insert into takes values('20506', '997', '1', 'Fall', 2009, 'C ');
insert into takes values('5124', '717', '1', 'Spring', 2002, 'A-');
insert into takes values('78217', '868', '3', 'Fall', 2006, 'B-');
insert into takes values('92110', '806', '1', 'Fall', 2003, 'A ');
insert into takes values('84758', '891', '1', 'Spring', 2007, 'C+');
insert into takes values('87833', '783', '2', 'Fall', 2006, 'C+');
insert into takes values('86491', '643', '3', 'Spring', 2009, 'B ');
insert into takes values('48237', '547', '1', 'Spring', 2002, 'A-');
insert into takes values('62570', '838', '1', 'Fall', 2008, 'B ');
insert into takes values('71834', '169', '1', 'Fall', 2003, 'C-');
insert into takes values('60079', '413', '2', 'Fall', 2007, 'C ');
insert into takes values('62505', '493', '1', 'Fall', 2007, 'B+');
insert into takes values('764', '198', '1', 'Fall', 2009, 'C ');
insert into takes values('23239', '846', '6', 'Fall', 2007, 'A+');
insert into takes values('96911', '783', '1', 'Spring', 2010, 'A ');
insert into takes values('98914', '653', '2', 'Spring', 2008, 'A ');
insert into takes values('96530', '563', '1', 'Fall', 2006, 'B ');
insert into takes values('61481', '617', '2', 'Spring', 2003, 'B ');
insert into takes values('7810', '782', '1', 'Fall', 2004, 'B-');
insert into takes values('61833', '763', '1', 'Fall', 2010, 'C-');
insert into takes values('33628', '808', '2', 'Spring', 2007, 'B+');
insert into takes values('84791', '579', '1', 'Fall', 2006, 'A ');
insert into takes values('65063', '937', '2', 'Spring', 2007, 'B+');
insert into takes values('59005', '644', '2', 'Spring', 2003, 'C+');
insert into takes values('49371', '174', '3', 'Spring', 2006, 'A-');
insert into takes values('59005', '183', '2', 'Spring', 2001, 'A-');
insert into takes values('86491', '137', '1', 'Spring', 2002, 'C ');
insert into takes values('49371', '235', '2', 'Fall', 2007, 'B ');
insert into takes values('65884', '739', '2', 'Fall', 2001, 'C+');
insert into takes values('84005', '232', '3', 'Spring', 2001, 'B ');
insert into takes values('73257', '630', '2', 'Fall', 2005, 'A ');
insert into takes values('57367', '566', '2', 'Spring', 2007, 'C-');
insert into takes values('74830', '183', '2', 'Spring', 2001, 'C-');
insert into takes values('53245', '806', '2', 'Spring', 2003, 'C+');
insert into takes values('66654', '695', '1', 'Spring', 2007, 'A ');
insert into takes values('98572', '486', '2', 'Fall', 2008, 'A-');
insert into takes values('26811', '838', '1', 'Fall', 2008, 'C-');
insert into takes values('40714', '352', '1', 'Spring', 2006, 'A+');
insert into takes values('74870', '763', '1', 'Fall', 2010, 'C-');
insert into takes values('20924', '443', '3', 'Fall', 2007, 'A+');
insert into takes values('60673', '328', '1', 'Fall', 2009, 'B-');
insert into takes values('4355', '366', '1', 'Fall', 2002, 'C+');
insert into takes values('5124', '997', '2', 'Spring', 2010, 'B-');
insert into takes values('32536', '763', '6', 'Spring', 2010, 'B ');
insert into takes values('54400', '602', '1', 'Fall', 2006, 'A+');
insert into takes values('6632', '508', '1', 'Fall', 2010, 'A ');
insert into takes values('30528', '884', '2', 'Fall', 2007, 'B+');
insert into takes values('56676', '411', '1', 'Fall', 2002, 'B ');
insert into takes values('23239', '130', '1', 'Fall', 2010, 'A+');
insert into takes values('67365', '411', '1', 'Fall', 2002, 'C ');
insert into takes values('79644', '207', '2', 'Spring', 2005, 'B+');
insert into takes values('57367', '861', '2', 'Spring', 2002, 'C-');
insert into advisor values('50231', '66265');
insert into advisor values('85882', '33285');
insert into advisor values('7988', '5514');
insert into advisor values('68791', '2528');
insert into advisor values('71834', '64791');
insert into advisor values('84758', '41385');
insert into advisor values('20506', '28009');
insert into advisor values('76907', '33285');
insert into advisor values('49371', '23365');
insert into advisor values('17284', '34008');
insert into advisor values('46530', '19499');
insert into advisor values('99050', '44418');
insert into advisor values('96427', '29583');
insert into advisor values('75392', '28009');
insert into advisor values('92110', '31308');
insert into advisor values('76032', '53541');
insert into advisor values('99645', '53541');
insert into advisor values('51139', '94368');
insert into advisor values('7330', '32197');
insert into advisor values('58487', '64791');
insert into advisor values('67299', '23933');
insert into advisor values('6632', '52607');
insert into advisor values('41888', '90303');
insert into advisor values('46681', '16647');
insert into advisor values('12497', '94368');
insert into advisor values('78217', '89082');
insert into advisor values('62505', '33285');
insert into advisor values('87057', '52607');
insert into advisor values('84791', '23365');
insert into advisor values('73986', '32693');
insert into advisor values('41474', '32197');
insert into advisor values('61833', '45371');
insert into advisor values('93418', '74275');
insert into advisor values('59949', '28009');
insert into advisor values('14796', '31308');
insert into advisor values('89581', '33285');
insert into advisor values('79644', '31308');
insert into advisor values('11843', '3194');
insert into advisor values('15785', '23933');
insert into advisor values('98565', '13322');
insert into advisor values('66654', '29583');
insert into advisor values('89889', '16647');
insert into advisor values('59005', '1880');
insert into advisor values('32606', '82785');
insert into advisor values('77508', '41385');
insert into advisor values('40799', '95003');
insert into advisor values('81961', '65961');
insert into advisor values('25760', '52267');
insert into advisor values('87615', '16647');
insert into advisor values('87833', '90303');
insert into advisor values('65041', '74275');
insert into advisor values('83896', '85435');
insert into advisor values('56676', '44418');
insert into advisor values('24201', '23933');
insert into advisor values('64470', '28009');
insert into advisor values('60079', '95003');
insert into advisor values('6851', '95003');
insert into advisor values('61481', '82785');
insert into advisor values('65884', '64791');
insert into advisor values('78512', '74827');
insert into advisor values('42735', '33285');
insert into advisor values('24789', '98367');
insert into advisor values('20644', '38987');
insert into advisor values('15653', '74223');
insert into advisor values('90908', '3194');
insert into advisor values('2630', '52267');
insert into advisor values('48914', '23114');
insert into advisor values('14937', '2528');
insert into advisor values('31035', '67420');
insert into advisor values('52312', '52607');
insert into advisor values('7783', '53541');
insert into advisor values('74870', '41385');
insert into advisor values('38143', '16694');
insert into advisor values('28900', '89082');
insert into advisor values('23239', '98367');
insert into advisor values('6728', '16694');
insert into advisor values('95131', '16909');
insert into advisor values('60293', '3194');
insert into advisor values('58803', '27641');
insert into advisor values('14519', '33285');
insert into advisor values('24384', '21641');
insert into advisor values('63765', '23114');
insert into advisor values('2958', '16694');
insert into advisor values('47856', '23114');
insert into advisor values('15076', '23933');
insert into advisor values('60094', '81937');
insert into advisor values('52185', '41385');
insert into advisor values('52707', '53541');
insert into advisor values('5848', '78749');
insert into advisor values('28433', '31308');
insert into advisor values('74586', '89082');
insert into advisor values('5440', '27641');
insert into advisor values('73257', '94368');
insert into advisor values('30782', '38987');
insert into advisor values('4355', '94368');
insert into advisor values('43912', '23114');
insert into advisor values('32536', '84045');
insert into advisor values('49614', '12564');
insert into advisor values('85959', '13322');
insert into advisor values('67122', '31308');
insert into advisor values('72196', '52267');
insert into advisor values('43401', '28009');
insert into advisor values('33621', '94368');
insert into advisor values('20632', '72853');
insert into advisor values('96911', '23365');
insert into advisor values('21463', '32197');
insert into advisor values('53245', '31308');
insert into advisor values('84433', '64791');
insert into advisor values('4121', '32197');
insert into advisor values('7810', '53541');
insert into advisor values('74737', '92204');
insert into advisor values('57367', '5514');
insert into advisor values('45635', '32197');
insert into advisor values('66737', '92204');
insert into advisor values('54400', '32197');
insert into advisor values('24289', '28009');
insert into advisor values('53004', '67420');
insert into advisor values('11853', '2528');
insert into advisor values('41531', '5514');
insert into advisor values('68777', '32693');
insert into advisor values('17878', '52267');
insert into advisor values('64063', '44418');
insert into advisor values('1268', '78749');
insert into advisor values('65063', '28009');
insert into advisor values('42272', '26648');
insert into advisor values('74830', '19499');
insert into advisor values('98809', '41385');
insert into advisor values('28019', '3194');
insert into advisor values('82989', '34008');
insert into advisor values('67365', '98367');
insert into advisor values('33628', '45371');
insert into advisor values('18726', '52607');
insert into advisor values('26811', '16694');
insert into advisor values('72106', '74275');
insert into advisor values('12109', '52607');
insert into advisor values('77208', '1880');
insert into advisor values('75115', '81937');
insert into advisor values('69223', '52267');
insert into advisor values('12957', '34008');
insert into advisor values('30498', '74827');
insert into advisor values('56607', '72853');
insert into advisor values('70788', '81937');
insert into advisor values('20924', '84045');
insert into advisor values('764', '64791');
insert into advisor values('33910', '32197');
insert into advisor values('62570', '19499');
insert into advisor values('75963', '16647');
insert into advisor values('77695', '72853');
insert into advisor values('31857', '41385');
insert into advisor values('18305', '65961');
insert into advisor values('40714', '92204');
insert into advisor values('72644', '48150');
insert into advisor values('62320', '72853');
insert into advisor values('42545', '32693');
insert into advisor values('20538', '74827');
insert into advisor values('98914', '16647');
insert into advisor values('13364', '72853');
insert into advisor values('13123', '66265');
insert into advisor values('86491', '29583');
insert into advisor values('48211', '21641');
insert into advisor values('39518', '26648');
insert into advisor values('94112', '38987');
insert into advisor values('86078', '95003');
insert into advisor values('20526', '98367');
insert into advisor values('91694', '95003');
insert into advisor values('8240', '92204');
insert into advisor values('59795', '13322');
insert into advisor values('48237', '64791');
insert into advisor values('67268', '5514');
insert into advisor values('17948', '41385');
insert into advisor values('15274', '16694');
insert into advisor values('48103', '85435');
insert into advisor values('60673', '16909');
insert into advisor values('45867', '2528');
insert into advisor values('89941', '28009');
insert into advisor values('54838', '2528');
insert into advisor values('87781', '74827');
insert into advisor values('7496', '72853');
insert into advisor values('93923', '82785');
insert into advisor values('20562', '21641');
insert into advisor values('67890', '65961');
insert into advisor values('79609', '95003');
insert into advisor values('22310', '13322');
insert into advisor values('81299', '44418');
insert into advisor values('35015', '13322');
insert into advisor values('84424', '28009');
insert into advisor values('55853', '32197');
insert into advisor values('96530', '32197');
insert into advisor values('84005', '92204');
insert into advisor values('73117', '84045');
insert into advisor values('93610', '38987');
insert into advisor values('39367', '16909');
insert into advisor values('26636', '16909');
insert into advisor values('30528', '92204');
insert into advisor values('98572', '33285');
insert into advisor values('70731', '19499');
insert into advisor values('67293', '48150');
insert into advisor values('88123', '52267');
insert into advisor values('5124', '23933');
insert into advisor values('43958', '31308');
insert into prereq values('889', '936');
insert into prereq values('358', '617');
insert into prereq values('268', '802');
insert into prereq values('493', '846');
insert into prereq values('259', '606');
insert into prereq values('687', '569');
insert into prereq values('547', '396');
insert into prereq values('203', '104');
insert into prereq values('477', '739');
insert into prereq values('268', '617');
insert into prereq values('207', '522');
insert into prereq values('642', '690');
insert into prereq values('222', '682');
insert into prereq values('751', '653');
insert into prereq values('991', '811');
insert into prereq values('472', '259');
insert into prereq values('514', '612');
insert into prereq values('384', '991');
insert into prereq values('342', '777');
insert into prereq values('183', '326');
insert into prereq values('431', '563');
insert into prereq values('183', '767');
insert into prereq values('683', '174');
insert into prereq values('301', '934');
insert into prereq values('182', '717');
insert into prereq values('342', '967');
insert into prereq values('234', '135');
insert into prereq values('562', '358');
insert into prereq values('384', '966');
insert into prereq values('326', '183');
insert into prereq values('653', '150');
insert into prereq values('319', '930');
insert into prereq values('527', '926');
insert into prereq values('480', '294');
insert into prereq values('205', '174');
insert into prereq values('942', '879');
insert into prereq values('366', '104');
insert into prereq values('433', '190');
insert into prereq values('967', '665');
insert into prereq values('591', '407');
insert into prereq values('937', '486');
insert into prereq values('299', '253');
insert into prereq values('966', '591');
insert into prereq values('396', '734');
insert into prereq values('135', '305');
insert into prereq values('399', '621');
insert into prereq values('397', '932');
insert into prereq values('433', '288');
insert into prereq values('958', '892');
insert into prereq values('205', '589');
insert into prereq values('739', '407');
insert into prereq values('796', '305');
insert into prereq values('621', '186');
insert into prereq values('992', '731');
insert into prereq values('812', '641');
insert into prereq values('889', '734');
insert into prereq values('480', '288');
insert into prereq values('767', '644');
insert into prereq values('919', '366');
insert into prereq values('811', '562');
insert into prereq values('992', '150');
insert into prereq values('190', '433');
insert into prereq values('934', '767');
insert into prereq values('317', '868');
insert into prereq values('366', '871');
insert into prereq values('300', '773');
insert into prereq values('232', '380');
insert into prereq values('268', '566');
insert into prereq values('985', '232');
insert into prereq values('130', '777');
insert into prereq values('169', '619');
insert into prereq values('527', '846');
insert into prereq values('473', '782');
insert into prereq values('396', '217');
insert into prereq values('606', '527');
insert into prereq values('555', '909');
insert into prereq values('159', '538');
insert into prereq values('863', '493');
insert into prereq values('717', '401');
insert into prereq values('559', '802');
insert into prereq values('472', '891');
insert into prereq values('641', '562');
insert into prereq values('630', '396');
insert into prereq values('734', '232');
insert into prereq values('953', '919');
insert into prereq values('811', '570');
insert into prereq values('254', '589');
insert into prereq values('701', '463');
insert into prereq values('514', '561');
insert into prereq values('997', '750');
insert into prereq values('588', '106');
insert into prereq values('480', '207');
insert into prereq values('763', '234');
insert into prereq values('751', '473');
insert into prereq values('179', '802');
insert into prereq values('701', '295');
insert into prereq values('229', '687');
insert into prereq values('783', '179');
insert into prereq values('299', '973');
insert into prereq values('311', '690');
