insert into classroom values('F', 326, 35);
insert into classroom values('G', 704, 10);
insert into classroom values('A', 99, 10);
insert into classroom values('E', 28, 17);
insert into classroom values('A', 149, 17);
insert into classroom values('G', 76, 10);
insert into classroom values('G', 419, 13);
insert into classroom values('J', 993, 139);
insert into classroom values('I', 918, 16);
insert into classroom values('J', 979, 35);
insert into department values('ED', 'C', 603300.44);
insert into department values('RR', 'E', 553389.29);
insert into department values('IF', 'J', 513514.42);
insert into department values('DF', 'D', 332842.97);
insert into department values('KL', 'B', 898530.24);
insert into department values('SS', 'J', 2515.25);
insert into department values('GT', 'B', 454905.53);
insert into department values('FR', 'J', 859347.91);
insert into department values('RQ', 'G', 711150.83);
insert into department values('GO', 'E', 797651.74);
insert into course values('758', 'IF3022', 'RQ', 4);
insert into course values('950', 'IF3031', 'IF', 3);
insert into course values('907', 'IF3120', 'ED', 4);
insert into course values('612', 'IF3031', 'GO', 3);
insert into course values('969', 'IF3031', 'SS', 3);
insert into course values('327', 'IF3030', 'DF', 4);
insert into course values('598', 'IF3022', 'DF', 3);
insert into course values('796', 'IF0230', 'FR', 3);
insert into course values('773', 'IF3030', 'RR', 4);
insert into course values('570', 'IF4041', 'KL', 3);
insert into course values('985', 'IF4041', 'RQ', 3);
insert into course values('126', 'IF0230', 'ED', 3);
insert into course values('927', 'IF4321', 'RQ', 3);
insert into course values('723', 'IF3031', 'DF', 4);
insert into course values('494', 'IF0230', 'SS', 3);
insert into course values('608', 'IF3022', 'RR', 3);
insert into course values('837', 'IF4321', 'RQ', 3);
insert into course values('415', 'IF3211', 'FR', 4);
insert into course values('799', 'IF3031', 'RR', 3);
insert into course values('835', 'IF4321', 'FR', 3);
insert into course values('285', 'IF3030', 'FR', 3);
insert into course values('801', 'IF4041', 'SS', 4);
insert into course values('553', 'IF3333', 'KL', 3);
insert into course values('784', 'IF3120', 'RR', 3);
insert into course values('215', 'IF3120', 'GT', 3);
insert into course values('708', 'IF4321', 'RR', 4);
insert into course values('201', 'IF4321', 'GT', 4);
insert into course values('136', 'IF3030', 'IF', 4);
insert into course values('161', 'IF3031', 'IF', 4);
insert into course values('968', 'IF3333', 'FR', 4);
insert into course values('590', 'IF3031', 'RR', 3);
insert into course values('313', 'IF4321', 'KL', 3);
insert into course values('685', 'IF3022', 'KL', 3);
insert into course values('589', 'IF3120', 'RR', 4);
insert into course values('915', 'IF3333', 'GT', 3);
insert into course values('212', 'IF3120', 'RR', 3);
insert into course values('690', 'IF0230', 'ED', 4);
insert into course values('709', 'IF3333', 'RQ', 3);
insert into course values('225', 'IF4041', 'IF', 4);
insert into course values('892', 'IF4041', 'RR', 3);
insert into course values('693', 'IF3030', 'KL', 4);
insert into course values('105', 'IF5555', 'IF', 3);
insert into course values('412', 'IF3211', 'IF', 4);
insert into course values('199', 'IF0230', 'GO', 3);
insert into course values('771', 'IF0230', 'RQ', 3);
insert into course values('466', 'IF4321', 'IF', 4);
insert into course values('270', 'IF0230', 'KL', 3);
insert into course values('888', 'IF0230', 'SS', 4);
insert into course values('120', 'IF3333', 'ED', 4);
insert into course values('594', 'IF4041', 'SS', 3);
insert into course values('738', 'IF5555', 'RR', 3);
insert into course values('637', 'IF3120', 'RQ', 3);
insert into course values('142', 'IF4321', 'SS', 4);
insert into course values('452', 'IF3022', 'KL', 4);
insert into course values('121', 'IF3022', 'DF', 3);
insert into course values('599', 'IF3030', 'RQ', 4);
insert into course values('596', 'IF3022', 'SS', 3);
insert into course values('754', 'IF3333', 'SS', 3);
insert into course values('163', 'IF0230', 'DF', 4);
insert into course values('999', 'IF3022', 'DF', 3);
insert into course values('916', 'IF5555', 'DF', 4);
insert into course values('938', 'IF3031', 'RR', 3);
insert into course values('533', 'IF3031', 'GT', 4);
insert into course values('428', 'IF4041', 'RR', 3);
insert into course values('725', 'IF3211', 'KL', 3);
insert into course values('650', 'IF0230', 'FR', 3);
insert into course values('998', 'IF3031', 'KL', 3);
insert into course values('451', 'IF3030', 'RQ', 4);
insert into course values('206', 'IF4041', 'RQ', 3);
insert into course values('375', 'IF4321', 'DF', 4);
insert into course values('676', 'IF3031', 'DF', 3);
insert into course values('271', 'IF4041', 'RR', 3);
insert into course values('696', 'IF4321', 'RR', 4);
insert into course values('684', 'IF4041', 'GT', 3);
insert into course values('899', 'IF3211', 'SS', 4);
insert into course values('606', 'IF0230', 'GO', 3);
insert into course values('682', 'IF4041', 'DF', 3);
insert into course values('400', 'IF3211', 'IF', 4);
insert into course values('781', 'IF3030', 'GO', 3);
insert into course values('230', 'IF4321', 'IF', 4);
insert into course values('972', 'IF4321', 'DF', 3);
insert into course values('511', 'IF3030', 'KL', 3);
insert into course values('191', 'IF0230', 'IF', 3);
insert into course values('965', 'IF4321', 'RQ', 3);
insert into course values('386', 'IF3333', 'RR', 4);
insert into course values('841', 'IF3333', 'GT', 4);
insert into course values('703', 'IF3333', 'KL', 3);
insert into course values('479', 'IF3333', 'GT', 3);
insert into course values('273', 'IF4041', 'SS', 4);
insert into course values('376', 'IF0230', 'IF', 4);
insert into course values('860', 'IF3333', 'RR', 4);
insert into course values('737', 'IF3211', 'SS', 4);
insert into course values('435', 'IF3333', 'RQ', 4);
insert into course values('893', 'IF3022', 'GT', 4);
insert into course values('702', 'IF4041', 'RQ', 3);
insert into course values('368', 'IF3022', 'GT', 4);
insert into course values('714', 'IF5555', 'FR', 3);
insert into course values('677', 'IF5555', 'GO', 4);
insert into course values('520', 'IF3031', 'RR', 4);
insert into course values('367', 'IF0230', 'DF', 3);
insert into course values('410', 'IF3022', 'DF', 3);
insert into course values('234', 'IF0230', 'IF', 3);
insert into course values('875', 'IF3120', 'KL', 4);
insert into course values('618', 'IF3120', 'DF', 4);
insert into course values('445', 'IF3022', 'DF', 4);
insert into course values('389', 'IF3031', 'FR', 3);
insert into course values('298', 'IF4321', 'RQ', 4);
insert into course values('966', 'IF3333', 'IF', 4);
insert into course values('918', 'IF4041', 'KL', 4);
insert into course values('770', 'IF0230', 'RQ', 4);
insert into course values('991', 'IF4041', 'RR', 4);
insert into course values('268', 'IF0230', 'IF', 4);
insert into course values('550', 'IF3120', 'DF', 4);
insert into course values('503', 'IF5555', 'GO', 3);
insert into course values('396', 'IF0230', 'SS', 3);
insert into course values('933', 'IF3031', 'SS', 3);
insert into course values('244', 'IF3022', 'DF', 3);
insert into course values('250', 'IF5555', 'IF', 3);
insert into course values('957', 'IF0230', 'KL', 3);
insert into course values('232', 'IF3030', 'IF', 3);
insert into course values('787', 'IF3120', 'DF', 3);
insert into course values('507', 'IF0230', 'GT', 3);
insert into course values('766', 'IF5555', 'IF', 4);
insert into course values('404', 'IF3333', 'IF', 4);
insert into course values('471', 'IF3211', 'GO', 3);
insert into course values('516', 'IF3031', 'ED', 3);
insert into course values('785', 'IF3030', 'IF', 4);
insert into course values('203', 'IF3120', 'DF', 4);
insert into course values('243', 'IF3211', 'KL', 4);
insert into course values('542', 'IF3211', 'ED', 3);
insert into course values('885', 'IF4041', 'RQ', 4);
insert into course values('315', 'IF3120', 'FR', 4);
insert into course values('816', 'IF3030', 'KL', 4);
insert into course values('946', 'IF4321', 'GO', 4);
insert into course values('141', 'IF3030', 'RQ', 4);
insert into course values('920', 'IF4321', 'GO', 4);
insert into course values('829', 'IF3120', 'GO', 3);
insert into course values('296', 'IF5555', 'RQ', 3);
insert into course values('800', 'IF5555', 'RR', 4);
insert into course values('407', 'IF4041', 'GO', 4);
insert into course values('274', 'IF5555', 'GO', 4);
insert into course values('183', 'IF4041', 'GO', 3);
insert into course values('307', 'IF5555', 'GO', 4);
insert into course values('170', 'IF4321', 'SS', 4);
insert into course values('384', 'IF3022', 'ED', 3);
insert into course values('891', 'IF3211', 'RQ', 4);
insert into course values('568', 'IF0230', 'FR', 3);
insert into course values('947', 'IF3030', 'IF', 3);
insert into course values('540', 'IF4041', 'IF', 4);
insert into course values('934', 'IF4321', 'ED', 3);
insert into course values('536', 'IF3211', 'GT', 4);
insert into course values('724', 'IF5555', 'SS', 3);
insert into course values('863', 'IF3022', 'IF', 3);
insert into course values('219', 'IF3030', 'ED', 4);
insert into course values('721', 'IF4321', 'RR', 4);
insert into course values('901', 'IF4041', 'RQ', 4);
insert into course values('289', 'IF3022', 'ED', 3);
insert into course values('727', 'IF4041', 'DF', 3);
insert into course values('959', 'IF3031', 'IF', 3);
insert into course values('715', 'IF3211', 'ED', 3);
insert into course values('326', 'IF4321', 'SS', 4);
insert into course values('319', 'IF3120', 'RQ', 3);
insert into course values('563', 'IF3120', 'FR', 4);
insert into course values('971', 'IF4321', 'SS', 4);
insert into course values('994', 'IF3022', 'SS', 3);
insert into course values('378', 'IF0230', 'GO', 3);
insert into course values('336', 'IF3333', 'DF', 3);
insert into course values('963', 'IF3031', 'ED', 4);
insert into course values('575', 'IF3120', 'SS', 3);
insert into course values('111', 'IF3031', 'DF', 3);
insert into course values('411', 'IF3333', 'KL', 3);
insert into course values('970', 'IF3031', 'GT', 3);
insert into course values('794', 'IF3030', 'RR', 4);
insert into course values('564', 'IF5555', 'IF', 4);
insert into course values('221', 'IF4321', 'KL', 3);
insert into course values('939', 'IF0230', 'RR', 4);
insert into course values('883', 'IF4321', 'GO', 4);
insert into course values('165', 'IF3031', 'KL', 3);
insert into course values('887', 'IF3022', 'KL', 3);
insert into course values('328', 'IF3333', 'FR', 3);
insert into course values('904', 'IF4321', 'SS', 3);
insert into course values('681', 'IF3030', 'IF', 3);
insert into course values('425', 'IF3022', 'IF', 3);
insert into course values('705', 'IF3211', 'RR', 3);
insert into course values('834', 'IF3333', 'GT', 4);
insert into course values('909', 'IF4041', 'GO', 4);
insert into course values('842', 'IF0230', 'DF', 4);
insert into course values('898', 'IF4041', 'ED', 3);
insert into course values('361', 'IF3022', 'SS', 3);
insert into course values('726', 'IF3030', 'RQ', 4);
insert into course values('264', 'IF3211', 'RR', 4);
insert into course values('519', 'IF3120', 'DF', 4);
insert into course values('806', 'IF3211', 'RR', 4);
insert into course values('226', 'IF4041', 'KL', 4);
insert into course values('192', 'IF4041', 'KL', 4);
insert into course values('755', 'IF3031', 'GT', 3);
insert into course values('383', 'IF0230', 'ED', 4);
insert into course values('809', 'IF4041', 'KL', 4);
insert into course values('238', 'IF3031', 'RQ', 3);
insert into course values('718', 'IF4041', 'DF', 4);
insert into instructor values('37147', 'Adri', 'ED', 69446.97);
insert into instructor values('5038', 'Yohan', 'KL', 48883.02);
insert into instructor values('93413', 'Budi', 'DF', 117883.16);
insert into instructor values('23712', 'Josu', 'RR', 54891.02);
insert into instructor values('60539', 'Ande', 'SS', 39432.29);
insert into instructor values('33224', 'Ahmad', 'RR', 71281.89);
insert into instructor values('65599', 'Yohan', 'FR', 115784.18);
insert into instructor values('86284', 'Josu', 'FR', 123867.18);
insert into instructor values('4998', 'yuyun', 'FR', 58114.88);
insert into instructor values('91520', 'Kiki', 'IF', 33305.92);
insert into instructor values('44152', 'Johan', 'FR', 88296.67);
insert into instructor values('85005', 'Ande', 'RR', 53544.55);
insert into instructor values('44526', 'Ahmad', 'GO', 67762.54);
insert into instructor values('8494', 'rahmat', 'ED', 51314.81);
insert into instructor values('99891', 'Ande', 'ED', 31462.19);
insert into instructor values('42541', 'Johan', 'RR', 74214.74);
insert into instructor values('65060', 'Ande', 'SS', 43428.78);
insert into instructor values('22794', 'Yohan', 'RQ', 34292.36);
insert into instructor values('39823', 'Adri', 'RR', 115182.62);
insert into instructor values('24980', 'Yohan', 'IF', 29071.07);
insert into instructor values('88695', 'Adri', 'IF', 118530.05);
insert into instructor values('58605', 'yuyun', 'IF', 32600.34);
insert into instructor values('88717', 'yuyun', 'RQ', 80272.65);
insert into instructor values('16393', 'Josu', 'FR', 115384.97);
insert into instructor values('87288', 'Yohan', 'ED', 67924.26);
insert into instructor values('33935', 'Ande', 'KL', 93940.52);
insert into instructor values('81966', 'Budi', 'SS', 62739.98);
insert into instructor values('406', 'Ahmad', 'DF', 68242.06);
insert into instructor values('50456', 'rahmat', 'SS', 69193.56);
insert into instructor values('91401', 'Ande', 'RQ', 78478.17);
insert into instructor values('99153', 'Ande', 'GO', 128496.54);
insert into instructor values('16035', 'rahmat', 'SS', 101291.24);
insert into instructor values('96743', 'Johan', 'IF', 87834.65);
insert into instructor values('76243', 'Adri', 'RR', 110080.04);
insert into instructor values('60664', 'Adri', 'RR', 126703.71);
insert into instructor values('89497', 'Adri', 'SS', 43959.83);
insert into instructor values('41718', 'Ahmad', 'GT', 57059.72);
insert into instructor values('86150', 'Ahmad', 'RQ', 65619.90);
insert into instructor values('45987', 'Budi', 'FR', 94954.60);
insert into instructor values('36607', 'Yohan', 'IF', 39587.90);
insert into instructor values('8309', 'yuyun', 'GO', 47910.99);
insert into instructor values('27995', 'Ande', 'IF', 29304.94);
insert into instructor values('24915', 'rahmat', 'GO', 74496.80);
insert into instructor values('79296', 'Ande', 'GO', 93934.90);
insert into instructor values('84021', 'yuyun', 'RR', 50392.19);
insert into instructor values('39081', 'rahmat', 'GO', 63975.95);
insert into instructor values('85767', 'Ahmad', 'RR', 118698.35);
insert into instructor values('29026', 'Kiki', 'DF', 88511.76);
insert into instructor values('33926', 'rahmat', 'RQ', 111320.03);
insert into instructor values('88201', 'Ahmad', 'SS', 76334.55);
insert into section values('909', '1', 'Fall', 2002, 'A', '99', 'E');
insert into section values('328', '1', 'Fall', 2001, 'I', '918', 'J');
insert into section values('999', '1', 'Fall', 2005, 'G', '704', 'J');
insert into section values('705', '1', 'Spring', 2008, 'I', '918', 'G');
insert into section values('268', '1', 'Spring', 2003, 'J', '993', 'C');
insert into section values('702', '1', 'Fall', 2010, 'J', '993', 'E');
insert into section values('435', '1', 'Fall', 2004, 'A', '99', 'J');
insert into section values('727', '1', 'Spring', 2003, 'I', '918', 'M');
insert into section values('250', '1', 'Spring', 2001, 'G', '76', 'I');
insert into section values('801', '1', 'Fall', 2005, 'G', '419', 'F');
insert into section values('950', '1', 'Fall', 2001, 'G', '76', 'E');
insert into section values('250', '2', 'Fall', 2006, 'F', '326', 'E');
insert into section values('183', '1', 'Spring', 2007, 'E', '28', 'O');
insert into section values('970', '1', 'Fall', 2001, 'F', '326', 'M');
insert into section values('842', '1', 'Spring', 2002, 'A', '149', 'I');
insert into section values('170', '1', 'Fall', 2010, 'G', '704', 'O');
insert into section values('564', '1', 'Fall', 2008, 'G', '419', 'E');
insert into section values('126', '1', 'Spring', 2008, 'A', '149', 'P');
insert into section values('226', '1', 'Spring', 2010, 'J', '993', 'C');
insert into section values('298', '1', 'Spring', 2001, 'G', '704', 'J');
insert into section values('264', '1', 'Fall', 2008, 'F', '326', 'H');
insert into section values('598', '1', 'Spring', 2009, 'I', '918', 'P');
insert into section values('693', '1', 'Spring', 2009, 'A', '149', 'E');
insert into section values('800', '1', 'Fall', 2008, 'J', '993', 'D');
insert into section values('994', '1', 'Fall', 2007, 'I', '918', 'B');
insert into section values('885', '1', 'Spring', 2010, 'J', '979', 'I');
insert into section values('608', '1', 'Fall', 2001, 'A', '149', 'B');
insert into section values('594', '1', 'Fall', 2005, 'G', '76', 'A');
insert into section values('296', '1', 'Spring', 2007, 'E', '28', 'K');
insert into section values('319', '1', 'Spring', 2010, 'I', '918', 'P');
insert into section values('411', '1', 'Fall', 2009, 'G', '419', 'P');
insert into section values('327', '1', 'Spring', 2010, 'J', '979', 'J');
insert into section values('212', '1', 'Fall', 2005, 'J', '993', 'N');
insert into section values('971', '1', 'Fall', 2007, 'G', '76', 'H');
insert into section values('829', '1', 'Fall', 2001, 'I', '918', 'B');
insert into section values('920', '1', 'Spring', 2003, 'I', '918', 'A');
insert into section values('270', '1', 'Fall', 2007, 'G', '704', 'I');
insert into section values('120', '1', 'Fall', 2010, 'A', '99', 'B');
insert into section values('264', '2', 'Fall', 2009, 'J', '993', 'M');
insert into section values('367', '1', 'Spring', 2002, 'A', '99', 'G');
insert into section values('915', '1', 'Spring', 2007, 'J', '993', 'J');
insert into section values('250', '3', 'Spring', 2005, 'A', '149', 'P');
insert into section values('199', '1', 'Fall', 2008, 'G', '704', 'O');
insert into section values('784', '1', 'Fall', 2001, 'G', '704', 'P');
insert into section values('968', '1', 'Fall', 2002, 'A', '99', 'H');
insert into section values('766', '1', 'Fall', 2001, 'J', '993', 'E');
insert into section values('959', '1', 'Spring', 2002, 'I', '918', 'D');
insert into section values('816', '1', 'Fall', 2004, 'A', '149', 'J');
insert into section values('361', '1', 'Fall', 2008, 'A', '149', 'H');
insert into section values('533', '1', 'Spring', 2003, 'E', '28', 'F');
insert into section values('163', '1', 'Spring', 2007, 'A', '149', 'J');
insert into section values('540', '1', 'Spring', 2009, 'J', '979', 'D');
insert into section values('966', '1', 'Fall', 2009, 'I', '918', 'H');
insert into section values('939', '1', 'Fall', 2006, 'J', '993', 'I');
insert into section values('800', '2', 'Spring', 2005, 'G', '419', 'I');
insert into section values('829', '2', 'Fall', 2009, 'I', '918', 'C');
insert into section values('516', '1', 'Fall', 2002, 'I', '918', 'H');
insert into section values('885', '2', 'Spring', 2004, 'A', '99', 'A');
insert into section values('725', '1', 'Spring', 2010, 'A', '149', 'F');
insert into section values('368', '1', 'Fall', 2004, 'G', '419', 'B');
insert into section values('957', '1', 'Fall', 2005, 'A', '99', 'J');
insert into section values('606', '1', 'Spring', 2001, 'A', '99', 'F');
insert into section values('883', '1', 'Fall', 2007, 'I', '918', 'G');
insert into section values('794', '1', 'Fall', 2004, 'G', '419', 'H');
insert into section values('723', '1', 'Fall', 2009, 'A', '149', 'D');
insert into section values('677', '1', 'Fall', 2006, 'A', '99', 'L');
insert into section values('966', '2', 'Fall', 2010, 'I', '918', 'O');
insert into section values('904', '1', 'Fall', 2008, 'F', '326', 'O');
insert into section values('959', '2', 'Fall', 2010, 'J', '979', 'A');
insert into section values('415', '1', 'Spring', 2010, 'J', '993', 'A');
insert into section values('225', '1', 'Spring', 2007, 'A', '99', 'G');
insert into section values('766', '2', 'Spring', 2010, 'G', '419', 'A');
insert into section values('927', '1', 'Fall', 2005, 'G', '76', 'G');
insert into section values('841', '1', 'Fall', 2008, 'G', '419', 'C');
insert into section values('650', '1', 'Fall', 2004, 'G', '704', 'F');
insert into section values('319', '2', 'Fall', 2009, 'E', '28', 'M');
insert into section values('451', '1', 'Spring', 2002, 'A', '99', 'K');
insert into section values('834', '1', 'Spring', 2005, 'I', '918', 'G');
insert into section values('285', '1', 'Fall', 2004, 'J', '993', 'O');
insert into section values('234', '1', 'Fall', 2005, 'I', '918', 'F');
insert into section values('771', '1', 'Fall', 2010, 'A', '149', 'N');
insert into section values('296', '2', 'Spring', 2009, 'G', '76', 'L');
insert into section values('471', '1', 'Fall', 2004, 'J', '979', 'P');
insert into section values('553', '1', 'Fall', 2010, 'E', '28', 'G');
insert into section values('737', '1', 'Spring', 2001, 'F', '326', 'G');
insert into section values('907', '1', 'Spring', 2002, 'G', '76', 'A');
insert into section values('206', '1', 'Spring', 2006, 'A', '99', 'K');
insert into section values('998', '1', 'Spring', 2002, 'F', '326', 'A');
insert into section values('682', '1', 'Fall', 2007, 'G', '419', 'E');
insert into section values('192', '1', 'Spring', 2007, 'G', '419', 'E');
insert into section values('829', '3', 'Spring', 2001, 'J', '993', 'J');
insert into section values('726', '1', 'Spring', 2002, 'J', '979', 'B');
insert into section values('737', '2', 'Fall', 2007, 'A', '149', 'M');
insert into section values('718', '1', 'Spring', 2008, 'J', '979', 'K');
insert into section values('199', '2', 'Spring', 2003, 'E', '28', 'P');
insert into section values('837', '1', 'Fall', 2002, 'A', '149', 'H');
insert into section values('296', '3', 'Spring', 2006, 'J', '993', 'J');
insert into section values('163', '2', 'Fall', 2009, 'I', '918', 'D');
insert into section values('708', '1', 'Fall', 2005, 'G', '419', 'F');
insert into section values('999', '2', 'Fall', 2005, 'G', '76', 'N');
insert into section values('738', '1', 'Fall', 2006, 'A', '99', 'G');
insert into section values('709', '1', 'Fall', 2004, 'I', '918', 'A');
insert into section values('796', '1', 'Spring', 2005, 'A', '99', 'G');
insert into section values('696', '1', 'Spring', 2001, 'A', '149', 'N');
insert into section values('142', '1', 'Spring', 2002, 'J', '993', 'I');
insert into section values('972', '1', 'Fall', 2006, 'A', '99', 'I');
insert into section values('479', '1', 'Fall', 2006, 'G', '704', 'C');
insert into section values('516', '2', 'Fall', 2009, 'G', '704', 'O');
insert into section values('971', '2', 'Spring', 2002, 'I', '918', 'A');
insert into section values('901', '1', 'Spring', 2009, 'J', '979', 'L');
insert into section values('708', '2', 'Fall', 2005, 'J', '993', 'E');
insert into section values('452', '1', 'Fall', 2008, 'A', '99', 'A');
insert into section values('594', '2', 'Fall', 2008, 'J', '993', 'L');
insert into section values('758', '1', 'Spring', 2009, 'J', '993', 'K');
insert into section values('901', '2', 'Fall', 2005, 'F', '326', 'M');
insert into section values('606', '2', 'Spring', 2002, 'A', '99', 'L');
insert into section values('563', '1', 'Fall', 2003, 'J', '979', 'A');
insert into section values('105', '1', 'Spring', 2008, 'J', '979', 'M');
insert into section values('800', '3', 'Spring', 2007, 'F', '326', 'I');
insert into section values('383', '1', 'Fall', 2004, 'G', '704', 'J');
insert into section values('383', '2', 'Fall', 2003, 'G', '76', 'J');
insert into section values('708', '3', 'Fall', 2004, 'G', '704', 'B');
insert into section values('677', '2', 'Spring', 2009, 'J', '993', 'H');
insert into section values('829', '4', 'Spring', 2006, 'J', '993', 'G');
insert into section values('161', '1', 'Spring', 2010, 'A', '99', 'A');
insert into section values('111', '1', 'Spring', 2007, 'J', '979', 'D');
insert into section values('939', '2', 'Spring', 2008, 'E', '28', 'L');
insert into section values('994', '2', 'Spring', 2010, 'G', '704', 'K');
insert into section values('199', '3', 'Spring', 2002, 'J', '993', 'H');
insert into section values('909', '2', 'Spring', 2009, 'J', '979', 'M');
insert into section values('785', '1', 'Fall', 2005, 'E', '28', 'I');
insert into section values('120', '2', 'Fall', 2003, 'J', '979', 'G');
insert into section values('243', '1', 'Fall', 2002, 'I', '918', 'I');
insert into section values('758', '2', 'Fall', 2002, 'J', '993', 'D');
insert into section values('702', '2', 'Fall', 2008, 'G', '419', 'I');
insert into section values('920', '2', 'Fall', 2005, 'G', '76', 'B');
insert into section values('696', '2', 'Fall', 2008, 'G', '76', 'D');
insert into section values('738', '2', 'Spring', 2002, 'I', '918', 'A');
insert into section values('806', '1', 'Spring', 2002, 'G', '76', 'G');
insert into section values('829', '5', 'Fall', 2003, 'G', '704', 'A');
insert into section values('985', '1', 'Fall', 2006, 'J', '979', 'E');
insert into section values('378', '1', 'Spring', 2009, 'I', '918', 'E');
insert into section values('550', '1', 'Fall', 2001, 'I', '918', 'I');
insert into section values('972', '2', 'Fall', 2002, 'A', '149', 'K');
insert into section values('959', '3', 'Fall', 2006, 'G', '76', 'L');
insert into section values('829', '6', 'Fall', 2005, 'J', '979', 'M');
insert into section values('933', '1', 'Spring', 2001, 'I', '918', 'E');
insert into section values('950', '2', 'Fall', 2003, 'G', '704', 'K');
insert into section values('361', '2', 'Spring', 2006, 'F', '326', 'G');
insert into section values('445', '1', 'Fall', 2009, 'F', '326', 'A');
insert into section values('590', '1', 'Spring', 2002, 'I', '918', 'H');
insert into section values('412', '1', 'Fall', 2002, 'I', '918', 'L');
insert into section values('511', '1', 'Fall', 2009, 'A', '99', 'D');
insert into section values('863', '1', 'Fall', 2007, 'E', '28', 'H');
insert into section values('972', '3', 'Fall', 2002, 'J', '979', 'E');
insert into section values('682', '2', 'Fall', 2008, 'E', '28', 'N');
insert into section values('918', '1', 'Spring', 2005, 'G', '76', 'L');
insert into section values('142', '2', 'Spring', 2002, 'A', '149', 'J');
insert into section values('875', '1', 'Spring', 2010, 'G', '419', 'E');
insert into section values('238', '1', 'Fall', 2007, 'G', '419', 'D');
insert into section values('725', '2', 'Fall', 2010, 'I', '918', 'E');
insert into section values('885', '3', 'Spring', 2005, 'G', '76', 'L');
insert into section values('452', '2', 'Spring', 2003, 'G', '704', 'P');
insert into section values('536', '1', 'Spring', 2005, 'E', '28', 'G');
insert into section values('971', '3', 'Fall', 2007, 'G', '76', 'F');
insert into section values('270', '2', 'Fall', 2010, 'G', '704', 'J');
insert into section values('270', '3', 'Fall', 2008, 'F', '326', 'J');
insert into section values('938', '1', 'Fall', 2004, 'E', '28', 'I');
insert into section values('161', '2', 'Fall', 2003, 'A', '149', 'E');
insert into section values('883', '2', 'Spring', 2005, 'A', '149', 'K');
insert into section values('568', '1', 'Fall', 2009, 'E', '28', 'D');
insert into section values('400', '1', 'Spring', 2001, 'I', '918', 'C');
insert into section values('721', '1', 'Fall', 2007, 'E', '28', 'J');
insert into section values('970', '2', 'Spring', 2005, 'I', '918', 'I');
insert into section values('250', '4', 'Spring', 2004, 'G', '76', 'A');
insert into section values('738', '3', 'Fall', 2007, 'G', '419', 'C');
insert into section values('445', '2', 'Spring', 2005, 'J', '993', 'E');
insert into section values('285', '2', 'Fall', 2004, 'F', '326', 'L');
insert into section values('428', '1', 'Fall', 2001, 'J', '993', 'M');
insert into section values('296', '4', 'Fall', 2001, 'F', '326', 'K');
insert into section values('250', '5', 'Spring', 2008, 'J', '979', 'O');
insert into section values('841', '2', 'Fall', 2009, 'F', '326', 'I');
insert into section values('957', '2', 'Spring', 2004, 'G', '704', 'N');
insert into section values('507', '1', 'Spring', 2006, 'J', '979', 'C');
insert into section values('215', '1', 'Fall', 2010, 'E', '28', 'M');
insert into section values('938', '2', 'Fall', 2009, 'G', '704', 'P');
insert into section values('570', '1', 'Fall', 2004, 'J', '979', 'G');
insert into section values('142', '3', 'Spring', 2006, 'A', '149', 'E');
insert into section values('909', '3', 'Fall', 2003, 'F', '326', 'J');
insert into section values('307', '1', 'Spring', 2005, 'G', '419', 'N');
insert into section values('590', '2', 'Fall', 2009, 'G', '76', 'L');
insert into section values('412', '2', 'Spring', 2004, 'G', '419', 'A');
insert into section values('918', '2', 'Fall', 2006, 'G', '704', 'E');
insert into section values('800', '4', 'Fall', 2002, 'G', '704', 'G');
insert into section values('612', '1', 'Fall', 2009, 'G', '419', 'O');
insert into section values('201', '1', 'Spring', 2005, 'G', '704', 'F');
insert into section values('203', '1', 'Fall', 2005, 'G', '76', 'E');
insert into section values('755', '1', 'Fall', 2008, 'A', '149', 'A');
insert into section values('315', '1', 'Fall', 2003, 'J', '979', 'H');
insert into section values('841', '3', 'Spring', 2004, 'I', '918', 'L');
insert into section values('451', '2', 'Fall', 2001, 'A', '149', 'J');
insert into section values('709', '2', 'Fall', 2005, 'A', '99', 'P');
insert into section values('599', '1', 'Fall', 2003, 'F', '326', 'I');
insert into section values('415', '2', 'Fall', 2010, 'G', '704', 'O');
insert into section values('837', '2', 'Spring', 2008, 'J', '979', 'N');
insert into section values('415', '3', 'Spring', 2005, 'J', '993', 'A');
insert into section values('289', '1', 'Spring', 2010, 'J', '979', 'O');
insert into section values('268', '2', 'Fall', 2004, 'I', '918', 'O');
insert into section values('887', '1', 'Spring', 2007, 'G', '704', 'N');
insert into section values('650', '2', 'Fall', 2010, 'A', '99', 'E');
insert into section values('690', '1', 'Fall', 2007, 'G', '76', 'L');
insert into section values('520', '1', 'Fall', 2006, 'J', '993', 'O');
insert into section values('376', '1', 'Fall', 2003, 'J', '993', 'M');
insert into section values('451', '3', 'Fall', 2004, 'J', '979', 'P');
insert into section values('516', '3', 'Spring', 2001, 'E', '28', 'H');
insert into section values('126', '2', 'Fall', 2007, 'G', '704', 'O');
insert into section values('540', '2', 'Fall', 2003, 'E', '28', 'L');
insert into section values('971', '4', 'Spring', 2008, 'G', '419', 'L');
insert into section values('705', '2', 'Fall', 2009, 'E', '28', 'N');
insert into section values('400', '2', 'Spring', 2005, 'J', '979', 'B');
insert into section values('307', '2', 'Spring', 2002, 'A', '99', 'N');
insert into section values('860', '1', 'Fall', 2010, 'J', '993', 'D');
insert into section values('842', '2', 'Fall', 2003, 'G', '419', 'G');
insert into section values('885', '4', 'Fall', 2003, 'A', '99', 'E');
insert into section values('799', '1', 'Spring', 2002, 'J', '979', 'O');
insert into section values('994', '3', 'Spring', 2007, 'F', '326', 'G');
insert into section values('206', '2', 'Spring', 2008, 'I', '918', 'A');
insert into section values('829', '7', 'Spring', 2009, 'A', '149', 'I');
insert into section values('575', '1', 'Fall', 2001, 'A', '99', 'H');
insert into section values('766', '3', 'Fall', 2008, 'I', '918', 'E');
insert into section values('165', '1', 'Spring', 2006, 'F', '326', 'F');
insert into section values('916', '1', 'Fall', 2002, 'A', '149', 'F');
insert into section values('520', '2', 'Spring', 2002, 'G', '704', 'I');
insert into section values('727', '2', 'Fall', 2006, 'E', '28', 'K');
insert into section values('142', '4', 'Spring', 2010, 'E', '28', 'E');
insert into section values('550', '2', 'Spring', 2006, 'E', '28', 'M');
insert into section values('708', '4', 'Fall', 2008, 'A', '149', 'F');
insert into section values('965', '1', 'Fall', 2001, 'E', '28', 'J');
insert into section values('860', '2', 'Spring', 2001, 'G', '76', 'N');
insert into section values('199', '4', 'Spring', 2003, 'A', '99', 'P');
insert into section values('542', '1', 'Fall', 2008, 'G', '704', 'J');
insert into section values('860', '3', 'Spring', 2008, 'F', '326', 'I');
insert into section values('336', '1', 'Spring', 2001, 'J', '979', 'P');
insert into section values('875', '2', 'Spring', 2007, 'G', '704', 'M');
insert into section values('540', '3', 'Spring', 2010, 'J', '993', 'B');
insert into section values('564', '2', 'Fall', 2010, 'G', '704', 'C');
insert into section values('758', '3', 'Fall', 2010, 'G', '419', 'B');
insert into section values('307', '3', 'Fall', 2003, 'I', '918', 'O');
insert into section values('899', '1', 'Fall', 2005, 'A', '149', 'L');
insert into section values('715', '1', 'Fall', 2008, 'A', '149', 'F');
insert into section values('170', '2', 'Fall', 2005, 'G', '704', 'O');
insert into section values('637', '1', 'Fall', 2008, 'A', '149', 'N');
insert into section values('892', '1', 'Spring', 2007, 'G', '76', 'J');
insert into section values('404', '1', 'Spring', 2003, 'J', '993', 'A');
insert into section values('203', '2', 'Fall', 2002, 'G', '704', 'N');
insert into section values('971', '5', 'Fall', 2008, 'G', '76', 'H');
insert into section values('141', '1', 'Spring', 2010, 'J', '993', 'P');
insert into section values('809', '1', 'Fall', 2004, 'A', '99', 'C');
insert into section values('816', '2', 'Fall', 2003, 'A', '149', 'P');
insert into section values('933', '2', 'Fall', 2004, 'G', '704', 'P');
insert into section values('412', '3', 'Spring', 2010, 'E', '28', 'P');
insert into section values('594', '3', 'Fall', 2009, 'A', '149', 'H');
insert into section values('375', '1', 'Fall', 2009, 'G', '76', 'D');
insert into section values('816', '3', 'Spring', 2001, 'G', '704', 'E');
insert into section values('386', '1', 'Fall', 2001, 'J', '993', 'D');
insert into section values('516', '4', 'Fall', 2005, 'A', '99', 'K');
insert into section values('386', '2', 'Spring', 2004, 'G', '419', 'O');
insert into section values('536', '2', 'Spring', 2003, 'J', '993', 'M');
insert into section values('268', '3', 'Spring', 2006, 'E', '28', 'J');
insert into section values('809', '2', 'Fall', 2001, 'A', '149', 'H');
insert into section values('738', '4', 'Fall', 2005, 'J', '979', 'D');
insert into section values('947', '1', 'Fall', 2010, 'I', '918', 'J');
insert into section values('273', '1', 'Spring', 2009, 'J', '979', 'F');
insert into section values('328', '2', 'Fall', 2008, 'G', '704', 'J');
insert into section values('677', '3', 'Fall', 2002, 'J', '993', 'P');
insert into section values('594', '4', 'Fall', 2008, 'J', '993', 'B');
insert into section values('192', '2', 'Fall', 2005, 'J', '979', 'K');
insert into section values('105', '2', 'Spring', 2010, 'G', '76', 'H');
insert into section values('842', '3', 'Spring', 2002, 'E', '28', 'H');
insert into section values('934', '1', 'Spring', 2004, 'G', '419', 'O');
insert into section values('238', '2', 'Spring', 2005, 'A', '99', 'H');
insert into section values('386', '3', 'Spring', 2008, 'A', '149', 'N');
insert into section values('234', '2', 'Spring', 2008, 'A', '99', 'K');
insert into section values('503', '1', 'Fall', 2009, 'F', '326', 'L');
insert into section values('883', '3', 'Spring', 2001, 'A', '149', 'H');
insert into section values('957', '3', 'Spring', 2007, 'F', '326', 'F');
insert into section values('784', '2', 'Spring', 2006, 'F', '326', 'P');
insert into section values('201', '2', 'Fall', 2009, 'J', '993', 'L');
insert into section values('375', '2', 'Spring', 2005, 'G', '419', 'E');
insert into section values('215', '2', 'Spring', 2002, 'G', '704', 'F');
insert into section values('268', '4', 'Fall', 2006, 'J', '979', 'F');
insert into section values('685', '1', 'Spring', 2004, 'J', '979', 'L');
insert into section values('950', '3', 'Spring', 2009, 'F', '326', 'N');
insert into section values('721', '2', 'Spring', 2006, 'G', '704', 'K');
insert into section values('998', '2', 'Fall', 2008, 'J', '993', 'O');
insert into section values('860', '4', 'Fall', 2001, 'G', '419', 'A');
insert into section values('121', '1', 'Fall', 2010, 'A', '149', 'J');
insert into section values('511', '2', 'Spring', 2002, 'G', '419', 'E');
insert into section values('727', '3', 'Spring', 2001, 'J', '979', 'A');
insert into section values('590', '3', 'Fall', 2002, 'G', '419', 'E');
insert into section values('696', '3', 'Fall', 2010, 'J', '993', 'P');
insert into section values('637', '2', 'Fall', 2001, 'A', '149', 'A');
insert into section values('650', '3', 'Spring', 2003, 'A', '99', 'P');
insert into section values('650', '4', 'Spring', 2005, 'J', '979', 'H');
insert into section values('206', '3', 'Fall', 2004, 'A', '99', 'M');
insert into section values('589', '1', 'Spring', 2003, 'E', '28', 'K');
insert into section values('226', '2', 'Fall', 2002, 'J', '979', 'N');
insert into section values('507', '2', 'Fall', 2009, 'F', '326', 'J');
insert into section values('313', '1', 'Spring', 2008, 'A', '149', 'G');
insert into section values('105', '3', 'Spring', 2005, 'I', '918', 'D');
insert into section values('963', '1', 'Spring', 2007, 'G', '76', 'D');
insert into section values('816', '4', 'Fall', 2008, 'I', '918', 'A');
insert into section values('606', '3', 'Spring', 2008, 'J', '979', 'E');
insert into section values('368', '2', 'Spring', 2009, 'J', '993', 'K');
insert into section values('234', '3', 'Spring', 2001, 'A', '99', 'B');
insert into section values('927', '2', 'Spring', 2006, 'E', '28', 'M');
insert into section values('466', '1', 'Fall', 2008, 'F', '326', 'D');
insert into section values('445', '3', 'Fall', 2009, 'G', '419', 'P');
insert into section values('120', '3', 'Fall', 2010, 'J', '993', 'A');
insert into section values('887', '2', 'Fall', 2002, 'A', '99', 'K');
insert into section values('126', '3', 'Spring', 2002, 'G', '419', 'I');
insert into section values('192', '3', 'Fall', 2005, 'E', '28', 'H');
insert into section values('696', '4', 'Fall', 2005, 'F', '326', 'P');
insert into section values('451', '4', 'Fall', 2005, 'I', '918', 'K');
insert into section values('105', '4', 'Fall', 2003, 'E', '28', 'N');
insert into section values('999', '3', 'Spring', 2004, 'G', '76', 'P');
insert into section values('142', '5', 'Spring', 2001, 'G', '704', 'G');
insert into section values('901', '3', 'Fall', 2008, 'G', '76', 'P');
insert into section values('435', '2', 'Spring', 2003, 'G', '419', 'C');
insert into section values('612', '2', 'Fall', 2001, 'E', '28', 'N');
insert into section values('891', '1', 'Fall', 2002, 'A', '149', 'L');
insert into section values('142', '6', 'Spring', 2004, 'G', '76', 'J');
insert into section values('553', '2', 'Spring', 2008, 'G', '419', 'M');
insert into section values('415', '4', 'Fall', 2002, 'J', '979', 'C');
insert into section values('511', '3', 'Fall', 2007, 'J', '979', 'B');
insert into section values('947', '2', 'Fall', 2007, 'G', '704', 'M');
insert into section values('758', '4', 'Spring', 2003, 'A', '149', 'O');
insert into section values('608', '2', 'Spring', 2010, 'G', '704', 'I');
insert into section values('507', '3', 'Spring', 2006, 'I', '918', 'D');
insert into section values('972', '4', 'Spring', 2006, 'G', '76', 'N');
insert into section values('888', '1', 'Fall', 2009, 'A', '99', 'P');
insert into section values('212', '2', 'Spring', 2002, 'A', '99', 'J');
insert into section values('755', '2', 'Fall', 2005, 'A', '149', 'E');
insert into section values('608', '3', 'Spring', 2009, 'G', '419', 'K');
insert into section values('590', '4', 'Fall', 2001, 'F', '326', 'C');
insert into section values('755', '3', 'Fall', 2002, 'G', '76', 'H');
insert into section values('737', '3', 'Spring', 2001, 'J', '993', 'L');
insert into section values('368', '3', 'Fall', 2004, 'E', '28', 'J');
insert into section values('899', '2', 'Fall', 2009, 'G', '419', 'N');
insert into section values('999', '4', 'Spring', 2001, 'G', '76', 'I');
insert into section values('785', '2', 'Spring', 2010, 'F', '326', 'L');
insert into section values('230', '1', 'Spring', 2001, 'I', '918', 'G');
insert into section values('136', '1', 'Fall', 2002, 'G', '419', 'N');
insert into section values('494', '1', 'Fall', 2010, 'G', '419', 'P');
insert into section values('400', '3', 'Spring', 2001, 'J', '979', 'A');
insert into section values('232', '1', 'Fall', 2010, 'J', '979', 'G');
insert into section values('536', '3', 'Spring', 2008, 'A', '99', 'C');
insert into section values('270', '4', 'Fall', 2002, 'A', '149', 'G');
insert into section values('920', '3', 'Spring', 2008, 'E', '28', 'I');
insert into section values('842', '4', 'Spring', 2005, 'J', '979', 'C');
insert into section values('696', '5', 'Fall', 2005, 'E', '28', 'N');
insert into section values('909', '4', 'Fall', 2005, 'E', '28', 'H');
insert into section values('770', '1', 'Fall', 2005, 'J', '979', 'B');
insert into section values('703', '1', 'Spring', 2007, 'G', '76', 'M');
insert into section values('270', '5', 'Fall', 2001, 'E', '28', 'E');
insert into section values('411', '2', 'Spring', 2001, 'I', '918', 'C');
insert into section values('829', '8', 'Fall', 2007, 'A', '99', 'A');
insert into section values('361', '3', 'Spring', 2003, 'J', '993', 'H');
insert into section values('511', '4', 'Spring', 2005, 'J', '993', 'M');
insert into section values('860', '5', 'Spring', 2008, 'J', '979', 'L');
insert into section values('121', '2', 'Spring', 2003, 'G', '419', 'L');
insert into section values('298', '2', 'Fall', 2006, 'G', '419', 'C');
insert into section values('536', '4', 'Fall', 2002, 'J', '979', 'F');
insert into section values('594', '5', 'Fall', 2008, 'J', '979', 'I');
insert into section values('612', '3', 'Fall', 2002, 'E', '28', 'N');
insert into section values('212', '3', 'Spring', 2005, 'G', '704', 'K');
insert into section values('568', '2', 'Spring', 2009, 'J', '993', 'H');
insert into section values('383', '3', 'Spring', 2004, 'G', '419', 'H');
insert into section values('201', '3', 'Fall', 2006, 'I', '918', 'N');
insert into section values('575', '2', 'Fall', 2009, 'J', '979', 'J');
insert into section values('407', '1', 'Fall', 2005, 'G', '704', 'B');
insert into section values('289', '2', 'Spring', 2002, 'G', '704', 'L');
insert into section values('947', '3', 'Spring', 2010, 'G', '76', 'L');
insert into section values('400', '4', 'Spring', 2001, 'F', '326', 'O');
insert into section values('915', '2', 'Spring', 2009, 'A', '99', 'E');
insert into section values('863', '2', 'Fall', 2001, 'I', '918', 'G');
insert into section values('758', '5', 'Fall', 2004, 'G', '704', 'O');
insert into section values('891', '2', 'Spring', 2004, 'G', '76', 'O');
insert into section values('916', '2', 'Fall', 2002, 'A', '99', 'B');
insert into section values('685', '2', 'Spring', 2010, 'A', '99', 'F');
insert into section values('685', '3', 'Spring', 2007, 'G', '419', 'A');
insert into section values('898', '1', 'Spring', 2003, 'G', '419', 'P');
insert into section values('570', '2', 'Fall', 2008, 'A', '149', 'G');
insert into section values('313', '2', 'Spring', 2008, 'A', '149', 'H');
insert into section values('801', '2', 'Spring', 2003, 'J', '993', 'O');
insert into section values('494', '2', 'Fall', 2001, 'J', '979', 'G');
insert into section values('250', '6', 'Spring', 2010, 'J', '993', 'P');
insert into section values('285', '3', 'Spring', 2002, 'G', '76', 'C');
insert into section values('105', '5', 'Spring', 2009, 'F', '326', 'G');
insert into section values('696', '6', 'Fall', 2004, 'G', '704', 'I');
insert into teaches values('88201', '904', '1', 'Fall', 2008);
insert into teaches values('85767', '696', '2', 'Fall', 2008);
insert into teaches values('33935', '703', '1', 'Spring', 2007);
insert into teaches values('41718', '507', '2', 'Fall', 2009);
insert into teaches values('88201', '971', '4', 'Spring', 2008);
insert into teaches values('33926', '435', '2', 'Spring', 2003);
insert into teaches values('33926', '206', '3', 'Fall', 2004);
insert into teaches values('27995', '250', '5', 'Spring', 2008);
insert into teaches values('88201', '899', '2', 'Fall', 2009);
insert into teaches values('85767', '590', '4', 'Fall', 2001);
insert into teaches values('39081', '199', '4', 'Spring', 2003);
insert into teaches values('27995', '412', '2', 'Spring', 2004);
insert into teaches values('5038', '270', '2', 'Fall', 2010);
insert into teaches values('85767', '696', '5', 'Fall', 2005);
insert into teaches values('85767', '860', '3', 'Spring', 2008);
insert into teaches values('39081', '829', '2', 'Fall', 2009);
insert into teaches values('41718', '479', '1', 'Fall', 2006);
insert into teaches values('86150', '238', '2', 'Spring', 2005);
insert into teaches values('86150', '709', '2', 'Fall', 2005);
insert into teaches values('27995', '766', '1', 'Fall', 2001);
insert into teaches values('87288', '907', '1', 'Spring', 2002);
insert into teaches values('39081', '909', '2', 'Spring', 2009);
insert into teaches values('84021', '696', '1', 'Spring', 2001);
insert into teaches values('87288', '126', '3', 'Spring', 2002);
insert into teaches values('79296', '829', '7', 'Spring', 2009);
insert into teaches values('86150', '296', '2', 'Spring', 2009);
insert into teaches values('41718', '215', '2', 'Spring', 2002);
insert into teaches values('39081', '829', '1', 'Fall', 2001);
insert into teaches values('29026', '203', '1', 'Fall', 2005);
insert into teaches values('5038', '192', '3', 'Fall', 2005);
insert into teaches values('27995', '234', '3', 'Spring', 2001);
insert into teaches values('33926', '758', '2', 'Fall', 2002);
insert into teaches values('99891', '126', '1', 'Spring', 2008);
insert into teaches values('33926', '901', '1', 'Spring', 2009);
insert into teaches values('41718', '834', '1', 'Spring', 2005);
insert into teaches values('91401', '985', '1', 'Fall', 2006);
insert into teaches values('27995', '105', '4', 'Fall', 2003);
insert into teaches values('27995', '232', '1', 'Fall', 2010);
insert into teaches values('33935', '816', '1', 'Fall', 2004);
insert into teaches values('27995', '766', '2', 'Spring', 2010);
insert into teaches values('88201', '594', '1', 'Fall', 2005);
insert into teaches values('88201', '888', '1', 'Fall', 2009);
insert into teaches values('33926', '702', '2', 'Fall', 2008);
insert into teaches values('87288', '126', '2', 'Fall', 2007);
insert into teaches values('29026', '727', '3', 'Spring', 2001);
insert into teaches values('27995', '250', '2', 'Fall', 2006);
insert into teaches values('29026', '999', '4', 'Spring', 2001);
insert into teaches values('27995', '105', '3', 'Spring', 2005);
insert into teaches values('85767', '708', '2', 'Fall', 2005);
insert into teaches values('41718', '533', '1', 'Spring', 2003);
insert into teaches values('33926', '885', '1', 'Spring', 2010);
insert into teaches values('85767', '939', '1', 'Fall', 2006);
insert into teaches values('88201', '575', '2', 'Fall', 2009);
insert into teaches values('5038', '511', '4', 'Spring', 2005);
insert into teaches values('85767', '590', '3', 'Fall', 2002);
insert into teaches values('45987', '415', '1', 'Spring', 2010);
insert into teaches values('29026', '203', '2', 'Fall', 2002);
insert into teaches values('406', '367', '1', 'Spring', 2002);
insert into teaches values('27995', '230', '1', 'Spring', 2001);
insert into teaches values('27995', '947', '1', 'Fall', 2010);
insert into teaches values('406', '972', '3', 'Fall', 2002);
insert into teaches values('27995', '400', '2', 'Spring', 2005);
insert into teaches values('39081', '199', '2', 'Spring', 2003);
insert into teaches values('33926', '319', '2', 'Fall', 2009);
insert into teaches values('41718', '368', '2', 'Spring', 2009);
insert into teaches values('33935', '411', '1', 'Fall', 2009);
insert into teaches values('84021', '428', '1', 'Fall', 2001);
insert into teaches values('24915', '471', '1', 'Fall', 2004);
insert into teaches values('36607', '268', '2', 'Fall', 2004);
insert into teaches values('33926', '758', '3', 'Fall', 2010);
insert into teaches values('27995', '950', '2', 'Fall', 2003);
insert into teaches values('24915', '612', '2', 'Fall', 2001);
insert into teaches values('85767', '738', '1', 'Fall', 2006);
insert into teaches values('41718', '507', '1', 'Spring', 2006);
insert into teaches values('27995', '250', '1', 'Spring', 2001);
insert into teaches values('41718', '755', '3', 'Fall', 2002);
insert into teaches values('33935', '998', '1', 'Spring', 2002);
insert into teaches values('33935', '957', '2', 'Spring', 2004);
insert into teaches values('93413', '999', '3', 'Spring', 2004);
insert into teaches values('86150', '927', '2', 'Spring', 2006);
insert into teaches values('85767', '386', '3', 'Spring', 2008);
insert into teaches values('85767', '520', '1', 'Fall', 2006);
insert into teaches values('88201', '142', '6', 'Spring', 2004);
insert into teaches values('29026', '445', '2', 'Spring', 2005);
insert into teaches values('87288', '516', '1', 'Fall', 2002);
insert into teaches values('27995', '105', '1', 'Spring', 2008);
insert into teaches values('33935', '313', '1', 'Spring', 2008);
insert into teaches values('85767', '696', '4', 'Fall', 2005);
insert into teaches values('27995', '376', '1', 'Fall', 2003);
insert into teaches values('41718', '915', '1', 'Spring', 2007);
insert into teaches values('85767', '212', '2', 'Spring', 2002);
insert into teaches values('406', '445', '3', 'Fall', 2009);
insert into teaches values('39081', '829', '6', 'Fall', 2005);
insert into teaches values('87288', '289', '1', 'Spring', 2010);
insert into teaches values('29026', '121', '2', 'Spring', 2003);
insert into teaches values('88201', '142', '4', 'Spring', 2010);
insert into teaches values('27995', '250', '4', 'Spring', 2004);
insert into teaches values('39081', '920', '2', 'Fall', 2005);
insert into teaches values('29026', '375', '1', 'Fall', 2009);
insert into teaches values('85767', '800', '1', 'Fall', 2008);
insert into student values('43319', 'yuyun', 'GO', 61);
insert into student values('10874', 'Josu', 'GO', 101);
insert into student values('75179', 'Josu', 'DF', 58);
insert into student values('21011', 'Adri', 'KL', 100);
insert into student values('2569', 'Kiki', 'KL', 107);
insert into student values('22882', 'Budi', 'SS', 116);
insert into student values('83540', 'Adri', 'GT', 86);
insert into student values('32294', 'Johan', 'ED', 91);
insert into student values('81174', 'Josu', 'DF', 77);
insert into student values('20486', 'Ande', 'DF', 82);
insert into student values('47268', 'yuyun', 'GT', 8);
insert into student values('95252', 'rahmat', 'RQ', 60);
insert into student values('19868', 'Josu', 'FR', 122);
insert into student values('61547', 'Budi', 'RR', 9);
insert into student values('37671', 'rahmat', 'SS', 0);
insert into student values('86899', 'Ahmad', 'RQ', 73);
insert into student values('1017', 'yuyun', 'SS', 124);
insert into student values('2873', 'Ahmad', 'RQ', 71);
insert into student values('3662', 'Adri', 'RQ', 8);
insert into student values('95705', 'Johan', 'RQ', 74);
insert into student values('4141', 'Adri', 'GT', 45);
insert into student values('93174', 'Ande', 'GO', 122);
insert into student values('28550', 'Ande', 'ED', 26);
insert into student values('49278', 'Adri', 'RR', 5);
insert into student values('53429', 'yuyun', 'DF', 103);
insert into student values('25288', 'Adri', 'RR', 23);
insert into student values('9278', 'Josu', 'RR', 122);
insert into student values('23383', 'Budi', 'SS', 127);
insert into student values('90416', 'Ande', 'IF', 50);
insert into student values('62230', 'yuyun', 'RR', 55);
insert into student values('86757', 'Ahmad', 'SS', 23);
insert into student values('9691', 'yuyun', 'RQ', 73);
insert into student values('94110', 'Yohan', 'RQ', 90);
insert into student values('46438', 'Ande', 'KL', 43);
insert into student values('61480', 'rahmat', 'GO', 19);
insert into student values('21344', 'Yohan', 'RR', 64);
insert into student values('82043', 'rahmat', 'SS', 7);
insert into student values('41054', 'Ahmad', 'IF', 52);
insert into student values('99511', 'Ande', 'ED', 48);
insert into student values('8382', 'Budi', 'GT', 26);
insert into student values('50727', 'Josu', 'GO', 31);
insert into student values('9159', 'Budi', 'RQ', 31);
insert into student values('41311', 'Ahmad', 'FR', 107);
insert into student values('18410', 'Johan', 'SS', 119);
insert into student values('28896', 'yuyun', 'IF', 93);
insert into student values('7140', 'Ande', 'FR', 39);
insert into student values('18193', 'Ahmad', 'GT', 79);
insert into student values('14491', 'Josu', 'ED', 19);
insert into student values('69637', 'Yohan', 'GT', 121);
insert into student values('97823', 'rahmat', 'GT', 66);
insert into student values('89177', 'Adri', 'DF', 104);
insert into student values('424', 'Ahmad', 'KL', 21);
insert into student values('85299', 'yuyun', 'RR', 52);
insert into student values('10780', 'Ande', 'IF', 87);
insert into student values('75686', 'Budi', 'FR', 55);
insert into student values('50599', 'Budi', 'KL', 64);
insert into student values('33355', 'Ahmad', 'RQ', 101);
insert into student values('40674', 'Ande', 'GO', 74);
insert into student values('93959', 'Kiki', 'SS', 63);
insert into student values('20078', 'Ande', 'FR', 88);
insert into student values('13386', 'Josu', 'DF', 111);
insert into student values('38424', 'rahmat', 'DF', 49);
insert into student values('93739', 'Adri', 'DF', 86);
insert into student values('12277', 'Adri', 'FR', 71);
insert into student values('74254', 'Johan', 'KL', 29);
insert into student values('62436', 'rahmat', 'GT', 82);
insert into student values('90240', 'Adri', 'FR', 18);
insert into student values('32400', 'Johan', 'SS', 114);
insert into student values('51703', 'Josu', 'FR', 40);
insert into student values('31821', 'Adri', 'ED', 99);
insert into student values('78132', 'Budi', 'ED', 64);
insert into student values('33272', 'Josu', 'FR', 47);
insert into student values('59010', 'rahmat', 'IF', 87);
insert into student values('79962', 'Ahmad', 'GT', 27);
insert into student values('67062', 'Johan', 'DF', 114);
insert into student values('19747', 'Ahmad', 'SS', 115);
insert into student values('76430', 'rahmat', 'RR', 5);
insert into student values('37456', 'Budi', 'KL', 47);
insert into student values('22100', 'yuyun', 'GT', 82);
insert into student values('78406', 'Budi', 'GT', 117);
insert into student values('36570', 'Johan', 'GT', 36);
insert into student values('982', 'Adri', 'RR', 21);
insert into student values('55870', 'Kiki', 'SS', 29);
insert into student values('26106', 'Yohan', 'GO', 27);
insert into student values('62437', 'Josu', 'FR', 59);
insert into student values('30004', 'yuyun', 'IF', 87);
insert into student values('66752', 'Josu', 'IF', 22);
insert into student values('98451', 'Josu', 'KL', 53);
insert into student values('40523', 'Kiki', 'ED', 66);
insert into student values('80366', 'Yohan', 'RQ', 34);
insert into student values('26219', 'Adri', 'GO', 35);
insert into student values('97256', 'yuyun', 'RQ', 120);
insert into student values('69646', 'Kiki', 'ED', 29);
insert into student values('80557', 'Yohan', 'GT', 49);
insert into student values('82316', 'Josu', 'GT', 49);
insert into student values('63665', 'Josu', 'SS', 49);
insert into student values('69449', 'Budi', 'ED', 104);
insert into student values('79477', 'Josu', 'RR', 53);
insert into student values('11602', 'Ande', 'RQ', 49);
insert into student values('48483', 'Ande', 'FR', 83);
insert into student values('31133', 'Ande', 'RR', 97);
insert into student values('98863', 'Kiki', 'GT', 103);
insert into student values('42859', 'Adri', 'IF', 36);
insert into student values('42965', 'Kiki', 'GT', 98);
insert into student values('74504', 'Johan', 'FR', 22);
insert into student values('15743', 'Budi', 'ED', 13);
insert into student values('77639', 'Josu', 'RQ', 78);
insert into student values('83422', 'Yohan', 'FR', 119);
insert into student values('97351', 'Adri', 'IF', 95);
insert into student values('54926', 'Budi', 'KL', 78);
insert into student values('19954', 'Johan', 'ED', 29);
insert into student values('43508', 'Kiki', 'FR', 91);
insert into student values('57691', 'Adri', 'SS', 98);
insert into student values('51809', 'Ande', 'RR', 106);
insert into student values('51197', 'Yohan', 'RR', 76);
insert into student values('46125', 'Yohan', 'SS', 80);
insert into student values('16672', 'Budi', 'ED', 16);
insert into student values('72734', 'Ande', 'DF', 109);
insert into student values('20757', 'Kiki', 'GT', 0);
insert into student values('63201', 'Adri', 'FR', 79);
insert into student values('91830', 'Ahmad', 'IF', 37);
insert into student values('89357', 'Ahmad', 'RQ', 75);
insert into student values('28361', 'Ande', 'GT', 17);
insert into student values('38725', 'Kiki', 'RR', 94);
insert into student values('72060', 'Adri', 'RQ', 14);
insert into student values('39828', 'Ande', 'RQ', 28);
insert into student values('45031', 'Adri', 'KL', 25);
insert into student values('3632', 'Ahmad', 'RR', 94);
insert into student values('36751', 'Ahmad', 'IF', 96);
insert into student values('16985', 'Adri', 'RR', 46);
insert into student values('90495', 'Adri', 'GO', 40);
insert into student values('86776', 'Ande', 'ED', 111);
insert into student values('37710', 'Kiki', 'ED', 71);
insert into student values('52514', 'Budi', 'GO', 95);
insert into student values('53885', 'Budi', 'GO', 7);
insert into student values('48757', 'Kiki', 'IF', 0);
insert into student values('44472', 'Yohan', 'ED', 89);
insert into student values('17464', 'Ande', 'SS', 92);
insert into student values('68338', 'yuyun', 'GO', 33);
insert into student values('90332', 'rahmat', 'DF', 59);
insert into student values('57227', 'rahmat', 'SS', 38);
insert into student values('95166', 'Johan', 'IF', 70);
insert into student values('20971', 'Ande', 'FR', 53);
insert into student values('14692', 'Ahmad', 'RQ', 62);
insert into student values('40486', 'rahmat', 'RQ', 106);
insert into student values('76221', 'rahmat', 'RR', 36);
insert into student values('61367', 'Yohan', 'IF', 53);
insert into student values('20804', 'rahmat', 'DF', 92);
insert into student values('76358', 'yuyun', 'FR', 32);
insert into student values('55163', 'Ande', 'ED', 3);
insert into student values('66468', 'yuyun', 'ED', 43);
insert into student values('52690', 'yuyun', 'ED', 127);
insert into student values('81452', 'Kiki', 'FR', 42);
insert into student values('49215', 'Yohan', 'FR', 64);
insert into student values('23426', 'Yohan', 'IF', 78);
insert into student values('3556', 'yuyun', 'FR', 129);
insert into student values('13621', 'Ande', 'RR', 129);
insert into student values('70030', 'Josu', 'RR', 52);
insert into student values('4349', 'yuyun', 'KL', 95);
insert into student values('57809', 'Josu', 'GT', 40);
insert into student values('52511', 'Ahmad', 'RQ', 49);
insert into student values('99311', 'rahmat', 'DF', 13);
insert into student values('5510', 'Josu', 'DF', 52);
insert into student values('97232', 'Johan', 'KL', 9);
insert into student values('18185', 'Adri', 'KL', 41);
insert into student values('81289', 'Yohan', 'ED', 38);
insert into student values('37834', 'Ande', 'SS', 87);
insert into student values('10647', 'rahmat', 'RQ', 101);
insert into student values('26547', 'Kiki', 'GT', 45);
insert into student values('24770', 'Johan', 'IF', 1);
insert into student values('61048', 'Johan', 'GT', 58);
insert into student values('75164', 'Ahmad', 'RQ', 118);
insert into student values('67545', 'Ande', 'GO', 45);
insert into student values('82145', 'Johan', 'GT', 115);
insert into student values('6494', 'Kiki', 'ED', 92);
insert into student values('75703', 'Adri', 'ED', 34);
insert into student values('79419', 'Adri', 'RQ', 45);
insert into student values('74477', 'yuyun', 'GT', 104);
insert into student values('10220', 'Ande', 'FR', 126);
insert into student values('52573', 'Ahmad', 'IF', 30);
insert into student values('65015', 'Josu', 'RQ', 53);
insert into student values('73771', 'Josu', 'SS', 8);
insert into student values('24942', 'Kiki', 'GO', 115);
insert into student values('18341', 'Budi', 'FR', 62);
insert into student values('63372', 'Josu', 'ED', 46);
insert into student values('86082', 'rahmat', 'GT', 95);
insert into student values('85013', 'Ahmad', 'SS', 37);
insert into student values('15845', 'Kiki', 'FR', 79);
insert into student values('15384', 'Kiki', 'KL', 99);
insert into student values('954', 'Ande', 'RQ', 22);
insert into student values('44238', 'Adri', 'RQ', 100);
insert into student values('58261', 'Johan', 'FR', 115);
insert into student values('43961', 'Ande', 'RR', 88);
insert into student values('80087', 'Yohan', 'DF', 39);
insert into student values('29544', 'rahmat', 'GT', 82);
insert into student values('66794', 'Budi', 'DF', 35);
insert into student values('31215', 'rahmat', 'SS', 101);
insert into student values('76226', 'Adri', 'FR', 91);
insert into student values('4881', 'Adri', 'RR', 15);
insert into student values('27099', 'Yohan', 'KL', 106);
insert into takes values('33355', '435', '1', 'Fall', 2004, 'C ');
insert into takes values('98451', '590', '1', 'Spring', 2002, 'B-');
insert into takes values('43961', '203', '2', 'Fall', 2002, 'C+');
insert into takes values('32294', '199', '3', 'Spring', 2002, 'A-');
insert into takes values('97823', '725', '2', 'Fall', 2010, 'A ');
insert into takes values('48757', '899', '1', 'Fall', 2005, 'B+');
insert into takes values('28896', '568', '1', 'Fall', 2009, 'A+');
insert into takes values('90416', '755', '1', 'Fall', 2008, 'A ');
insert into takes values('15845', '909', '2', 'Spring', 2009, 'A ');
insert into takes values('10647', '594', '5', 'Fall', 2008, 'B ');
insert into takes values('23426', '435', '2', 'Spring', 2003, 'A-');
insert into takes values('79419', '536', '3', 'Spring', 2008, 'A ');
insert into takes values('5510', '315', '1', 'Fall', 2003, 'B+');
insert into takes values('54926', '226', '1', 'Spring', 2010, 'A+');
insert into takes values('51197', '959', '2', 'Fall', 2010, 'C+');
insert into takes values('95705', '829', '6', 'Fall', 2005, 'C+');
insert into takes values('93739', '161', '1', 'Spring', 2010, 'B+');
insert into takes values('97823', '203', '1', 'Fall', 2005, 'A ');
insert into takes values('28361', '637', '1', 'Fall', 2008, 'A-');
insert into takes values('51197', '163', '2', 'Fall', 2009, 'A-');
insert into takes values('42859', '947', '1', 'Fall', 2010, 'A+');
insert into takes values('33355', '794', '1', 'Fall', 2004, 'C-');
insert into takes values('80087', '568', '2', 'Spring', 2009, 'B+');
insert into takes values('19747', '121', '1', 'Fall', 2010, 'B+');
insert into takes values('52690', '703', '1', 'Spring', 2007, 'B ');
insert into takes values('26219', '540', '2', 'Fall', 2003, 'C+');
insert into takes values('16672', '199', '1', 'Fall', 2008, 'A+');
insert into takes values('27099', '682', '2', 'Fall', 2008, 'B-');
insert into takes values('43319', '268', '3', 'Spring', 2006, 'A-');
insert into takes values('55163', '785', '1', 'Fall', 2005, 'A-');
insert into takes values('424', '575', '2', 'Fall', 2009, 'B+');
insert into takes values('26219', '875', '1', 'Spring', 2010, 'A ');
insert into takes values('10647', '494', '1', 'Fall', 2010, 'B ');
insert into takes values('98451', '891', '2', 'Spring', 2004, 'C ');
insert into takes values('3556', '313', '2', 'Spring', 2008, 'A-');
insert into takes values('13621', '264', '2', 'Fall', 2009, 'A ');
insert into takes values('4141', '971', '3', 'Fall', 2007, 'B ');
insert into takes values('49278', '400', '4', 'Spring', 2001, 'A-');
insert into takes values('65015', '758', '4', 'Spring', 2003, 'C-');
insert into takes values('67545', '590', '4', 'Fall', 2001, 'B+');
insert into takes values('73771', '428', '1', 'Fall', 2001, 'C-');
insert into takes values('23383', '142', '6', 'Spring', 2004, 'A+');
insert into takes values('76430', '637', '2', 'Fall', 2001, 'B ');
insert into takes values('22100', '829', '2', 'Fall', 2009, 'A-');
insert into takes values('69637', '142', '1', 'Spring', 2002, 'C-');
insert into takes values('9278', '650', '1', 'Fall', 2004, 'A+');
insert into takes values('79962', '553', '2', 'Spring', 2008, 'B-');
insert into takes values('26106', '516', '1', 'Fall', 2002, 'A+');
insert into takes values('75164', '606', '2', 'Spring', 2002, 'C-');
insert into takes values('61367', '206', '2', 'Spring', 2008, 'A-');
insert into takes values('61480', '386', '2', 'Spring', 2004, 'B-');
insert into takes values('91830', '199', '3', 'Spring', 2002, 'B-');
insert into takes values('42859', '361', '3', 'Spring', 2003, 'A ');
insert into takes values('23426', '608', '3', 'Spring', 2009, 'B+');
insert into takes values('22100', '507', '2', 'Fall', 2009, 'A ');
insert into takes values('65015', '553', '1', 'Fall', 2010, 'A-');
insert into takes values('93739', '383', '2', 'Fall', 2003, 'B-');
insert into takes values('69449', '842', '1', 'Spring', 2002, 'A ');
insert into takes values('32400', '594', '4', 'Fall', 2008, 'A-');
insert into takes values('86757', '435', '1', 'Fall', 2004, 'A-');
insert into takes values('32400', '594', '1', 'Fall', 2005, 'C+');
insert into takes values('52573', '770', '1', 'Fall', 2005, 'A-');
insert into takes values('48757', '608', '3', 'Spring', 2009, 'B+');
insert into takes values('37710', '289', '2', 'Spring', 2002, 'A-');
insert into takes values('77639', '203', '1', 'Fall', 2005, 'C-');
insert into takes values('80087', '999', '1', 'Fall', 2005, 'B ');
insert into takes values('59010', '411', '2', 'Spring', 2001, 'B-');
insert into takes values('72060', '307', '1', 'Spring', 2005, 'C-');
insert into takes values('23426', '375', '2', 'Spring', 2005, 'A-');
insert into takes values('99311', '383', '2', 'Fall', 2003, 'A ');
insert into takes values('42965', '887', '2', 'Fall', 2002, 'C-');
insert into takes values('66468', '770', '1', 'Fall', 2005, 'B-');
insert into takes values('90495', '594', '1', 'Fall', 2005, 'C+');
insert into takes values('61367', '126', '1', 'Spring', 2008, 'B ');
insert into takes values('1017', '594', '1', 'Fall', 2005, 'C-');
insert into takes values('78406', '801', '1', 'Fall', 2005, 'A ');
insert into takes values('43961', '536', '1', 'Spring', 2005, 'A ');
insert into takes values('62436', '875', '2', 'Spring', 2007, 'C-');
insert into takes values('21011', '957', '3', 'Spring', 2007, 'B ');
insert into takes values('83540', '650', '4', 'Spring', 2005, 'B ');
insert into takes values('3556', '891', '2', 'Spring', 2004, 'B ');
insert into takes values('81289', '328', '2', 'Fall', 2008, 'C+');
insert into takes values('7140', '809', '1', 'Fall', 2004, 'C+');
insert into takes values('2873', '887', '2', 'Fall', 2002, 'C-');
insert into takes values('79962', '920', '2', 'Fall', 2005, 'C+');
insert into takes values('95166', '141', '1', 'Spring', 2010, 'A ');
insert into takes values('83540', '702', '1', 'Fall', 2010, 'B+');
insert into takes values('69449', '860', '2', 'Spring', 2001, 'C+');
insert into takes values('1017', '111', '1', 'Spring', 2007, 'C+');
insert into takes values('44472', '451', '3', 'Fall', 2004, 'B+');
insert into takes values('76430', '120', '1', 'Fall', 2010, 'A ');
insert into takes values('40523', '800', '4', 'Fall', 2002, 'B ');
insert into takes values('43961', '758', '1', 'Spring', 2009, 'A ');
insert into takes values('21344', '972', '4', 'Spring', 2006, 'C-');
insert into takes values('41054', '466', '1', 'Fall', 2008, 'C+');
insert into takes values('1017', '183', '1', 'Spring', 2007, 'A ');
insert into takes values('4881', '771', '1', 'Fall', 2010, 'A-');
insert into takes values('99511', '915', '2', 'Spring', 2009, 'B-');
insert into takes values('74504', '915', '1', 'Spring', 2007, 'A-');
insert into takes values('63665', '250', '5', 'Spring', 2008, 'B+');
insert into takes values('23426', '702', '1', 'Fall', 2010, 'C+');
insert into takes values('66752', '136', '1', 'Fall', 2002, 'B-');
insert into takes values('67545', '796', '1', 'Spring', 2005, 'A ');
insert into takes values('77639', '203', '2', 'Fall', 2002, 'C+');
insert into takes values('46438', '285', '3', 'Spring', 2002, 'B+');
insert into takes values('23383', '590', '4', 'Fall', 2001, 'A-');
insert into takes values('37834', '328', '2', 'Fall', 2008, 'A-');
insert into takes values('93959', '809', '2', 'Fall', 2001, 'C-');
insert into takes values('20078', '758', '3', 'Fall', 2010, 'C-');
insert into takes values('67062', '407', '1', 'Fall', 2005, 'C-');
insert into takes values('4349', '685', '3', 'Spring', 2007, 'C-');
insert into takes values('46125', '225', '1', 'Spring', 2007, 'A-');
insert into takes values('70030', '368', '3', 'Fall', 2004, 'B-');
insert into takes values('3556', '771', '1', 'Fall', 2010, 'B ');
insert into takes values('41311', '971', '1', 'Fall', 2007, 'A ');
insert into takes values('81289', '875', '1', 'Spring', 2010, 'B-');
insert into takes values('4881', '250', '1', 'Spring', 2001, 'B+');
insert into takes values('76358', '313', '2', 'Spring', 2008, 'C ');
insert into takes values('59010', '141', '1', 'Spring', 2010, 'A+');
insert into takes values('42859', '568', '1', 'Fall', 2009, 'C+');
insert into takes values('954', '968', '1', 'Fall', 2002, 'A ');
insert into takes values('23426', '957', '1', 'Fall', 2005, 'B+');
insert into takes values('57691', '947', '1', 'Fall', 2010, 'C ');
insert into takes values('65015', '307', '1', 'Spring', 2005, 'C+');
insert into takes values('69449', '800', '4', 'Fall', 2002, 'B+');
insert into takes values('4881', '918', '1', 'Spring', 2005, 'B+');
insert into takes values('66468', '368', '2', 'Spring', 2009, 'C+');
insert into takes values('22100', '909', '3', 'Fall', 2003, 'A-');
insert into takes values('75686', '313', '1', 'Spring', 2008, 'C ');
insert into takes values('72734', '738', '3', 'Fall', 2007, 'C ');
insert into takes values('52573', '606', '1', 'Spring', 2001, 'A-');
insert into takes values('15845', '553', '2', 'Spring', 2008, 'B ');
insert into takes values('13621', '163', '1', 'Spring', 2007, 'C+');
insert into takes values('28550', '650', '1', 'Fall', 2004, 'C-');
insert into takes values('31133', '755', '1', 'Fall', 2008, 'B ');
insert into takes values('62436', '690', '1', 'Fall', 2007, 'A ');
insert into takes values('97256', '435', '2', 'Spring', 2003, 'A-');
insert into takes values('98451', '201', '2', 'Fall', 2009, 'A ');
insert into takes values('10647', '696', '6', 'Fall', 2004, 'B+');
insert into takes values('52690', '296', '2', 'Spring', 2009, 'B ');
insert into takes values('40486', '758', '1', 'Spring', 2009, 'C ');
insert into takes values('20757', '766', '3', 'Fall', 2008, 'B ');
insert into takes values('98863', '507', '1', 'Spring', 2006, 'B+');
insert into takes values('95705', '411', '1', 'Fall', 2009, 'A ');
insert into takes values('80087', '575', '2', 'Fall', 2009, 'B ');
insert into takes values('15845', '452', '1', 'Fall', 2008, 'A+');
insert into takes values('11602', '770', '1', 'Fall', 2005, 'A-');
insert into takes values('19747', '289', '1', 'Spring', 2010, 'C-');
insert into takes values('44238', '829', '1', 'Fall', 2001, 'A ');
insert into takes values('15384', '816', '2', 'Fall', 2003, 'B+');
insert into takes values('41054', '563', '1', 'Fall', 2003, 'C ');
insert into takes values('24942', '693', '1', 'Spring', 2009, 'A+');
insert into takes values('76358', '696', '4', 'Fall', 2005, 'A ');
insert into takes values('33272', '891', '2', 'Spring', 2004, 'B-');
insert into takes values('18193', '400', '3', 'Spring', 2001, 'B ');
insert into takes values('48483', '708', '3', 'Fall', 2004, 'B ');
insert into takes values('67062', '435', '2', 'Spring', 2003, 'C-');
insert into takes values('46125', '516', '3', 'Spring', 2001, 'B+');
insert into takes values('85013', '794', '1', 'Fall', 2004, 'A-');
insert into takes values('32294', '883', '3', 'Spring', 2001, 'A-');
insert into takes values('63665', '994', '3', 'Spring', 2007, 'B+');
insert into takes values('32294', '230', '1', 'Spring', 2001, 'B-');
insert into takes values('1017', '234', '3', 'Spring', 2001, 'B+');
insert into takes values('3556', '203', '1', 'Fall', 2005, 'A ');
insert into takes values('51809', '899', '1', 'Fall', 2005, 'A ');
insert into takes values('36570', '904', '1', 'Fall', 2008, 'C+');
insert into takes values('6494', '809', '2', 'Fall', 2001, 'C+');
insert into takes values('97256', '590', '1', 'Spring', 2002, 'C-');
insert into takes values('98451', '703', '1', 'Spring', 2007, 'C-');
insert into takes values('82145', '938', '1', 'Fall', 2004, 'C+');
insert into takes values('18410', '685', '3', 'Spring', 2007, 'A-');
insert into takes values('98451', '755', '1', 'Fall', 2008, 'A-');
insert into takes values('50599', '755', '1', 'Fall', 2008, 'B-');
insert into takes values('62230', '452', '1', 'Fall', 2008, 'A+');
insert into takes values('52514', '163', '2', 'Fall', 2009, 'B+');
insert into takes values('98863', '702', '2', 'Fall', 2008, 'C+');
insert into takes values('50727', '105', '4', 'Fall', 2003, 'C ');
insert into takes values('37834', '230', '1', 'Spring', 2001, 'A+');
insert into takes values('57227', '637', '1', 'Fall', 2008, 'C-');
insert into takes values('21344', '650', '4', 'Spring', 2005, 'A ');
insert into takes values('1017', '971', '3', 'Fall', 2007, 'C ');
insert into takes values('94110', '161', '1', 'Spring', 2010, 'C ');
insert into takes values('22882', '199', '3', 'Spring', 2002, 'A ');
insert into takes values('76221', '696', '4', 'Fall', 2005, 'C ');
insert into takes values('95166', '994', '3', 'Spring', 2007, 'C+');
insert into takes values('8382', '637', '1', 'Fall', 2008, 'A ');
insert into takes values('52690', '411', '2', 'Spring', 2001, 'A ');
insert into takes values('19868', '270', '2', 'Fall', 2010, 'B ');
insert into takes values('63201', '383', '3', 'Spring', 2004, 'B-');
insert into takes values('20078', '723', '1', 'Fall', 2009, 'A ');
insert into takes values('91830', '842', '2', 'Fall', 2003, 'A+');
insert into takes values('66794', '901', '1', 'Spring', 2009, 'B ');
insert into takes values('15845', '315', '1', 'Fall', 2003, 'C ');
insert into takes values('20078', '201', '2', 'Fall', 2009, 'B+');
insert into takes values('86899', '947', '1', 'Fall', 2010, 'C+');
insert into takes values('98863', '415', '3', 'Spring', 2005, 'B+');
insert into takes values('982', '367', '1', 'Spring', 2002, 'A ');
insert into takes values('65015', '708', '2', 'Fall', 2005, 'C+');
insert into takes values('23426', '901', '1', 'Spring', 2009, 'A-');
insert into takes values('63665', '142', '3', 'Spring', 2006, 'A ');
insert into takes values('22100', '375', '1', 'Fall', 2009, 'C+');
insert into takes values('20757', '126', '3', 'Spring', 2002, 'A+');
insert into takes values('2873', '142', '5', 'Spring', 2001, 'C+');
insert into takes values('62436', '608', '1', 'Fall', 2001, 'B ');
insert into takes values('79477', '206', '2', 'Spring', 2008, 'C+');
insert into takes values('6494', '885', '1', 'Spring', 2010, 'B+');
insert into takes values('25288', '950', '3', 'Spring', 2009, 'B ');
insert into takes values('90495', '885', '4', 'Fall', 2003, 'A ');
insert into takes values('10874', '800', '2', 'Spring', 2005, 'B-');
insert into takes values('76430', '909', '1', 'Fall', 2002, 'C-');
insert into takes values('97823', '105', '2', 'Spring', 2010, 'B-');
insert into takes values('75686', '126', '3', 'Spring', 2002, 'A ');
insert into takes values('954', '947', '2', 'Fall', 2007, 'C ');
insert into takes values('76226', '920', '2', 'Fall', 2005, 'C+');
insert into takes values('12277', '702', '1', 'Fall', 2010, 'B-');
insert into takes values('6494', '947', '2', 'Fall', 2007, 'C ');
insert into takes values('89357', '511', '2', 'Spring', 2002, 'C ');
insert into takes values('80087', '361', '2', 'Spring', 2006, 'B-');
insert into takes values('67062', '994', '3', 'Spring', 2007, 'C-');
insert into takes values('36751', '933', '2', 'Fall', 2004, 'C-');
insert into takes values('20757', '800', '4', 'Fall', 2002, 'C-');
insert into takes values('66752', '829', '4', 'Spring', 2006, 'B-');
insert into takes values('74504', '959', '2', 'Fall', 2010, 'B+');
insert into takes values('40674', '875', '1', 'Spring', 2010, 'A ');
insert into takes values('55870', '270', '1', 'Fall', 2007, 'A ');
insert into takes values('79962', '361', '1', 'Fall', 2008, 'C ');
insert into takes values('80366', '415', '3', 'Spring', 2005, 'A+');
insert into takes values('46438', '693', '1', 'Spring', 2009, 'B ');
insert into takes values('48483', '637', '2', 'Fall', 2001, 'C+');
insert into takes values('424', '994', '1', 'Fall', 2007, 'C-');
insert into takes values('68338', '612', '3', 'Fall', 2002, 'A+');
insert into takes values('66468', '723', '1', 'Fall', 2009, 'A+');
insert into takes values('43508', '829', '3', 'Spring', 2001, 'C+');
insert into takes values('80366', '520', '2', 'Spring', 2002, 'B-');
insert into takes values('89357', '650', '3', 'Spring', 2003, 'A ');
insert into takes values('4881', '327', '1', 'Spring', 2010, 'A+');
insert into takes values('4349', '841', '3', 'Spring', 2004, 'C ');
insert into takes values('11602', '313', '1', 'Spring', 2008, 'C ');
insert into takes values('32294', '738', '3', 'Fall', 2007, 'A-');
insert into takes values('25288', '383', '3', 'Spring', 2004, 'C ');
insert into takes values('61547', '959', '3', 'Fall', 2006, 'C ');
insert into takes values('76358', '296', '2', 'Spring', 2009, 'B-');
insert into takes values('79419', '696', '1', 'Spring', 2001, 'C-');
insert into takes values('90416', '758', '1', 'Spring', 2009, 'C ');
insert into takes values('69646', '428', '1', 'Fall', 2001, 'A+');
insert into takes values('93174', '816', '2', 'Fall', 2003, 'C+');
insert into takes values('95252', '816', '2', 'Fall', 2003, 'A-');
insert into takes values('99511', '445', '3', 'Fall', 2009, 'B-');
insert into takes values('44472', '863', '1', 'Fall', 2007, 'A+');
insert into takes values('20757', '404', '1', 'Spring', 2003, 'C ');
insert into takes values('36751', '606', '1', 'Spring', 2001, 'A+');
insert into takes values('4349', '361', '1', 'Fall', 2008, 'A+');
insert into takes values('79419', '120', '2', 'Fall', 2003, 'A+');
insert into takes values('41311', '963', '1', 'Spring', 2007, 'C ');
insert into takes values('38725', '376', '1', 'Fall', 2003, 'B-');
insert into takes values('25288', '126', '3', 'Spring', 2002, 'C+');
insert into takes values('21344', '386', '2', 'Spring', 2004, 'B ');
insert into takes values('90332', '494', '1', 'Fall', 2010, 'A+');
insert into takes values('95166', '298', '1', 'Spring', 2001, 'A-');
insert into takes values('53429', '375', '2', 'Spring', 2005, 'C ');
insert into takes values('63201', '957', '3', 'Spring', 2007, 'A-');
insert into takes values('82043', '243', '1', 'Fall', 2002, 'C+');
insert into takes values('20078', '121', '1', 'Fall', 2010, 'C-');
insert into takes values('18341', '693', '1', 'Spring', 2009, 'C-');
insert into takes values('19747', '898', '1', 'Spring', 2003, 'A ');
insert into takes values('12277', '690', '1', 'Fall', 2007, 'B-');
insert into takes values('85299', '250', '4', 'Spring', 2004, 'A ');
insert into takes values('86757', '120', '1', 'Fall', 2010, 'C+');
insert into takes values('52514', '563', '1', 'Fall', 2003, 'C+');
insert into takes values('81452', '758', '4', 'Spring', 2003, 'A-');
insert into takes values('14692', '829', '1', 'Fall', 2001, 'A-');
insert into takes values('21011', '520', '1', 'Fall', 2006, 'B-');
insert into takes values('13386', '520', '1', 'Fall', 2006, 'C-');
insert into takes values('20757', '507', '3', 'Spring', 2006, 'B ');
insert into takes values('17464', '885', '3', 'Spring', 2005, 'C ');
insert into takes values('57227', '298', '1', 'Spring', 2001, 'C-');
insert into takes values('78132', '708', '2', 'Fall', 2005, 'B-');
insert into takes values('52511', '285', '1', 'Fall', 2004, 'B ');
insert into takes values('29544', '540', '2', 'Fall', 2003, 'A-');
insert into takes values('40486', '250', '2', 'Fall', 2006, 'C-');
insert into takes values('15743', '612', '1', 'Fall', 2009, 'C-');
insert into takes values('10780', '934', '1', 'Spring', 2004, 'C+');
insert into takes values('74254', '860', '3', 'Spring', 2008, 'A-');
insert into takes values('37671', '947', '3', 'Spring', 2010, 'C ');
insert into takes values('98863', '968', '1', 'Fall', 2002, 'C+');
insert into takes values('67062', '690', '1', 'Fall', 2007, 'C ');
insert into takes values('99311', '550', '2', 'Spring', 2006, 'C ');
insert into takes values('51703', '121', '2', 'Spring', 2003, 'A-');
insert into takes values('50599', '971', '4', 'Spring', 2008, 'C+');
insert into takes values('4349', '536', '1', 'Spring', 2005, 'A-');
insert into takes values('2569', '121', '2', 'Spring', 2003, 'A+');
insert into takes values('20486', '829', '3', 'Spring', 2001, 'A+');
insert into takes values('4881', '766', '3', 'Fall', 2008, 'B ');
insert into takes values('81174', '361', '1', 'Fall', 2008, 'C+');
insert into takes values('32294', '696', '4', 'Fall', 2005, 'A+');
insert into takes values('424', '708', '4', 'Fall', 2008, 'C-');
insert into takes values('61048', '971', '2', 'Spring', 2002, 'C+');
insert into takes values('10647', '270', '5', 'Fall', 2001, 'A ');
insert into takes values('10220', '126', '2', 'Fall', 2007, 'C+');
insert into takes values('63372', '451', '1', 'Spring', 2002, 'B ');
insert into takes values('12277', '479', '1', 'Fall', 2006, 'B-');
insert into takes values('36751', '957', '1', 'Fall', 2005, 'A ');
insert into takes values('3662', '708', '2', 'Fall', 2005, 'A ');
insert into takes values('63665', '307', '1', 'Spring', 2005, 'B+');
insert into takes values('54926', '250', '4', 'Spring', 2004, 'A ');
insert into takes values('19747', '950', '3', 'Spring', 2009, 'B ');
insert into takes values('41054', '120', '1', 'Fall', 2010, 'B-');
insert into takes values('3632', '375', '1', 'Fall', 2009, 'B+');
insert into takes values('47268', '816', '2', 'Fall', 2003, 'C+');
insert into takes values('10780', '950', '1', 'Fall', 2001, 'A+');
insert into takes values('26106', '963', '1', 'Spring', 2007, 'A-');
insert into takes values('70030', '863', '1', 'Fall', 2007, 'A-');
insert into takes values('22882', '685', '1', 'Spring', 2004, 'B ');
insert into takes values('82316', '994', '3', 'Spring', 2007, 'B-');
insert into takes values('47268', '837', '1', 'Fall', 2002, 'C ');
insert into takes values('10220', '834', '1', 'Spring', 2005, 'B ');
insert into takes values('57227', '199', '4', 'Spring', 2003, 'B-');
insert into takes values('37710', '120', '3', 'Fall', 2010, 'A+');
insert into takes values('46438', '957', '1', 'Fall', 2005, 'C-');
insert into takes values('61367', '105', '2', 'Spring', 2010, 'A-');
insert into takes values('82145', '375', '2', 'Spring', 2005, 'C+');
insert into takes values('31215', '564', '2', 'Fall', 2010, 'C+');
insert into takes values('31821', '972', '1', 'Fall', 2006, 'C-');
insert into takes values('54926', '685', '2', 'Spring', 2010, 'A ');
insert into takes values('59010', '709', '1', 'Fall', 2004, 'A-');
insert into takes values('33272', '250', '6', 'Spring', 2010, 'C+');
insert into takes values('28550', '737', '1', 'Spring', 2001, 'B ');
insert into takes values('46438', '829', '7', 'Spring', 2009, 'C-');
insert into takes values('41311', '883', '2', 'Spring', 2005, 'A+');
insert into takes values('89177', '270', '3', 'Fall', 2008, 'C-');
insert into takes values('11602', '801', '1', 'Fall', 2005, 'A+');
insert into takes values('65015', '336', '1', 'Spring', 2001, 'B+');
insert into takes values('95705', '511', '2', 'Spring', 2002, 'B+');
insert into takes values('21344', '238', '2', 'Spring', 2005, 'C-');
insert into takes values('63201', '829', '7', 'Spring', 2009, 'A ');
insert into takes values('66468', '606', '3', 'Spring', 2008, 'A-');
insert into takes values('81452', '800', '4', 'Fall', 2002, 'B+');
insert into takes values('90495', '898', '1', 'Spring', 2003, 'B ');
insert into takes values('19868', '445', '2', 'Spring', 2005, 'A-');
insert into takes values('65015', '709', '2', 'Fall', 2005, 'C ');
insert into takes values('24770', '285', '1', 'Fall', 2004, 'A-');
insert into takes values('82145', '685', '3', 'Spring', 2007, 'C ');
insert into takes values('63201', '968', '1', 'Fall', 2002, 'B+');
insert into takes values('80557', '568', '2', 'Spring', 2009, 'A ');
insert into takes values('3556', '606', '1', 'Spring', 2001, 'B-');
insert into takes values('51197', '575', '2', 'Fall', 2009, 'C-');
insert into takes values('52511', '950', '3', 'Spring', 2009, 'B+');
insert into takes values('14692', '971', '2', 'Spring', 2002, 'A-');
insert into takes values('22882', '885', '1', 'Spring', 2010, 'C-');
insert into takes values('94110', '199', '1', 'Fall', 2008, 'B ');
insert into takes values('26106', '192', '2', 'Fall', 2005, 'B+');
insert into takes values('47268', '142', '1', 'Spring', 2002, 'C+');
insert into takes values('24942', '212', '1', 'Fall', 2005, 'B ');
insert into takes values('52514', '696', '5', 'Fall', 2005, 'B ');
insert into takes values('24770', '841', '1', 'Fall', 2008, 'A+');
insert into takes values('86776', '918', '2', 'Fall', 2006, 'C+');
insert into takes values('15384', '875', '1', 'Spring', 2010, 'B-');
insert into takes values('91830', '755', '3', 'Fall', 2002, 'A+');
insert into takes values('63201', '994', '2', 'Spring', 2010, 'A-');
insert into takes values('97823', '950', '1', 'Fall', 2001, 'A ');
insert into takes values('86757', '238', '1', 'Fall', 2007, 'A+');
insert into takes values('9691', '650', '2', 'Fall', 2010, 'A+');
insert into takes values('31215', '226', '2', 'Fall', 2002, 'C ');
insert into takes values('90332', '801', '2', 'Spring', 2003, 'B+');
insert into takes values('10220', '296', '3', 'Spring', 2006, 'C+');
insert into takes values('49215', '841', '2', 'Fall', 2009, 'A-');
insert into takes values('49278', '594', '2', 'Fall', 2008, 'B+');
insert into takes values('14692', '250', '5', 'Spring', 2008, 'C-');
insert into takes values('53885', '718', '1', 'Spring', 2008, 'B ');
insert into takes values('67545', '972', '1', 'Fall', 2006, 'C-');
insert into takes values('10780', '575', '1', 'Fall', 2001, 'C ');
insert into takes values('21011', '708', '4', 'Fall', 2008, 'A ');
insert into takes values('93959', '540', '3', 'Spring', 2010, 'C-');
insert into takes values('98451', '920', '1', 'Spring', 2003, 'C ');
insert into takes values('22100', '161', '1', 'Spring', 2010, 'B+');
insert into takes values('98451', '511', '1', 'Fall', 2009, 'C ');
insert into takes values('66794', '947', '2', 'Fall', 2007, 'A-');
insert into takes values('20486', '225', '1', 'Spring', 2007, 'C+');
insert into takes values('8382', '594', '4', 'Fall', 2008, 'C-');
insert into takes values('63665', '466', '1', 'Fall', 2008, 'B-');
insert into takes values('51809', '970', '1', 'Fall', 2001, 'A ');
insert into takes values('12277', '842', '4', 'Spring', 2005, 'B ');
insert into takes values('15743', '612', '3', 'Fall', 2002, 'B-');
insert into takes values('67545', '250', '2', 'Fall', 2006, 'C ');
insert into takes values('89357', '612', '2', 'Fall', 2001, 'A-');
insert into takes values('63372', '142', '6', 'Spring', 2004, 'B ');
insert into takes values('1017', '226', '1', 'Spring', 2010, 'C-');
insert into takes values('4141', '968', '1', 'Fall', 2002, 'C ');
insert into takes values('48483', '201', '2', 'Fall', 2009, 'C ');
insert into takes values('424', '800', '3', 'Spring', 2007, 'A ');
insert into takes values('19747', '507', '3', 'Spring', 2006, 'A+');
insert into takes values('51703', '933', '1', 'Spring', 2001, 'A-');
insert into takes values('67545', '718', '1', 'Spring', 2008, 'A-');
insert into takes values('57809', '250', '6', 'Spring', 2010, 'B-');
insert into takes values('51809', '766', '3', 'Fall', 2008, 'B-');
insert into takes values('82043', '400', '3', 'Spring', 2001, 'C+');
insert into takes values('46125', '887', '2', 'Fall', 2002, 'C-');
insert into takes values('16985', '268', '4', 'Fall', 2006, 'B ');
insert into takes values('79962', '165', '1', 'Spring', 2006, 'A ');
insert into takes values('21344', '915', '2', 'Spring', 2009, 'B-');
insert into advisor values('43319', '91401');
insert into advisor values('10874', '24915');
insert into advisor values('75179', '65599');
insert into advisor values('21011', '44152');
insert into advisor values('2569', '24980');
insert into advisor values('22882', '36607');
insert into advisor values('83540', '88717');
insert into advisor values('32294', '99891');
insert into advisor values('81174', '39081');
insert into advisor values('20486', '58605');
insert into advisor values('47268', '86284');
insert into advisor values('95252', '22794');
insert into advisor values('19868', '16035');
insert into advisor values('61547', '65599');
insert into advisor values('37671', '24915');
insert into advisor values('86899', '86284');
insert into advisor values('1017', '41718');
insert into advisor values('2873', '91520');
insert into advisor values('3662', '24915');
insert into advisor values('95705', '4998');
insert into advisor values('4141', '88717');
insert into advisor values('93174', '39081');
insert into advisor values('28550', '406');
insert into advisor values('49278', '44526');
insert into advisor values('53429', '42541');
insert into advisor values('25288', '76243');
insert into advisor values('9278', '44152');
insert into advisor values('23383', '4998');
insert into advisor values('90416', '29026');
insert into advisor values('62230', '60539');
insert into advisor values('86757', '44526');
insert into advisor values('9691', '23712');
insert into advisor values('94110', '39823');
insert into advisor values('46438', '33926');
insert into advisor values('61480', '88717');
insert into advisor values('21344', '44152');
insert into advisor values('82043', '44152');
insert into advisor values('41054', '88717');
insert into advisor values('99511', '33926');
insert into advisor values('8382', '16393');
insert into advisor values('50727', '4998');
insert into advisor values('9159', '16393');
insert into advisor values('41311', '42541');
insert into advisor values('18410', '39081');
insert into advisor values('28896', '33926');
insert into advisor values('7140', '60539');
insert into advisor values('18193', '79296');
insert into advisor values('14491', '44152');
insert into advisor values('69637', '42541');
insert into advisor values('97823', '50456');
insert into advisor values('89177', '44152');
insert into advisor values('424', '39823');
insert into advisor values('85299', '24915');
insert into advisor values('10780', '8494');
insert into advisor values('75686', '84021');
insert into advisor values('50599', '85767');
insert into advisor values('33355', '88717');
insert into advisor values('40674', '44152');
insert into advisor values('93959', '88717');
insert into advisor values('20078', '84021');
insert into advisor values('13386', '33224');
insert into advisor values('38424', '93413');
insert into advisor values('93739', '89497');
insert into advisor values('12277', '60539');
insert into advisor values('74254', '5038');
insert into advisor values('62436', '33224');
insert into advisor values('90240', '406');
insert into advisor values('32400', '39823');
insert into advisor values('51703', '60539');
insert into advisor values('31821', '16035');
insert into advisor values('78132', '85767');
insert into advisor values('33272', '16035');
insert into advisor values('59010', '88717');
insert into advisor values('79962', '8309');
insert into advisor values('67062', '33926');
insert into advisor values('19747', '16035');
insert into advisor values('76430', '91401');
insert into advisor values('37456', '50456');
insert into advisor values('22100', '406');
insert into advisor values('78406', '91401');
insert into advisor values('36570', '99153');
insert into advisor values('982', '33935');
insert into advisor values('55870', '27995');
insert into advisor values('26106', '99153');
insert into advisor values('62437', '8494');
insert into advisor values('30004', '33926');
insert into advisor values('66752', '33224');
insert into advisor values('98451', '79296');
insert into advisor values('40523', '86284');
insert into advisor values('80366', '39823');
insert into advisor values('26219', '88717');
insert into advisor values('97256', '79296');
insert into advisor values('69646', '93413');
insert into advisor values('80557', '8309');
insert into advisor values('82316', '99153');
insert into advisor values('63665', '88201');
insert into advisor values('69449', '44526');
insert into advisor values('79477', '37147');
insert into advisor values('11602', '23712');
insert into advisor values('48483', '37147');
insert into advisor values('31133', '16393');
insert into advisor values('98863', '65599');
insert into advisor values('42859', '23712');
insert into advisor values('42965', '81966');
insert into advisor values('74504', '33935');
insert into advisor values('15743', '39823');
insert into advisor values('77639', '88717');
insert into advisor values('83422', '65060');
insert into advisor values('97351', '88695');
insert into advisor values('54926', '44526');
insert into advisor values('19954', '33224');
insert into advisor values('43508', '36607');
insert into advisor values('57691', '99153');
insert into advisor values('51809', '85005');
insert into advisor values('51197', '42541');
insert into advisor values('46125', '86284');
insert into advisor values('16672', '93413');
insert into advisor values('72734', '99153');
insert into advisor values('20757', '8494');
insert into advisor values('63201', '39823');
insert into advisor values('91830', '99891');
insert into advisor values('89357', '65599');
insert into advisor values('28361', '88695');
insert into advisor values('38725', '91520');
insert into advisor values('72060', '406');
insert into advisor values('39828', '39823');
insert into advisor values('45031', '50456');
insert into advisor values('3632', '60664');
insert into advisor values('36751', '41718');
insert into advisor values('16985', '22794');
insert into advisor values('90495', '41718');
insert into advisor values('86776', '91520');
insert into advisor values('37710', '50456');
insert into advisor values('52514', '406');
insert into advisor values('53885', '91520');
insert into advisor values('48757', '76243');
insert into advisor values('44472', '39081');
insert into advisor values('17464', '81966');
insert into advisor values('68338', '76243');
insert into advisor values('90332', '33935');
insert into advisor values('57227', '88717');
insert into advisor values('95166', '27995');
insert into advisor values('20971', '33935');
insert into advisor values('14692', '42541');
insert into advisor values('40486', '88717');
insert into advisor values('76221', '29026');
insert into advisor values('61367', '60664');
insert into advisor values('20804', '91401');
insert into advisor values('76358', '86284');
insert into advisor values('55163', '27995');
insert into advisor values('66468', '86150');
insert into advisor values('52690', '91401');
insert into advisor values('81452', '85767');
insert into advisor values('49215', '85005');
insert into advisor values('23426', '84021');
insert into advisor values('3556', '4998');
insert into advisor values('13621', '99891');
insert into advisor values('70030', '5038');
insert into advisor values('4349', '4998');
insert into advisor values('57809', '99153');
insert into advisor values('52511', '99891');
insert into advisor values('99311', '23712');
insert into advisor values('5510', '84021');
insert into advisor values('97232', '45987');
insert into advisor values('18185', '27995');
insert into advisor values('81289', '33926');
insert into advisor values('37834', '33224');
insert into advisor values('10647', '4998');
insert into advisor values('26547', '81966');
insert into advisor values('24770', '39081');
insert into advisor values('61048', '99891');
insert into advisor values('75164', '41718');
insert into advisor values('67545', '85005');
insert into advisor values('82145', '85767');
insert into advisor values('6494', '41718');
insert into advisor values('75703', '23712');
insert into advisor values('79419', '99153');
insert into advisor values('74477', '29026');
insert into advisor values('10220', '99153');
insert into advisor values('52573', '16035');
insert into advisor values('65015', '87288');
insert into advisor values('73771', '85005');
insert into advisor values('24942', '8309');
insert into advisor values('18341', '4998');
insert into advisor values('63372', '96743');
insert into advisor values('86082', '24915');
insert into advisor values('85013', '88201');
insert into advisor values('15845', '8494');
insert into advisor values('15384', '33224');
insert into advisor values('954', '50456');
insert into advisor values('44238', '79296');
insert into advisor values('58261', '87288');
insert into advisor values('43961', '29026');
insert into advisor values('80087', '91401');
insert into advisor values('29544', '406');
insert into advisor values('66794', '79296');
insert into advisor values('31215', '96743');
insert into advisor values('76226', '27995');
insert into advisor values('4881', '45987');
insert into advisor values('27099', '96743');
insert into prereq values('410', '816');
insert into prereq values('939', '946');
insert into prereq values('250', '801');
insert into prereq values('410', '899');
insert into prereq values('939', '690');
insert into prereq values('326', '170');
insert into prereq values('201', '411');
insert into prereq values('806', '723');
insert into prereq values('998', '126');
insert into prereq values('770', '542');
insert into prereq values('885', '612');
insert into prereq values('270', '773');
insert into prereq values('784', '383');
insert into prereq values('289', '758');
insert into prereq values('533', '161');
insert into prereq values('705', '985');
insert into prereq values('737', '328');
insert into prereq values('787', '682');
insert into prereq values('599', '404');
insert into prereq values('199', '451');
insert into prereq values('681', '972');
insert into prereq values('274', '378');
insert into prereq values('594', '428');
insert into prereq values('298', '383');
insert into prereq values('516', '738');
insert into prereq values('289', '705');
insert into prereq values('411', '684');
insert into prereq values('313', '885');
insert into prereq values('368', '893');
insert into prereq values('503', '270');
insert into prereq values('319', '681');
insert into prereq values('183', '410');
insert into prereq values('963', '410');
insert into prereq values('612', '192');
insert into prereq values('684', '998');
insert into prereq values('606', '243');
insert into prereq values('934', '957');
insert into prereq values('494', '816');
insert into prereq values('893', '841');
insert into prereq values('520', '507');
insert into prereq values('685', '161');
insert into prereq values('787', '536');
insert into prereq values('451', '563');
insert into prereq values('965', '965');
insert into prereq values('816', '389');
insert into prereq values('307', '715');
insert into prereq values('136', '966');
insert into prereq values('612', '801');
insert into prereq values('238', '829');
insert into prereq values('994', '386');
insert into prereq values('718', '841');
insert into prereq values('834', '726');
insert into prereq values('161', '570');
insert into prereq values('994', '384');
insert into prereq values('563', '800');
insert into prereq values('192', '618');
insert into prereq values('313', '727');
insert into prereq values('612', '383');
insert into prereq values('737', '520');
insert into prereq values('234', '336');
insert into prereq values('411', '378');
insert into prereq values('589', '307');
insert into prereq values('684', '120');
insert into prereq values('901', '677');
insert into prereq values('887', '875');
insert into prereq values('368', '957');
insert into prereq values('770', '192');
insert into prereq values('183', '920');
insert into prereq values('564', '425');
insert into prereq values('725', '927');
insert into prereq values('400', '542');
insert into prereq values('384', '800');
insert into prereq values('234', '834');
insert into prereq values('907', '901');
insert into prereq values('934', '274');
insert into prereq values('415', '685');
insert into prereq values('274', '289');
insert into prereq values('161', '376');
insert into prereq values('250', '165');
insert into prereq values('540', '410');
insert into prereq values('963', '618');
insert into prereq values('519', '794');
insert into prereq values('806', '994');
insert into prereq values('875', '570');
insert into prereq values('378', '650');
insert into prereq values('599', '564');
insert into prereq values('806', '934');
insert into prereq values('685', '230');
insert into prereq values('618', '376');
insert into prereq values('105', '550');
insert into prereq values('801', '264');
insert into prereq values('471', '199');
insert into prereq values('892', '451');
insert into prereq values('994', '563');
insert into prereq values('681', '907');
insert into prereq values('479', '367');
insert into prereq values('766', '738');
insert into prereq values('915', '319');
insert into prereq values('885', '888');
insert into prereq values('796', '232');
