insert into classroom values('J', 792, 54);
insert into classroom values('B', 676, 88);
insert into classroom values('J', 728, 44);
insert into classroom values('G', 213, 11);
insert into classroom values('F', 606, 14);
insert into classroom values('D', 167, 10);
insert into classroom values('B', 739, 55);
insert into classroom values('I', 112, 19);
insert into classroom values('J', 897, 16);
insert into classroom values('C', 752, 23);
insert into department values('GO', 'A', 95842.50);
insert into department values('DK', 'F', 762553.17);
insert into department values('IF', 'E', 511674.31);
insert into department values('KL', 'D', 789222.52);
insert into department values('WW', 'A', 398689.71);
insert into department values('GF', 'C', 688775.74);
insert into department values('RR', 'G', 396059.47);
insert into department values('BN', 'A', 991488.84);
insert into department values('FR', 'E', 527869.89);
insert into department values('MT', 'H', 759488.54);
insert into course values('874', 'IF3211', 'KL', 3);
insert into course values('472', 'IF3333', 'GF', 3);
insert into course values('705', 'IF4041', 'MT', 4);
insert into course values('143', 'IF3333', 'WW', 3);
insert into course values('583', 'IF3022', 'IF', 3);
insert into course values('295', 'IF5555', 'RR', 3);
insert into course values('796', 'IF3120', 'GO', 3);
insert into course values('693', 'IF0230', 'RR', 3);
insert into course values('793', 'IF4321', 'GF', 3);
insert into course values('223', 'IF0230', 'FR', 3);
insert into course values('942', 'IF3211', 'FR', 4);
insert into course values('765', 'IF3022', 'IF', 4);
insert into course values('231', 'IF3022', 'MT', 3);
insert into course values('392', 'IF5555', 'KL', 3);
insert into course values('667', 'IF3022', 'GF', 3);
insert into course values('881', 'IF4041', 'GO', 3);
insert into course values('679', 'IF3030', 'GO', 4);
insert into course values('570', 'IF3022', 'GF', 3);
insert into course values('947', 'IF4041', 'MT', 4);
insert into course values('694', 'IF4041', 'DK', 3);
insert into course values('436', 'IF3211', 'RR', 4);
insert into course values('857', 'IF0230', 'GF', 3);
insert into course values('816', 'IF5555', 'GO', 3);
insert into course values('371', 'IF3022', 'MT', 3);
insert into course values('349', 'IF5555', 'IF', 3);
insert into course values('320', 'IF3211', 'RR', 4);
insert into course values('359', 'IF3030', 'GF', 3);
insert into course values('575', 'IF5555', 'MT', 4);
insert into course values('619', 'IF3031', 'BN', 4);
insert into course values('888', 'IF3031', 'IF', 3);
insert into course values('487', 'IF3022', 'IF', 3);
insert into course values('640', 'IF5555', 'KL', 4);
insert into course values('628', 'IF3031', 'IF', 4);
insert into course values('967', 'IF4041', 'DK', 4);
insert into course values('345', 'IF3030', 'WW', 3);
insert into course values('124', 'IF3022', 'KL', 4);
insert into course values('118', 'IF3333', 'GO', 3);
insert into course values('606', 'IF3022', 'MT', 3);
insert into course values('559', 'IF4041', 'DK', 3);
insert into course values('629', 'IF3333', 'FR', 4);
insert into course values('553', 'IF5555', 'RR', 3);
insert into course values('298', 'IF3022', 'RR', 4);
insert into course values('318', 'IF4041', 'BN', 4);
insert into course values('210', 'IF0230', 'GF', 3);
insert into course values('939', 'IF0230', 'DK', 3);
insert into course values('876', 'IF5555', 'BN', 3);
insert into course values('134', 'IF4321', 'GO', 4);
insert into course values('250', 'IF3031', 'RR', 3);
insert into course values('417', 'IF0230', 'GF', 4);
insert into course values('233', 'IF3333', 'IF', 4);
insert into course values('114', 'IF4321', 'DK', 3);
insert into course values('691', 'IF3030', 'IF', 3);
insert into course values('648', 'IF3211', 'GO', 4);
insert into course values('581', 'IF3211', 'GF', 4);
insert into course values('332', 'IF5555', 'WW', 3);
insert into course values('883', 'IF4321', 'WW', 3);
insert into course values('471', 'IF3030', 'KL', 4);
insert into course values('836', 'IF4321', 'WW', 4);
insert into course values('446', 'IF3211', 'DK', 4);
insert into course values('167', 'IF3211', 'WW', 4);
insert into course values('550', 'IF0230', 'FR', 3);
insert into course values('856', 'IF5555', 'WW', 3);
insert into course values('230', 'IF5555', 'WW', 3);
insert into course values('604', 'IF3120', 'GF', 3);
insert into course values('774', 'IF3211', 'RR', 3);
insert into course values('610', 'IF5555', 'GF', 4);
insert into course values('676', 'IF3022', 'RR', 3);
insert into course values('822', 'IF3022', 'FR', 3);
insert into course values('882', 'IF0230', 'DK', 3);
insert into course values('546', 'IF3120', 'MT', 3);
insert into course values('695', 'IF3022', 'WW', 3);
insert into course values('242', 'IF3333', 'IF', 3);
insert into course values('284', 'IF5555', 'DK', 3);
insert into course values('875', 'IF4041', 'MT', 3);
insert into course values('379', 'IF5555', 'WW', 3);
insert into course values('108', 'IF3022', 'GO', 4);
insert into course values('578', 'IF5555', 'WW', 4);
insert into course values('228', 'IF3030', 'KL', 4);
insert into course values('340', 'IF3333', 'KL', 4);
insert into course values('794', 'IF3022', 'BN', 3);
insert into course values('974', 'IF3031', 'MT', 3);
insert into course values('839', 'IF3030', 'WW', 4);
insert into course values('915', 'IF3120', 'FR', 4);
insert into course values('687', 'IF4041', 'WW', 3);
insert into course values('380', 'IF3120', 'RR', 3);
insert into course values('991', 'IF4041', 'KL', 3);
insert into course values('866', 'IF0230', 'FR', 3);
insert into course values('106', 'IF4321', 'WW', 4);
insert into course values('142', 'IF5555', 'IF', 3);
insert into course values('152', 'IF5555', 'KL', 4);
insert into course values('759', 'IF3022', 'GF', 3);
insert into course values('692', 'IF3211', 'RR', 4);
insert into course values('294', 'IF4321', 'GO', 4);
insert into course values('173', 'IF3030', 'GO', 4);
insert into course values('111', 'IF3022', 'RR', 4);
insert into course values('887', 'IF5555', 'GF', 4);
insert into course values('751', 'IF3030', 'IF', 3);
insert into course values('914', 'IF3031', 'GF', 4);
insert into course values('989', 'IF3030', 'GF', 3);
insert into course values('315', 'IF3030', 'DK', 4);
insert into course values('877', 'IF4041', 'BN', 3);
insert into course values('254', 'IF3211', 'RR', 3);
insert into course values('225', 'IF3030', 'GF', 3);
insert into course values('219', 'IF3333', 'MT', 3);
insert into course values('897', 'IF3333', 'GF', 4);
insert into course values('781', 'IF3211', 'BN', 3);
insert into course values('747', 'IF3031', 'MT', 4);
insert into course values('468', 'IF3333', 'RR', 4);
insert into course values('105', 'IF4041', 'KL', 4);
insert into course values('512', 'IF5555', 'GO', 3);
insert into course values('594', 'IF4321', 'BN', 3);
insert into course values('782', 'IF3211', 'FR', 3);
insert into course values('951', 'IF3333', 'GO', 3);
insert into course values('849', 'IF3031', 'MT', 3);
insert into course values('373', 'IF5555', 'GF', 3);
insert into course values('185', 'IF3022', 'IF', 3);
insert into course values('262', 'IF0230', 'MT', 3);
insert into course values('879', 'IF3030', 'GO', 4);
insert into course values('497', 'IF3030', 'WW', 4);
insert into course values('763', 'IF3333', 'KL', 3);
insert into course values('213', 'IF3030', 'WW', 4);
insert into course values('724', 'IF4041', 'BN', 4);
insert into course values('402', 'IF3030', 'MT', 4);
insert into course values('886', 'IF3120', 'RR', 3);
insert into course values('892', 'IF3211', 'IF', 4);
insert into course values('653', 'IF3022', 'KL', 4);
insert into course values('339', 'IF3120', 'MT', 3);
insert into course values('832', 'IF0230', 'WW', 3);
insert into course values('350', 'IF3211', 'GF', 4);
insert into course values('784', 'IF4321', 'GO', 4);
insert into course values('911', 'IF0230', 'GF', 3);
insert into course values('449', 'IF0230', 'KL', 3);
insert into course values('113', 'IF3211', 'GF', 4);
insert into course values('870', 'IF4321', 'DK', 4);
insert into course values('956', 'IF3211', 'WW', 4);
insert into course values('450', 'IF5555', 'GO', 3);
insert into course values('644', 'IF4041', 'WW', 4);
insert into course values('104', 'IF3333', 'FR', 3);
insert into course values('777', 'IF3120', 'BN', 3);
insert into course values('647', 'IF3333', 'GF', 4);
insert into course values('245', 'IF3031', 'IF', 4);
insert into course values('375', 'IF3211', 'MT', 4);
insert into course values('685', 'IF4041', 'RR', 3);
insert into course values('187', 'IF3333', 'MT', 3);
insert into course values('776', 'IF3333', 'RR', 3);
insert into course values('521', 'IF3030', 'GF', 4);
insert into course values('922', 'IF3030', 'DK', 4);
insert into course values('461', 'IF3120', 'WW', 4);
insert into course values('486', 'IF4041', 'DK', 4);
insert into course values('215', 'IF5555', 'GF', 3);
insert into course values('981', 'IF3031', 'BN', 4);
insert into course values('443', 'IF3022', 'FR', 4);
insert into course values('838', 'IF5555', 'IF', 4);
insert into course values('414', 'IF3333', 'KL', 3);
insert into course values('267', 'IF3030', 'KL', 4);
insert into course values('140', 'IF4321', 'FR', 4);
insert into course values('535', 'IF4041', 'WW', 3);
insert into course values('429', 'IF3120', 'IF', 4);
insert into course values('690', 'IF0230', 'GF', 4);
insert into course values('311', 'IF4321', 'IF', 3);
insert into course values('444', 'IF3022', 'MT', 4);
insert into course values('940', 'IF3030', 'MT', 4);
insert into course values('702', 'IF4041', 'KL', 3);
insert into course values('598', 'IF3211', 'FR', 3);
insert into course values('126', 'IF3120', 'RR', 4);
insert into course values('786', 'IF3030', 'FR', 4);
insert into course values('592', 'IF3333', 'GO', 3);
insert into course values('249', 'IF5555', 'RR', 4);
insert into course values('283', 'IF3022', 'WW', 3);
insert into course values('812', 'IF5555', 'RR', 3);
insert into course values('413', 'IF3333', 'WW', 3);
insert into course values('878', 'IF4321', 'DK', 3);
insert into course values('155', 'IF3022', 'RR', 3);
insert into course values('829', 'IF4041', 'DK', 4);
insert into course values('672', 'IF0230', 'KL', 3);
insert into course values('220', 'IF4041', 'MT', 4);
insert into course values('316', 'IF3022', 'KL', 4);
insert into course values('351', 'IF3333', 'RR', 3);
insert into course values('465', 'IF3031', 'KL', 3);
insert into course values('573', 'IF3022', 'GO', 3);
insert into course values('271', 'IF0230', 'FR', 3);
insert into course values('686', 'IF0230', 'IF', 3);
insert into course values('770', 'IF4041', 'GF', 3);
insert into course values('711', 'IF5555', 'WW', 4);
insert into course values('346', 'IF0230', 'RR', 4);
insert into course values('959', 'IF3030', 'DK', 4);
insert into course values('188', 'IF3031', 'WW', 3);
insert into course values('372', 'IF3333', 'RR', 4);
insert into course values('999', 'IF3211', 'FR', 3);
insert into course values('638', 'IF3333', 'DK', 3);
insert into course values('378', 'IF3022', 'KL', 3);
insert into course values('463', 'IF4041', 'RR', 3);
insert into course values('790', 'IF3022', 'KL', 3);
insert into course values('753', 'IF4321', 'KL', 4);
insert into course values('352', 'IF3211', 'FR', 3);
insert into course values('490', 'IF3120', 'KL', 3);
insert into course values('438', 'IF0230', 'BN', 4);
insert into course values('216', 'IF0230', 'MT', 3);
insert into course values('952', 'IF3030', 'WW', 4);
insert into course values('411', 'IF3120', 'WW', 4);
insert into instructor values('56870', 'Ahmad', 'GO', 55924.85);
insert into instructor values('536', 'yuyun', 'IF', 96193.69);
insert into instructor values('20088', 'Ande', 'RR', 42164.30);
insert into instructor values('97815', 'Johan', 'WW', 98966.83);
insert into instructor values('90845', 'Yohan', 'MT', 39717.93);
insert into instructor values('83371', 'Ande', 'BN', 83642.05);
insert into instructor values('97689', 'Ande', 'FR', 109712.06);
insert into instructor values('96574', 'Kiki', 'KL', 48174.80);
insert into instructor values('5613', 'Ahmad', 'RR', 49348.35);
insert into instructor values('77052', 'rahmat', 'MT', 47945.60);
insert into instructor values('51297', 'yuyun', 'GO', 128631.79);
insert into instructor values('51093', 'Ande', 'BN', 44112.74);
insert into instructor values('634', 'Ahmad', 'MT', 38138.88);
insert into instructor values('37305', 'Budi', 'GF', 112573.47);
insert into instructor values('99587', 'Johan', 'IF', 38100.16);
insert into instructor values('58874', 'Yohan', 'FR', 113036.05);
insert into instructor values('79112', 'yuyun', 'WW', 102684.16);
insert into instructor values('37645', 'Johan', 'RR', 54131.17);
insert into instructor values('13046', 'Yohan', 'GF', 47608.71);
insert into instructor values('21448', 'Ahmad', 'BN', 67541.75);
insert into instructor values('48221', 'Josu', 'WW', 114068.27);
insert into instructor values('78149', 'rahmat', 'FR', 121806.09);
insert into instructor values('34413', 'yuyun', 'IF', 57454.54);
insert into instructor values('85373', 'rahmat', 'MT', 64750.03);
insert into instructor values('32763', 'Adri', 'WW', 55460.71);
insert into instructor values('97806', 'Adri', 'MT', 82429.53);
insert into instructor values('98237', 'Josu', 'RR', 106898.32);
insert into instructor values('1301', 'Johan', 'WW', 102016.15);
insert into instructor values('58633', 'Kiki', 'KL', 39918.43);
insert into instructor values('44724', 'Kiki', 'WW', 46233.15);
insert into instructor values('32538', 'yuyun', 'DK', 86317.63);
insert into instructor values('65708', 'yuyun', 'DK', 67751.18);
insert into instructor values('62891', 'Ahmad', 'FR', 107222.44);
insert into instructor values('29380', 'rahmat', 'FR', 53378.30);
insert into instructor values('74489', 'Ande', 'RR', 74683.79);
insert into instructor values('49312', 'Yohan', 'BN', 89929.33);
insert into instructor values('28644', 'Kiki', 'DK', 123576.96);
insert into instructor values('9833', 'Budi', 'KL', 126336.10);
insert into instructor values('26830', 'Adri', 'BN', 88690.25);
insert into instructor values('65739', 'Johan', 'MT', 49860.24);
insert into instructor values('3130', 'Budi', 'GO', 32999.14);
insert into instructor values('55794', 'Johan', 'DK', 118196.43);
insert into instructor values('94157', 'Budi', 'IF', 54860.83);
insert into instructor values('13740', 'rahmat', 'GO', 53804.38);
insert into instructor values('32081', 'Yohan', 'WW', 34227.68);
insert into instructor values('33225', 'Adri', 'MT', 111984.11);
insert into instructor values('63853', 'rahmat', 'GO', 40965.72);
insert into instructor values('49949', 'Josu', 'MT', 80009.40);
insert into instructor values('3053', 'Ahmad', 'IF', 81978.40);
insert into instructor values('81852', 'yuyun', 'WW', 51060.21);
insert into section values('443', '1', 'Spring', 2007, 'J', '897', 'E');
insert into section values('581', '1', 'Spring', 2004, 'C', '752', 'J');
insert into section values('690', '1', 'Fall', 2003, 'C', '752', 'P');
insert into section values('332', '1', 'Fall', 2007, 'F', '606', 'G');
insert into section values('629', '1', 'Spring', 2006, 'G', '213', 'L');
insert into section values('449', '1', 'Fall', 2007, 'G', '213', 'L');
insert into section values('535', '1', 'Fall', 2004, 'I', '112', 'N');
insert into section values('619', '1', 'Spring', 2008, 'J', '897', 'N');
insert into section values('793', '1', 'Fall', 2002, 'B', '676', 'D');
insert into section values('124', '1', 'Fall', 2008, 'J', '897', 'F');
insert into section values('349', '1', 'Spring', 2007, 'J', '792', 'P');
insert into section values('886', '1', 'Fall', 2001, 'B', '676', 'K');
insert into section values('751', '1', 'Spring', 2009, 'D', '167', 'H');
insert into section values('550', '1', 'Fall', 2006, 'J', '792', 'P');
insert into section values('535', '2', 'Spring', 2003, 'J', '728', 'I');
insert into section values('836', '1', 'Spring', 2008, 'J', '897', 'P');
insert into section values('886', '2', 'Fall', 2006, 'J', '897', 'F');
insert into section values('173', '1', 'Spring', 2002, 'J', '897', 'G');
insert into section values('228', '1', 'Fall', 2007, 'J', '728', 'G');
insert into section values('113', '1', 'Fall', 2003, 'D', '167', 'I');
insert into section values('691', '1', 'Fall', 2003, 'D', '167', 'L');
insert into section values('124', '2', 'Fall', 2009, 'J', '897', 'P');
insert into section values('774', '1', 'Fall', 2010, 'J', '728', 'H');
insert into section values('578', '1', 'Spring', 2009, 'J', '792', 'N');
insert into section values('942', '1', 'Fall', 2009, 'J', '728', 'A');
insert into section values('747', '1', 'Spring', 2004, 'J', '792', 'M');
insert into section values('521', '1', 'Fall', 2009, 'J', '728', 'F');
insert into section values('774', '2', 'Fall', 2006, 'F', '606', 'I');
insert into section values('687', '1', 'Fall', 2007, 'J', '728', 'F');
insert into section values('210', '1', 'Spring', 2002, 'B', '676', 'L');
insert into section values('573', '1', 'Fall', 2005, 'B', '739', 'N');
insert into section values('140', '1', 'Spring', 2008, 'B', '739', 'L');
insert into section values('213', '1', 'Spring', 2003, 'G', '213', 'D');
insert into section values('866', '1', 'Fall', 2002, 'D', '167', 'N');
insert into section values('781', '1', 'Fall', 2010, 'I', '112', 'D');
insert into section values('108', '1', 'Spring', 2005, 'C', '752', 'H');
insert into section values('606', '1', 'Fall', 2002, 'D', '167', 'B');
insert into section values('999', '1', 'Spring', 2009, 'G', '213', 'N');
insert into section values('294', '1', 'Fall', 2003, 'B', '676', 'I');
insert into section values('173', '2', 'Fall', 2004, 'J', '728', 'O');
insert into section values('345', '1', 'Fall', 2008, 'J', '897', 'D');
insert into section values('687', '2', 'Spring', 2006, 'B', '676', 'J');
insert into section values('249', '1', 'Spring', 2003, 'B', '676', 'D');
insert into section values('349', '2', 'Spring', 2008, 'B', '739', 'C');
insert into section values('225', '1', 'Fall', 2003, 'C', '752', 'F');
insert into section values('832', '1', 'Fall', 2005, 'F', '606', 'M');
insert into section values('486', '1', 'Spring', 2008, 'G', '213', 'G');
insert into section values('598', '1', 'Spring', 2006, 'B', '739', 'J');
insert into section values('644', '1', 'Spring', 2002, 'D', '167', 'J');
insert into section values('610', '1', 'Fall', 2009, 'B', '739', 'J');
insert into section values('759', '1', 'Fall', 2008, 'I', '112', 'H');
insert into section values('487', '1', 'Fall', 2009, 'D', '167', 'E');
insert into section values('283', '1', 'Fall', 2005, 'C', '752', 'P');
insert into section values('883', '1', 'Spring', 2006, 'I', '112', 'E');
insert into section values('249', '2', 'Fall', 2001, 'I', '112', 'J');
insert into section values('676', '1', 'Spring', 2002, 'F', '606', 'A');
insert into section values('140', '2', 'Spring', 2001, 'J', '792', 'J');
insert into section values('629', '2', 'Fall', 2007, 'G', '213', 'H');
insert into section values('283', '2', 'Spring', 2010, 'I', '112', 'K');
insert into section values('857', '1', 'Fall', 2007, 'I', '112', 'G');
insert into section values('105', '1', 'Fall', 2001, 'B', '676', 'L');
insert into section values('417', '1', 'Fall', 2001, 'F', '606', 'K');
insert into section values('213', '2', 'Fall', 2003, 'J', '728', 'A');
insert into section values('881', '1', 'Fall', 2004, 'I', '112', 'A');
insert into section values('981', '1', 'Spring', 2006, 'C', '752', 'L');
insert into section values('763', '1', 'Spring', 2005, 'D', '167', 'E');
insert into section values('581', '2', 'Fall', 2004, 'F', '606', 'G');
insert into section values('911', '1', 'Spring', 2001, 'B', '739', 'E');
insert into section values('711', '1', 'Spring', 2003, 'C', '752', 'H');
insert into section values('886', '3', 'Spring', 2005, 'G', '213', 'L');
insert into section values('887', '1', 'Spring', 2005, 'G', '213', 'K');
insert into section values('152', '1', 'Fall', 2008, 'F', '606', 'A');
insert into section values('604', '1', 'Spring', 2004, 'I', '112', 'L');
insert into section values('487', '2', 'Fall', 2004, 'G', '213', 'J');
insert into section values('267', '1', 'Spring', 2004, 'D', '167', 'H');
insert into section values('711', '2', 'Spring', 2009, 'B', '739', 'A');
insert into section values('450', '1', 'Spring', 2002, 'F', '606', 'F');
insert into section values('604', '2', 'Fall', 2005, 'I', '112', 'G');
insert into section values('648', '1', 'Fall', 2007, 'J', '897', 'I');
insert into section values('839', '1', 'Spring', 2005, 'C', '752', 'P');
insert into section values('606', '2', 'Fall', 2003, 'B', '739', 'H');
insert into section values('838', '1', 'Spring', 2004, 'B', '676', 'M');
insert into section values('839', '2', 'Fall', 2003, 'D', '167', 'K');
insert into section values('822', '1', 'Fall', 2005, 'B', '676', 'P');
insert into section values('155', '1', 'Fall', 2003, 'F', '606', 'M');
insert into section values('753', '1', 'Spring', 2006, 'J', '897', 'P');
insert into section values('490', '1', 'Fall', 2004, 'J', '728', 'M');
insert into section values('581', '3', 'Fall', 2001, 'B', '676', 'B');
insert into section values('836', '2', 'Spring', 2010, 'J', '897', 'C');
insert into section values('883', '2', 'Fall', 2010, 'I', '112', 'B');
insert into section values('786', '1', 'Spring', 2005, 'I', '112', 'I');
insert into section values('443', '2', 'Fall', 2003, 'B', '739', 'C');
insert into section values('838', '2', 'Fall', 2005, 'J', '897', 'D');
insert into section values('546', '1', 'Spring', 2007, 'D', '167', 'D');
insert into section values('881', '2', 'Spring', 2008, 'J', '897', 'L');
insert into section values('776', '1', 'Spring', 2009, 'C', '752', 'J');
insert into section values('592', '1', 'Spring', 2002, 'J', '792', 'N');
insert into section values('216', '1', 'Spring', 2001, 'J', '728', 'G');
insert into section values('392', '1', 'Fall', 2005, 'B', '676', 'L');
insert into section values('340', '1', 'Spring', 2003, 'F', '606', 'O');
insert into section values('784', '1', 'Fall', 2004, 'G', '213', 'J');
insert into section values('210', '2', 'Spring', 2001, 'J', '897', 'J');
insert into section values('897', '1', 'Fall', 2006, 'C', '752', 'A');
insert into section values('822', '2', 'Fall', 2003, 'C', '752', 'K');
insert into section values('167', '1', 'Fall', 2005, 'D', '167', 'L');
insert into section values('392', '2', 'Spring', 2001, 'G', '213', 'G');
insert into section values('220', '1', 'Spring', 2005, 'B', '676', 'N');
insert into section values('512', '1', 'Spring', 2010, 'J', '792', 'K');
insert into section values('648', '2', 'Fall', 2008, 'C', '752', 'L');
insert into section values('413', '1', 'Spring', 2008, 'G', '213', 'O');
insert into section values('463', '1', 'Fall', 2004, 'C', '752', 'N');
insert into section values('463', '2', 'Spring', 2004, 'C', '752', 'O');
insert into section values('653', '1', 'Spring', 2007, 'D', '167', 'P');
insert into section values('672', '1', 'Fall', 2005, 'G', '213', 'K');
insert into section values('883', '3', 'Spring', 2006, 'C', '752', 'J');
insert into section values('679', '1', 'Fall', 2007, 'I', '112', 'H');
insert into section values('373', '1', 'Spring', 2010, 'B', '739', 'F');
insert into section values('187', '1', 'Fall', 2009, 'B', '676', 'H');
insert into section values('881', '3', 'Spring', 2006, 'J', '792', 'K');
insert into section values('311', '1', 'Spring', 2004, 'I', '112', 'D');
insert into section values('142', '1', 'Spring', 2010, 'B', '676', 'G');
insert into section values('346', '1', 'Fall', 2009, 'I', '112', 'M');
insert into section values('339', '1', 'Spring', 2003, 'D', '167', 'L');
insert into section values('947', '1', 'Spring', 2006, 'D', '167', 'L');
insert into section values('294', '2', 'Fall', 2007, 'J', '897', 'J');
insert into section values('219', '1', 'Spring', 2008, 'F', '606', 'L');
insert into section values('124', '3', 'Spring', 2008, 'I', '112', 'L');
insert into section values('989', '1', 'Fall', 2004, 'B', '676', 'F');
insert into section values('583', '1', 'Spring', 2004, 'I', '112', 'N');
insert into section values('262', '1', 'Fall', 2009, 'I', '112', 'N');
insert into section values('546', '2', 'Spring', 2002, 'D', '167', 'A');
insert into section values('653', '2', 'Fall', 2007, 'J', '728', 'B');
insert into section values('776', '2', 'Spring', 2005, 'G', '213', 'F');
insert into section values('679', '2', 'Fall', 2005, 'J', '728', 'F');
insert into section values('380', '1', 'Spring', 2003, 'B', '739', 'H');
insert into section values('883', '4', 'Fall', 2002, 'J', '897', 'L');
insert into section values('521', '2', 'Spring', 2005, 'B', '739', 'N');
insert into section values('463', '3', 'Spring', 2004, 'B', '739', 'P');
insert into section values('104', '1', 'Fall', 2005, 'F', '606', 'M');
insert into section values('856', '1', 'Fall', 2002, 'B', '676', 'N');
insert into section values('687', '3', 'Spring', 2003, 'B', '739', 'H');
insert into section values('167', '2', 'Fall', 2004, 'J', '897', 'F');
insert into section values('911', '2', 'Fall', 2010, 'D', '167', 'G');
insert into section values('887', '2', 'Spring', 2002, 'C', '752', 'E');
insert into section values('981', '2', 'Spring', 2009, 'G', '213', 'H');
insert into section values('763', '2', 'Spring', 2008, 'I', '112', 'J');
insert into section values('695', '1', 'Spring', 2008, 'B', '676', 'B');
insert into section values('188', '1', 'Spring', 2001, 'J', '897', 'G');
insert into section values('111', '1', 'Spring', 2008, 'J', '792', 'G');
insert into section values('126', '1', 'Spring', 2005, 'B', '739', 'K');
insert into section values('249', '3', 'Fall', 2003, 'G', '213', 'J');
insert into section values('640', '1', 'Spring', 2008, 'J', '728', 'E');
insert into section values('691', '2', 'Fall', 2006, 'G', '213', 'C');
insert into section values('822', '3', 'Fall', 2002, 'J', '728', 'G');
insert into section values('672', '2', 'Fall', 2010, 'D', '167', 'O');
insert into section values('188', '2', 'Fall', 2001, 'J', '792', 'D');
insert into section values('573', '2', 'Spring', 2003, 'B', '739', 'C');
insert into section values('350', '1', 'Spring', 2006, 'B', '739', 'M');
insert into section values('320', '1', 'Spring', 2009, 'B', '676', 'B');
insert into section values('759', '2', 'Fall', 2005, 'D', '167', 'K');
insert into section values('245', '1', 'Spring', 2003, 'B', '739', 'B');
insert into section values('881', '4', 'Fall', 2002, 'I', '112', 'K');
insert into section values('349', '3', 'Spring', 2008, 'I', '112', 'F');
insert into section values('413', '2', 'Fall', 2009, 'J', '728', 'E');
insert into section values('887', '3', 'Spring', 2001, 'I', '112', 'C');
insert into section values('339', '2', 'Spring', 2003, 'G', '213', 'F');
insert into section values('763', '3', 'Fall', 2002, 'F', '606', 'G');
insert into section values('989', '2', 'Fall', 2006, 'D', '167', 'D');
insert into section values('311', '2', 'Spring', 2003, 'J', '792', 'O');
insert into section values('487', '3', 'Fall', 2003, 'J', '792', 'F');
insert into section values('648', '3', 'Spring', 2010, 'I', '112', 'F');
insert into section values('856', '2', 'Spring', 2009, 'I', '112', 'D');
insert into section values('629', '3', 'Spring', 2001, 'B', '739', 'H');
insert into section values('225', '2', 'Spring', 2003, 'J', '728', 'I');
insert into section values('776', '3', 'Fall', 2001, 'J', '728', 'A');
insert into section values('774', '3', 'Fall', 2008, 'B', '739', 'D');
insert into section values('942', '2', 'Spring', 2001, 'J', '792', 'B');
insert into section values('956', '1', 'Spring', 2006, 'B', '676', 'L');
insert into section values('185', '1', 'Spring', 2006, 'B', '676', 'M');
insert into section values('765', '1', 'Fall', 2007, 'C', '752', 'G');
insert into section values('438', '1', 'Fall', 2005, 'B', '676', 'J');
insert into section values('550', '2', 'Fall', 2006, 'G', '213', 'B');
insert into section values('967', '1', 'Spring', 2003, 'F', '606', 'N');
insert into section values('672', '3', 'Spring', 2002, 'B', '739', 'A');
insert into section values('887', '4', 'Fall', 2003, 'J', '792', 'H');
insert into section values('242', '1', 'Spring', 2006, 'B', '676', 'F');
insert into section values('724', '1', 'Spring', 2009, 'J', '897', 'H');
insert into section values('490', '2', 'Spring', 2003, 'C', '752', 'M');
insert into section values('781', '2', 'Fall', 2005, 'B', '739', 'L');
insert into section values('952', '1', 'Spring', 2009, 'B', '676', 'L');
insert into section values('295', '1', 'Fall', 2009, 'J', '897', 'H');
insert into section values('271', '1', 'Spring', 2003, 'G', '213', 'K');
insert into section values('922', '1', 'Spring', 2001, 'B', '676', 'J');
insert into section values('598', '2', 'Fall', 2002, 'D', '167', 'N');
insert into section values('231', '1', 'Spring', 2007, 'C', '752', 'B');
insert into section values('793', '2', 'Spring', 2001, 'B', '676', 'L');
insert into section values('777', '1', 'Fall', 2010, 'J', '792', 'B');
insert into section values('351', '1', 'Spring', 2002, 'C', '752', 'I');
insert into section values('486', '2', 'Spring', 2009, 'I', '112', 'G');
insert into section values('782', '1', 'Spring', 2002, 'B', '676', 'L');
insert into section values('604', '3', 'Fall', 2006, 'I', '112', 'M');
insert into section values('816', '1', 'Fall', 2004, 'J', '897', 'B');
insert into section values('438', '2', 'Fall', 2007, 'B', '739', 'A');
insert into section values('974', '1', 'Fall', 2002, 'F', '606', 'H');
insert into section values('486', '3', 'Spring', 2005, 'B', '739', 'I');
insert into section values('763', '4', 'Fall', 2010, 'F', '606', 'O');
insert into section values('230', '1', 'Spring', 2006, 'F', '606', 'G');
insert into section values('687', '4', 'Fall', 2001, 'B', '739', 'I');
insert into section values('378', '1', 'Spring', 2004, 'J', '792', 'C');
insert into section values('443', '3', 'Fall', 2001, 'J', '728', 'P');
insert into section values('573', '3', 'Spring', 2007, 'B', '676', 'E');
insert into section values('793', '3', 'Fall', 2003, 'J', '728', 'B');
insert into section values('298', '1', 'Fall', 2009, 'J', '792', 'E');
insert into section values('648', '4', 'Fall', 2007, 'J', '792', 'F');
insert into section values('592', '2', 'Fall', 2001, 'G', '213', 'A');
insert into section values('911', '3', 'Fall', 2001, 'J', '728', 'J');
insert into section values('346', '2', 'Fall', 2005, 'C', '752', 'M');
insert into section values('340', '2', 'Fall', 2002, 'J', '792', 'L');
insert into section values('687', '5', 'Fall', 2007, 'C', '752', 'L');
insert into section values('346', '3', 'Spring', 2008, 'B', '739', 'B');
insert into section values('598', '3', 'Fall', 2009, 'B', '676', 'F');
insert into section values('380', '2', 'Spring', 2007, 'B', '676', 'P');
insert into section values('318', '1', 'Fall', 2002, 'F', '606', 'L');
insert into section values('267', '2', 'Fall', 2010, 'C', '752', 'E');
insert into section values('320', '2', 'Spring', 2004, 'J', '728', 'J');
insert into section values('294', '3', 'Fall', 2007, 'G', '213', 'K');
insert into section values('245', '2', 'Fall', 2008, 'B', '739', 'N');
insert into section values('686', '1', 'Fall', 2005, 'C', '752', 'B');
insert into section values('888', '1', 'Spring', 2003, 'G', '213', 'D');
insert into section values('254', '1', 'Fall', 2001, 'F', '606', 'O');
insert into section values('640', '2', 'Fall', 2006, 'B', '739', 'L');
insert into section values('167', '3', 'Spring', 2004, 'B', '739', 'K');
insert into section values('667', '1', 'Fall', 2005, 'B', '739', 'G');
insert into section values('991', '1', 'Fall', 2008, 'B', '739', 'E');
insert into section values('295', '2', 'Fall', 2001, 'J', '897', 'H');
insert into section values('914', '1', 'Spring', 2009, 'D', '167', 'G');
insert into section values('887', '5', 'Spring', 2003, 'B', '739', 'M');
insert into section values('315', '1', 'Spring', 2010, 'B', '739', 'I');
insert into section values('242', '2', 'Spring', 2007, 'G', '213', 'H');
insert into section values('796', '1', 'Fall', 2008, 'J', '728', 'L');
insert into section values('991', '2', 'Spring', 2007, 'J', '792', 'B');
insert into section values('776', '4', 'Fall', 2010, 'D', '167', 'K');
insert into section values('790', '1', 'Fall', 2006, 'G', '213', 'N');
insert into section values('231', '2', 'Fall', 2009, 'C', '752', 'G');
insert into section values('897', '2', 'Fall', 2010, 'J', '792', 'F');
insert into section values('339', '3', 'Spring', 2005, 'C', '752', 'O');
insert into section values('888', '2', 'Spring', 2002, 'I', '112', 'N');
insert into section values('371', '1', 'Spring', 2003, 'J', '897', 'M');
insert into section values('705', '1', 'Fall', 2003, 'J', '728', 'N');
insert into section values('155', '2', 'Fall', 2002, 'B', '676', 'J');
insert into section values('951', '1', 'Fall', 2002, 'J', '897', 'B');
insert into section values('832', '2', 'Spring', 2006, 'G', '213', 'F');
insert into section values('185', '2', 'Fall', 2010, 'B', '739', 'I');
insert into section values('512', '2', 'Fall', 2007, 'J', '728', 'A');
insert into section values('882', '1', 'Spring', 2009, 'D', '167', 'G');
insert into section values('461', '1', 'Spring', 2001, 'I', '112', 'O');
insert into section values('667', '2', 'Spring', 2008, 'B', '739', 'P');
insert into section values('857', '2', 'Fall', 2004, 'F', '606', 'A');
insert into section values('118', '1', 'Spring', 2002, 'J', '728', 'M');
insert into section values('315', '2', 'Spring', 2008, 'J', '728', 'F');
insert into section values('876', '1', 'Spring', 2002, 'D', '167', 'A');
insert into section values('411', '1', 'Spring', 2003, 'C', '752', 'M');
insert into section values('546', '3', 'Spring', 2008, 'J', '792', 'G');
insert into section values('753', '2', 'Fall', 2001, 'F', '606', 'O');
insert into section values('832', '3', 'Fall', 2003, 'G', '213', 'F');
insert into section values('653', '3', 'Spring', 2005, 'D', '167', 'L');
insert into section values('124', '4', 'Fall', 2001, 'B', '739', 'L');
insert into section values('685', '1', 'Fall', 2004, 'I', '112', 'N');
insert into section values('124', '5', 'Fall', 2009, 'D', '167', 'G');
insert into section values('113', '2', 'Fall', 2005, 'I', '112', 'I');
insert into section values('838', '3', 'Spring', 2010, 'G', '213', 'O');
insert into section values('105', '2', 'Fall', 2002, 'J', '792', 'O');
insert into section values('216', '2', 'Spring', 2001, 'F', '606', 'H');
insert into section values('694', '1', 'Fall', 2001, 'G', '213', 'D');
insert into section values('832', '4', 'Spring', 2001, 'J', '897', 'C');
insert into section values('546', '4', 'Fall', 2004, 'C', '752', 'A');
insert into section values('378', '2', 'Fall', 2003, 'I', '112', 'D');
insert into section values('790', '2', 'Fall', 2003, 'J', '897', 'A');
insert into section values('350', '2', 'Spring', 2005, 'F', '606', 'H');
insert into section values('463', '4', 'Fall', 2010, 'I', '112', 'D');
insert into section values('897', '3', 'Fall', 2004, 'B', '676', 'O');
insert into section values('242', '3', 'Spring', 2006, 'J', '897', 'F');
insert into section values('939', '1', 'Spring', 2005, 'J', '897', 'F');
insert into section values('915', '1', 'Spring', 2003, 'G', '213', 'I');
insert into section values('832', '5', 'Spring', 2002, 'C', '752', 'B');
insert into section values('974', '2', 'Fall', 2007, 'B', '676', 'M');
insert into section values('724', '2', 'Spring', 2009, 'D', '167', 'H');
insert into section values('142', '2', 'Fall', 2003, 'G', '213', 'G');
insert into section values('254', '2', 'Spring', 2004, 'G', '213', 'A');
insert into section values('647', '1', 'Fall', 2007, 'J', '728', 'M');
insert into section values('790', '3', 'Fall', 2007, 'D', '167', 'P');
insert into section values('711', '3', 'Spring', 2009, 'I', '112', 'J');
insert into section values('856', '3', 'Fall', 2004, 'J', '792', 'A');
insert into section values('989', '3', 'Fall', 2001, 'I', '112', 'I');
insert into section values('352', '1', 'Spring', 2009, 'B', '676', 'F');
insert into section values('956', '2', 'Fall', 2009, 'G', '213', 'K');
insert into section values('751', '2', 'Fall', 2003, 'B', '739', 'P');
insert into section values('210', '3', 'Fall', 2003, 'I', '112', 'K');
insert into section values('947', '2', 'Spring', 2009, 'I', '112', 'E');
insert into section values('967', '2', 'Fall', 2009, 'J', '728', 'N');
insert into section values('380', '3', 'Spring', 2003, 'J', '728', 'F');
insert into section values('471', '1', 'Fall', 2007, 'D', '167', 'N');
insert into section values('619', '2', 'Fall', 2010, 'J', '792', 'F');
insert into section values('345', '2', 'Fall', 2005, 'J', '728', 'I');
insert into section values('316', '1', 'Spring', 2007, 'B', '739', 'M');
insert into section values('216', '3', 'Fall', 2006, 'B', '676', 'M');
insert into section values('856', '4', 'Spring', 2008, 'J', '792', 'D');
insert into section values('225', '3', 'Fall', 2007, 'J', '792', 'H');
insert into section values('375', '1', 'Spring', 2008, 'I', '112', 'B');
insert into section values('375', '2', 'Spring', 2009, 'B', '676', 'P');
insert into section values('647', '2', 'Spring', 2001, 'I', '112', 'I');
insert into section values('940', '1', 'Spring', 2001, 'J', '728', 'M');
insert into section values('793', '4', 'Fall', 2003, 'C', '752', 'E');
insert into section values('959', '1', 'Fall', 2005, 'B', '676', 'E');
insert into section values('575', '1', 'Fall', 2009, 'G', '213', 'P');
insert into section values('443', '4', 'Fall', 2009, 'F', '606', 'M');
insert into section values('490', '3', 'Fall', 2005, 'D', '167', 'F');
insert into section values('134', '1', 'Spring', 2002, 'J', '792', 'D');
insert into section values('402', '1', 'Fall', 2010, 'F', '606', 'A');
insert into section values('443', '5', 'Fall', 2009, 'J', '792', 'M');
insert into section values('959', '2', 'Fall', 2003, 'G', '213', 'G');
insert into section values('812', '1', 'Spring', 2006, 'J', '897', 'C');
insert into section values('155', '3', 'Spring', 2002, 'D', '167', 'I');
insert into section values('592', '3', 'Fall', 2004, 'I', '112', 'N');
insert into section values('414', '1', 'Fall', 2004, 'D', '167', 'O');
insert into section values('267', '3', 'Spring', 2009, 'J', '897', 'M');
insert into section values('875', '1', 'Spring', 2003, 'J', '897', 'K');
insert into section values('870', '1', 'Fall', 2005, 'B', '676', 'E');
insert into section values('108', '2', 'Spring', 2004, 'B', '739', 'K');
insert into section values('373', '2', 'Fall', 2003, 'G', '213', 'B');
insert into section values('134', '2', 'Fall', 2009, 'J', '897', 'I');
insert into section values('220', '2', 'Spring', 2008, 'J', '897', 'E');
insert into section values('230', '2', 'Spring', 2005, 'C', '752', 'B');
insert into section values('922', '2', 'Fall', 2001, 'D', '167', 'I');
insert into section values('417', '2', 'Fall', 2007, 'J', '728', 'J');
insert into section values('140', '3', 'Spring', 2008, 'J', '792', 'P');
insert into section values('490', '4', 'Fall', 2003, 'B', '739', 'A');
insert into section values('812', '2', 'Spring', 2006, 'C', '752', 'H');
insert into section values('486', '4', 'Fall', 2004, 'J', '728', 'A');
insert into section values('886', '4', 'Spring', 2008, 'B', '739', 'E');
insert into section values('185', '3', 'Spring', 2005, 'B', '676', 'B');
insert into section values('784', '2', 'Spring', 2007, 'J', '897', 'I');
insert into section values('167', '4', 'Spring', 2007, 'I', '112', 'A');
insert into section values('770', '1', 'Spring', 2007, 'G', '213', 'D');
insert into section values('126', '2', 'Spring', 2009, 'J', '792', 'J');
insert into section values('559', '1', 'Spring', 2004, 'G', '213', 'J');
insert into section values('922', '3', 'Spring', 2006, 'F', '606', 'K');
insert into section values('553', '1', 'Spring', 2010, 'B', '739', 'D');
insert into section values('152', '2', 'Spring', 2002, 'G', '213', 'L');
insert into section values('619', '3', 'Spring', 2009, 'F', '606', 'H');
insert into section values('606', '3', 'Spring', 2004, 'B', '676', 'P');
insert into section values('687', '6', 'Fall', 2002, 'D', '167', 'G');
insert into section values('974', '3', 'Spring', 2001, 'B', '676', 'J');
insert into section values('294', '4', 'Fall', 2009, 'F', '606', 'I');
insert into section values('294', '5', 'Spring', 2004, 'I', '112', 'O');
insert into section values('446', '1', 'Fall', 2010, 'F', '606', 'D');
insert into section values('332', '2', 'Spring', 2001, 'C', '752', 'O');
insert into section values('315', '3', 'Spring', 2006, 'G', '213', 'B');
insert into section values('249', '4', 'Fall', 2009, 'C', '752', 'N');
insert into section values('267', '4', 'Spring', 2006, 'B', '739', 'D');
insert into section values('215', '1', 'Fall', 2010, 'G', '213', 'F');
insert into section values('106', '1', 'Spring', 2004, 'G', '213', 'F');
insert into section values('694', '2', 'Fall', 2009, 'J', '897', 'E');
insert into section values('173', '3', 'Spring', 2006, 'C', '752', 'I');
insert into section values('672', '4', 'Fall', 2007, 'C', '752', 'F');
insert into section values('592', '4', 'Spring', 2008, 'G', '213', 'J');
insert into section values('444', '1', 'Spring', 2005, 'J', '792', 'B');
insert into section values('578', '2', 'Fall', 2003, 'J', '728', 'G');
insert into section values('942', '3', 'Spring', 2006, 'D', '167', 'G');
insert into section values('245', '3', 'Fall', 2005, 'B', '676', 'K');
insert into section values('705', '2', 'Spring', 2006, 'G', '213', 'P');
insert into section values('881', '5', 'Spring', 2002, 'B', '739', 'O');
insert into section values('210', '4', 'Spring', 2003, 'F', '606', 'P');
insert into section values('213', '3', 'Spring', 2004, 'C', '752', 'B');
insert into section values('687', '7', 'Fall', 2008, 'J', '897', 'B');
insert into section values('578', '3', 'Fall', 2007, 'I', '112', 'J');
insert into section values('839', '3', 'Fall', 2001, 'B', '739', 'M');
insert into section values('486', '5', 'Fall', 2003, 'D', '167', 'L');
insert into section values('573', '4', 'Fall', 2004, 'C', '752', 'K');
insert into section values('989', '4', 'Spring', 2008, 'J', '897', 'H');
insert into section values('883', '5', 'Fall', 2006, 'J', '897', 'M');
insert into section values('782', '2', 'Fall', 2006, 'J', '792', 'I');
insert into section values('339', '4', 'Spring', 2007, 'J', '897', 'P');
insert into section values('320', '3', 'Spring', 2005, 'J', '897', 'K');
insert into section values('262', '2', 'Fall', 2010, 'D', '167', 'F');
insert into section values('897', '4', 'Spring', 2002, 'B', '676', 'F');
insert into section values('882', '2', 'Fall', 2003, 'C', '752', 'I');
insert into section values('417', '3', 'Spring', 2008, 'F', '606', 'B');
insert into section values('672', '5', 'Fall', 2006, 'F', '606', 'K');
insert into section values('753', '3', 'Spring', 2008, 'G', '213', 'D');
insert into section values('249', '5', 'Spring', 2001, 'B', '739', 'C');
insert into section values('413', '3', 'Spring', 2004, 'I', '112', 'M');
insert into section values('402', '2', 'Spring', 2004, 'B', '676', 'C');
insert into section values('497', '1', 'Spring', 2008, 'J', '897', 'K');
insert into section values('225', '4', 'Fall', 2002, 'G', '213', 'J');
insert into section values('829', '1', 'Spring', 2005, 'J', '897', 'G');
insert into section values('887', '6', 'Spring', 2007, 'D', '167', 'A');
insert into section values('974', '4', 'Fall', 2007, 'J', '728', 'E');
insert into section values('106', '2', 'Spring', 2010, 'J', '728', 'E');
insert into section values('350', '3', 'Spring', 2001, 'F', '606', 'I');
insert into teaches values('49949', '216', '1', 'Spring', 2001);
insert into teaches values('58633', '753', '3', 'Spring', 2008);
insert into teaches values('13740', '118', '1', 'Spring', 2002);
insert into teaches values('37305', '897', '4', 'Spring', 2002);
insert into teaches values('28644', '315', '1', 'Spring', 2010);
insert into teaches values('9833', '490', '1', 'Fall', 2004);
insert into teaches values('55794', '967', '1', 'Spring', 2003);
insert into teaches values('3053', '751', '2', 'Fall', 2003);
insert into teaches values('32081', '687', '2', 'Spring', 2006);
insert into teaches values('9833', '392', '1', 'Fall', 2005);
insert into teaches values('81852', '213', '3', 'Spring', 2004);
insert into teaches values('74489', '380', '2', 'Spring', 2007);
insert into teaches values('26830', '619', '3', 'Spring', 2009);
insert into teaches values('74489', '249', '1', 'Spring', 2003);
insert into teaches values('94157', '311', '2', 'Spring', 2003);
insert into teaches values('37305', '897', '3', 'Fall', 2004);
insert into teaches values('13740', '294', '2', 'Fall', 2007);
insert into teaches values('55794', '922', '3', 'Spring', 2006);
insert into teaches values('13740', '648', '3', 'Spring', 2010);
insert into teaches values('37305', '113', '2', 'Fall', 2005);
insert into teaches values('13046', '521', '2', 'Spring', 2005);
insert into teaches values('49949', '546', '4', 'Fall', 2004);
insert into teaches values('81852', '411', '1', 'Spring', 2003);
insert into teaches values('13046', '604', '3', 'Fall', 2006);
insert into teaches values('3053', '142', '2', 'Fall', 2003);
insert into teaches values('9833', '449', '1', 'Fall', 2007);
insert into teaches values('29380', '140', '3', 'Spring', 2008);
insert into teaches values('74489', '126', '1', 'Spring', 2005);
insert into teaches values('81852', '497', '1', 'Spring', 2008);
insert into teaches values('13740', '573', '2', 'Spring', 2003);
insert into teaches values('33225', '974', '1', 'Fall', 2002);
insert into teaches values('81852', '106', '1', 'Spring', 2004);
insert into teaches values('29380', '598', '2', 'Fall', 2002);
insert into teaches values('49949', '262', '1', 'Fall', 2009);
insert into teaches values('81852', '687', '3', 'Spring', 2003);
insert into teaches values('9833', '790', '3', 'Fall', 2007);
insert into teaches values('55794', '694', '2', 'Fall', 2009);
insert into teaches values('26830', '781', '2', 'Fall', 2005);
insert into teaches values('58633', '124', '4', 'Fall', 2001);
insert into teaches values('13046', '793', '3', 'Fall', 2003);
insert into teaches values('26830', '438', '2', 'Fall', 2007);
insert into teaches values('9833', '267', '3', 'Spring', 2009);
insert into teaches values('49949', '339', '2', 'Spring', 2003);
insert into teaches values('49949', '262', '2', 'Fall', 2010);
insert into teaches values('74489', '776', '2', 'Spring', 2005);
insert into teaches values('49949', '371', '1', 'Spring', 2003);
insert into teaches values('81852', '956', '1', 'Spring', 2006);
insert into teaches values('13046', '417', '3', 'Spring', 2008);
insert into teaches values('63853', '294', '5', 'Spring', 2004);
insert into teaches values('81852', '332', '2', 'Spring', 2001);
insert into teaches values('49949', '402', '1', 'Fall', 2010);
insert into teaches values('9833', '340', '1', 'Spring', 2003);
insert into teaches values('81852', '687', '6', 'Fall', 2002);
insert into teaches values('9833', '991', '1', 'Fall', 2008);
insert into teaches values('13046', '989', '4', 'Spring', 2008);
insert into teaches values('63853', '592', '3', 'Fall', 2004);
insert into teaches values('3053', '751', '1', 'Spring', 2009);
insert into teaches values('29380', '915', '1', 'Spring', 2003);
insert into teaches values('32081', '230', '1', 'Spring', 2006);
insert into teaches values('81852', '883', '1', 'Spring', 2006);
insert into teaches values('74489', '676', '1', 'Spring', 2002);
insert into teaches values('3053', '242', '1', 'Spring', 2006);
insert into teaches values('29380', '629', '2', 'Fall', 2007);
insert into teaches values('13046', '604', '1', 'Spring', 2004);
insert into teaches values('63853', '573', '3', 'Spring', 2007);
insert into teaches values('3053', '838', '2', 'Fall', 2005);
insert into teaches values('29380', '271', '1', 'Spring', 2003);
insert into teaches values('9833', '124', '1', 'Fall', 2008);
insert into teaches values('29380', '942', '1', 'Fall', 2009);
insert into teaches values('81852', '644', '1', 'Spring', 2002);
insert into teaches values('37305', '690', '1', 'Fall', 2003);
insert into teaches values('55794', '829', '1', 'Spring', 2005);
insert into teaches values('81852', '283', '2', 'Spring', 2010);
insert into teaches values('13046', '759', '2', 'Fall', 2005);
insert into teaches values('9833', '267', '1', 'Spring', 2004);
insert into teaches values('81852', '832', '3', 'Fall', 2003);
insert into teaches values('37305', '210', '2', 'Spring', 2001);
insert into teaches values('55794', '967', '2', 'Fall', 2009);
insert into teaches values('3053', '686', '1', 'Fall', 2005);
insert into teaches values('9833', '316', '1', 'Spring', 2007);
insert into teaches values('9833', '105', '1', 'Fall', 2001);
insert into teaches values('29380', '598', '3', 'Fall', 2009);
insert into teaches values('32081', '345', '1', 'Fall', 2008);
insert into teaches values('81852', '188', '1', 'Spring', 2001);
insert into teaches values('13046', '225', '4', 'Fall', 2002);
insert into teaches values('33225', '546', '3', 'Spring', 2008);
insert into teaches values('13046', '225', '1', 'Fall', 2003);
insert into teaches values('78149', '443', '2', 'Fall', 2003);
insert into teaches values('9833', '378', '2', 'Fall', 2003);
insert into teaches values('26830', '876', '1', 'Spring', 2002);
insert into teaches values('3053', '185', '1', 'Spring', 2006);
insert into teaches values('63853', '173', '2', 'Fall', 2004);
insert into teaches values('74489', '254', '2', 'Spring', 2004);
insert into teaches values('13046', '667', '1', 'Fall', 2005);
insert into teaches values('74489', '155', '2', 'Fall', 2002);
insert into teaches values('49949', '339', '1', 'Spring', 2003);
insert into teaches values('13046', '225', '3', 'Fall', 2007);
insert into teaches values('3053', '487', '3', 'Fall', 2003);
insert into teaches values('49949', '375', '1', 'Spring', 2008);
insert into teaches values('74489', '886', '2', 'Fall', 2006);
insert into student values('86587', 'Ande', 'IF', 4);
insert into student values('57786', 'Ahmad', 'KL', 0);
insert into student values('41084', 'Adri', 'WW', 58);
insert into student values('20342', 'yuyun', 'KL', 54);
insert into student values('14319', 'Johan', 'GO', 126);
insert into student values('39026', 'Adri', 'WW', 63);
insert into student values('32798', 'Ahmad', 'BN', 17);
insert into student values('67323', 'Yohan', 'FR', 32);
insert into student values('22344', 'Kiki', 'FR', 28);
insert into student values('53840', 'Ahmad', 'FR', 69);
insert into student values('91451', 'Adri', 'DK', 7);
insert into student values('50304', 'Kiki', 'BN', 22);
insert into student values('95959', 'Kiki', 'KL', 119);
insert into student values('9196', 'Adri', 'GF', 69);
insert into student values('58993', 'Budi', 'KL', 41);
insert into student values('89387', 'Johan', 'MT', 23);
insert into student values('1644', 'Budi', 'DK', 114);
insert into student values('31393', 'Josu', 'IF', 46);
insert into student values('70529', 'Ande', 'FR', 106);
insert into student values('67302', 'Kiki', 'BN', 35);
insert into student values('11096', 'Johan', 'KL', 104);
insert into student values('67460', 'Adri', 'GO', 79);
insert into student values('89612', 'rahmat', 'IF', 74);
insert into student values('27033', 'Budi', 'IF', 38);
insert into student values('74283', 'Ahmad', 'BN', 8);
insert into student values('79921', 'Adri', 'FR', 49);
insert into student values('97971', 'Budi', 'RR', 86);
insert into student values('53164', 'Ande', 'IF', 39);
insert into student values('10006', 'Budi', 'GO', 46);
insert into student values('27998', 'Johan', 'IF', 88);
insert into student values('10902', 'Ande', 'MT', 16);
insert into student values('49801', 'Josu', 'GO', 5);
insert into student values('91721', 'Yohan', 'KL', 87);
insert into student values('23876', 'Kiki', 'DK', 14);
insert into student values('98837', 'yuyun', 'GO', 104);
insert into student values('36567', 'Budi', 'GO', 14);
insert into student values('59060', 'yuyun', 'BN', 129);
insert into student values('86364', 'yuyun', 'KL', 68);
insert into student values('80977', 'Ande', 'FR', 126);
insert into student values('4799', 'Adri', 'GO', 99);
insert into student values('21801', 'Johan', 'BN', 78);
insert into student values('350', 'Johan', 'WW', 89);
insert into student values('7659', 'yuyun', 'GO', 57);
insert into student values('29962', 'Adri', 'IF', 55);
insert into student values('44888', 'Yohan', 'RR', 60);
insert into student values('66372', 'yuyun', 'FR', 27);
insert into student values('26594', 'rahmat', 'DK', 40);
insert into student values('38688', 'rahmat', 'MT', 35);
insert into student values('43216', 'yuyun', 'MT', 89);
insert into student values('90500', 'rahmat', 'IF', 52);
insert into student values('73240', 'Josu', 'WW', 88);
insert into student values('72073', 'Kiki', 'WW', 101);
insert into student values('94596', 'yuyun', 'FR', 74);
insert into student values('22457', 'Adri', 'FR', 57);
insert into student values('22253', 'yuyun', 'GO', 101);
insert into student values('30735', 'rahmat', 'GF', 91);
insert into student values('45186', 'Yohan', 'GO', 120);
insert into student values('15737', 'yuyun', 'KL', 59);
insert into student values('16706', 'Budi', 'WW', 77);
insert into student values('21561', 'rahmat', 'KL', 13);
insert into student values('39421', 'Josu', 'BN', 80);
insert into student values('14207', 'Yohan', 'GO', 22);
insert into student values('82774', 'Adri', 'BN', 102);
insert into student values('64304', 'Josu', 'GO', 57);
insert into student values('6883', 'Kiki', 'IF', 71);
insert into student values('24162', 'Ande', 'MT', 28);
insert into student values('92171', 'Ahmad', 'WW', 67);
insert into student values('39901', 'rahmat', 'FR', 73);
insert into student values('29030', 'rahmat', 'DK', 85);
insert into student values('40155', 'Josu', 'IF', 33);
insert into student values('72801', 'Adri', 'GO', 65);
insert into student values('42119', 'Ande', 'BN', 70);
insert into student values('96535', 'Budi', 'WW', 39);
insert into student values('72578', 'Ande', 'KL', 88);
insert into student values('17016', 'yuyun', 'FR', 47);
insert into student values('92729', 'rahmat', 'FR', 28);
insert into student values('69125', 'yuyun', 'GO', 63);
insert into student values('70767', 'Kiki', 'IF', 42);
insert into student values('48017', 'yuyun', 'DK', 17);
insert into student values('23609', 'rahmat', 'WW', 24);
insert into student values('86753', 'Yohan', 'GO', 77);
insert into student values('31453', 'Johan', 'DK', 67);
insert into student values('37485', 'Johan', 'IF', 54);
insert into student values('24049', 'Johan', 'RR', 94);
insert into student values('46172', 'Ande', 'FR', 81);
insert into student values('60834', 'rahmat', 'MT', 71);
insert into student values('76811', 'Ande', 'WW', 94);
insert into student values('38729', 'Budi', 'RR', 59);
insert into student values('54950', 'Johan', 'GO', 1);
insert into student values('89239', 'Adri', 'GO', 21);
insert into student values('14829', 'rahmat', 'MT', 111);
insert into student values('47018', 'Johan', 'DK', 9);
insert into student values('59088', 'Josu', 'DK', 102);
insert into student values('46581', 'rahmat', 'FR', 106);
insert into student values('11891', 'Ande', 'KL', 32);
insert into student values('58460', 'Johan', 'GF', 43);
insert into student values('14442', 'Yohan', 'IF', 55);
insert into student values('59508', 'Ahmad', 'BN', 87);
insert into student values('95837', 'Kiki', 'WW', 124);
insert into student values('76775', 'Josu', 'IF', 31);
insert into student values('85221', 'Ahmad', 'KL', 69);
insert into student values('174', 'Johan', 'KL', 96);
insert into student values('76940', 'yuyun', 'GF', 47);
insert into student values('58132', 'Adri', 'WW', 124);
insert into student values('85361', 'Johan', 'IF', 80);
insert into student values('54745', 'Kiki', 'IF', 67);
insert into student values('3905', 'Ahmad', 'KL', 6);
insert into student values('61612', 'Yohan', 'BN', 112);
insert into student values('55167', 'Kiki', 'WW', 39);
insert into student values('89072', 'Adri', 'IF', 1);
insert into student values('34044', 'Johan', 'GO', 35);
insert into student values('19191', 'rahmat', 'MT', 6);
insert into student values('76126', 'Yohan', 'DK', 84);
insert into student values('97545', 'Kiki', 'RR', 13);
insert into student values('16381', 'Ahmad', 'KL', 122);
insert into student values('39838', 'yuyun', 'IF', 120);
insert into student values('45537', 'Yohan', 'RR', 91);
insert into student values('60063', 'Yohan', 'WW', 80);
insert into student values('17093', 'Ahmad', 'MT', 37);
insert into student values('42024', 'Yohan', 'BN', 96);
insert into student values('21079', 'Budi', 'GF', 52);
insert into student values('63881', 'Josu', 'BN', 51);
insert into student values('25973', 'rahmat', 'IF', 35);
insert into student values('11328', 'Johan', 'WW', 44);
insert into student values('29616', 'Ahmad', 'GF', 17);
insert into student values('75327', 'Ahmad', 'IF', 64);
insert into student values('80556', 'Ahmad', 'FR', 89);
insert into student values('29932', 'Budi', 'DK', 48);
insert into student values('30558', 'Adri', 'GF', 11);
insert into student values('80123', 'Budi', 'RR', 17);
insert into student values('57612', 'Ahmad', 'GF', 44);
insert into student values('85718', 'Yohan', 'DK', 90);
insert into student values('33259', 'Adri', 'WW', 45);
insert into student values('38796', 'Josu', 'WW', 29);
insert into student values('38047', 'Ande', 'IF', 82);
insert into student values('63193', 'Johan', 'GO', 24);
insert into student values('92196', 'Budi', 'GF', 5);
insert into student values('34084', 'yuyun', 'KL', 39);
insert into student values('40581', 'Yohan', 'BN', 66);
insert into student values('22243', 'Kiki', 'RR', 13);
insert into student values('14326', 'Adri', 'BN', 110);
insert into student values('75672', 'Adri', 'MT', 7);
insert into student values('72244', 'rahmat', 'BN', 12);
insert into student values('70540', 'Kiki', 'GO', 38);
insert into student values('26439', 'Budi', 'KL', 21);
insert into student values('30293', 'yuyun', 'MT', 92);
insert into student values('96257', 'yuyun', 'GF', 63);
insert into student values('87794', 'rahmat', 'BN', 48);
insert into student values('70333', 'rahmat', 'FR', 43);
insert into student values('779', 'Josu', 'BN', 56);
insert into student values('31171', 'rahmat', 'BN', 18);
insert into student values('26483', 'rahmat', 'GO', 85);
insert into student values('7968', 'Adri', 'IF', 129);
insert into student values('3240', 'Josu', 'DK', 43);
insert into student values('79536', 'Kiki', 'RR', 66);
insert into student values('36815', 'Budi', 'IF', 2);
insert into student values('61942', 'yuyun', 'KL', 124);
insert into student values('35866', 'Josu', 'GF', 64);
insert into student values('31040', 'Josu', 'BN', 71);
insert into student values('61571', 'Josu', 'MT', 30);
insert into student values('18597', 'yuyun', 'BN', 115);
insert into student values('31696', 'Ahmad', 'RR', 115);
insert into student values('41544', 'Kiki', 'FR', 33);
insert into student values('33999', 'Yohan', 'DK', 54);
insert into student values('77492', 'Ahmad', 'GF', 113);
insert into student values('44153', 'Johan', 'DK', 108);
insert into student values('68543', 'Kiki', 'KL', 104);
insert into student values('57648', 'Yohan', 'BN', 123);
insert into student values('3785', 'Johan', 'BN', 92);
insert into student values('95746', 'yuyun', 'GO', 66);
insert into student values('55355', 'yuyun', 'MT', 93);
insert into student values('6661', 'Kiki', 'KL', 63);
insert into student values('70731', 'Ahmad', 'WW', 49);
insert into student values('66107', 'Yohan', 'DK', 51);
insert into student values('57460', 'Johan', 'IF', 59);
insert into student values('85485', 'Adri', 'IF', 42);
insert into student values('39712', 'Yohan', 'BN', 22);
insert into student values('24274', 'Adri', 'GF', 102);
insert into student values('74047', 'Johan', 'MT', 124);
insert into student values('26438', 'rahmat', 'IF', 30);
insert into student values('14383', 'Yohan', 'DK', 65);
insert into student values('39573', 'Yohan', 'RR', 95);
insert into student values('5556', 'Ande', 'MT', 42);
insert into student values('5935', 'Ahmad', 'FR', 17);
insert into student values('32382', 'rahmat', 'BN', 128);
insert into student values('83251', 'rahmat', 'RR', 17);
insert into student values('21959', 'rahmat', 'MT', 92);
insert into student values('21638', 'Johan', 'IF', 97);
insert into student values('9492', 'Ahmad', 'BN', 102);
insert into student values('31610', 'Josu', 'GO', 90);
insert into student values('42769', 'rahmat', 'GF', 98);
insert into student values('58186', 'yuyun', 'GF', 104);
insert into student values('45303', 'Budi', 'IF', 21);
insert into student values('42874', 'Adri', 'KL', 1);
insert into student values('35208', 'Kiki', 'BN', 69);
insert into student values('85977', 'Ahmad', 'WW', 38);
insert into student values('6830', 'Johan', 'FR', 58);
insert into student values('21983', 'Johan', 'RR', 25);
insert into student values('55105', 'Adri', 'DK', 72);
insert into student values('76945', 'Josu', 'KL', 30);
insert into takes values('32382', '332', '2', 'Spring', 2001, 'C+');
insert into takes values('25973', '210', '1', 'Spring', 2002, 'B ');
insert into takes values('69125', '751', '1', 'Spring', 2009, 'C ');
insert into takes values('25973', '653', '1', 'Spring', 2007, 'C ');
insert into takes values('25973', '316', '1', 'Spring', 2007, 'C ');
insert into takes values('6883', '604', '1', 'Spring', 2004, 'C-');
insert into takes values('85485', '956', '1', 'Spring', 2006, 'A-');
insert into takes values('3240', '776', '3', 'Fall', 2001, 'B ');
insert into takes values('53164', '581', '2', 'Fall', 2004, 'C+');
insert into takes values('21801', '687', '6', 'Fall', 2002, 'A-');
insert into takes values('42874', '575', '1', 'Fall', 2009, 'B+');
insert into takes values('66372', '974', '1', 'Fall', 2002, 'B ');
insert into takes values('24049', '942', '2', 'Spring', 2001, 'C ');
insert into takes values('63881', '583', '1', 'Spring', 2004, 'C-');
insert into takes values('29932', '832', '1', 'Fall', 2005, 'B-');
insert into takes values('22253', '881', '5', 'Spring', 2002, 'A+');
insert into takes values('80977', '350', '1', 'Spring', 2006, 'B-');
insert into takes values('32382', '888', '2', 'Spring', 2002, 'C ');
insert into takes values('34084', '413', '1', 'Spring', 2008, 'A+');
insert into takes values('45186', '546', '2', 'Spring', 2002, 'A-');
insert into takes values('40155', '339', '4', 'Spring', 2007, 'B ');
insert into takes values('174', '687', '4', 'Fall', 2001, 'A+');
insert into takes values('10902', '644', '1', 'Spring', 2002, 'B ');
insert into takes values('85718', '173', '2', 'Fall', 2004, 'B+');
insert into takes values('39421', '940', '1', 'Spring', 2001, 'C+');
insert into takes values('48017', '875', '1', 'Spring', 2003, 'B ');
insert into takes values('57612', '487', '2', 'Fall', 2004, 'C ');
insert into takes values('46581', '883', '5', 'Fall', 2006, 'C-');
insert into takes values('59088', '486', '1', 'Spring', 2008, 'A+');
insert into takes values('95746', '836', '2', 'Spring', 2010, 'A-');
insert into takes values('38047', '124', '3', 'Spring', 2008, 'C+');
insert into takes values('46581', '444', '1', 'Spring', 2005, 'B+');
insert into takes values('89239', '490', '1', 'Fall', 2004, 'C ');
insert into takes values('44153', '245', '2', 'Fall', 2008, 'C+');
insert into takes values('85485', '417', '3', 'Spring', 2008, 'B-');
insert into takes values('79921', '967', '2', 'Fall', 2009, 'A+');
insert into takes values('77492', '888', '1', 'Spring', 2003, 'B ');
insert into takes values('14442', '886', '2', 'Fall', 2006, 'A ');
insert into takes values('9196', '349', '2', 'Spring', 2008, 'C ');
insert into takes values('58460', '315', '1', 'Spring', 2010, 'B+');
insert into takes values('74047', '832', '5', 'Spring', 2002, 'C+');
insert into takes values('21959', '105', '2', 'Fall', 2002, 'A ');
insert into takes values('6830', '210', '1', 'Spring', 2002, 'C ');
insert into takes values('49801', '487', '1', 'Fall', 2009, 'B ');
insert into takes values('31453', '711', '1', 'Spring', 2003, 'B+');
insert into takes values('86753', '672', '2', 'Fall', 2010, 'C ');
insert into takes values('60063', '974', '1', 'Fall', 2002, 'A-');
insert into takes values('42769', '751', '2', 'Fall', 2003, 'B-');
insert into takes values('350', '320', '3', 'Spring', 2005, 'A-');
insert into takes values('21079', '316', '1', 'Spring', 2007, 'A ');
insert into takes values('76940', '230', '2', 'Spring', 2005, 'B-');
insert into takes values('70333', '346', '1', 'Fall', 2009, 'C+');
insert into takes values('7968', '185', '1', 'Spring', 2006, 'C-');
insert into takes values('55355', '553', '1', 'Spring', 2010, 'C ');
insert into takes values('85221', '765', '1', 'Fall', 2007, 'A+');
insert into takes values('80556', '349', '3', 'Spring', 2008, 'A+');
insert into takes values('11096', '118', '1', 'Spring', 2002, 'A-');
insert into takes values('14319', '124', '4', 'Fall', 2001, 'B+');
insert into takes values('58132', '155', '1', 'Fall', 2003, 'C-');
insert into takes values('94596', '262', '2', 'Fall', 2010, 'B+');
insert into takes values('36815', '155', '3', 'Spring', 2002, 'B ');
insert into takes values('60063', '267', '4', 'Spring', 2006, 'C-');
insert into takes values('14207', '267', '3', 'Spring', 2009, 'B ');
insert into takes values('11328', '443', '1', 'Spring', 2007, 'B-');
insert into takes values('46581', '140', '2', 'Spring', 2001, 'A+');
insert into takes values('79536', '320', '2', 'Spring', 2004, 'B+');
insert into takes values('27998', '922', '3', 'Spring', 2006, 'B ');
insert into takes values('91451', '546', '1', 'Spring', 2007, 'A-');
insert into takes values('45186', '887', '4', 'Fall', 2003, 'B-');
insert into takes values('36815', '694', '1', 'Fall', 2001, 'C-');
insert into takes values('66107', '380', '1', 'Spring', 2003, 'B ');
insert into takes values('14442', '254', '1', 'Fall', 2001, 'C-');
insert into takes values('95837', '173', '2', 'Fall', 2004, 'A ');
insert into takes values('72801', '311', '1', 'Spring', 2004, 'C-');
insert into takes values('6661', '606', '2', 'Fall', 2003, 'C ');
insert into takes values('36815', '629', '1', 'Spring', 2006, 'A-');
insert into takes values('7659', '991', '1', 'Fall', 2008, 'B-');
insert into takes values('57786', '113', '2', 'Fall', 2005, 'A-');
insert into takes values('89612', '974', '1', 'Fall', 2002, 'C+');
insert into takes values('96257', '380', '1', 'Spring', 2003, 'C ');
insert into takes values('72244', '231', '1', 'Spring', 2007, 'C-');
insert into takes values('72073', '690', '1', 'Fall', 2003, 'A ');
insert into takes values('60063', '989', '4', 'Spring', 2008, 'B-');
insert into takes values('36567', '126', '2', 'Spring', 2009, 'A-');
insert into takes values('60063', '940', '1', 'Spring', 2001, 'C-');
insert into takes values('70529', '443', '1', 'Spring', 2007, 'C+');
insert into takes values('58993', '875', '1', 'Spring', 2003, 'B-');
insert into takes values('45537', '490', '1', 'Fall', 2004, 'B ');
insert into takes values('39573', '315', '1', 'Spring', 2010, 'B-');
insert into takes values('38796', '249', '5', 'Spring', 2001, 'A ');
insert into takes values('26483', '981', '1', 'Spring', 2006, 'C ');
insert into takes values('31610', '134', '1', 'Spring', 2002, 'A-');
insert into takes values('89612', '870', '1', 'Fall', 2005, 'C+');
insert into takes values('33999', '463', '1', 'Fall', 2004, 'B-');
insert into takes values('61571', '974', '4', 'Fall', 2007, 'C-');
insert into takes values('21561', '786', '1', 'Spring', 2005, 'A-');
insert into takes values('9492', '915', '1', 'Spring', 2003, 'B-');
insert into takes values('40581', '881', '3', 'Spring', 2006, 'C ');
insert into takes values('67460', '763', '1', 'Spring', 2005, 'C-');
insert into takes values('11891', '991', '1', 'Fall', 2008, 'A-');
insert into takes values('76945', '417', '2', 'Fall', 2007, 'C ');
insert into takes values('6883', '295', '2', 'Fall', 2001, 'B-');
insert into takes values('38729', '392', '1', 'Fall', 2005, 'C ');
insert into takes values('61612', '449', '1', 'Fall', 2007, 'C+');
insert into takes values('27998', '790', '3', 'Fall', 2007, 'B ');
insert into takes values('70333', '956', '2', 'Fall', 2009, 'C-');
insert into takes values('14319', '784', '1', 'Fall', 2004, 'C+');
insert into takes values('59508', '922', '2', 'Fall', 2001, 'B+');
insert into takes values('22253', '724', '2', 'Spring', 2009, 'B-');
insert into takes values('10006', '346', '1', 'Fall', 2009, 'A ');
insert into takes values('54745', '832', '2', 'Spring', 2006, 'C ');
insert into takes values('1644', '781', '2', 'Fall', 2005, 'A+');
insert into takes values('22253', '339', '3', 'Spring', 2005, 'C+');
insert into takes values('26439', '124', '5', 'Fall', 2009, 'A ');
insert into takes values('57460', '947', '1', 'Spring', 2006, 'B-');
insert into takes values('94596', '759', '2', 'Fall', 2005, 'B-');
insert into takes values('46581', '573', '2', 'Spring', 2003, 'C+');
insert into takes values('14383', '619', '2', 'Fall', 2010, 'A+');
insert into takes values('53840', '939', '1', 'Spring', 2005, 'A ');
insert into takes values('14207', '911', '1', 'Spring', 2001, 'A-');
insert into takes values('79536', '793', '1', 'Fall', 2002, 'B ');
insert into takes values('31696', '922', '3', 'Spring', 2006, 'C-');
insert into takes values('54745', '573', '2', 'Spring', 2003, 'A ');
insert into takes values('90500', '653', '2', 'Fall', 2007, 'B ');
insert into takes values('70529', '592', '4', 'Spring', 2008, 'A ');
insert into takes values('59088', '606', '3', 'Spring', 2004, 'C ');
insert into takes values('94596', '886', '3', 'Spring', 2005, 'A+');
insert into takes values('34044', '380', '2', 'Spring', 2007, 'A-');
insert into takes values('75327', '887', '2', 'Spring', 2002, 'A-');
insert into takes values('11096', '886', '3', 'Spring', 2005, 'A-');
insert into takes values('43216', '106', '1', 'Spring', 2004, 'B+');
insert into takes values('14319', '887', '6', 'Spring', 2007, 'A+');
insert into takes values('43216', '653', '2', 'Fall', 2007, 'A+');
insert into takes values('76126', '838', '2', 'Fall', 2005, 'C-');
insert into takes values('11096', '882', '1', 'Spring', 2009, 'A ');
insert into takes values('89239', '463', '1', 'Fall', 2004, 'A+');
insert into takes values('53164', '124', '3', 'Spring', 2008, 'B+');
insert into takes values('60063', '490', '4', 'Fall', 2003, 'A+');
insert into takes values('58132', '345', '1', 'Fall', 2008, 'A ');
insert into takes values('96257', '142', '2', 'Fall', 2003, 'B-');
insert into takes values('46172', '888', '1', 'Spring', 2003, 'C ');
insert into takes values('11328', '832', '1', 'Fall', 2005, 'B-');
insert into takes values('61571', '856', '2', 'Spring', 2009, 'B+');
insert into takes values('1644', '188', '2', 'Fall', 2001, 'B ');
insert into takes values('26439', '373', '2', 'Fall', 2003, 'C ');
insert into takes values('63193', '796', '1', 'Fall', 2008, 'B ');
insert into takes values('91451', '598', '3', 'Fall', 2009, 'B-');
insert into takes values('4799', '989', '1', 'Fall', 2004, 'A ');
insert into takes values('18597', '856', '4', 'Spring', 2008, 'A+');
insert into takes values('80123', '373', '1', 'Spring', 2010, 'A-');
insert into takes values('86587', '578', '2', 'Fall', 2003, 'B-');
insert into takes values('18597', '140', '2', 'Spring', 2001, 'C-');
insert into takes values('97545', '378', '2', 'Fall', 2003, 'A ');
insert into takes values('5935', '822', '2', 'Fall', 2003, 'C-');
insert into takes values('66372', '346', '2', 'Fall', 2005, 'B ');
insert into takes values('23609', '694', '1', 'Fall', 2001, 'B+');
insert into takes values('15737', '711', '3', 'Spring', 2009, 'B-');
insert into takes values('21079', '763', '3', 'Fall', 2002, 'B-');
insert into takes values('16381', '546', '1', 'Spring', 2007, 'B ');
insert into takes values('6830', '604', '1', 'Spring', 2004, 'B-');
insert into takes values('74283', '822', '1', 'Fall', 2005, 'B-');
insert into takes values('80123', '230', '2', 'Spring', 2005, 'C-');
insert into takes values('66107', '790', '3', 'Fall', 2007, 'B ');
insert into takes values('14207', '883', '2', 'Fall', 2010, 'C ');
insert into takes values('11096', '487', '2', 'Fall', 2004, 'C ');
insert into takes values('74047', '647', '2', 'Spring', 2001, 'B+');
insert into takes values('59060', '443', '2', 'Fall', 2003, 'C-');
insert into takes values('79921', '490', '4', 'Fall', 2003, 'A ');
insert into takes values('50304', '124', '4', 'Fall', 2001, 'A-');
insert into takes values('86753', '776', '4', 'Fall', 2010, 'B ');
insert into takes values('9196', '113', '2', 'Fall', 2005, 'C-');
insert into takes values('57460', '959', '1', 'Fall', 2005, 'B ');
insert into takes values('14326', '295', '2', 'Fall', 2001, 'A-');
insert into takes values('29962', '816', '1', 'Fall', 2004, 'A ');
insert into takes values('64304', '124', '5', 'Fall', 2009, 'B+');
insert into takes values('39838', '108', '1', 'Spring', 2005, 'A-');
insert into takes values('9196', '315', '1', 'Spring', 2010, 'B+');
insert into takes values('97545', '914', '1', 'Spring', 2009, 'A ');
insert into takes values('31696', '687', '1', 'Fall', 2007, 'A-');
insert into takes values('72801', '751', '2', 'Fall', 2003, 'B ');
insert into takes values('66107', '486', '5', 'Fall', 2003, 'B+');
insert into takes values('34084', '592', '3', 'Fall', 2004, 'B+');
insert into takes values('1644', '711', '1', 'Spring', 2003, 'C-');
insert into takes values('86364', '267', '3', 'Spring', 2009, 'A+');
insert into takes values('16706', '763', '1', 'Spring', 2005, 'A-');
insert into takes values('30558', '952', '1', 'Spring', 2009, 'B+');
insert into takes values('40155', '790', '2', 'Fall', 2003, 'A-');
insert into takes values('85361', '691', '2', 'Fall', 2006, 'B-');
insert into takes values('87794', '487', '3', 'Fall', 2003, 'A+');
insert into takes values('60834', '619', '1', 'Spring', 2008, 'B-');
insert into takes values('59088', '888', '2', 'Spring', 2002, 'C-');
insert into takes values('33259', '380', '3', 'Spring', 2003, 'B+');
insert into takes values('38047', '942', '1', 'Fall', 2009, 'B ');
insert into takes values('76126', '832', '5', 'Spring', 2002, 'B ');
insert into takes values('75672', '974', '1', 'Fall', 2002, 'B+');
insert into takes values('53840', '413', '1', 'Spring', 2008, 'C-');
insert into takes values('41084', '974', '3', 'Spring', 2001, 'B ');
insert into takes values('17093', '816', '1', 'Fall', 2004, 'B ');
insert into takes values('32798', '839', '3', 'Fall', 2001, 'B-');
insert into takes values('10006', '629', '2', 'Fall', 2007, 'B ');
insert into takes values('76811', '753', '2', 'Fall', 2001, 'B+');
insert into takes values('26594', '512', '1', 'Spring', 2010, 'C+');
insert into takes values('67460', '155', '3', 'Spring', 2002, 'C+');
insert into takes values('69125', '781', '2', 'Fall', 2005, 'C-');
insert into takes values('49801', '245', '3', 'Fall', 2005, 'C+');
insert into takes values('76811', '911', '2', 'Fall', 2010, 'A ');
insert into takes values('34084', '592', '4', 'Spring', 2008, 'C-');
insert into takes values('96535', '113', '1', 'Fall', 2003, 'C ');
insert into takes values('33259', '759', '1', 'Fall', 2008, 'A-');
insert into takes values('11891', '142', '2', 'Fall', 2003, 'A ');
insert into takes values('24162', '881', '2', 'Spring', 2008, 'B+');
insert into takes values('10902', '747', '1', 'Spring', 2004, 'C-');
insert into takes values('35866', '974', '3', 'Spring', 2001, 'A-');
insert into takes values('55355', '225', '4', 'Fall', 2002, 'B ');
insert into takes values('69125', '392', '2', 'Spring', 2001, 'B+');
insert into takes values('75327', '781', '2', 'Fall', 2005, 'C-');
insert into takes values('68543', '832', '1', 'Fall', 2005, 'C-');
insert into takes values('21638', '512', '1', 'Spring', 2010, 'A-');
insert into takes values('11891', '822', '1', 'Fall', 2005, 'A+');
insert into takes values('50304', '311', '1', 'Spring', 2004, 'C+');
insert into takes values('70540', '216', '2', 'Spring', 2001, 'B ');
insert into takes values('48017', '592', '1', 'Spring', 2002, 'A+');
insert into takes values('14442', '606', '2', 'Fall', 2003, 'A-');
insert into takes values('64304', '832', '3', 'Fall', 2003, 'C+');
insert into takes values('5935', '763', '4', 'Fall', 2010, 'A-');
insert into takes values('70529', '332', '2', 'Spring', 2001, 'B+');
insert into takes values('29932', '351', '1', 'Spring', 2002, 'A-');
insert into takes values('76940', '220', '2', 'Spring', 2008, 'A+');
insert into takes values('21561', '619', '1', 'Spring', 2008, 'C+');
insert into takes values('21983', '876', '1', 'Spring', 2002, 'C ');
insert into takes values('79536', '249', '2', 'Fall', 2001, 'C+');
insert into takes values('90500', '672', '4', 'Fall', 2007, 'B+');
insert into takes values('36567', '332', '2', 'Spring', 2001, 'C ');
insert into takes values('76940', '546', '1', 'Spring', 2007, 'C-');
insert into takes values('6883', '215', '1', 'Fall', 2010, 'B ');
insert into takes values('39026', '751', '2', 'Fall', 2003, 'B-');
insert into takes values('29030', '897', '3', 'Fall', 2004, 'A ');
insert into takes values('77492', '856', '1', 'Fall', 2002, 'B-');
insert into takes values('30735', '578', '2', 'Fall', 2003, 'A+');
insert into takes values('3785', '443', '4', 'Fall', 2009, 'A-');
insert into takes values('58993', '167', '1', 'Fall', 2005, 'A-');
insert into takes values('35866', '886', '1', 'Fall', 2001, 'A-');
insert into takes values('27998', '653', '1', 'Spring', 2007, 'C-');
insert into takes values('53840', '118', '1', 'Spring', 2002, 'C ');
insert into takes values('42024', '173', '2', 'Fall', 2004, 'C-');
insert into takes values('29932', '124', '1', 'Fall', 2008, 'B-');
insert into takes values('23876', '267', '2', 'Fall', 2010, 'B+');
insert into takes values('76945', '573', '4', 'Fall', 2004, 'A ');
insert into takes values('55167', '188', '2', 'Fall', 2001, 'A+');
insert into takes values('3240', '228', '1', 'Fall', 2007, 'C+');
insert into takes values('16381', '216', '3', 'Fall', 2006, 'B-');
insert into takes values('23876', '776', '1', 'Spring', 2009, 'A ');
insert into takes values('68543', '887', '4', 'Fall', 2003, 'A+');
insert into takes values('97545', '694', '1', 'Fall', 2001, 'A ');
insert into takes values('57460', '521', '1', 'Fall', 2009, 'B ');
insert into takes values('70333', '512', '2', 'Fall', 2007, 'C-');
insert into takes values('7659', '882', '2', 'Fall', 2003, 'C ');
insert into takes values('72801', '351', '1', 'Spring', 2002, 'C ');
insert into takes values('55167', '836', '1', 'Spring', 2008, 'C-');
insert into takes values('63193', '320', '2', 'Spring', 2004, 'A+');
insert into takes values('38688', '839', '1', 'Spring', 2005, 'A-');
insert into takes values('42119', '108', '2', 'Spring', 2004, 'C+');
insert into takes values('23876', '897', '2', 'Fall', 2010, 'A+');
insert into takes values('31453', '152', '1', 'Fall', 2008, 'C ');
insert into takes values('22243', '581', '2', 'Fall', 2004, 'B ');
insert into takes values('57786', '691', '2', 'Fall', 2006, 'B ');
insert into takes values('86364', '213', '2', 'Fall', 2003, 'A ');
insert into takes values('26439', '185', '2', 'Fall', 2010, 'A+');
insert into takes values('10006', '644', '1', 'Spring', 2002, 'C+');
insert into takes values('14326', '672', '1', 'Fall', 2005, 'B+');
insert into takes values('26594', '216', '3', 'Fall', 2006, 'B+');
insert into takes values('74047', '598', '3', 'Fall', 2009, 'C-');
insert into takes values('92171', '604', '2', 'Fall', 2005, 'C+');
insert into takes values('76811', '922', '1', 'Spring', 2001, 'B ');
insert into takes values('85718', '155', '3', 'Spring', 2002, 'C ');
insert into takes values('23609', '283', '1', 'Fall', 2005, 'C+');
insert into takes values('61612', '443', '5', 'Fall', 2009, 'C+');
insert into takes values('39026', '763', '2', 'Spring', 2008, 'B+');
insert into takes values('35208', '339', '3', 'Spring', 2005, 'C-');
insert into takes values('39421', '897', '4', 'Spring', 2002, 'A+');
insert into takes values('174', '559', '1', 'Spring', 2004, 'A-');
insert into takes values('59508', '763', '1', 'Spring', 2005, 'B+');
insert into takes values('24162', '839', '1', 'Spring', 2005, 'C-');
insert into takes values('80123', '598', '1', 'Spring', 2006, 'A-');
insert into takes values('38688', '443', '1', 'Spring', 2007, 'C-');
insert into takes values('10902', '751', '1', 'Spring', 2009, 'A+');
insert into takes values('30735', '185', '3', 'Spring', 2005, 'B-');
insert into takes values('36567', '672', '2', 'Fall', 2010, 'B+');
insert into takes values('91721', '793', '1', 'Fall', 2002, 'B+');
insert into takes values('9196', '463', '1', 'Fall', 2004, 'B ');
insert into takes values('72073', '210', '3', 'Fall', 2003, 'B+');
insert into takes values('17016', '271', '1', 'Spring', 2003, 'A+');
insert into takes values('35866', '822', '2', 'Fall', 2003, 'C-');
insert into takes values('39901', '155', '1', 'Fall', 2003, 'A-');
insert into takes values('39901', '487', '1', 'Fall', 2009, 'C ');
insert into takes values('92729', '694', '2', 'Fall', 2009, 'B ');
insert into takes values('27998', '667', '2', 'Spring', 2008, 'A+');
insert into takes values('70540', '672', '4', 'Fall', 2007, 'C-');
insert into takes values('22457', '254', '1', 'Fall', 2001, 'A ');
insert into takes values('779', '108', '2', 'Spring', 2004, 'A ');
insert into takes values('58132', '126', '2', 'Spring', 2009, 'A ');
insert into takes values('30735', '245', '1', 'Spring', 2003, 'B-');
insert into takes values('22344', '897', '2', 'Fall', 2010, 'A ');
insert into takes values('29932', '897', '1', 'Fall', 2006, 'A ');
insert into takes values('90500', '629', '1', 'Spring', 2006, 'C+');
insert into takes values('14829', '486', '1', 'Spring', 2008, 'A-');
insert into takes values('92729', '124', '2', 'Fall', 2009, 'A ');
insert into takes values('27033', '759', '2', 'Fall', 2005, 'A ');
insert into takes values('92171', '782', '1', 'Spring', 2002, 'C+');
insert into takes values('76945', '759', '1', 'Fall', 2008, 'B ');
insert into takes values('11096', '687', '1', 'Fall', 2007, 'C-');
insert into takes values('39421', '173', '1', 'Spring', 2002, 'B ');
insert into takes values('95746', '578', '1', 'Spring', 2009, 'B-');
insert into takes values('20342', '604', '3', 'Fall', 2006, 'B-');
insert into takes values('17016', '648', '1', 'Fall', 2007, 'B+');
insert into takes values('29616', '753', '2', 'Fall', 2001, 'C-');
insert into takes values('87794', '108', '2', 'Spring', 2004, 'A+');
insert into takes values('58993', '881', '2', 'Spring', 2008, 'B+');
insert into takes values('55355', '942', '3', 'Spring', 2006, 'A+');
insert into takes values('89072', '271', '1', 'Spring', 2003, 'B ');
insert into takes values('91721', '320', '3', 'Spring', 2005, 'B-');
insert into takes values('10902', '213', '1', 'Spring', 2003, 'B+');
insert into takes values('59088', '753', '1', 'Spring', 2006, 'A+');
insert into takes values('70540', '753', '1', 'Spring', 2006, 'A+');
insert into takes values('31610', '959', '2', 'Fall', 2003, 'A+');
insert into takes values('72578', '124', '1', 'Fall', 2008, 'B-');
insert into takes values('57648', '856', '4', 'Spring', 2008, 'A+');
insert into takes values('5935', '249', '2', 'Fall', 2001, 'A ');
insert into takes values('30293', '989', '1', 'Fall', 2004, 'A-');
insert into takes values('22253', '371', '1', 'Spring', 2003, 'C-');
insert into takes values('58186', '838', '2', 'Fall', 2005, 'C ');
insert into takes values('27998', '922', '2', 'Fall', 2001, 'A+');
insert into takes values('11096', '838', '1', 'Spring', 2004, 'A-');
insert into takes values('70731', '578', '3', 'Fall', 2007, 'C+');
insert into takes values('60063', '578', '1', 'Spring', 2009, 'B+');
insert into takes values('55105', '152', '1', 'Fall', 2008, 'A+');
insert into takes values('21959', '685', '1', 'Fall', 2004, 'B ');
insert into takes values('350', '373', '1', 'Spring', 2010, 'B-');
insert into takes values('58993', '126', '2', 'Spring', 2009, 'A ');
insert into takes values('74047', '790', '3', 'Fall', 2007, 'A+');
insert into takes values('94596', '981', '1', 'Spring', 2006, 'B ');
insert into takes values('6661', '512', '1', 'Spring', 2010, 'B-');
insert into takes values('21959', '629', '1', 'Spring', 2006, 'C-');
insert into takes values('26594', '242', '3', 'Spring', 2006, 'C-');
insert into takes values('70540', '887', '1', 'Spring', 2005, 'A-');
insert into takes values('85361', '959', '1', 'Fall', 2005, 'C+');
insert into takes values('67460', '295', '1', 'Fall', 2009, 'C-');
insert into takes values('24274', '486', '5', 'Fall', 2003, 'A-');
insert into takes values('15737', '216', '1', 'Spring', 2001, 'C+');
insert into takes values('31453', '155', '2', 'Fall', 2002, 'C+');
insert into takes values('86587', '711', '2', 'Spring', 2009, 'A+');
insert into takes values('3905', '486', '1', 'Spring', 2008, 'A-');
insert into takes values('37485', '897', '1', 'Fall', 2006, 'B+');
insert into takes values('14829', '922', '3', 'Spring', 2006, 'B ');
insert into takes values('31453', '216', '2', 'Spring', 2001, 'A ');
insert into takes values('61571', '784', '2', 'Spring', 2007, 'A ');
insert into takes values('7968', '346', '1', 'Fall', 2009, 'A-');
insert into takes values('70529', '881', '3', 'Spring', 2006, 'B ');
insert into takes values('60834', '832', '4', 'Spring', 2001, 'C-');
insert into takes values('58186', '295', '2', 'Fall', 2001, 'A ');
insert into takes values('42874', '402', '1', 'Fall', 2010, 'B-');
insert into takes values('80123', '185', '2', 'Fall', 2010, 'C-');
insert into takes values('70731', '375', '1', 'Spring', 2008, 'A-');
insert into takes values('39712', '786', '1', 'Spring', 2005, 'B ');
insert into takes values('21638', '283', '2', 'Spring', 2010, 'C ');
insert into takes values('6830', '350', '2', 'Spring', 2005, 'B-');
insert into takes values('69125', '711', '2', 'Spring', 2009, 'C ');
insert into takes values('86753', '573', '3', 'Spring', 2007, 'C+');
insert into takes values('58993', '690', '1', 'Fall', 2003, 'A+');
insert into takes values('16706', '185', '1', 'Spring', 2006, 'B+');
insert into takes values('46172', '687', '3', 'Spring', 2003, 'B ');
insert into takes values('67323', '350', '1', 'Spring', 2006, 'A-');
insert into takes values('74283', '134', '2', 'Fall', 2009, 'A+');
insert into takes values('30293', '883', '5', 'Fall', 2006, 'A ');
insert into takes values('89239', '887', '6', 'Spring', 2007, 'A-');
insert into takes values('98837', '487', '3', 'Fall', 2003, 'A+');
insert into takes values('49801', '350', '2', 'Spring', 2005, 'A+');
insert into takes values('76126', '294', '4', 'Fall', 2009, 'A ');
insert into takes values('85977', '724', '2', 'Spring', 2009, 'C-');
insert into takes values('83251', '690', '1', 'Fall', 2003, 'A+');
insert into takes values('91451', '829', '1', 'Spring', 2005, 'A ');
insert into takes values('58993', '550', '1', 'Fall', 2006, 'C+');
insert into takes values('34084', '578', '3', 'Fall', 2007, 'C-');
insert into takes values('53840', '155', '1', 'Fall', 2003, 'A-');
insert into takes values('38688', '242', '2', 'Spring', 2007, 'B ');
insert into takes values('96535', '225', '2', 'Spring', 2003, 'C-');
insert into takes values('4799', '486', '3', 'Spring', 2005, 'B ');
insert into takes values('15737', '887', '6', 'Spring', 2007, 'B ');
insert into takes values('60063', '856', '4', 'Spring', 2008, 'A-');
insert into takes values('31171', '832', '5', 'Spring', 2002, 'B+');
insert into takes values('48017', '294', '5', 'Spring', 2004, 'C ');
insert into takes values('26439', '578', '3', 'Fall', 2007, 'A-');
insert into takes values('3905', '535', '2', 'Spring', 2003, 'C-');
insert into takes values('22253', '747', '1', 'Spring', 2004, 'B-');
insert into takes values('87794', '648', '2', 'Fall', 2008, 'B-');
insert into takes values('22457', '316', '1', 'Spring', 2007, 'A+');
insert into takes values('14207', '210', '4', 'Spring', 2003, 'B+');
insert into takes values('68543', '106', '2', 'Spring', 2010, 'C-');
insert into takes values('48017', '461', '1', 'Spring', 2001, 'A-');
insert into takes values('44888', '351', '1', 'Spring', 2002, 'C+');
insert into advisor values('86587', '83371');
insert into advisor values('57786', '97689');
insert into advisor values('41084', '85373');
insert into advisor values('20342', '83371');
insert into advisor values('14319', '55794');
insert into advisor values('39026', '49312');
insert into advisor values('32798', '48221');
insert into advisor values('67323', '51093');
insert into advisor values('22344', '74489');
insert into advisor values('53840', '83371');
insert into advisor values('91451', '9833');
insert into advisor values('50304', '99587');
insert into advisor values('95959', '26830');
insert into advisor values('9196', '49312');
insert into advisor values('58993', '44724');
insert into advisor values('89387', '536');
insert into advisor values('1644', '85373');
insert into advisor values('31393', '9833');
insert into advisor values('70529', '13740');
insert into advisor values('67302', '79112');
insert into advisor values('11096', '32538');
insert into advisor values('67460', '98237');
insert into advisor values('89612', '55794');
insert into advisor values('27033', '94157');
insert into advisor values('74283', '5613');
insert into advisor values('79921', '5613');
insert into advisor values('97971', '1301');
insert into advisor values('53164', '96574');
insert into advisor values('10006', '81852');
insert into advisor values('27998', '32763');
insert into advisor values('10902', '83371');
insert into advisor values('49801', '32081');
insert into advisor values('91721', '79112');
insert into advisor values('23876', '5613');
insert into advisor values('98837', '28644');
insert into advisor values('36567', '3130');
insert into advisor values('59060', '63853');
insert into advisor values('86364', '51297');
insert into advisor values('80977', '32763');
insert into advisor values('4799', '37305');
insert into advisor values('21801', '5613');
insert into advisor values('350', '634');
insert into advisor values('7659', '34413');
insert into advisor values('29962', '49312');
insert into advisor values('44888', '49949');
insert into advisor values('66372', '3053');
insert into advisor values('26594', '96574');
insert into advisor values('38688', '97689');
insert into advisor values('43216', '29380');
insert into advisor values('90500', '29380');
insert into advisor values('73240', '28644');
insert into advisor values('72073', '21448');
insert into advisor values('94596', '65739');
insert into advisor values('22457', '78149');
insert into advisor values('22253', '74489');
insert into advisor values('30735', '62891');
insert into advisor values('45186', '55794');
insert into advisor values('15737', '97689');
insert into advisor values('16706', '26830');
insert into advisor values('21561', '32538');
insert into advisor values('39421', '44724');
insert into advisor values('14207', '74489');
insert into advisor values('82774', '90845');
insert into advisor values('64304', '65739');
insert into advisor values('6883', '1301');
insert into advisor values('24162', '32081');
insert into advisor values('92171', '33225');
insert into advisor values('39901', '9833');
insert into advisor values('29030', '97815');
insert into advisor values('40155', '3130');
insert into advisor values('72801', '28644');
insert into advisor values('42119', '13740');
insert into advisor values('96535', '32763');
insert into advisor values('72578', '44724');
insert into advisor values('17016', '51297');
insert into advisor values('92729', '85373');
insert into advisor values('69125', '58633');
insert into advisor values('70767', '1301');
insert into advisor values('48017', '44724');
insert into advisor values('23609', '1301');
insert into advisor values('86753', '9833');
insert into advisor values('31453', '1301');
insert into advisor values('37485', '63853');
insert into advisor values('24049', '58874');
insert into advisor values('46172', '32763');
insert into advisor values('60834', '78149');
insert into advisor values('76811', '37305');
insert into advisor values('38729', '78149');
insert into advisor values('54950', '51297');
insert into advisor values('89239', '74489');
insert into advisor values('14829', '99587');
insert into advisor values('47018', '13740');
insert into advisor values('59088', '65739');
insert into advisor values('46581', '13046');
insert into advisor values('11891', '58633');
insert into advisor values('58460', '98237');
insert into advisor values('14442', '63853');
insert into advisor values('59508', '3130');
insert into advisor values('95837', '9833');
insert into advisor values('76775', '49312');
insert into advisor values('85221', '49949');
insert into advisor values('174', '94157');
insert into advisor values('76940', '32763');
insert into advisor values('58132', '96574');
insert into advisor values('85361', '21448');
insert into advisor values('54745', '77052');
insert into advisor values('3905', '51297');
insert into advisor values('61612', '34413');
insert into advisor values('55167', '13046');
insert into advisor values('89072', '536');
insert into advisor values('34044', '1301');
insert into advisor values('19191', '62891');
insert into advisor values('76126', '20088');
insert into advisor values('97545', '5613');
insert into advisor values('16381', '29380');
insert into advisor values('39838', '74489');
insert into advisor values('45537', '9833');
insert into advisor values('60063', '32081');
insert into advisor values('17093', '81852');
insert into advisor values('42024', '13046');
insert into advisor values('21079', '79112');
insert into advisor values('63881', '13046');
insert into advisor values('25973', '56870');
insert into advisor values('11328', '79112');
insert into advisor values('29616', '49312');
insert into advisor values('75327', '28644');
insert into advisor values('80556', '65739');
insert into advisor values('29932', '26830');
insert into advisor values('30558', '97815');
insert into advisor values('80123', '32763');
insert into advisor values('57612', '85373');
insert into advisor values('85718', '96574');
insert into advisor values('33259', '33225');
insert into advisor values('38796', '49312');
insert into advisor values('38047', '634');
insert into advisor values('63193', '536');
insert into advisor values('92196', '13046');
insert into advisor values('34084', '65739');
insert into advisor values('40581', '85373');
insert into advisor values('22243', '56870');
insert into advisor values('14326', '49949');
insert into advisor values('75672', '90845');
insert into advisor values('72244', '94157');
insert into advisor values('70540', '9833');
insert into advisor values('26439', '634');
insert into advisor values('30293', '99587');
insert into advisor values('96257', '26830');
insert into advisor values('87794', '56870');
insert into advisor values('70333', '51093');
insert into advisor values('779', '65708');
insert into advisor values('31171', '3130');
insert into advisor values('26483', '51093');
insert into advisor values('7968', '56870');
insert into advisor values('3240', '29380');
insert into advisor values('79536', '51297');
insert into advisor values('36815', '13740');
insert into advisor values('61942', '81852');
insert into advisor values('35866', '13046');
insert into advisor values('31040', '51297');
insert into advisor values('61571', '536');
insert into advisor values('18597', '21448');
insert into advisor values('31696', '3130');
insert into advisor values('41544', '48221');
insert into advisor values('33999', '37305');
insert into advisor values('77492', '1301');
insert into advisor values('44153', '3130');
insert into advisor values('68543', '34413');
insert into advisor values('57648', '63853');
insert into advisor values('3785', '65739');
insert into advisor values('95746', '97815');
insert into advisor values('55355', '98237');
insert into advisor values('6661', '26830');
insert into advisor values('70731', '97689');
insert into advisor values('66107', '51093');
insert into advisor values('57460', '49949');
insert into advisor values('85485', '49949');
insert into advisor values('39712', '37645');
insert into advisor values('24274', '26830');
insert into advisor values('74047', '62891');
insert into advisor values('26438', '79112');
insert into advisor values('14383', '21448');
insert into advisor values('39573', '98237');
insert into advisor values('5556', '99587');
insert into advisor values('5935', '634');
insert into advisor values('32382', '83371');
insert into advisor values('83251', '536');
insert into advisor values('21959', '49312');
insert into advisor values('21638', '97806');
insert into advisor values('9492', '65708');
insert into advisor values('31610', '97815');
insert into advisor values('42769', '44724');
insert into advisor values('58186', '65739');
insert into advisor values('45303', '536');
insert into advisor values('42874', '20088');
insert into advisor values('35208', '37305');
insert into advisor values('85977', '1301');
insert into advisor values('6830', '32538');
insert into advisor values('21983', '97689');
insert into advisor values('55105', '99587');
insert into advisor values('76945', '85373');
insert into prereq values('380', '796');
insert into prereq values('245', '450');
insert into prereq values('981', '392');
insert into prereq values('471', '692');
insert into prereq values('187', '887');
insert into prereq values('619', '108');
insert into prereq values('380', '472');
insert into prereq values('350', '249');
insert into prereq values('471', '245');
insert into prereq values('126', '857');
insert into prereq values('210', '267');
insert into prereq values('679', '974');
insert into prereq values('879', '220');
insert into prereq values('610', '140');
insert into prereq values('711', '113');
insert into prereq values('142', '378');
insert into prereq values('521', '332');
insert into prereq values('693', '210');
insert into prereq values('695', '173');
insert into prereq values('461', '315');
insert into prereq values('875', '414');
insert into prereq values('875', '267');
insert into prereq values('267', '832');
insert into prereq values('242', '223');
insert into prereq values('553', '914');
insert into prereq values('644', '318');
insert into prereq values('638', '118');
insert into prereq values('915', '228');
insert into prereq values('836', '694');
insert into prereq values('897', '784');
insert into prereq values('271', '914');
insert into prereq values('794', '106');
insert into prereq values('598', '167');
insert into prereq values('417', '874');
insert into prereq values('606', '468');
insert into prereq values('849', '832');
insert into prereq values('490', '812');
insert into prereq values('283', '610');
insert into prereq values('108', '892');
insert into prereq values('888', '781');
insert into prereq values('628', '225');
insert into prereq values('373', '874');
insert into prereq values('249', '956');
insert into prereq values('940', '784');
insert into prereq values('883', '794');
insert into prereq values('573', '140');
insert into prereq values('952', '559');
insert into prereq values('104', '711');
insert into prereq values('856', '812');
insert into prereq values('751', '318');
insert into prereq values('794', '911');
insert into prereq values('672', '262');
insert into prereq values('167', '185');
insert into prereq values('449', '956');
insert into prereq values('878', '878');
insert into prereq values('887', '185');
insert into prereq values('914', '339');
insert into prereq values('594', '228');
insert into prereq values('829', '108');
insert into prereq values('747', '444');
insert into prereq values('215', '711');
insert into prereq values('870', '105');
insert into prereq values('402', '751');
insert into prereq values('628', '486');
insert into prereq values('942', '486');
insert into prereq values('375', '185');
insert into prereq values('349', '794');
insert into prereq values('339', '592');
insert into prereq values('550', '915');
insert into prereq values('223', '550');
insert into prereq values('776', '298');
insert into prereq values('320', '647');
insert into prereq values('284', '888');
insert into prereq values('753', '231');
insert into prereq values('438', '644');
insert into prereq values('881', '981');
insert into prereq values('816', '628');
insert into prereq values('379', '283');
insert into prereq values('687', '267');
insert into prereq values('922', '142');
insert into prereq values('790', '349');
insert into prereq values('185', '784');
insert into prereq values('822', '786');
insert into prereq values('581', '724');
insert into prereq values('942', '380');
insert into prereq values('468', '628');
insert into prereq values('490', '233');
insert into prereq values('339', '271');
insert into prereq values('373', '763');
insert into prereq values('592', '345');
insert into prereq values('974', '351');
insert into prereq values('583', '450');
insert into prereq values('690', '583');
insert into prereq values('411', '578');
insert into prereq values('695', '152');
insert into prereq values('521', '644');
insert into prereq values('402', '351');
insert into prereq values('888', '463');
insert into prereq values('892', '790');
insert into prereq values('250', '553');
