insert into classroom values('D', 338, 35);
insert into classroom values('F', 423, 121);
insert into classroom values('C', 598, 11);
insert into classroom values('D', 951, 12);
insert into classroom values('E', 869, 18);
insert into classroom values('H', 284, 12);
insert into classroom values('B', 453, 28);
insert into classroom values('B', 711, 24);
insert into classroom values('A', 388, 191);
insert into classroom values('B', 157, 14);
insert into department values('HH', 'D', 543293.47);
insert into department values('BN', 'I', 159075.52);
insert into department values('WW', 'A', 801096.12);
insert into department values('DE', 'G', 309480.00);
insert into department values('GT', 'I', 493955.83);
insert into department values('SS', 'B', 810803.97);
insert into department values('MT', 'E', 137278.66);
insert into department values('RQ', 'I', 625102.61);
insert into department values('DF', 'I', 37610.61);
insert into department values('ED', 'D', 695733.03);
insert into course values('434', 'IF3031', 'HH', 3);
insert into course values('166', 'IF3120', 'WW', 4);
insert into course values('236', 'IF4041', 'SS', 4);
insert into course values('218', 'IF4041', 'SS', 3);
insert into course values('140', 'IF3022', 'RQ', 4);
insert into course values('293', 'IF3030', 'MT', 4);
insert into course values('654', 'IF3030', 'GT', 4);
insert into course values('300', 'IF0230', 'HH', 3);
insert into course values('200', 'IF3022', 'GT', 4);
insert into course values('522', 'IF3120', 'RQ', 4);
insert into course values('647', 'IF3211', 'SS', 4);
insert into course values('386', 'IF3030', 'DE', 3);
insert into course values('840', 'IF4041', 'MT', 3);
insert into course values('704', 'IF4321', 'ED', 3);
insert into course values('234', 'IF4321', 'DE', 3);
insert into course values('864', 'IF4041', 'WW', 4);
insert into course values('355', 'IF3333', 'BN', 4);
insert into course values('786', 'IF0230', 'RQ', 4);
insert into course values('865', 'IF4321', 'WW', 3);
insert into course values('956', 'IF0230', 'MT', 4);
insert into course values('710', 'IF0230', 'SS', 4);
insert into course values('145', 'IF3120', 'RQ', 4);
insert into course values('508', 'IF4321', 'SS', 3);
insert into course values('373', 'IF4041', 'BN', 4);
insert into course values('661', 'IF4041', 'RQ', 3);
insert into course values('291', 'IF3120', 'GT', 4);
insert into course values('789', 'IF4321', 'WW', 4);
insert into course values('149', 'IF3211', 'DE', 3);
insert into course values('960', 'IF3211', 'ED', 3);
insert into course values('715', 'IF3211', 'DF', 3);
insert into course values('132', 'IF3333', 'WW', 4);
insert into course values('467', 'IF4321', 'ED', 3);
insert into course values('349', 'IF3031', 'SS', 4);
insert into course values('544', 'IF3031', 'DE', 4);
insert into course values('417', 'IF5555', 'SS', 3);
insert into course values('395', 'IF0230', 'SS', 4);
insert into course values('619', 'IF3031', 'MT', 4);
insert into course values('662', 'IF3333', 'DF', 3);
insert into course values('338', 'IF3211', 'WW', 3);
insert into course values('530', 'IF4041', 'ED', 4);
insert into course values('213', 'IF3022', 'RQ', 4);
insert into course values('971', 'IF4041', 'MT', 4);
insert into course values('487', 'IF5555', 'WW', 3);
insert into course values('594', 'IF5555', 'ED', 4);
insert into course values('219', 'IF3211', 'DE', 4);
insert into course values('964', 'IF0230', 'WW', 3);
insert into course values('273', 'IF4321', 'ED', 3);
insert into course values('222', 'IF4321', 'HH', 3);
insert into course values('161', 'IF3120', 'DF', 3);
insert into course values('372', 'IF4041', 'SS', 4);
insert into course values('804', 'IF3031', 'GT', 3);
insert into course values('870', 'IF3022', 'GT', 3);
insert into course values('825', 'IF3333', 'ED', 3);
insert into course values('286', 'IF4321', 'WW', 4);
insert into course values('788', 'IF3211', 'HH', 3);
insert into course values('755', 'IF4321', 'GT', 4);
insert into course values('279', 'IF4321', 'RQ', 3);
insert into course values('666', 'IF4321', 'ED', 3);
insert into course values('657', 'IF3211', 'RQ', 4);
insert into course values('782', 'IF0230', 'DE', 3);
insert into course values('187', 'IF3211', 'DF', 3);
insert into course values('365', 'IF3022', 'HH', 4);
insert into course values('493', 'IF3022', 'HH', 4);
insert into course values('861', 'IF3120', 'DE', 4);
insert into course values('616', 'IF3030', 'DE', 4);
insert into course values('500', 'IF3120', 'MT', 4);
insert into course values('400', 'IF3022', 'MT', 4);
insert into course values('969', 'IF3031', 'ED', 3);
insert into course values('277', 'IF3333', 'WW', 4);
insert into course values('582', 'IF0230', 'DF', 4);
insert into course values('536', 'IF3031', 'HH', 4);
insert into course values('746', 'IF3333', 'BN', 3);
insert into course values('399', 'IF3022', 'RQ', 3);
insert into course values('767', 'IF3031', 'DE', 3);
insert into course values('420', 'IF3120', 'BN', 4);
insert into course values('966', 'IF4321', 'RQ', 4);
insert into course values('266', 'IF3333', 'HH', 4);
insert into course values('486', 'IF3030', 'HH', 4);
insert into course values('306', 'IF0230', 'BN', 3);
insert into course values('807', 'IF3333', 'SS', 4);
insert into course values('407', 'IF5555', 'HH', 3);
insert into course values('322', 'IF3120', 'SS', 4);
insert into course values('863', 'IF3030', 'HH', 3);
insert into course values('184', 'IF4321', 'DE', 4);
insert into course values('520', 'IF3333', 'BN', 4);
insert into course values('889', 'IF3022', 'HH', 4);
insert into course values('716', 'IF3031', 'DF', 3);
insert into course values('374', 'IF4321', 'MT', 4);
insert into course values('348', 'IF3333', 'HH', 3);
insert into course values('393', 'IF5555', 'DE', 4);
insert into course values('649', 'IF3120', 'GT', 4);
insert into course values('792', 'IF0230', 'SS', 4);
insert into course values('192', 'IF3333', 'MT', 3);
insert into course values('165', 'IF0230', 'RQ', 3);
insert into course values('569', 'IF3031', 'DE', 4);
insert into course values('538', 'IF3120', 'ED', 3);
insert into course values('596', 'IF3211', 'GT', 3);
insert into course values('310', 'IF4041', 'GT', 3);
insert into course values('523', 'IF4041', 'SS', 4);
insert into course values('554', 'IF0230', 'DE', 3);
insert into course values('527', 'IF3022', 'MT', 3);
insert into course values('316', 'IF4041', 'SS', 3);
insert into course values('886', 'IF0230', 'ED', 3);
insert into course values('685', 'IF4041', 'HH', 4);
insert into course values('845', 'IF0230', 'WW', 4);
insert into course values('440', 'IF3030', 'MT', 3);
insert into course values('217', 'IF3022', 'RQ', 3);
insert into course values('855', 'IF3333', 'DF', 4);
insert into course values('829', 'IF3030', 'BN', 3);
insert into course values('413', 'IF5555', 'RQ', 4);
insert into course values('732', 'IF3022', 'ED', 3);
insert into course values('299', 'IF5555', 'SS', 4);
insert into course values('346', 'IF3031', 'SS', 4);
insert into course values('572', 'IF3022', 'MT', 3);
insert into course values('491', 'IF3031', 'HH', 3);
insert into course values('543', 'IF3211', 'DE', 3);
insert into course values('592', 'IF3022', 'RQ', 3);
insert into course values('874', 'IF3022', 'DF', 4);
insert into course values('721', 'IF0230', 'MT', 3);
insert into course values('758', 'IF3120', 'DE', 4);
insert into course values('398', 'IF3333', 'WW', 3);
insert into course values('856', 'IF3031', 'GT', 4);
insert into course values('879', 'IF0230', 'GT', 4);
insert into course values('180', 'IF3030', 'GT', 3);
insert into course values('762', 'IF3333', 'HH', 4);
insert into course values('903', 'IF3031', 'GT', 3);
insert into course values('494', 'IF3030', 'DE', 3);
insert into course values('123', 'IF0230', 'DF', 3);
insert into course values('636', 'IF4321', 'DE', 4);
insert into course values('162', 'IF0230', 'SS', 3);
insert into course values('586', 'IF3022', 'HH', 4);
insert into course values('944', 'IF4041', 'BN', 4);
insert into course values('999', 'IF4041', 'BN', 3);
insert into course values('686', 'IF4321', 'ED', 4);
insert into course values('909', 'IF3333', 'RQ', 3);
insert into course values('361', 'IF4321', 'WW', 4);
insert into course values('998', 'IF3120', 'WW', 3);
insert into course values('469', 'IF4321', 'SS', 3);
insert into course values('793', 'IF3333', 'SS', 3);
insert into course values('811', 'IF4321', 'BN', 3);
insert into course values('621', 'IF3211', 'SS', 4);
insert into course values('858', 'IF3211', 'SS', 4);
insert into course values('799', 'IF5555', 'SS', 3);
insert into course values('585', 'IF0230', 'DE', 3);
insert into course values('660', 'IF3022', 'DF', 3);
insert into course values('958', 'IF3031', 'GT', 4);
insert into course values('915', 'IF0230', 'MT', 4);
insert into course values('358', 'IF0230', 'MT', 4);
insert into course values('580', 'IF5555', 'MT', 4);
insert into course values('653', 'IF0230', 'GT', 3);
insert into course values('381', 'IF3031', 'GT', 3);
insert into course values('352', 'IF5555', 'RQ', 4);
insert into course values('646', 'IF4041', 'BN', 3);
insert into course values('229', 'IF4321', 'DF', 3);
insert into course values('906', 'IF3022', 'BN', 3);
insert into course values('835', 'IF3031', 'DF', 3);
insert into course values('839', 'IF3211', 'GT', 4);
insert into course values('209', 'IF4321', 'SS', 4);
insert into course values('900', 'IF4321', 'GT', 3);
insert into course values('370', 'IF0230', 'DE', 3);
insert into course values('436', 'IF3211', 'BN', 4);
insert into course values('497', 'IF3022', 'DE', 3);
insert into course values('127', 'IF0230', 'DF', 4);
insert into course values('611', 'IF4321', 'BN', 3);
insert into course values('178', 'IF5555', 'SS', 4);
insert into course values('576', 'IF3333', 'DF', 4);
insert into course values('129', 'IF3333', 'ED', 4);
insert into course values('196', 'IF3120', 'RQ', 3);
insert into course values('454', 'IF3022', 'ED', 3);
insert into course values('408', 'IF4041', 'DE', 3);
insert into course values('808', 'IF3022', 'DE', 3);
insert into course values('512', 'IF3030', 'DE', 3);
insert into course values('854', 'IF3022', 'MT', 3);
insert into course values('160', 'IF3031', 'SS', 3);
insert into course values('257', 'IF4041', 'DE', 4);
insert into course values('866', 'IF5555', 'BN', 3);
insert into course values('727', 'IF3333', 'BN', 4);
insert into course values('120', 'IF4321', 'GT', 3);
insert into course values('876', 'IF3120', 'DF', 3);
insert into course values('795', 'IF3211', 'DE', 3);
insert into course values('173', 'IF0230', 'MT', 4);
insert into course values('287', 'IF3211', 'HH', 3);
insert into course values('303', 'IF3031', 'SS', 4);
insert into course values('382', 'IF3333', 'DF', 4);
insert into course values('515', 'IF3211', 'SS', 3);
insert into course values('985', 'IF3211', 'GT', 4);
insert into course values('608', 'IF0230', 'DF', 4);
insert into course values('919', 'IF3030', 'SS', 3);
insert into course values('614', 'IF3211', 'RQ', 4);
insert into course values('926', 'IF0230', 'GT', 3);
insert into course values('962', 'IF3031', 'BN', 4);
insert into course values('274', 'IF3333', 'HH', 3);
insert into course values('312', 'IF4041', 'ED', 3);
insert into course values('600', 'IF4041', 'GT', 4);
insert into course values('387', 'IF0230', 'SS', 3);
insert into course values('772', 'IF3211', 'RQ', 4);
insert into course values('917', 'IF3211', 'RQ', 4);
insert into course values('168', 'IF5555', 'MT', 3);
insert into course values('940', 'IF3120', 'RQ', 4);
insert into course values('754', 'IF3031', 'DF', 4);
insert into instructor values('60647', 'Josu', 'MT', 127941.93);
insert into instructor values('54096', 'rahmat', 'DF', 112310.26);
insert into instructor values('309', 'Budi', 'WW', 91121.29);
insert into instructor values('7756', 'Kiki', 'ED', 97576.89);
insert into instructor values('30338', 'yuyun', 'DF', 64803.71);
insert into instructor values('85995', 'Adri', 'DE', 82639.91);
insert into instructor values('7178', 'Kiki', 'SS', 92107.09);
insert into instructor values('42456', 'Budi', 'ED', 119349.06);
insert into instructor values('21141', 'Kiki', 'SS', 128489.90);
insert into instructor values('35816', 'Josu', 'RQ', 43948.48);
insert into instructor values('16053', 'Ande', 'SS', 87812.54);
insert into instructor values('30490', 'Johan', 'HH', 91550.76);
insert into instructor values('85349', 'Kiki', 'ED', 57317.22);
insert into instructor values('30678', 'Budi', 'MT', 60134.39);
insert into instructor values('8108', 'Kiki', 'DF', 35143.08);
insert into instructor values('34063', 'Adri', 'WW', 84760.72);
insert into instructor values('33146', 'Yohan', 'GT', 58933.91);
insert into instructor values('74915', 'Ande', 'MT', 111711.02);
insert into instructor values('72872', 'Ande', 'DE', 62162.95);
insert into instructor values('12791', 'Ande', 'ED', 94372.71);
insert into instructor values('63834', 'rahmat', 'BN', 115990.02);
insert into instructor values('18717', 'Budi', 'ED', 67957.94);
insert into instructor values('56925', 'yuyun', 'DF', 88783.19);
insert into instructor values('82319', 'Ahmad', 'ED', 98516.50);
insert into instructor values('80010', 'Ande', 'ED', 82878.21);
insert into instructor values('4019', 'Budi', 'SS', 43209.16);
insert into instructor values('57891', 'Josu', 'RQ', 88715.48);
insert into instructor values('67383', 'Ande', 'GT', 103436.04);
insert into instructor values('59635', 'Kiki', 'MT', 30185.79);
insert into instructor values('65363', 'Adri', 'SS', 100169.00);
insert into instructor values('816', 'rahmat', 'MT', 61832.41);
insert into instructor values('8076', 'Ande', 'BN', 51715.58);
insert into instructor values('378', 'Ande', 'GT', 118498.46);
insert into instructor values('68972', 'yuyun', 'ED', 88146.08);
insert into instructor values('36443', 'Johan', 'DE', 111074.99);
insert into instructor values('28909', 'Ahmad', 'GT', 93744.29);
insert into instructor values('98310', 'Yohan', 'RQ', 108196.60);
insert into instructor values('29709', 'Adri', 'BN', 29096.21);
insert into instructor values('91257', 'Budi', 'WW', 43047.78);
insert into instructor values('24089', 'yuyun', 'RQ', 47810.06);
insert into instructor values('37277', 'Budi', 'RQ', 36884.55);
insert into instructor values('83812', 'yuyun', 'HH', 89364.78);
insert into instructor values('59426', 'Kiki', 'DF', 36442.50);
insert into instructor values('55694', 'Adri', 'RQ', 99213.07);
insert into instructor values('23654', 'Ahmad', 'ED', 121093.58);
insert into instructor values('7711', 'Yohan', 'WW', 100019.13);
insert into instructor values('13996', 'Ahmad', 'ED', 47430.54);
insert into instructor values('60010', 'Ahmad', 'WW', 113789.73);
insert into instructor values('37479', 'Johan', 'WW', 63899.18);
insert into instructor values('59245', 'Budi', 'DF', 113661.75);
insert into section values('962', '1', 'Spring', 2004, 'B', '453', 'D');
insert into section values('196', '1', 'Spring', 2006, 'H', '284', 'K');
insert into section values('129', '1', 'Spring', 2001, 'B', '711', 'H');
insert into section values('399', '1', 'Fall', 2008, 'B', '453', 'L');
insert into section values('160', '1', 'Spring', 2009, 'B', '711', 'A');
insert into section values('793', '1', 'Spring', 2006, 'A', '388', 'A');
insert into section values('530', '1', 'Spring', 2001, 'D', '338', 'C');
insert into section values('348', '1', 'Spring', 2004, 'H', '284', 'A');
insert into section values('293', '1', 'Fall', 2005, 'D', '338', 'C');
insert into section values('400', '1', 'Fall', 2006, 'D', '951', 'O');
insert into section values('180', '1', 'Fall', 2002, 'F', '423', 'M');
insert into section values('956', '1', 'Spring', 2004, 'D', '338', 'E');
insert into section values('266', '1', 'Fall', 2003, 'B', '157', 'N');
insert into section values('355', '1', 'Fall', 2007, 'B', '711', 'M');
insert into section values('140', '1', 'Fall', 2004, 'A', '388', 'J');
insert into section values('649', '1', 'Spring', 2005, 'B', '453', 'H');
insert into section values('543', '1', 'Fall', 2009, 'D', '951', 'B');
insert into section values('166', '1', 'Fall', 2010, 'B', '157', 'G');
insert into section values('398', '1', 'Spring', 2003, 'D', '951', 'I');
insert into section values('592', '1', 'Fall', 2009, 'B', '157', 'H');
insert into section values('178', '1', 'Fall', 2006, 'B', '157', 'O');
insert into section values('608', '1', 'Fall', 2003, 'D', '338', 'L');
insert into section values('352', '1', 'Fall', 2007, 'B', '453', 'L');
insert into section values('576', '1', 'Spring', 2005, 'B', '453', 'B');
insert into section values('900', '1', 'Fall', 2009, 'F', '423', 'D');
insert into section values('657', '1', 'Spring', 2008, 'C', '598', 'D');
insert into section values('222', '1', 'Spring', 2009, 'F', '423', 'H');
insert into section values('732', '1', 'Fall', 2005, 'E', '869', 'M');
insert into section values('799', '1', 'Fall', 2001, 'B', '711', 'E');
insert into section values('306', '1', 'Fall', 2004, 'D', '951', 'C');
insert into section values('306', '2', 'Fall', 2010, 'E', '869', 'M');
insert into section values('870', '1', 'Fall', 2009, 'H', '284', 'A');
insert into section values('829', '1', 'Fall', 2004, 'C', '598', 'C');
insert into section values('132', '1', 'Spring', 2006, 'C', '598', 'J');
insert into section values('944', '1', 'Spring', 2002, 'B', '453', 'A');
insert into section values('657', '2', 'Fall', 2005, 'H', '284', 'O');
insert into section values('788', '1', 'Fall', 2009, 'F', '423', 'C');
insert into section values('306', '3', 'Spring', 2006, 'D', '951', 'F');
insert into section values('500', '1', 'Fall', 2003, 'F', '423', 'I');
insert into section values('660', '1', 'Spring', 2010, 'E', '869', 'O');
insert into section values('145', '1', 'Fall', 2008, 'E', '869', 'A');
insert into section values('861', '1', 'Spring', 2001, 'B', '453', 'M');
insert into section values('399', '2', 'Spring', 2010, 'H', '284', 'C');
insert into section values('732', '2', 'Spring', 2009, 'B', '711', 'H');
insert into section values('400', '2', 'Fall', 2009, 'D', '338', 'A');
insert into section values('653', '1', 'Spring', 2005, 'H', '284', 'N');
insert into section values('120', '1', 'Fall', 2002, 'D', '951', 'F');
insert into section values('523', '1', 'Fall', 2002, 'D', '338', 'A');
insert into section values('140', '2', 'Fall', 2002, 'C', '598', 'H');
insert into section values('487', '1', 'Spring', 2003, 'C', '598', 'F');
insert into section values('732', '3', 'Spring', 2009, 'F', '423', 'A');
insert into section values('600', '1', 'Fall', 2007, 'D', '951', 'P');
insert into section values('291', '1', 'Fall', 2008, 'E', '869', 'F');
insert into section values('434', '1', 'Spring', 2009, 'B', '453', 'P');
insert into section values('619', '1', 'Spring', 2009, 'C', '598', 'N');
insert into section values('279', '1', 'Fall', 2007, 'D', '951', 'B');
insert into section values('508', '1', 'Fall', 2002, 'A', '388', 'F');
insert into section values('145', '2', 'Spring', 2003, 'B', '711', 'M');
insert into section values('381', '1', 'Fall', 2009, 'B', '711', 'B');
insert into section values('523', '2', 'Fall', 2001, 'C', '598', 'D');
insert into section values('825', '1', 'Fall', 2009, 'F', '423', 'H');
insert into section values('196', '2', 'Spring', 2008, 'C', '598', 'C');
insert into section values('799', '2', 'Fall', 2001, 'F', '423', 'L');
insert into section values('839', '1', 'Fall', 2004, 'E', '869', 'F');
insert into section values('162', '1', 'Spring', 2010, 'A', '388', 'P');
insert into section values('222', '2', 'Fall', 2003, 'B', '453', 'B');
insert into section values('649', '2', 'Fall', 2002, 'B', '711', 'K');
insert into section values('721', '1', 'Fall', 2004, 'B', '157', 'D');
insert into section values('407', '1', 'Fall', 2002, 'B', '453', 'L');
insert into section values('218', '1', 'Fall', 2004, 'D', '338', 'A');
insert into section values('229', '1', 'Fall', 2006, 'E', '869', 'G');
insert into section values('358', '1', 'Fall', 2007, 'B', '711', 'K');
insert into section values('799', '3', 'Fall', 2005, 'H', '284', 'G');
insert into section values('715', '1', 'Fall', 2009, 'B', '157', 'B');
insert into section values('856', '1', 'Spring', 2006, 'A', '388', 'A');
insert into section values('399', '3', 'Fall', 2003, 'B', '453', 'G');
insert into section values('217', '1', 'Fall', 2009, 'F', '423', 'H');
insert into section values('758', '1', 'Spring', 2002, 'A', '388', 'M');
insert into section values('273', '1', 'Fall', 2007, 'E', '869', 'N');
insert into section values('600', '2', 'Spring', 2001, 'D', '951', 'J');
insert into section values('373', '1', 'Spring', 2008, 'D', '338', 'F');
insert into section values('660', '2', 'Fall', 2006, 'A', '388', 'K');
insert into section values('291', '2', 'Fall', 2001, 'H', '284', 'M');
insert into section values('646', '1', 'Fall', 2008, 'A', '388', 'M');
insert into section values('958', '1', 'Spring', 2008, 'D', '338', 'A');
insert into section values('162', '2', 'Spring', 2009, 'F', '423', 'B');
insert into section values('127', '1', 'Fall', 2003, 'E', '869', 'H');
insert into section values('348', '2', 'Spring', 2005, 'H', '284', 'D');
insert into section values('600', '3', 'Spring', 2007, 'A', '388', 'C');
insert into section values('393', '1', 'Spring', 2003, 'B', '711', 'O');
insert into section values('487', '2', 'Fall', 2005, 'C', '598', 'H');
insert into section values('732', '4', 'Fall', 2003, 'C', '598', 'K');
insert into section values('494', '1', 'Spring', 2003, 'A', '388', 'N');
insert into section values('213', '1', 'Spring', 2007, 'B', '157', 'H');
insert into section values('789', '1', 'Fall', 2002, 'D', '338', 'O');
insert into section values('222', '3', 'Spring', 2003, 'B', '453', 'I');
insert into section values('966', '1', 'Fall', 2004, 'D', '338', 'D');
insert into section values('382', '1', 'Fall', 2005, 'H', '284', 'E');
insert into section values('600', '4', 'Fall', 2004, 'E', '869', 'G');
insert into section values('715', '2', 'Fall', 2005, 'B', '453', 'O');
insert into section values('530', '2', 'Fall', 2009, 'B', '711', 'J');
insert into section values('964', '1', 'Spring', 2003, 'A', '388', 'F');
insert into section values('508', '2', 'Fall', 2007, 'D', '951', 'H');
insert into section values('926', '1', 'Spring', 2006, 'D', '951', 'G');
insert into section values('580', '1', 'Spring', 2009, 'B', '453', 'P');
insert into section values('145', '3', 'Spring', 2009, 'B', '453', 'O');
insert into section values('647', '1', 'Spring', 2003, 'A', '388', 'E');
insert into section values('180', '2', 'Spring', 2003, 'B', '453', 'E');
insert into section values('755', '1', 'Spring', 2003, 'B', '453', 'F');
insert into section values('358', '2', 'Fall', 2004, 'D', '951', 'H');
insert into section values('161', '1', 'Fall', 2005, 'A', '388', 'I');
insert into section values('145', '4', 'Spring', 2001, 'E', '869', 'K');
insert into section values('727', '1', 'Fall', 2002, 'B', '711', 'A');
insert into section values('361', '1', 'Spring', 2002, 'B', '157', 'I');
insert into section values('520', '1', 'Spring', 2002, 'B', '453', 'I');
insert into section values('715', '3', 'Spring', 2005, 'D', '338', 'K');
insert into section values('123', '1', 'Fall', 2001, 'A', '388', 'L');
insert into section values('666', '1', 'Spring', 2002, 'C', '598', 'L');
insert into section values('962', '2', 'Spring', 2004, 'E', '869', 'L');
insert into section values('312', '1', 'Fall', 2001, 'B', '157', 'B');
insert into section values('149', '1', 'Fall', 2010, 'C', '598', 'G');
insert into section values('358', '3', 'Fall', 2010, 'A', '388', 'E');
insert into section values('786', '1', 'Spring', 2009, 'E', '869', 'I');
insert into section values('160', '2', 'Spring', 2002, 'B', '711', 'N');
insert into section values('213', '2', 'Spring', 2009, 'A', '388', 'D');
insert into section values('710', '1', 'Spring', 2001, 'C', '598', 'I');
insert into section values('966', '2', 'Spring', 2001, 'D', '951', 'M');
insert into section values('291', '3', 'Spring', 2004, 'A', '388', 'N');
insert into section values('140', '3', 'Spring', 2008, 'B', '711', 'N');
insert into section values('985', '1', 'Spring', 2005, 'F', '423', 'F');
insert into section values('870', '2', 'Spring', 2001, 'B', '157', 'E');
insert into section values('686', '1', 'Fall', 2005, 'B', '157', 'E');
insert into section values('964', '2', 'Fall', 2010, 'E', '869', 'D');
insert into section values('538', '1', 'Fall', 2009, 'H', '284', 'M');
insert into section values('487', '3', 'Fall', 2002, 'D', '338', 'D');
insert into section values('523', '3', 'Spring', 2010, 'F', '423', 'P');
insert into section values('386', '1', 'Spring', 2010, 'H', '284', 'J');
insert into section values('960', '1', 'Spring', 2003, 'A', '388', 'H');
insert into section values('382', '2', 'Fall', 2004, 'B', '711', 'C');
insert into section values('944', '2', 'Spring', 2007, 'E', '869', 'H');
insert into section values('704', '1', 'Spring', 2004, 'D', '951', 'G');
insert into section values('964', '3', 'Spring', 2004, 'E', '869', 'E');
insert into section values('611', '1', 'Fall', 2009, 'B', '711', 'L');
insert into section values('322', '1', 'Fall', 2005, 'B', '453', 'F');
insert into section values('795', '1', 'Fall', 2002, 'B', '157', 'P');
insert into section values('440', '1', 'Spring', 2009, 'E', '869', 'I');
insert into section values('582', '1', 'Spring', 2010, 'B', '453', 'B');
insert into section values('287', '1', 'Fall', 2006, 'D', '338', 'E');
insert into section values('299', '1', 'Spring', 2008, 'B', '711', 'P');
insert into section values('543', '2', 'Fall', 2002, 'D', '951', 'L');
insert into section values('180', '3', 'Fall', 2009, 'B', '157', 'N');
insert into section values('234', '1', 'Fall', 2007, 'A', '388', 'G');
insert into section values('998', '1', 'Fall', 2005, 'D', '951', 'C');
insert into section values('576', '2', 'Fall', 2008, 'C', '598', 'P');
insert into section values('536', '1', 'Spring', 2002, 'D', '951', 'D');
insert into section values('219', '1', 'Spring', 2010, 'B', '453', 'O');
insert into section values('266', '2', 'Spring', 2001, 'B', '711', 'J');
insert into section values('120', '2', 'Fall', 2003, 'B', '711', 'J');
insert into section values('279', '2', 'Fall', 2010, 'D', '951', 'K');
insert into section values('192', '1', 'Fall', 2006, 'C', '598', 'L');
insert into section values('372', '1', 'Spring', 2006, 'B', '711', 'B');
insert into section values('786', '2', 'Spring', 2005, 'B', '157', 'I');
insert into section values('592', '2', 'Fall', 2009, 'C', '598', 'B');
insert into section values('789', '2', 'Spring', 2008, 'A', '388', 'C');
insert into section values('522', '1', 'Fall', 2002, 'D', '951', 'H');
insert into section values('300', '1', 'Spring', 2009, 'F', '423', 'I');
insert into section values('487', '4', 'Fall', 2004, 'B', '453', 'H');
insert into section values('686', '2', 'Fall', 2007, 'D', '951', 'M');
insert into section values('196', '3', 'Fall', 2004, 'D', '338', 'H');
insert into section values('382', '3', 'Fall', 2009, 'A', '388', 'J');
insert into section values('145', '5', 'Fall', 2003, 'B', '157', 'J');
insert into section values('686', '3', 'Fall', 2002, 'A', '388', 'O');
insert into section values('372', '2', 'Spring', 2006, 'E', '869', 'B');
insert into section values('310', '1', 'Fall', 2005, 'H', '284', 'G');
insert into section values('608', '2', 'Spring', 2006, 'D', '951', 'O');
insert into section values('229', '2', 'Spring', 2010, 'A', '388', 'M');
insert into section values('792', '1', 'Spring', 2008, 'C', '598', 'A');
insert into section values('266', '3', 'Spring', 2009, 'E', '869', 'K');
insert into section values('454', '1', 'Spring', 2005, 'D', '951', 'J');
insert into section values('184', '1', 'Fall', 2009, 'D', '951', 'B');
insert into section values('799', '4', 'Fall', 2008, 'B', '157', 'J');
insert into section values('653', '2', 'Fall', 2008, 'A', '388', 'L');
insert into section values('306', '4', 'Fall', 2008, 'B', '453', 'O');
insert into section values('704', '2', 'Spring', 2009, 'H', '284', 'O');
insert into section values('178', '2', 'Spring', 2007, 'B', '711', 'I');
insert into section values('889', '1', 'Spring', 2007, 'B', '711', 'M');
insert into section values('874', '1', 'Spring', 2004, 'B', '453', 'J');
insert into section values('654', '1', 'Fall', 2003, 'B', '711', 'M');
insert into section values('666', '2', 'Fall', 2001, 'A', '388', 'A');
insert into section values('544', '1', 'Spring', 2001, 'H', '284', 'M');
insert into section values('149', '2', 'Fall', 2008, 'B', '157', 'G');
insert into section values('168', '1', 'Fall', 2010, 'A', '388', 'L');
insert into section values('721', '2', 'Spring', 2002, 'C', '598', 'G');
insert into section values('829', '2', 'Spring', 2005, 'D', '338', 'B');
insert into section values('515', '1', 'Fall', 2001, 'B', '711', 'H');
insert into section values('123', '2', 'Fall', 2006, 'F', '423', 'A');
insert into section values('527', '1', 'Fall', 2003, 'F', '423', 'G');
insert into section values('222', '4', 'Spring', 2006, 'B', '453', 'G');
insert into section values('120', '3', 'Fall', 2009, 'B', '711', 'C');
insert into section values('854', '1', 'Spring', 2009, 'D', '338', 'K');
insert into teaches values('55694', '592', '1', 'Fall', 2009);
insert into teaches values('55694', '786', '1', 'Spring', 2009);
insert into teaches values('59245', '660', '1', 'Spring', 2010);
insert into teaches values('59245', '576', '2', 'Fall', 2008);
insert into teaches values('55694', '399', '3', 'Fall', 2003);
insert into teaches values('28909', '291', '3', 'Spring', 2004);
insert into teaches values('21141', '799', '3', 'Fall', 2005);
insert into teaches values('60010', '487', '3', 'Fall', 2002);
insert into teaches values('29709', '944', '2', 'Spring', 2007);
insert into teaches values('59426', '229', '2', 'Spring', 2010);
insert into teaches values('83812', '266', '2', 'Spring', 2001);
insert into teaches values('37479', '964', '2', 'Fall', 2010);
insert into teaches values('65363', '710', '1', 'Spring', 2001);
insert into teaches values('30490', '222', '2', 'Fall', 2003);
insert into teaches values('13996', '273', '1', 'Fall', 2007);
insert into teaches values('378', '900', '1', 'Fall', 2009);
insert into teaches values('28909', '839', '1', 'Fall', 2004);
insert into teaches values('13996', '732', '1', 'Fall', 2005);
insert into teaches values('36443', '393', '1', 'Spring', 2003);
insert into teaches values('65363', '322', '1', 'Fall', 2005);
insert into teaches values('13996', '732', '2', 'Spring', 2009);
insert into teaches values('28909', '755', '1', 'Spring', 2003);
insert into teaches values('37479', '789', '1', 'Fall', 2002);
insert into teaches values('28909', '180', '1', 'Fall', 2002);
insert into teaches values('13996', '666', '1', 'Spring', 2002);
insert into teaches values('36443', '184', '1', 'Fall', 2009);
insert into teaches values('72872', '494', '1', 'Spring', 2003);
insert into teaches values('65363', '523', '1', 'Fall', 2002);
insert into teaches values('29709', '727', '1', 'Fall', 2002);
insert into teaches values('13996', '538', '1', 'Fall', 2009);
insert into teaches values('60010', '487', '1', 'Spring', 2003);
insert into teaches values('83812', '222', '4', 'Spring', 2006);
insert into teaches values('65363', '799', '2', 'Fall', 2001);
insert into teaches values('55694', '196', '1', 'Spring', 2006);
insert into teaches values('4019', '799', '1', 'Fall', 2001);
insert into teaches values('13996', '666', '2', 'Fall', 2001);
insert into teaches values('816', '168', '1', 'Fall', 2010);
insert into teaches values('30490', '536', '1', 'Spring', 2002);
insert into teaches values('59245', '715', '2', 'Fall', 2005);
insert into teaches values('29709', '306', '3', 'Spring', 2006);
insert into teaches values('29709', '944', '1', 'Spring', 2002);
insert into teaches values('59245', '715', '3', 'Spring', 2005);
insert into teaches values('13996', '530', '1', 'Spring', 2001);
insert into teaches values('65363', '218', '1', 'Fall', 2004);
insert into teaches values('28909', '600', '3', 'Spring', 2007);
insert into teaches values('65363', '160', '2', 'Spring', 2002);
insert into teaches values('55694', '213', '2', 'Spring', 2009);
insert into teaches values('13996', '530', '2', 'Fall', 2009);
insert into teaches values('98310', '399', '2', 'Spring', 2010);
insert into teaches values('83812', '287', '1', 'Fall', 2006);
insert into teaches values('29709', '829', '1', 'Fall', 2004);
insert into teaches values('65363', '523', '2', 'Fall', 2001);
insert into teaches values('13996', '686', '1', 'Fall', 2005);
insert into teaches values('59245', '874', '1', 'Spring', 2004);
insert into teaches values('13996', '825', '1', 'Fall', 2009);
insert into teaches values('65363', '523', '3', 'Spring', 2010);
insert into teaches values('37479', '398', '1', 'Spring', 2003);
insert into teaches values('68972', '732', '4', 'Fall', 2003);
insert into teaches values('30490', '407', '1', 'Fall', 2002);
insert into teaches values('37277', '217', '1', 'Fall', 2009);
insert into teaches values('816', '854', '1', 'Spring', 2009);
insert into teaches values('28909', '985', '1', 'Spring', 2005);
insert into teaches values('29709', '962', '1', 'Spring', 2004);
insert into teaches values('55694', '399', '1', 'Fall', 2008);
insert into teaches values('29709', '306', '4', 'Fall', 2008);
insert into teaches values('65363', '178', '1', 'Fall', 2006);
insert into teaches values('55694', '145', '1', 'Fall', 2008);
insert into teaches values('60010', '132', '1', 'Spring', 2006);
insert into teaches values('29709', '962', '2', 'Spring', 2004);
insert into teaches values('36443', '149', '1', 'Fall', 2010);
insert into teaches values('60010', '166', '1', 'Fall', 2010);
insert into teaches values('65363', '299', '1', 'Spring', 2008);
insert into teaches values('59635', '527', '1', 'Fall', 2003);
insert into teaches values('55694', '657', '2', 'Fall', 2005);
insert into teaches values('36443', '386', '1', 'Spring', 2010);
insert into teaches values('59635', '619', '1', 'Spring', 2009);
insert into teaches values('37277', '522', '1', 'Fall', 2002);
insert into teaches values('816', '400', '2', 'Fall', 2009);
insert into teaches values('36443', '758', '1', 'Spring', 2002);
insert into teaches values('55694', '213', '1', 'Spring', 2007);
insert into teaches values('29709', '373', '1', 'Spring', 2008);
insert into teaches values('37479', '487', '4', 'Fall', 2004);
insert into teaches values('55694', '279', '1', 'Fall', 2007);
insert into teaches values('28909', '310', '1', 'Fall', 2005);
insert into teaches values('816', '721', '1', 'Fall', 2004);
insert into teaches values('8076', '306', '1', 'Fall', 2004);
insert into teaches values('55694', '140', '3', 'Spring', 2008);
insert into teaches values('59245', '127', '1', 'Fall', 2003);
insert into teaches values('36443', '543', '1', 'Fall', 2009);
insert into teaches values('59245', '576', '1', 'Spring', 2005);
insert into teaches values('65363', '799', '4', 'Fall', 2008);
insert into teaches values('378', '120', '1', 'Fall', 2002);
insert into teaches values('55694', '966', '1', 'Fall', 2004);
insert into teaches values('59245', '382', '1', 'Fall', 2005);
insert into teaches values('37479', '487', '2', 'Fall', 2005);
insert into teaches values('816', '358', '1', 'Fall', 2007);
insert into teaches values('55694', '592', '2', 'Fall', 2009);
insert into teaches values('28909', '180', '3', 'Fall', 2009);
insert into teaches values('378', '180', '2', 'Spring', 2003);
insert into teaches values('13996', '704', '1', 'Spring', 2004);
insert into student values('66454', 'Yohan', 'RQ', 56);
insert into student values('78314', 'Budi', 'RQ', 55);
insert into student values('89051', 'Ande', 'DE', 56);
insert into student values('4372', 'Ande', 'RQ', 102);
insert into student values('1075', 'Budi', 'MT', 1);
insert into student values('41589', 'Budi', 'RQ', 86);
insert into student values('21792', 'Ande', 'HH', 1);
insert into student values('14091', 'rahmat', 'HH', 53);
insert into student values('52430', 'Adri', 'SS', 42);
insert into student values('77250', 'Budi', 'ED', 45);
insert into student values('91988', 'Josu', 'DF', 81);
insert into student values('88299', 'Yohan', 'DE', 65);
insert into student values('64723', 'Budi', 'WW', 14);
insert into student values('19334', 'Ahmad', 'BN', 10);
insert into student values('51383', 'Kiki', 'WW', 94);
insert into student values('47034', 'Yohan', 'BN', 107);
insert into student values('24307', 'Adri', 'SS', 49);
insert into student values('35449', 'Josu', 'ED', 87);
insert into student values('95687', 'Budi', 'MT', 111);
insert into student values('3967', 'Johan', 'WW', 10);
insert into student values('26779', 'Adri', 'RQ', 72);
insert into student values('23378', 'Budi', 'DE', 47);
insert into student values('47139', 'Ahmad', 'DE', 120);
insert into student values('87328', 'Yohan', 'GT', 124);
insert into student values('47834', 'Kiki', 'SS', 3);
insert into student values('20421', 'Johan', 'MT', 60);
insert into student values('58152', 'Josu', 'DE', 112);
insert into student values('82564', 'Johan', 'DE', 54);
insert into student values('61310', 'Ahmad', 'GT', 37);
insert into student values('13867', 'yuyun', 'BN', 56);
insert into student values('38551', 'yuyun', 'DF', 86);
insert into student values('71186', 'Adri', 'HH', 38);
insert into student values('91127', 'Ahmad', 'BN', 122);
insert into student values('2425', 'Josu', 'SS', 112);
insert into student values('88589', 'Kiki', 'WW', 124);
insert into student values('86031', 'Kiki', 'DF', 58);
insert into student values('47794', 'Yohan', 'DF', 61);
insert into student values('91687', 'Kiki', 'MT', 40);
insert into student values('12904', 'yuyun', 'BN', 82);
insert into student values('88546', 'Ande', 'HH', 30);
insert into student values('16381', 'rahmat', 'RQ', 2);
insert into student values('2698', 'yuyun', 'BN', 22);
insert into student values('12392', 'Yohan', 'DE', 58);
insert into student values('53394', 'Adri', 'DE', 120);
insert into student values('15496', 'Ahmad', 'SS', 54);
insert into student values('92729', 'Johan', 'RQ', 39);
insert into student values('63402', 'Johan', 'HH', 50);
insert into student values('27941', 'Budi', 'DF', 28);
insert into student values('21505', 'Yohan', 'BN', 27);
insert into student values('98474', 'Budi', 'ED', 56);
insert into student values('12397', 'Johan', 'DF', 11);
insert into student values('48483', 'Kiki', 'RQ', 10);
insert into student values('23159', 'Josu', 'RQ', 65);
insert into student values('58933', 'Josu', 'BN', 17);
insert into student values('66224', 'Budi', 'SS', 129);
insert into student values('33264', 'Ande', 'DF', 85);
insert into student values('35127', 'Adri', 'SS', 89);
insert into student values('35439', 'yuyun', 'BN', 105);
insert into student values('68082', 'Adri', 'GT', 105);
insert into student values('43284', 'Ande', 'ED', 120);
insert into student values('83089', 'Ahmad', 'ED', 93);
insert into student values('75087', 'Ahmad', 'ED', 101);
insert into student values('61039', 'Josu', 'GT', 37);
insert into student values('25590', 'Adri', 'DF', 16);
insert into student values('96114', 'rahmat', 'MT', 121);
insert into student values('31564', 'Kiki', 'HH', 64);
insert into student values('5609', 'Johan', 'DF', 88);
insert into student values('84443', 'Ande', 'ED', 58);
insert into student values('22442', 'Josu', 'ED', 39);
insert into student values('78619', 'Josu', 'WW', 56);
insert into student values('45979', 'Josu', 'HH', 40);
insert into student values('57035', 'Yohan', 'ED', 47);
insert into student values('55655', 'yuyun', 'MT', 3);
insert into student values('72020', 'Ahmad', 'SS', 59);
insert into student values('96774', 'Ahmad', 'MT', 3);
insert into student values('62699', 'Adri', 'DE', 78);
insert into student values('68792', 'yuyun', 'DE', 2);
insert into student values('69742', 'Ahmad', 'MT', 37);
insert into student values('25128', 'Adri', 'RQ', 69);
insert into student values('7651', 'Adri', 'WW', 75);
insert into student values('92778', 'Josu', 'BN', 121);
insert into student values('26301', 'Josu', 'RQ', 80);
insert into student values('34206', 'Yohan', 'SS', 109);
insert into student values('63577', 'Adri', 'HH', 121);
insert into student values('23821', 'Kiki', 'ED', 53);
insert into student values('61882', 'Josu', 'GT', 18);
insert into student values('21417', 'Ahmad', 'BN', 49);
insert into student values('34482', 'Johan', 'ED', 58);
insert into student values('88911', 'Ahmad', 'BN', 2);
insert into student values('27483', 'rahmat', 'RQ', 0);
insert into student values('22757', 'Adri', 'BN', 62);
insert into student values('26679', 'yuyun', 'WW', 32);
insert into student values('14142', 'Yohan', 'ED', 106);
insert into student values('48821', 'rahmat', 'BN', 19);
insert into student values('91090', 'yuyun', 'WW', 36);
insert into student values('63661', 'Kiki', 'DF', 66);
insert into student values('64937', 'yuyun', 'DF', 76);
insert into student values('37216', 'rahmat', 'BN', 16);
insert into student values('79855', 'Ande', 'HH', 40);
insert into student values('96923', 'Ande', 'DE', 97);
insert into takes values('21792', '962', '1', 'Spring', 2004, 'B ');
insert into takes values('91988', '312', '1', 'Fall', 2001, 'C ');
insert into takes values('69742', '161', '1', 'Fall', 2005, 'B+');
insert into takes values('47139', '145', '5', 'Fall', 2003, 'C-');
insert into takes values('21505', '839', '1', 'Fall', 2004, 'B-');
insert into takes values('96774', '964', '1', 'Spring', 2003, 'A-');
insert into takes values('63577', '727', '1', 'Fall', 2002, 'A-');
insert into takes values('84443', '660', '2', 'Fall', 2006, 'B+');
insert into takes values('12904', '145', '5', 'Fall', 2003, 'B-');
insert into takes values('31564', '145', '4', 'Spring', 2001, 'B-');
insert into takes values('55655', '792', '1', 'Spring', 2008, 'B-');
insert into takes values('14091', '646', '1', 'Fall', 2008, 'C ');
insert into takes values('25128', '487', '4', 'Fall', 2004, 'A-');
insert into takes values('26679', '649', '2', 'Fall', 2002, 'B ');
insert into takes values('63402', '287', '1', 'Fall', 2006, 'A+');
insert into takes values('78619', '799', '1', 'Fall', 2001, 'A ');
insert into takes values('21792', '348', '1', 'Spring', 2004, 'C ');
insert into takes values('5609', '649', '2', 'Fall', 2002, 'A ');
insert into takes values('16381', '964', '1', 'Spring', 2003, 'C-');
insert into takes values('7651', '543', '1', 'Fall', 2009, 'A-');
insert into takes values('92729', '732', '3', 'Spring', 2009, 'B-');
insert into takes values('2425', '721', '1', 'Fall', 2004, 'A ');
insert into takes values('53394', '944', '2', 'Spring', 2007, 'A+');
insert into takes values('15496', '407', '1', 'Fall', 2002, 'B-');
insert into takes values('77250', '515', '1', 'Fall', 2001, 'A-');
insert into takes values('91090', '755', '1', 'Spring', 2003, 'C-');
insert into takes values('64723', '649', '2', 'Fall', 2002, 'A+');
insert into takes values('88589', '538', '1', 'Fall', 2009, 'A+');
insert into takes values('69742', '149', '2', 'Fall', 2008, 'A+');
insert into takes values('25590', '789', '1', 'Fall', 2002, 'A ');
insert into takes values('55655', '306', '3', 'Spring', 2006, 'A+');
insert into takes values('23159', '649', '1', 'Spring', 2005, 'C+');
insert into takes values('24307', '293', '1', 'Fall', 2005, 'A-');
insert into takes values('82564', '149', '1', 'Fall', 2010, 'B-');
insert into takes values('20421', '222', '1', 'Spring', 2009, 'B ');
insert into takes values('23378', '161', '1', 'Fall', 2005, 'A ');
insert into takes values('86031', '120', '3', 'Fall', 2009, 'C+');
insert into takes values('75087', '279', '2', 'Fall', 2010, 'C+');
insert into takes values('95687', '196', '2', 'Spring', 2008, 'B-');
insert into takes values('12392', '727', '1', 'Fall', 2002, 'B ');
insert into takes values('5609', '306', '1', 'Fall', 2004, 'C+');
insert into takes values('3967', '266', '2', 'Spring', 2001, 'C+');
insert into takes values('86031', '382', '2', 'Fall', 2004, 'B-');
insert into takes values('91988', '523', '1', 'Fall', 2002, 'B-');
insert into takes values('3967', '140', '2', 'Fall', 2002, 'C ');
insert into takes values('61310', '312', '1', 'Fall', 2001, 'B ');
insert into takes values('21505', '161', '1', 'Fall', 2005, 'C ');
insert into takes values('52430', '649', '2', 'Fall', 2002, 'A-');
insert into takes values('35449', '217', '1', 'Fall', 2009, 'C-');
insert into takes values('27483', '184', '1', 'Fall', 2009, 'C ');
insert into takes values('72020', '162', '2', 'Spring', 2009, 'B+');
insert into takes values('91988', '213', '1', 'Spring', 2007, 'C-');
insert into takes values('2698', '161', '1', 'Fall', 2005, 'A-');
insert into takes values('91988', '434', '1', 'Spring', 2009, 'C-');
insert into takes values('14142', '372', '2', 'Spring', 2006, 'A ');
insert into takes values('92778', '399', '1', 'Fall', 2008, 'B-');
insert into takes values('27941', '358', '3', 'Fall', 2010, 'B ');
insert into takes values('91687', '166', '1', 'Fall', 2010, 'C+');
insert into takes values('64937', '727', '1', 'Fall', 2002, 'A ');
insert into takes values('12397', '145', '5', 'Fall', 2003, 'C+');
insert into takes values('35127', '666', '2', 'Fall', 2001, 'A ');
insert into takes values('20421', '788', '1', 'Fall', 2009, 'A ');
insert into takes values('96923', '213', '2', 'Spring', 2009, 'C ');
insert into takes values('15496', '306', '4', 'Fall', 2008, 'A-');
insert into takes values('61310', '861', '1', 'Spring', 2001, 'C-');
insert into takes values('7651', '291', '2', 'Fall', 2001, 'B ');
insert into takes values('43284', '500', '1', 'Fall', 2003, 'A ');
insert into takes values('41589', '287', '1', 'Fall', 2006, 'C+');
insert into takes values('72020', '291', '3', 'Spring', 2004, 'A+');
insert into takes values('96923', '900', '1', 'Fall', 2009, 'C-');
insert into takes values('64723', '399', '2', 'Spring', 2010, 'A-');
insert into takes values('47139', '576', '1', 'Spring', 2005, 'A+');
insert into takes values('2698', '140', '3', 'Spring', 2008, 'A ');
insert into takes values('64723', '856', '1', 'Spring', 2006, 'C-');
insert into takes values('15496', '400', '2', 'Fall', 2009, 'C ');
insert into takes values('3967', '710', '1', 'Spring', 2001, 'A+');
insert into takes values('47794', '515', '1', 'Fall', 2001, 'A+');
insert into takes values('51383', '218', '1', 'Fall', 2004, 'B+');
insert into takes values('55655', '889', '1', 'Spring', 2007, 'C+');
insert into takes values('45979', '732', '3', 'Spring', 2009, 'A ');
insert into takes values('12392', '166', '1', 'Fall', 2010, 'A+');
insert into takes values('88589', '653', '1', 'Spring', 2005, 'A ');
insert into takes values('78314', '306', '3', 'Spring', 2006, 'B-');
insert into takes values('14142', '129', '1', 'Spring', 2001, 'C ');
insert into takes values('23159', '582', '1', 'Spring', 2010, 'C+');
insert into takes values('78619', '234', '1', 'Fall', 2007, 'A-');
insert into takes values('34482', '273', '1', 'Fall', 2007, 'B ');
insert into takes values('21417', '129', '1', 'Spring', 2001, 'A ');
insert into takes values('43284', '889', '1', 'Spring', 2007, 'A+');
insert into takes values('96923', '870', '1', 'Fall', 2009, 'A ');
insert into takes values('79855', '608', '2', 'Spring', 2006, 'A ');
insert into takes values('35449', '649', '1', 'Spring', 2005, 'C+');
insert into takes values('51383', '944', '1', 'Spring', 2002, 'C-');
insert into takes values('26301', '180', '1', 'Fall', 2002, 'C-');
insert into takes values('2698', '266', '1', 'Fall', 2003, 'B-');
insert into takes values('26679', '793', '1', 'Spring', 2006, 'B ');
insert into takes values('33264', '399', '3', 'Fall', 2003, 'B ');
insert into takes values('21417', '213', '2', 'Spring', 2009, 'B ');
insert into takes values('78314', '686', '1', 'Fall', 2005, 'C+');
insert into takes values('64723', '382', '3', 'Fall', 2009, 'A ');
insert into takes values('72020', '686', '2', 'Fall', 2007, 'C-');
insert into takes values('55655', '381', '1', 'Fall', 2009, 'A+');
insert into takes values('31564', '508', '1', 'Fall', 2002, 'C+');
insert into takes values('95687', '619', '1', 'Spring', 2009, 'B+');
insert into takes values('26679', '266', '2', 'Spring', 2001, 'B-');
insert into takes values('27941', '373', '1', 'Spring', 2008, 'C-');
insert into takes values('71186', '576', '1', 'Spring', 2005, 'A+');
insert into takes values('25590', '398', '1', 'Spring', 2003, 'C ');
insert into takes values('63661', '538', '1', 'Fall', 2009, 'C ');
insert into takes values('16381', '789', '2', 'Spring', 2008, 'A-');
insert into takes values('88546', '608', '1', 'Fall', 2003, 'A ');
insert into takes values('35449', '358', '3', 'Fall', 2010, 'A-');
insert into takes values('14091', '523', '1', 'Fall', 2002, 'C ');
insert into takes values('5609', '168', '1', 'Fall', 2010, 'A+');
insert into takes values('82564', '962', '2', 'Spring', 2004, 'A+');
insert into takes values('31564', '372', '1', 'Spring', 2006, 'C+');
insert into takes values('35439', '358', '1', 'Fall', 2007, 'C ');
insert into takes values('43284', '266', '3', 'Spring', 2009, 'B-');
insert into takes values('19334', '998', '1', 'Fall', 2005, 'C+');
insert into takes values('34206', '592', '2', 'Fall', 2009, 'B-');
insert into takes values('88589', '382', '3', 'Fall', 2009, 'C ');
insert into takes values('96923', '306', '1', 'Fall', 2004, 'A+');
insert into takes values('87328', '120', '2', 'Fall', 2003, 'C ');
insert into takes values('75087', '196', '2', 'Spring', 2008, 'B-');
insert into takes values('66224', '129', '1', 'Spring', 2001, 'C+');
insert into takes values('3967', '721', '2', 'Spring', 2002, 'B+');
insert into takes values('58933', '522', '1', 'Fall', 2002, 'C ');
insert into takes values('92778', '434', '1', 'Spring', 2009, 'C-');
insert into takes values('88589', '399', '1', 'Fall', 2008, 'C ');
insert into takes values('69742', '960', '1', 'Spring', 2003, 'C-');
insert into takes values('91687', '732', '4', 'Fall', 2003, 'C+');
insert into takes values('64937', '373', '1', 'Spring', 2008, 'C ');
insert into takes values('13867', '399', '3', 'Fall', 2003, 'A-');
insert into takes values('23821', '889', '1', 'Spring', 2007, 'B-');
insert into takes values('4372', '799', '4', 'Fall', 2008, 'C-');
insert into takes values('13867', '500', '1', 'Fall', 2003, 'B ');
insert into takes values('14142', '582', '1', 'Spring', 2010, 'A-');
insert into takes values('47794', '825', '1', 'Fall', 2009, 'A ');
insert into takes values('91988', '386', '1', 'Spring', 2010, 'C+');
insert into takes values('91090', '279', '1', 'Fall', 2007, 'C ');
insert into takes values('96923', '322', '1', 'Fall', 2005, 'A ');
insert into takes values('88589', '732', '3', 'Spring', 2009, 'B ');
insert into takes values('47034', '508', '2', 'Fall', 2007, 'C ');
insert into takes values('15496', '300', '1', 'Spring', 2009, 'B-');
insert into takes values('12904', '870', '2', 'Spring', 2001, 'B ');
insert into takes values('91687', '958', '1', 'Spring', 2008, 'B+');
insert into takes values('64937', '795', '1', 'Fall', 2002, 'B ');
insert into takes values('63577', '149', '2', 'Fall', 2008, 'B-');
insert into takes values('86031', '508', '2', 'Fall', 2007, 'B-');
insert into takes values('92778', '219', '1', 'Spring', 2010, 'B ');
insert into takes values('23378', '710', '1', 'Spring', 2001, 'C+');
insert into takes values('23821', '608', '1', 'Fall', 2003, 'C ');
insert into takes values('23821', '145', '2', 'Spring', 2003, 'C ');
insert into takes values('20421', '279', '1', 'Fall', 2007, 'C+');
insert into takes values('88299', '273', '1', 'Fall', 2007, 'C+');
insert into takes values('64723', '196', '3', 'Fall', 2004, 'A-');
insert into takes values('16381', '434', '1', 'Spring', 2009, 'B-');
insert into takes values('53394', '166', '1', 'Fall', 2010, 'A ');
insert into takes values('45979', '178', '1', 'Fall', 2006, 'A+');
insert into takes values('95687', '382', '2', 'Fall', 2004, 'B-');
insert into takes values('45979', '576', '2', 'Fall', 2008, 'B+');
insert into takes values('63577', '140', '2', 'Fall', 2002, 'C+');
insert into takes values('57035', '900', '1', 'Fall', 2009, 'A-');
insert into takes values('21505', '487', '2', 'Fall', 2005, 'C+');
insert into takes values('84443', '523', '1', 'Fall', 2002, 'B ');
insert into takes values('22757', '839', '1', 'Fall', 2004, 'C ');
insert into takes values('12397', '361', '1', 'Spring', 2002, 'A+');
insert into takes values('78314', '861', '1', 'Spring', 2001, 'C ');
insert into takes values('53394', '870', '1', 'Fall', 2009, 'C-');
insert into takes values('64723', '372', '2', 'Spring', 2006, 'C+');
insert into takes values('55655', '178', '2', 'Spring', 2007, 'A ');
insert into takes values('71186', '704', '2', 'Spring', 2009, 'A+');
insert into takes values('22442', '874', '1', 'Spring', 2004, 'C+');
insert into takes values('13867', '960', '1', 'Spring', 2003, 'B ');
insert into takes values('47794', '789', '1', 'Fall', 2002, 'B-');
insert into takes values('58152', '222', '4', 'Spring', 2006, 'B-');
insert into takes values('31564', '279', '1', 'Fall', 2007, 'A+');
insert into takes values('47034', '306', '4', 'Fall', 2008, 'C+');
insert into takes values('47139', '592', '1', 'Fall', 2009, 'B+');
insert into takes values('25128', '646', '1', 'Fall', 2008, 'B+');
insert into takes values('16381', '293', '1', 'Fall', 2005, 'B ');
insert into takes values('58933', '686', '1', 'Fall', 2005, 'B+');
insert into takes values('5609', '312', '1', 'Fall', 2001, 'A ');
insert into takes values('23821', '870', '2', 'Spring', 2001, 'B ');
insert into takes values('7651', '964', '1', 'Spring', 2003, 'A ');
insert into takes values('61882', '454', '1', 'Spring', 2005, 'B-');
insert into takes values('92778', '178', '1', 'Fall', 2006, 'B-');
insert into takes values('35127', '129', '1', 'Spring', 2001, 'A-');
insert into takes values('27483', '352', '1', 'Fall', 2007, 'B+');
insert into takes values('72020', '398', '1', 'Spring', 2003, 'C+');
insert into takes values('4372', '454', '1', 'Spring', 2005, 'A-');
insert into takes values('62699', '755', '1', 'Spring', 2003, 'B ');
insert into takes values('52430', '123', '1', 'Fall', 2001, 'A ');
insert into takes values('77250', '788', '1', 'Fall', 2009, 'B+');
insert into takes values('1075', '400', '1', 'Fall', 2006, 'A ');
insert into takes values('58152', '132', '1', 'Spring', 2006, 'B+');
insert into takes values('23159', '799', '3', 'Fall', 2005, 'C+');
insert into takes values('91988', '361', '1', 'Spring', 2002, 'A+');
insert into takes values('91090', '361', '1', 'Spring', 2002, 'C+');
insert into takes values('22442', '372', '1', 'Spring', 2006, 'C+');
insert into advisor values('66454', '16053');
insert into advisor values('78314', '24089');
insert into advisor values('89051', '55694');
insert into advisor values('4372', '13996');
insert into advisor values('1075', '83812');
insert into advisor values('41589', '35816');
insert into advisor values('21792', '30338');
insert into advisor values('14091', '91257');
insert into advisor values('52430', '56925');
insert into advisor values('77250', '72872');
insert into advisor values('91988', '68972');
insert into advisor values('88299', '7711');
insert into advisor values('64723', '60010');
insert into advisor values('19334', '91257');
insert into advisor values('51383', '85349');
insert into advisor values('47034', '68972');
insert into advisor values('24307', '8108');
insert into advisor values('35449', '68972');
insert into advisor values('95687', '42456');
insert into advisor values('3967', '34063');
insert into advisor values('26779', '4019');
insert into advisor values('23378', '23654');
insert into advisor values('47139', '8076');
insert into advisor values('87328', '37277');
insert into advisor values('47834', '34063');
insert into advisor values('20421', '68972');
insert into advisor values('58152', '7178');
insert into advisor values('82564', '60647');
insert into advisor values('61310', '56925');
insert into advisor values('13867', '7756');
insert into advisor values('38551', '91257');
insert into advisor values('71186', '21141');
insert into advisor values('91127', '12791');
insert into advisor values('2425', '21141');
insert into advisor values('88589', '72872');
insert into advisor values('86031', '35816');
insert into advisor values('47794', '30490');
insert into advisor values('91687', '21141');
insert into advisor values('12904', '7711');
insert into advisor values('88546', '57891');
insert into advisor values('16381', '23654');
insert into advisor values('2698', '309');
insert into advisor values('12392', '30338');
insert into advisor values('53394', '21141');
insert into advisor values('15496', '54096');
insert into advisor values('92729', '56925');
insert into advisor values('63402', '35816');
insert into advisor values('27941', '30490');
insert into advisor values('21505', '60010');
insert into advisor values('98474', '33146');
insert into advisor values('12397', '23654');
insert into advisor values('48483', '24089');
insert into advisor values('23159', '7178');
insert into advisor values('58933', '59426');
insert into advisor values('66224', '42456');
insert into advisor values('33264', '35816');
insert into advisor values('35127', '59426');
insert into advisor values('35439', '80010');
insert into advisor values('68082', '28909');
insert into advisor values('43284', '85995');
insert into advisor values('83089', '33146');
insert into advisor values('75087', '7756');
insert into advisor values('61039', '85995');
insert into advisor values('25590', '37277');
insert into advisor values('96114', '816');
insert into advisor values('31564', '12791');
insert into advisor values('5609', '42456');
insert into advisor values('84443', '21141');
insert into advisor values('22442', '82319');
insert into advisor values('78619', '4019');
insert into advisor values('45979', '65363');
insert into advisor values('57035', '8108');
insert into advisor values('55655', '816');
insert into advisor values('72020', '83812');
insert into advisor values('96774', '24089');
insert into advisor values('62699', '63834');
insert into advisor values('68792', '24089');
insert into advisor values('69742', '816');
insert into advisor values('25128', '4019');
insert into advisor values('7651', '21141');
insert into advisor values('92778', '59426');
insert into advisor values('26301', '98310');
insert into advisor values('34206', '57891');
insert into advisor values('63577', '28909');
insert into advisor values('23821', '23654');
insert into advisor values('61882', '91257');
insert into advisor values('21417', '55694');
insert into advisor values('34482', '7711');
insert into advisor values('88911', '36443');
insert into advisor values('27483', '23654');
insert into advisor values('22757', '59245');
insert into advisor values('26679', '7756');
insert into advisor values('14142', '74915');
insert into advisor values('48821', '60010');
insert into advisor values('91090', '16053');
insert into advisor values('63661', '18717');
insert into advisor values('64937', '24089');
insert into advisor values('37216', '60010');
insert into advisor values('79855', '378');
insert into advisor values('96923', '4019');
insert into prereq values('520', '293');
insert into prereq values('234', '395');
insert into prereq values('685', '788');
insert into prereq values('704', '592');
insert into prereq values('863', '140');
insert into prereq values('782', '361');
insert into prereq values('647', '960');
insert into prereq values('219', '299');
insert into prereq values('178', '660');
insert into prereq values('855', '592');
insert into prereq values('303', '382');
insert into prereq values('213', '793');
insert into prereq values('497', '917');
insert into prereq values('900', '454');
insert into prereq values('536', '436');
insert into prereq values('399', '493');
insert into prereq values('173', '863');
insert into prereq values('530', '807');
insert into prereq values('184', '160');
insert into prereq values('387', '132');
insert into prereq values('372', '218');
insert into prereq values('792', '964');
insert into prereq values('374', '209');
insert into prereq values('491', '600');
insert into prereq values('585', '960');
insert into prereq values('398', '291');
insert into prereq values('187', '876');
insert into prereq values('789', '686');
insert into prereq values('316', '217');
insert into prereq values('200', '178');
insert into prereq values('538', '257');
insert into prereq values('522', '365');
insert into prereq values('508', '129');
insert into prereq values('365', '123');
insert into prereq values('407', '536');
insert into prereq values('361', '619');
insert into prereq values('530', '166');
insert into prereq values('621', '161');
insert into prereq values('393', '647');
insert into prereq values('854', '727');
insert into prereq values('886', '291');
insert into prereq values('173', '165');
insert into prereq values('413', '420');
insert into prereq values('886', '373');
insert into prereq values('863', '767');
insert into prereq values('508', '493');
insert into prereq values('434', '420');
insert into prereq values('497', '187');
insert into prereq values('374', '145');
insert into prereq values('619', '222');
insert into prereq values('793', '909');
insert into prereq values('799', '793');
insert into prereq values('522', '647');
insert into prereq values('594', '358');
insert into prereq values('799', '721');
insert into prereq values('755', '300');
insert into prereq values('316', '487');
insert into prereq values('919', '491');
insert into prereq values('840', '149');
insert into prereq values('306', '956');
insert into prereq values('165', '273');
insert into prereq values('870', '792');
insert into prereq values('316', '123');
insert into prereq values('180', '788');
insert into prereq values('608', '500');
insert into prereq values('467', '915');
insert into prereq values('858', '408');
insert into prereq values('926', '710');
insert into prereq values('408', '795');
insert into prereq values('614', '149');
insert into prereq values('998', '716');
insert into prereq values('293', '187');
insert into prereq values('469', '855');
insert into prereq values('727', '219');
insert into prereq values('300', '312');
insert into prereq values('845', '960');
insert into prereq values('497', '277');
insert into prereq values('187', '273');
insert into prereq values('666', '792');
insert into prereq values('792', '716');
insert into prereq values('999', '845');
insert into prereq values('184', '219');
insert into prereq values('168', '417');
insert into prereq values('303', '257');
insert into prereq values('381', '361');
insert into prereq values('863', '792');
insert into prereq values('520', '494');
insert into prereq values('854', '586');
insert into prereq values('926', '229');
insert into prereq values('515', '161');
insert into prereq values('544', '467');
insert into prereq values('222', '660');
insert into prereq values('906', '123');
insert into prereq values('582', '277');
insert into prereq values('217', '348');
insert into prereq values('653', '657');
insert into prereq values('636', '940');
insert into prereq values('621', '944');
insert into prereq values('940', '940');
insert into prereq values('196', '145');
