-- phpMyAdmin SQL Dump
-- version 4.9.1
-- https://www.phpmyadmin.net/
--
-- Host: 127.0.0.1
-- Generation Time: Dec 22, 2019 at 07:31 AM
-- Server version: 10.4.8-MariaDB
-- PHP Version: 7.1.33

SET SQL_MODE = "NO_AUTO_VALUE_ON_ZERO";
SET AUTOCOMMIT = 0;
START TRANSACTION;
SET time_zone = "+00:00";


/*!40101 SET @OLD_CHARACTER_SET_CLIENT=@@CHARACTER_SET_CLIENT */;
/*!40101 SET @OLD_CHARACTER_SET_RESULTS=@@CHARACTER_SET_RESULTS */;
/*!40101 SET @OLD_COLLATION_CONNECTION=@@COLLATION_CONNECTION */;
/*!40101 SET NAMES utf8mb4 */;

--
-- Database: `mbd`
--

-- --------------------------------------------------------

--
-- Table structure for table `advisor`
--

CREATE TABLE `advisor` (
  `s_ID` varchar(5) NOT NULL,
  `i_ID` varchar(5) DEFAULT NULL
) ENGINE=InnoDB DEFAULT CHARSET=utf8mb4;

--
-- Dumping data for table `advisor`
--

INSERT INTO `advisor` (`s_ID`, `i_ID`) VALUES
('45332', '12414'),
('49416', '12414'),
('50278', '12683'),
('77277', '12683'),
('1981', '17220'),
('38205', '17220'),
('4503', '17220'),
('45606', '17220'),
('55557', '17220'),
('62237', '17220'),
('82010', '17220'),
('19699', '2322'),
('4518', '2322'),
('74158', '2322'),
('8185', '2322'),
('47534', '25422'),
('48689', '25422'),
('49158', '25422'),
('4942', '25422'),
('51267', '25422'),
('9462', '25422'),
('24056', '26176'),
('27873', '26176'),
('16244', '26896'),
('80822', '26896'),
('18778', '27125'),
('20116', '27125'),
('42685', '27125'),
('61380', '27125'),
('74681', '27125'),
('77264', '27125'),
('37107', '29008'),
('50733', '29008'),
('28588', '30204'),
('34154', '30204'),
('37503', '30204'),
('3979', '30204'),
('66622', '30204'),
('95773', '30204'),
('41709', '30700'),
('56264', '30700'),
('65720', '30700'),
('80526', '30700'),
('6868', '32715'),
('16286', '3572'),
('16463', '3572'),
('36000', '3572'),
('80087', '3572'),
('97284', '3572'),
('14609', '36038'),
('42060', '36038'),
('84555', '36038'),
('99495', '36038'),
('58867', '36062'),
('14743', '42972'),
('18139', '42972'),
('46527', '42972'),
('51853', '42972'),
('11235', '47300'),
('18699', '47300'),
('69381', '47300'),
('82417', '47300'),
('99820', '47300'),
('13842', '47380'),
('15288', '47380'),
('36262', '47380'),
('14821', '50466'),
('36166', '50466'),
('56744', '50466'),
('1551', '54504'),
('82575', '54504'),
('99657', '54504'),
('99750', '54504'),
('10529', '5621'),
('32675', '5621'),
('52721', '5621'),
('89777', '5621'),
('91721', '5621'),
('49904', '57489'),
('52189', '57489'),
('63533', '57489'),
('72915', '58834'),
('81679', '58834'),
('85875', '58834'),
('14308', '58913'),
('32194', '58913'),
('62752', '58913'),
('98414', '58913'),
('3375', '59241'),
('92248', '59241'),
('92888', '59241'),
('31967', '59335'),
('56802', '59335'),
('7690', '59335'),
('87902', '59335'),
('35592', '60259'),
('39062', '60259'),
('74922', '60259'),
('14047', '63439'),
('2146', '63439'),
('31488', '63439'),
('52600', '63439'),
('63723', '63439'),
('7986', '63439'),
('95020', '63439'),
('12557', '64203'),
('13935', '64203'),
('5960', '64203'),
('87597', '64203'),
('23844', '6739'),
('26650', '6739'),
('28293', '6739'),
('37429', '6739'),
('44055', '6739'),
('61547', '6739'),
('72193', '6739'),
('80179', '6739'),
('14134', '67826'),
('2174', '67826'),
('57681', '67826'),
('69865', '67826'),
('78671', '67826'),
('21048', '72598'),
('26690', '72598'),
('42278', '72598'),
('50659', '72598'),
('84416', '72598'),
('24395', '74835'),
('30038', '74835'),
('35722', '74835'),
('48444', '74835'),
('54486', '74835'),
('55630', '74835'),
('67870', '74835'),
('69429', '74835'),
('17517', '79522'),
('40964', '79522'),
('53461', '79522'),
('5671', '79522'),
('70924', '79522'),
('75452', '79522'),
('87087', '79522'),
('36028', '81745'),
('41874', '81745'),
('61776', '81745'),
('81391', '81745'),
('86234', '81745'),
('32267', '82297'),
('60995', '82297'),
('48278', '84988'),
('83889', '84988'),
('16294', '85268'),
('1932', '85268'),
('20805', '85268'),
('32589', '85268'),
('33766', '85268'),
('64879', '85268'),
('81073', '85268'),
('82814', '85268'),
('8726', '85268'),
('43550', '85935'),
('97086', '85935'),
('29231', '8626'),
('48492', '8626'),
('53531', '8626'),
('91228', '8626'),
('1136', '86398'),
('21628', '86398'),
('33021', '86398'),
('42386', '86398'),
('75971', '86398'),
('89780', '86398'),
('31550', '8809'),
('1092', '90556'),
('18323', '90556'),
('18950', '90556'),
('56764', '90556'),
('63775', '90556'),
('1279', '90755'),
('2668', '90755'),
('59134', '90755'),
('90499', '90755'),
('23871', '95855'),
('50894', '95855'),
('94219', '95855'),
('91616', '96958'),
('17409', '98011'),
('1852', '98011'),
('30377', '98011'),
('34874', '98011'),
('41616', '98011'),
('47378', '98011'),
('5864', '98011'),
('65349', '98011'),
('40072', '98431'),
('88988', '98431'),
('16156', '99341'),
('16537', '99341'),
('18062', '99341'),
('22774', '99341');

-- --------------------------------------------------------

--
-- Table structure for table `classroom`
--

CREATE TABLE `classroom` (
  `building` varchar(15) NOT NULL,
  `room_number` varchar(7) NOT NULL,
  `capacity` decimal(4,0) DEFAULT NULL
) ENGINE=InnoDB DEFAULT CHARSET=utf8mb4;

--
-- Dumping data for table `classroom`
--

INSERT INTO `classroom` (`building`, `room_number`, `capacity`) VALUES
('C', '964', '123'),
('D', '476', '102'),
('D', '761', '119'),
('E', '336', '11'),
('E', '656', '102'),
('G', '666', '52'),
('G', '796', '20'),
('H', '839', '27'),
('I', '23', '25'),
('I', '654', '10');

-- --------------------------------------------------------

--
-- Table structure for table `course`
--

CREATE TABLE `course` (
  `course_id` varchar(8) NOT NULL,
  `title` varchar(50) DEFAULT NULL,
  `dept_name` varchar(20) DEFAULT NULL,
  `credits` decimal(2,0) DEFAULT NULL
) ;

--
-- Dumping data for table `course`
--

INSERT INTO `course` (`course_id`, `title`, `dept_name`, `credits`) VALUES
('101', 'IF3031', 'WW', '4'),
('102', 'IF3333', 'DK', '3'),
('107', 'IF4041', 'DK', '3'),
('108', 'IF3333', 'WW', '3'),
('109', 'IF5555', 'FR', '4'),
('111', 'IF3333', 'EL', '4'),
('117', 'IF5555', 'IF', '3'),
('121', 'IF4041', 'GF', '4'),
('125', 'IF5555', 'FR', '4'),
('131', 'IF3211', 'HH', '3'),
('132', 'IF3031', 'DK', '3'),
('136', 'IF3211', 'FR', '4'),
('138', 'IF3120', 'MT', '4'),
('141', 'IF5555', 'IF', '3'),
('143', 'IF4321', 'HI', '3'),
('144', 'IF3031', 'MT', '3'),
('151', 'IF3030', 'WW', '4'),
('162', 'IF4041', 'DK', '3'),
('168', 'IF3030', 'HH', '3'),
('177', 'IF3030', 'IF', '4'),
('181', 'IF4321', 'FR', '3'),
('182', 'IF5555', 'GF', '4'),
('186', 'IF4041', 'IF', '4'),
('190', 'IF3211', 'EL', '4'),
('193', 'IF3030', 'HI', '3'),
('195', 'IF5555', 'HI', '4'),
('196', 'IF3333', 'FR', '4'),
('197', 'IF3022', 'IF', '4'),
('204', 'IF3022', 'HH', '3'),
('209', 'IF3022', 'EL', '4'),
('211', 'IF3333', 'EL', '4'),
('213', 'IF0230', 'DK', '3'),
('218', 'IF4041', 'HI', '4'),
('226', 'IF3120', 'MT', '3'),
('230', 'IF4321', 'MT', '3'),
('235', 'IF3030', 'FR', '3'),
('236', 'IF3211', 'HI', '3'),
('238', 'IF0230', 'FR', '3'),
('241', 'IF3333', 'HI', '4'),
('248', 'IF3030', 'HI', '3'),
('265', 'IF3031', 'GT', '4'),
('270', 'IF3022', 'HH', '3'),
('274', 'IF4041', 'GF', '4'),
('275', 'IF3031', 'HI', '3'),
('285', 'IF3211', 'MT', '4'),
('289', 'IF3031', 'WW', '4'),
('294', 'IF3030', 'WW', '4'),
('299', 'IF3022', 'DK', '3'),
('301', 'IF3333', 'FR', '4'),
('309', 'IF3030', 'IF', '4'),
('319', 'IF3211', 'EL', '4'),
('321', 'IF3211', 'HH', '3'),
('322', 'IF4041', 'FR', '3'),
('334', 'IF3030', 'IF', '4'),
('336', 'IF5555', 'HI', '3'),
('338', 'IF3211', 'DK', '4'),
('341', 'IF4041', 'EL', '4'),
('351', 'IF3211', 'WW', '4'),
('352', 'IF3031', 'GT', '4'),
('355', 'IF3120', 'GF', '4'),
('356', 'IF3120', 'IF', '4'),
('359', 'IF3120', 'EL', '3'),
('360', 'IF5555', 'FR', '4'),
('364', 'IF4041', 'DK', '4'),
('370', 'IF3031', 'EL', '3'),
('375', 'IF4041', 'GT', '4'),
('378', 'IF3211', 'WW', '3'),
('381', 'IF3333', 'HI', '3'),
('387', 'IF0230', 'DK', '4'),
('389', 'IF4041', 'WW', '4'),
('393', 'IF0230', 'HH', '4'),
('395', 'IF3211', 'WW', '4'),
('397', 'IF4321', 'FR', '4'),
('401', 'IF3030', 'GT', '3'),
('402', 'IF3333', 'IF', '4'),
('404', 'IF3211', 'GF', '3'),
('405', 'IF3211', 'WW', '3'),
('416', 'IF0230', 'WW', '4'),
('417', 'IF3333', 'IF', '3'),
('427', 'IF3022', 'HH', '4'),
('432', 'IF4321', 'HH', '3'),
('435', 'IF3031', 'EL', '4'),
('442', 'IF3120', 'HI', '3'),
('443', 'IF4041', 'HI', '3'),
('444', 'IF3211', 'GF', '3'),
('449', 'IF3031', 'WW', '4'),
('453', 'IF3120', 'GT', '3'),
('454', 'IF3120', 'GF', '4'),
('458', 'IF3120', 'DK', '4'),
('467', 'IF3031', 'MT', '3'),
('469', 'IF0230', 'IF', '3'),
('478', 'IF4321', 'GT', '3'),
('482', 'IF3333', 'GT', '4'),
('484', 'IF3333', 'WW', '4'),
('486', 'IF3031', 'FR', '3'),
('487', 'IF3120', 'GF', '4'),
('489', 'IF3333', 'WW', '4'),
('490', 'IF3022', 'DK', '3'),
('496', 'IF3211', 'FR', '4'),
('497', 'IF3031', 'GF', '4'),
('506', 'IF3022', 'MT', '3'),
('509', 'IF4041', 'HI', '4'),
('515', 'IF3031', 'FR', '3'),
('527', 'IF4041', 'MT', '4'),
('529', 'IF3333', 'WW', '3'),
('532', 'IF3022', 'HH', '3'),
('549', 'IF5555', 'HI', '3'),
('555', 'IF4321', 'WW', '3'),
('558', 'IF4321', 'WW', '4'),
('559', 'IF0230', 'FR', '3'),
('561', 'IF3022', 'EL', '3'),
('569', 'IF4041', 'MT', '3'),
('570', 'IF3211', 'EL', '4'),
('581', 'IF3030', 'EL', '4'),
('597', 'IF3030', 'GT', '4'),
('598', 'IF3031', 'GT', '3'),
('608', 'IF3120', 'HI', '3'),
('609', 'IF3030', 'DK', '3'),
('612', 'IF3030', 'MT', '4'),
('613', 'IF4321', 'HH', '3'),
('621', 'IF3120', 'GF', '4'),
('623', 'IF3030', 'WW', '3'),
('624', 'IF5555', 'DK', '3'),
('626', 'IF4041', 'GT', '3'),
('640', 'IF5555', 'FR', '4'),
('641', 'IF4041', 'WW', '4'),
('646', 'IF3333', 'HI', '4'),
('648', 'IF5555', 'GT', '3'),
('654', 'IF4041', 'GF', '3'),
('659', 'IF4041', 'HI', '3'),
('660', 'IF4321', 'GF', '3'),
('661', 'IF3030', 'FR', '4'),
('670', 'IF4321', 'HH', '4'),
('672', 'IF3022', 'DK', '4'),
('679', 'IF3120', 'GF', '4'),
('682', 'IF3333', 'EL', '4'),
('689', 'IF5555', 'MT', '3'),
('692', 'IF4321', 'WW', '3'),
('696', 'IF5555', 'DK', '3'),
('703', 'IF4041', 'GT', '4'),
('704', 'IF3120', 'FR', '4'),
('707', 'IF3022', 'GT', '4'),
('712', 'IF4321', 'DK', '3'),
('713', 'IF3211', 'DK', '3'),
('714', 'IF3030', 'MT', '4'),
('716', 'IF3211', 'DK', '3'),
('719', 'IF3022', 'IF', '3'),
('725', 'IF3120', 'GT', '3'),
('727', 'IF4041', 'FR', '4'),
('730', 'IF0230', 'MT', '3'),
('731', 'IF3022', 'WW', '4'),
('734', 'IF4321', 'FR', '3'),
('737', 'IF3120', 'WW', '3'),
('739', 'IF3030', 'GF', '3'),
('744', 'IF3030', 'MT', '3'),
('750', 'IF4321', 'MT', '4'),
('759', 'IF4041', 'IF', '4'),
('763', 'IF3031', 'MT', '3'),
('768', 'IF3030', 'IF', '3'),
('781', 'IF5555', 'WW', '3'),
('793', 'IF3031', 'HH', '4'),
('805', 'IF4321', 'FR', '4'),
('816', 'IF3333', 'MT', '4'),
('819', 'IF5555', 'FR', '3'),
('826', 'IF3211', 'WW', '4'),
('830', 'IF3031', 'IF', '4'),
('831', 'IF3030', 'MT', '3'),
('839', 'IF4041', 'WW', '4'),
('850', 'IF3030', 'WW', '3'),
('857', 'IF3120', 'GT', '3'),
('858', 'IF3022', 'FR', '3'),
('860', 'IF0230', 'EL', '4'),
('864', 'IF3022', 'HI', '3'),
('871', 'IF3022', 'IF', '3'),
('872', 'IF3211', 'IF', '4'),
('873', 'IF3031', 'IF', '4'),
('876', 'IF3030', 'EL', '4'),
('878', 'IF3031', 'EL', '4'),
('879', 'IF3333', 'MT', '3'),
('888', 'IF4321', 'FR', '3'),
('891', 'IF3333', 'FR', '4'),
('893', 'IF3333', 'IF', '4'),
('894', 'IF4321', 'DK', '3'),
('896', 'IF3211', 'HI', '3'),
('898', 'IF0230', 'WW', '3'),
('899', 'IF3120', 'GT', '4'),
('900', 'IF4041', 'WW', '4'),
('904', 'IF3211', 'DK', '3'),
('911', 'IF3120', 'MT', '3'),
('933', 'IF3333', 'DK', '4'),
('936', 'IF3120', 'FR', '4'),
('947', 'IF0230', 'MT', '3'),
('957', 'IF4041', 'EL', '4'),
('964', 'IF0230', 'FR', '4'),
('965', 'IF3030', 'WW', '3'),
('968', 'IF0230', 'IF', '3'),
('970', 'IF4041', 'MT', '4'),
('981', 'IF3031', 'DK', '3'),
('983', 'IF3333', 'EL', '3'),
('992', 'IF5555', 'GF', '3');

-- --------------------------------------------------------

--
-- Table structure for table `department`
--

CREATE TABLE `department` (
  `dept_name` varchar(20) NOT NULL,
  `building` varchar(15) DEFAULT NULL,
  `budget` decimal(12,2) DEFAULT NULL
) ;

--
-- Dumping data for table `department`
--

INSERT INTO `department` (`dept_name`, `building`, `budget`) VALUES
('DK', 'I', '411069.88'),
('EL', 'H', '223799.90'),
('FR', 'J', '477580.19'),
('GF', 'I', '939230.81'),
('GT', 'B', '297042.13'),
('HH', 'E', '830199.37'),
('HI', 'A', '175763.43'),
('IF', 'I', '460207.12'),
('MT', 'I', '900268.19'),
('WW', 'H', '893220.96');

-- --------------------------------------------------------

--
-- Table structure for table `instructor`
--

CREATE TABLE `instructor` (
  `ID` varchar(5) NOT NULL,
  `name` varchar(20) NOT NULL,
  `dept_name` varchar(20) DEFAULT NULL,
  `salary` decimal(8,2) DEFAULT NULL
) ;

--
-- Dumping data for table `instructor`
--

INSERT INTO `instructor` (`ID`, `name`, `dept_name`, `salary`) VALUES
('12414', 'rahmat', 'HI', '48557.85'),
('12683', 'yuyun', 'EL', '59185.24'),
('17220', 'Ande', 'WW', '126847.62'),
('2322', 'Adri', 'HI', '70806.72'),
('25422', 'Yohan', 'IF', '84357.83'),
('26176', 'yuyun', 'MT', '86816.90'),
('26896', 'Josu', 'EL', '51532.95'),
('27125', 'rahmat', 'FR', '46154.92'),
('29008', 'Kiki', 'MT', '29936.00'),
('30204', 'Kiki', 'DK', '82036.83'),
('30700', 'Kiki', 'IF', '38761.47'),
('32715', 'rahmat', 'FR', '54629.91'),
('3572', 'rahmat', 'GF', '87751.37'),
('36038', 'Adri', 'FR', '41915.87'),
('36062', 'Ande', 'DK', '105195.86'),
('42972', 'Ande', 'HI', '103326.62'),
('47300', 'yuyun', 'DK', '40534.08'),
('47380', 'Yohan', 'DK', '110214.77'),
('50466', 'Ande', 'EL', '100024.05'),
('51702', 'Johan', 'IF', '31352.34'),
('54504', 'Yohan', 'GF', '56382.63'),
('5621', 'Yohan', 'HI', '34447.12'),
('57489', 'Adri', 'MT', '126110.94'),
('58834', 'Ande', 'IF', '103504.32'),
('58913', 'Adri', 'GF', '108559.14'),
('59241', 'Johan', 'EL', '48698.72'),
('59335', 'Yohan', 'WW', '34272.84'),
('60259', 'Kiki', 'EL', '47343.02'),
('63439', 'Yohan', 'HH', '48771.77'),
('64203', 'Josu', 'IF', '112474.99'),
('6739', 'Adri', 'WW', '30401.62'),
('67826', 'Ande', 'GT', '41135.65'),
('72598', 'rahmat', 'IF', '50548.02'),
('74835', 'Adri', 'HH', '98502.41'),
('79522', 'Yohan', 'MT', '101502.59'),
('81745', 'Budi', 'FR', '48917.17'),
('82297', 'Ahmad', 'EL', '68215.20'),
('84988', 'Johan', 'HH', '61580.35'),
('85268', 'Johan', 'HI', '92812.33'),
('85935', 'yuyun', 'HI', '97817.16'),
('8626', 'rahmat', 'WW', '124909.40'),
('86398', 'Johan', 'DK', '84112.43'),
('8809', 'Budi', 'MT', '45889.95'),
('90556', 'Josu', 'GF', '31341.78'),
('90755', 'Yohan', 'GT', '62679.67'),
('95855', 'yuyun', 'DK', '45187.66'),
('96958', 'yuyun', 'EL', '76114.99'),
('98011', 'Budi', 'EL', '78804.63'),
('98431', 'yuyun', 'HH', '78728.84'),
('99341', 'yuyun', 'FR', '116228.28');

-- --------------------------------------------------------

--
-- Table structure for table `prereq`
--

CREATE TABLE `prereq` (
  `course_id` varchar(8) NOT NULL,
  `prereq_id` varchar(8) NOT NULL
) ENGINE=InnoDB DEFAULT CHARSET=utf8mb4;

--
-- Dumping data for table `prereq`
--

INSERT INTO `prereq` (`course_id`, `prereq_id`) VALUES
('108', '458'),
('108', '964'),
('109', '299'),
('109', '478'),
('121', '107'),
('131', '181'),
('131', '235'),
('136', '241'),
('141', '731'),
('177', '911'),
('182', '397'),
('190', '719'),
('195', '117'),
('197', '453'),
('218', '204'),
('218', '218'),
('226', '487'),
('235', '515'),
('235', '661'),
('275', '417'),
('289', '648'),
('301', '569'),
('322', '768'),
('341', '489'),
('351', '427'),
('356', '370'),
('356', '858'),
('364', '911'),
('375', '515'),
('375', '744'),
('389', '670'),
('393', '515'),
('393', '714'),
('397', '612'),
('404', '879'),
('405', '898'),
('427', '682'),
('432', '360'),
('435', '270'),
('435', '496'),
('442', '449'),
('443', '319'),
('444', '289'),
('453', '294'),
('478', '241'),
('478', '624'),
('484', '696'),
('486', '467'),
('486', '900'),
('487', '661'),
('527', '334'),
('549', '529'),
('558', '162'),
('558', '707'),
('559', '387'),
('559', '904'),
('561', '826'),
('570', '138'),
('570', '968'),
('581', '839'),
('608', '704'),
('609', '646'),
('612', '864'),
('621', '196'),
('621', '692'),
('623', '864'),
('626', '125'),
('654', '395'),
('661', '453'),
('682', '672'),
('703', '981'),
('704', '713'),
('707', '209'),
('707', '744'),
('716', '309'),
('727', '132'),
('730', '177'),
('731', '569'),
('737', '506'),
('739', '704'),
('744', '727'),
('750', '857'),
('768', '168'),
('793', '197'),
('816', '581'),
('819', '857'),
('839', '125'),
('839', '515'),
('857', '831'),
('871', '370'),
('872', '713'),
('891', '405'),
('898', '336'),
('933', '444'),
('933', '768'),
('947', '858'),
('957', '831'),
('965', '626'),
('981', '181'),
('981', '432');

-- --------------------------------------------------------

--
-- Table structure for table `section`
--

CREATE TABLE `section` (
  `course_id` varchar(8) NOT NULL,
  `sec_id` varchar(8) NOT NULL,
  `semester` varchar(6) NOT NULL
) ;

--
-- Dumping data for table `section`
--

INSERT INTO `section` (`course_id`, `sec_id`, `semester`, `year`, `building`, `room_number`, `time_slot_id`) VALUES
('101', '1', 'Fall', '2005', 'E', '336', 'G'),
('102', '1', 'Fall', '2009', 'C', '964', 'I'),
('107', '1', 'Fall', '2010', 'I', '23', 'H'),
('107', '2', 'Fall', '2009', 'G', '796', 'E'),
('108', '1', 'Spring', '2003', 'G', '666', 'E'),
('109', '1', 'Fall', '2001', 'E', '656', 'I'),
('111', '1', 'Fall', '2004', 'G', '796', 'D'),
('117', '1', 'Spring', '2002', 'I', '654', 'G'),
('117', '2', 'Spring', '2005', 'I', '23', 'J'),
('117', '3', 'Spring', '2005', 'G', '796', 'A'),
('117', '4', 'Fall', '2004', 'G', '796', 'K'),
('117', '5', 'Fall', '2006', 'E', '656', 'D'),
('121', '1', 'Fall', '2007', 'G', '796', 'P'),
('121', '2', 'Fall', '2006', 'I', '654', 'M'),
('125', '1', 'Fall', '2001', 'I', '23', 'J'),
('125', '2', 'Fall', '2009', 'H', '839', 'L'),
('131', '1', 'Spring', '2002', 'C', '964', 'C'),
('131', '2', 'Spring', '2002', 'D', '476', 'M'),
('131', '3', 'Spring', '2009', 'E', '656', 'B'),
('132', '1', 'Fall', '2008', 'G', '796', 'H'),
('132', '2', 'Spring', '2008', 'I', '23', 'A'),
('136', '1', 'Fall', '2001', 'D', '761', 'G'),
('136', '2', 'Fall', '2004', 'E', '656', 'A'),
('141', '1', 'Fall', '2001', 'I', '654', 'F'),
('141', '2', 'Fall', '2002', 'I', '654', 'E'),
('143', '1', 'Spring', '2002', 'D', '476', 'C'),
('143', '2', 'Fall', '2005', 'I', '654', 'D'),
('143', '3', 'Spring', '2007', 'G', '666', 'P'),
('151', '1', 'Spring', '2005', 'H', '839', 'D'),
('151', '2', 'Fall', '2007', 'C', '964', 'F'),
('151', '3', 'Spring', '2006', 'H', '839', 'M'),
('151', '4', 'Fall', '2007', 'E', '336', 'G'),
('168', '1', 'Spring', '2004', 'E', '336', 'J'),
('168', '2', 'Fall', '2001', 'D', '761', 'F'),
('168', '3', 'Fall', '2006', 'I', '654', 'D'),
('168', '4', 'Spring', '2008', 'C', '964', 'J'),
('168', '5', 'Spring', '2003', 'G', '666', 'N'),
('181', '1', 'Spring', '2003', 'D', '476', 'G'),
('181', '2', 'Fall', '2010', 'D', '761', 'N'),
('181', '3', 'Fall', '2004', 'E', '656', 'K'),
('182', '1', 'Spring', '2004', 'G', '796', 'G'),
('182', '2', 'Fall', '2001', 'G', '796', 'M'),
('186', '1', 'Fall', '2009', 'I', '654', 'H'),
('186', '2', 'Spring', '2007', 'D', '476', 'L'),
('190', '1', 'Fall', '2007', 'I', '23', 'I'),
('190', '2', 'Spring', '2002', 'G', '796', 'H'),
('193', '1', 'Fall', '2001', 'G', '666', 'F'),
('195', '1', 'Spring', '2003', 'E', '656', 'G'),
('195', '2', 'Spring', '2003', 'D', '476', 'I'),
('195', '3', 'Spring', '2003', 'G', '666', 'B'),
('196', '1', 'Spring', '2009', 'D', '476', 'B'),
('196', '2', 'Fall', '2001', 'C', '964', 'G'),
('196', '3', 'Spring', '2010', 'H', '839', 'D'),
('197', '1', 'Spring', '2006', 'I', '654', 'A'),
('204', '1', 'Spring', '2008', 'I', '654', 'P'),
('204', '2', 'Spring', '2004', 'D', '761', 'M'),
('204', '3', 'Fall', '2001', 'H', '839', 'P'),
('209', '1', 'Fall', '2001', 'H', '839', 'F'),
('209', '2', 'Spring', '2006', 'E', '336', 'P'),
('209', '3', 'Spring', '2003', 'D', '761', 'L'),
('209', '4', 'Spring', '2001', 'D', '761', 'G'),
('209', '5', 'Spring', '2003', 'H', '839', 'H'),
('213', '1', 'Fall', '2006', 'C', '964', 'E'),
('218', '1', 'Spring', '2008', 'D', '761', 'L'),
('218', '2', 'Spring', '2004', 'E', '656', 'H'),
('218', '3', 'Fall', '2001', 'E', '336', 'H'),
('226', '1', 'Fall', '2010', 'G', '796', 'J'),
('230', '1', 'Spring', '2001', 'G', '796', 'F'),
('235', '1', 'Fall', '2006', 'D', '476', 'B'),
('235', '2', 'Fall', '2007', 'E', '336', 'O'),
('235', '3', 'Spring', '2008', 'I', '654', 'C'),
('236', '1', 'Fall', '2001', 'E', '656', 'B'),
('236', '2', 'Spring', '2010', 'I', '654', 'I'),
('236', '3', 'Spring', '2002', 'G', '666', 'N'),
('236', '4', 'Fall', '2009', 'C', '964', 'J'),
('238', '1', 'Fall', '2007', 'E', '656', 'L'),
('248', '1', 'Fall', '2005', 'E', '336', 'N'),
('270', '1', 'Spring', '2008', 'D', '761', 'N'),
('270', '2', 'Spring', '2004', 'G', '796', 'B'),
('270', '3', 'Fall', '2005', 'H', '839', 'D'),
('274', '1', 'Spring', '2001', 'I', '654', 'P'),
('274', '2', 'Fall', '2007', 'E', '336', 'J'),
('275', '1', 'Spring', '2006', 'I', '23', 'O'),
('275', '2', 'Fall', '2010', 'E', '336', 'C'),
('275', '3', 'Fall', '2009', 'D', '476', 'O'),
('285', '1', 'Spring', '2006', 'I', '654', 'H'),
('289', '1', 'Spring', '2010', 'H', '839', 'I'),
('289', '2', 'Spring', '2003', 'I', '654', 'L'),
('289', '3', 'Fall', '2006', 'I', '23', 'J'),
('294', '1', 'Spring', '2007', 'C', '964', 'J'),
('299', '1', 'Spring', '2007', 'G', '666', 'M'),
('299', '2', 'Fall', '2003', 'E', '336', 'B'),
('299', '3', 'Fall', '2002', 'D', '761', 'E'),
('299', '4', 'Fall', '2004', 'D', '761', 'M'),
('309', '1', 'Fall', '2003', 'D', '761', 'H'),
('319', '1', 'Spring', '2010', 'H', '839', 'P'),
('319', '2', 'Fall', '2005', 'E', '336', 'F'),
('319', '3', 'Spring', '2004', 'D', '476', 'O'),
('321', '1', 'Spring', '2009', 'E', '336', 'K'),
('321', '2', 'Spring', '2003', 'E', '656', 'K'),
('321', '3', 'Spring', '2002', 'C', '964', 'O'),
('321', '4', 'Spring', '2003', 'I', '23', 'A'),
('321', '5', 'Fall', '2009', 'G', '796', 'H'),
('322', '1', 'Fall', '2010', 'G', '796', 'A'),
('322', '2', 'Spring', '2010', 'D', '761', 'J'),
('322', '3', 'Spring', '2001', 'E', '336', 'A'),
('334', '1', 'Spring', '2005', 'G', '796', 'E'),
('334', '2', 'Fall', '2008', 'I', '23', 'O'),
('336', '1', 'Fall', '2009', 'H', '839', 'D'),
('336', '2', 'Spring', '2001', 'I', '23', 'G'),
('338', '1', 'Fall', '2008', 'G', '666', 'M'),
('338', '2', 'Spring', '2001', 'E', '336', 'F'),
('338', '3', 'Spring', '2008', 'G', '666', 'B'),
('338', '4', 'Spring', '2007', 'H', '839', 'B'),
('341', '1', 'Spring', '2002', 'G', '666', 'M'),
('341', '2', 'Spring', '2001', 'I', '23', 'C'),
('341', '3', 'Spring', '2004', 'G', '666', 'F'),
('341', '4', 'Fall', '2004', 'D', '761', 'D'),
('351', '1', 'Spring', '2008', 'E', '656', 'M'),
('352', '1', 'Fall', '2003', 'H', '839', 'C'),
('352', '2', 'Spring', '2001', 'I', '654', 'C'),
('355', '1', 'Fall', '2004', 'I', '23', 'B'),
('355', '2', 'Fall', '2010', 'G', '796', 'E'),
('355', '3', 'Spring', '2007', 'G', '796', 'A'),
('355', '4', 'Fall', '2008', 'D', '476', 'M'),
('356', '1', 'Fall', '2001', 'E', '656', 'C'),
('356', '2', 'Fall', '2007', 'I', '654', 'F'),
('359', '1', 'Spring', '2010', 'C', '964', 'B'),
('359', '2', 'Fall', '2006', 'D', '761', 'G'),
('360', '1', 'Fall', '2010', 'D', '476', 'D'),
('360', '2', 'Spring', '2010', 'H', '839', 'I'),
('360', '3', 'Spring', '2003', 'G', '796', 'G'),
('360', '4', 'Spring', '2005', 'C', '964', 'H'),
('364', '1', 'Spring', '2006', 'D', '476', 'M'),
('364', '2', 'Spring', '2001', 'D', '476', 'I'),
('364', '3', 'Spring', '2006', 'D', '761', 'O'),
('370', '1', 'Spring', '2003', 'G', '666', 'N'),
('370', '2', 'Spring', '2008', 'G', '666', 'K'),
('375', '1', 'Spring', '2005', 'D', '761', 'C'),
('375', '2', 'Fall', '2001', 'D', '476', 'K'),
('375', '3', 'Spring', '2001', 'D', '761', 'M'),
('375', '4', 'Spring', '2008', 'C', '964', 'N'),
('375', '5', 'Fall', '2006', 'D', '476', 'O'),
('378', '1', 'Fall', '2009', 'E', '336', 'L'),
('378', '2', 'Spring', '2003', 'I', '654', 'G'),
('378', '3', 'Fall', '2009', 'C', '964', 'I'),
('387', '1', 'Spring', '2009', 'I', '654', 'O'),
('389', '1', 'Spring', '2002', 'D', '476', 'I'),
('389', '2', 'Fall', '2005', 'D', '761', 'K'),
('389', '3', 'Fall', '2008', 'G', '796', 'J'),
('389', '4', 'Fall', '2002', 'E', '336', 'F'),
('393', '1', 'Fall', '2001', 'G', '796', 'N'),
('395', '1', 'Fall', '2005', 'D', '761', 'G'),
('395', '2', 'Fall', '2010', 'G', '796', 'C'),
('395', '3', 'Fall', '2006', 'G', '666', 'H'),
('395', '4', 'Fall', '2007', 'I', '23', 'G'),
('397', '1', 'Fall', '2010', 'E', '656', 'P'),
('401', '1', 'Spring', '2008', 'G', '666', 'M'),
('402', '1', 'Fall', '2005', 'D', '761', 'K'),
('404', '1', 'Fall', '2004', 'I', '654', 'O'),
('405', '1', 'Spring', '2003', 'I', '23', 'C'),
('405', '2', 'Spring', '2004', 'H', '839', 'I'),
('416', '1', 'Spring', '2008', 'I', '23', 'L'),
('417', '1', 'Spring', '2008', 'D', '476', 'E'),
('427', '1', 'Fall', '2006', 'I', '654', 'P'),
('427', '2', 'Spring', '2007', 'C', '964', 'C'),
('427', '3', 'Fall', '2003', 'G', '796', 'G'),
('427', '4', 'Fall', '2003', 'E', '336', 'E'),
('432', '1', 'Spring', '2003', 'H', '839', 'B'),
('432', '2', 'Fall', '2008', 'D', '476', 'B'),
('432', '3', 'Spring', '2003', 'G', '666', 'E'),
('432', '4', 'Fall', '2007', 'E', '336', 'G'),
('435', '1', 'Fall', '2001', 'D', '761', 'F'),
('442', '1', 'Fall', '2002', 'I', '23', 'D'),
('442', '2', 'Fall', '2010', 'C', '964', 'G'),
('442', '3', 'Spring', '2004', 'G', '666', 'I'),
('442', '4', 'Fall', '2001', 'D', '761', 'C'),
('443', '1', 'Spring', '2010', 'D', '476', 'I'),
('443', '2', 'Fall', '2009', 'I', '654', 'B'),
('443', '3', 'Spring', '2003', 'C', '964', 'J'),
('444', '1', 'Fall', '2004', 'G', '796', 'I'),
('444', '2', 'Fall', '2001', 'D', '761', 'O'),
('444', '3', 'Fall', '2006', 'I', '654', 'E'),
('444', '4', 'Fall', '2006', 'C', '964', 'F'),
('444', '5', 'Spring', '2006', 'D', '476', 'B'),
('453', '1', 'Spring', '2009', 'E', '336', 'H'),
('454', '1', 'Fall', '2004', 'C', '964', 'D'),
('458', '1', 'Spring', '2005', 'G', '796', 'K'),
('458', '2', 'Fall', '2005', 'G', '666', 'A'),
('469', '1', 'Fall', '2010', 'C', '964', 'O'),
('469', '2', 'Fall', '2008', 'C', '964', 'G'),
('478', '1', 'Spring', '2005', 'G', '666', 'B'),
('478', '2', 'Fall', '2007', 'D', '476', 'C'),
('482', '1', 'Spring', '2007', 'D', '476', 'H'),
('482', '2', 'Fall', '2009', 'I', '654', 'L'),
('484', '1', 'Fall', '2009', 'D', '761', 'I'),
('484', '2', 'Fall', '2007', 'E', '336', 'J'),
('486', '1', 'Spring', '2010', 'D', '476', 'N'),
('486', '2', 'Spring', '2002', 'I', '23', 'P'),
('487', '1', 'Fall', '2010', 'D', '476', 'M'),
('487', '2', 'Fall', '2003', 'I', '23', 'M'),
('490', '1', 'Spring', '2008', 'G', '796', 'N'),
('490', '2', 'Spring', '2008', 'I', '23', 'L'),
('496', '1', 'Spring', '2009', 'G', '796', 'E'),
('496', '2', 'Spring', '2003', 'D', '761', 'C'),
('496', '3', 'Spring', '2002', 'D', '761', 'G'),
('497', '1', 'Spring', '2003', 'G', '796', 'L'),
('497', '2', 'Spring', '2005', 'E', '656', 'C'),
('497', '3', 'Spring', '2006', 'E', '336', 'L'),
('506', '1', 'Fall', '2002', 'E', '656', 'B'),
('506', '2', 'Fall', '2004', 'G', '666', 'I'),
('506', '3', 'Fall', '2002', 'G', '666', 'I'),
('509', '1', 'Spring', '2007', 'G', '796', 'M'),
('529', '1', 'Spring', '2007', 'G', '666', 'K'),
('532', '1', 'Spring', '2003', 'D', '761', 'M'),
('532', '2', 'Spring', '2001', 'D', '476', 'K'),
('549', '1', 'Spring', '2004', 'H', '839', 'M'),
('549', '2', 'Spring', '2001', 'G', '666', 'K'),
('555', '1', 'Fall', '2001', 'I', '654', 'J'),
('555', '2', 'Fall', '2010', 'E', '336', 'C'),
('558', '1', 'Spring', '2002', 'E', '656', 'J'),
('558', '2', 'Spring', '2003', 'E', '656', 'D'),
('559', '1', 'Spring', '2005', 'E', '656', 'H'),
('561', '1', 'Fall', '2005', 'G', '796', 'E'),
('569', '1', 'Fall', '2004', 'I', '654', 'M'),
('569', '2', 'Fall', '2004', 'E', '656', 'J'),
('570', '1', 'Spring', '2005', 'E', '336', 'F'),
('581', '1', 'Fall', '2003', 'E', '336', 'M'),
('581', '2', 'Fall', '2009', 'D', '761', 'H'),
('597', '1', 'Spring', '2002', 'E', '656', 'O'),
('598', '1', 'Fall', '2009', 'I', '23', 'O'),
('609', '1', 'Spring', '2002', 'E', '336', 'G'),
('612', '1', 'Spring', '2004', 'G', '666', 'J'),
('612', '2', 'Spring', '2005', 'I', '23', 'G'),
('613', '1', 'Spring', '2002', 'G', '666', 'M'),
('613', '2', 'Spring', '2007', 'E', '656', 'H'),
('613', '3', 'Fall', '2007', 'I', '23', 'M'),
('621', '1', 'Fall', '2005', 'D', '761', 'P'),
('621', '2', 'Fall', '2009', 'E', '656', 'A'),
('621', '3', 'Fall', '2001', 'E', '656', 'N'),
('624', '1', 'Spring', '2005', 'D', '761', 'D'),
('624', '2', 'Spring', '2006', 'I', '654', 'P'),
('624', '3', 'Fall', '2001', 'D', '761', 'K'),
('626', '1', 'Spring', '2008', 'C', '964', 'K'),
('626', '2', 'Fall', '2008', 'C', '964', 'F'),
('626', '3', 'Fall', '2010', 'I', '23', 'P'),
('641', '1', 'Spring', '2010', 'E', '336', 'G'),
('641', '2', 'Spring', '2002', 'I', '654', 'M'),
('646', '1', 'Fall', '2001', 'I', '654', 'C'),
('646', '2', 'Fall', '2007', 'E', '336', 'L'),
('646', '3', 'Spring', '2010', 'E', '336', 'H'),
('646', '4', 'Fall', '2003', 'D', '476', 'I'),
('648', '1', 'Spring', '2009', 'C', '964', 'E'),
('648', '2', 'Spring', '2009', 'I', '654', 'C'),
('654', '1', 'Fall', '2003', 'G', '796', 'C'),
('654', '2', 'Spring', '2009', 'G', '796', 'J'),
('654', '3', 'Fall', '2005', 'H', '839', 'O'),
('659', '1', 'Spring', '2002', 'I', '23', 'E'),
('660', '1', 'Spring', '2008', 'G', '666', 'P'),
('660', '2', 'Fall', '2010', 'E', '656', 'E'),
('661', '1', 'Spring', '2010', 'H', '839', 'M'),
('661', '2', 'Fall', '2004', 'E', '336', 'K'),
('661', '3', 'Spring', '2006', 'E', '656', 'A'),
('661', '4', 'Fall', '2007', 'I', '654', 'O'),
('670', '1', 'Fall', '2006', 'D', '476', 'O'),
('670', '2', 'Spring', '2004', 'E', '656', 'A'),
('672', '1', 'Fall', '2007', 'E', '336', 'F'),
('679', '1', 'Fall', '2008', 'I', '654', 'I'),
('679', '2', 'Spring', '2003', 'E', '656', 'P'),
('682', '1', 'Fall', '2003', 'E', '336', 'B'),
('682', '2', 'Spring', '2006', 'C', '964', 'A'),
('682', '3', 'Fall', '2007', 'G', '796', 'D'),
('682', '4', 'Fall', '2004', 'I', '23', 'L'),
('689', '1', 'Spring', '2006', 'E', '656', 'I'),
('689', '2', 'Fall', '2009', 'D', '476', 'I'),
('689', '3', 'Spring', '2006', 'D', '476', 'O'),
('689', '4', 'Spring', '2006', 'D', '761', 'J'),
('692', '1', 'Spring', '2009', 'C', '964', 'K'),
('692', '2', 'Spring', '2001', 'D', '761', 'N'),
('692', '3', 'Spring', '2007', 'G', '796', 'H'),
('692', '4', 'Fall', '2010', 'I', '23', 'G'),
('696', '1', 'Spring', '2005', 'G', '796', 'N'),
('696', '2', 'Fall', '2003', 'G', '666', 'M'),
('696', '3', 'Spring', '2002', 'C', '964', 'K'),
('696', '4', 'Fall', '2005', 'E', '336', 'H'),
('703', '1', 'Fall', '2010', 'I', '23', 'H'),
('703', '2', 'Spring', '2009', 'I', '654', 'K'),
('704', '1', 'Fall', '2004', 'D', '761', 'J'),
('704', '2', 'Spring', '2004', 'D', '476', 'D'),
('704', '3', 'Fall', '2005', 'D', '476', 'N'),
('707', '1', 'Fall', '2005', 'E', '336', 'G'),
('707', '2', 'Spring', '2007', 'I', '23', 'I'),
('713', '1', 'Spring', '2004', 'I', '23', 'A'),
('714', '1', 'Spring', '2002', 'G', '796', 'L'),
('714', '2', 'Spring', '2010', 'I', '654', 'M'),
('716', '1', 'Spring', '2006', 'E', '336', 'C'),
('716', '2', 'Spring', '2004', 'G', '796', 'F'),
('719', '1', 'Fall', '2003', 'H', '839', 'J'),
('719', '2', 'Fall', '2002', 'G', '796', 'P'),
('719', '3', 'Fall', '2006', 'E', '656', 'J'),
('725', '1', 'Spring', '2002', 'H', '839', 'J'),
('730', '1', 'Spring', '2008', 'E', '656', 'D'),
('737', '1', 'Fall', '2002', 'E', '656', 'G'),
('744', '1', 'Spring', '2003', 'G', '796', 'B'),
('744', '2', 'Spring', '2006', 'G', '666', 'N'),
('750', '1', 'Spring', '2007', 'G', '666', 'G'),
('750', '2', 'Spring', '2001', 'H', '839', 'K'),
('759', '1', 'Fall', '2003', 'D', '761', 'F'),
('759', '2', 'Fall', '2009', 'H', '839', 'E'),
('759', '3', 'Fall', '2001', 'D', '761', 'C'),
('763', '1', 'Spring', '2005', 'D', '761', 'L'),
('768', '1', 'Spring', '2003', 'I', '654', 'H'),
('768', '2', 'Spring', '2007', 'H', '839', 'K'),
('768', '3', 'Fall', '2006', 'E', '656', 'P'),
('781', '1', 'Fall', '2002', 'H', '839', 'G'),
('781', '2', 'Fall', '2009', 'G', '796', 'F'),
('793', '1', 'Spring', '2004', 'I', '23', 'E'),
('793', '2', 'Fall', '2001', 'G', '796', 'K'),
('793', '3', 'Spring', '2003', 'D', '476', 'P'),
('793', '4', 'Fall', '2003', 'H', '839', 'P'),
('805', '1', 'Spring', '2001', 'G', '796', 'F'),
('816', '1', 'Fall', '2006', 'D', '761', 'C'),
('816', '2', 'Fall', '2008', 'H', '839', 'I'),
('816', '3', 'Fall', '2003', 'C', '964', 'P'),
('819', '1', 'Spring', '2010', 'E', '656', 'J'),
('819', '2', 'Spring', '2001', 'C', '964', 'B'),
('819', '3', 'Fall', '2003', 'H', '839', 'E'),
('826', '1', 'Fall', '2005', 'I', '23', 'C'),
('830', '1', 'Spring', '2004', 'E', '656', 'H'),
('830', '2', 'Fall', '2009', 'I', '23', 'E'),
('831', '1', 'Spring', '2003', 'G', '666', 'I'),
('831', '2', 'Fall', '2010', 'C', '964', 'N'),
('839', '1', 'Fall', '2004', 'D', '476', 'L'),
('839', '2', 'Spring', '2009', 'E', '656', 'P'),
('839', '3', 'Fall', '2006', 'I', '23', 'C'),
('850', '1', 'Spring', '2003', 'D', '476', 'M'),
('850', '2', 'Fall', '2010', 'G', '796', 'G'),
('850', '3', 'Spring', '2001', 'E', '656', 'H'),
('857', '1', 'Spring', '2007', 'I', '654', 'L'),
('857', '2', 'Spring', '2010', 'E', '656', 'B'),
('857', '3', 'Fall', '2003', 'D', '761', 'D'),
('857', '4', 'Spring', '2004', 'I', '23', 'P'),
('858', '1', 'Fall', '2010', 'I', '654', 'H'),
('858', '2', 'Fall', '2003', 'I', '23', 'C'),
('858', '3', 'Spring', '2001', 'C', '964', 'L'),
('864', '1', 'Fall', '2003', 'D', '761', 'I'),
('864', '2', 'Fall', '2001', 'D', '476', 'F'),
('871', '1', 'Spring', '2007', 'G', '666', 'A'),
('872', '1', 'Spring', '2006', 'E', '336', 'I'),
('873', '1', 'Spring', '2002', 'G', '796', 'P'),
('876', '1', 'Fall', '2008', 'G', '666', 'P'),
('876', '2', 'Spring', '2004', 'E', '336', 'O'),
('876', '3', 'Spring', '2005', 'G', '796', 'J'),
('878', '1', 'Spring', '2007', 'I', '23', 'A'),
('878', '2', 'Fall', '2008', 'C', '964', 'B'),
('879', '1', 'Fall', '2008', 'E', '336', 'H'),
('879', '2', 'Spring', '2003', 'H', '839', 'I'),
('879', '3', 'Fall', '2008', 'I', '654', 'I'),
('879', '4', 'Spring', '2008', 'D', '761', 'O'),
('888', '1', 'Spring', '2002', 'E', '336', 'A'),
('891', '1', 'Spring', '2001', 'I', '23', 'I'),
('891', '2', 'Spring', '2006', 'G', '666', 'H'),
('893', '1', 'Fall', '2006', 'I', '654', 'A'),
('893', '2', 'Fall', '2006', 'H', '839', 'C'),
('893', '3', 'Spring', '2009', 'D', '761', 'M'),
('894', '1', 'Fall', '2010', 'E', '656', 'D'),
('894', '2', 'Fall', '2006', 'G', '666', 'B'),
('894', '3', 'Fall', '2001', 'C', '964', 'C'),
('896', '1', 'Fall', '2004', 'H', '839', 'B'),
('898', '1', 'Spring', '2003', 'E', '656', 'O'),
('898', '2', 'Fall', '2003', 'E', '656', 'K'),
('898', '3', 'Fall', '2010', 'D', '761', 'D'),
('898', '4', 'Spring', '2007', 'C', '964', 'A'),
('899', '1', 'Fall', '2007', 'G', '666', 'D'),
('899', '2', 'Fall', '2005', 'I', '23', 'A'),
('899', '3', 'Fall', '2005', 'I', '23', 'C'),
('900', '1', 'Spring', '2009', 'D', '476', 'C'),
('904', '1', 'Fall', '2006', 'G', '796', 'K'),
('904', '2', 'Fall', '2003', 'I', '654', 'H'),
('904', '3', 'Spring', '2008', 'I', '23', 'D'),
('933', '1', 'Fall', '2009', 'E', '656', 'L'),
('933', '2', 'Fall', '2001', 'D', '761', 'D'),
('936', '1', 'Fall', '2005', 'H', '839', 'O'),
('936', '2', 'Fall', '2002', 'H', '839', 'H'),
('936', '3', 'Fall', '2010', 'G', '666', 'O'),
('947', '1', 'Spring', '2002', 'I', '23', 'D'),
('947', '2', 'Spring', '2003', 'E', '336', 'N'),
('964', '1', 'Fall', '2003', 'D', '761', 'K'),
('965', '1', 'Fall', '2001', 'I', '23', 'H'),
('965', '2', 'Spring', '2005', 'G', '796', 'H'),
('968', '1', 'Spring', '2005', 'D', '761', 'D'),
('970', '1', 'Spring', '2008', 'G', '666', 'P'),
('970', '2', 'Spring', '2007', 'G', '796', 'O'),
('970', '3', 'Fall', '2007', 'E', '336', 'H'),
('981', '1', 'Fall', '2005', 'G', '666', 'N'),
('981', '2', 'Fall', '2005', 'E', '336', 'A'),
('981', '3', 'Spring', '2002', 'H', '839', 'F'),
('983', '1', 'Fall', '2002', 'G', '796', 'O'),
('983', '2', 'Spring', '2008', 'D', '476', 'N'),
('992', '1', 'Spring', '2008', 'I', '654', 'B');

-- --------------------------------------------------------

--
-- Table structure for table `student`
--

CREATE TABLE `student` (
  `ID` varchar(5) NOT NULL,
  `name` varchar(20) NOT NULL,
  `dept_name` varchar(20) DEFAULT NULL,
  `tot_cred` decimal(3,0) DEFAULT NULL
) ;

--
-- Dumping data for table `student`
--

INSERT INTO `student` (`ID`, `name`, `dept_name`, `tot_cred`) VALUES
('10529', 'Yohan', 'EL', '85'),
('1092', 'Johan', 'HH', '90'),
('11235', 'rahmat', 'IF', '49'),
('1136', 'Ande', 'HH', '26'),
('12557', 'Ande', 'DK', '87'),
('1279', 'Budi', 'EL', '4'),
('13842', 'Johan', 'IF', '124'),
('13935', 'Ahmad', 'GF', '21'),
('14047', 'Budi', 'MT', '31'),
('14134', 'yuyun', 'IF', '75'),
('14308', 'Yohan', 'FR', '97'),
('14609', 'yuyun', 'HH', '5'),
('14743', 'Yohan', 'MT', '32'),
('14821', 'Kiki', 'GF', '83'),
('15288', 'Adri', 'FR', '75'),
('1551', 'Josu', 'DK', '59'),
('16156', 'Adri', 'FR', '87'),
('16244', 'Budi', 'FR', '42'),
('16286', 'yuyun', 'EL', '55'),
('16294', 'Yohan', 'GT', '10'),
('16463', 'Ande', 'FR', '128'),
('16537', 'Josu', 'EL', '82'),
('17409', 'Yohan', 'HH', '106'),
('17517', 'yuyun', 'GF', '23'),
('18062', 'Ahmad', 'MT', '40'),
('18139', 'Josu', 'DK', '78'),
('18323', 'Ahmad', 'FR', '44'),
('1852', 'Kiki', 'FR', '69'),
('18699', 'Yohan', 'IF', '124'),
('18778', 'Ahmad', 'GF', '5'),
('18950', 'yuyun', 'HH', '127'),
('1932', 'Johan', 'DK', '107'),
('19699', 'Yohan', 'HH', '69'),
('1981', 'Ahmad', 'IF', '48'),
('20116', 'Ahmad', 'MT', '86'),
('20805', 'Johan', 'HI', '31'),
('21048', 'rahmat', 'FR', '85'),
('2146', 'Ande', 'GF', '105'),
('21628', 'Adri', 'DK', '45'),
('2174', 'Budi', 'GT', '30'),
('22774', 'Johan', 'FR', '48'),
('23844', 'Ande', 'EL', '128'),
('23871', 'Josu', 'IF', '22'),
('24056', 'Budi', 'HI', '24'),
('24395', 'Yohan', 'EL', '121'),
('26650', 'Johan', 'WW', '1'),
('2668', 'Budi', 'GT', '16'),
('26690', 'Kiki', 'MT', '38'),
('27873', 'Kiki', 'DK', '81'),
('28293', 'rahmat', 'EL', '85'),
('28588', 'Budi', 'IF', '52'),
('29231', 'yuyun', 'IF', '30'),
('30038', 'Ahmad', 'MT', '120'),
('30377', 'Ahmad', 'MT', '49'),
('31488', 'yuyun', 'MT', '99'),
('31550', 'Josu', 'IF', '108'),
('31967', 'Johan', 'EL', '3'),
('32194', 'yuyun', 'MT', '9'),
('32267', 'Adri', 'IF', '19'),
('32589', 'Josu', 'HI', '53'),
('32675', 'Adri', 'FR', '43'),
('33021', 'Kiki', 'GF', '99'),
('3375', 'Kiki', 'GF', '32'),
('33766', 'Ahmad', 'FR', '63'),
('34154', 'Johan', 'IF', '61'),
('34874', 'Budi', 'EL', '14'),
('35592', 'Josu', 'FR', '18'),
('35722', 'Adri', 'IF', '127'),
('36000', 'Ahmad', 'HH', '30'),
('36028', 'Adri', 'GT', '36'),
('36166', 'Johan', 'GT', '36'),
('36262', 'yuyun', 'GF', '105'),
('37107', 'rahmat', 'FR', '71'),
('37429', 'Ahmad', 'FR', '114'),
('37503', 'Adri', 'FR', '66'),
('38205', 'Ahmad', 'WW', '27'),
('39062', 'Josu', 'MT', '19'),
('3979', 'yuyun', 'IF', '75'),
('40072', 'Ande', 'HH', '102'),
('40964', 'Kiki', 'DK', '121'),
('41616', 'Josu', 'DK', '43'),
('41709', 'Ahmad', 'WW', '85'),
('41874', 'Kiki', 'IF', '55'),
('42060', 'Ahmad', 'EL', '10'),
('42278', 'Josu', 'GT', '81'),
('42386', 'Ahmad', 'FR', '85'),
('42685', 'Josu', 'WW', '70'),
('43550', 'rahmat', 'HH', '101'),
('44055', 'rahmat', 'IF', '124'),
('4503', 'rahmat', 'GT', '77'),
('4518', 'Yohan', 'EL', '11'),
('45332', 'Ahmad', 'GT', '52'),
('45606', 'Ahmad', 'WW', '36'),
('46527', 'yuyun', 'HH', '107'),
('47378', 'Josu', 'IF', '72'),
('47534', 'Josu', 'GF', '18'),
('48278', 'rahmat', 'DK', '67'),
('48444', 'Josu', 'IF', '8'),
('48492', 'Kiki', 'GT', '22'),
('48689', 'Adri', 'GT', '41'),
('49158', 'Johan', 'WW', '49'),
('49416', 'Ande', 'HH', '80'),
('4942', 'Kiki', 'HH', '1'),
('49904', 'Budi', 'HH', '90'),
('50278', 'yuyun', 'IF', '72'),
('50659', 'Adri', 'EL', '105'),
('50733', 'Budi', 'MT', '26'),
('50894', 'Josu', 'IF', '44'),
('51267', 'Johan', 'IF', '80'),
('51853', 'Ande', 'HH', '3'),
('52189', 'Budi', 'IF', '15'),
('52600', 'Johan', 'IF', '71'),
('52721', 'yuyun', 'FR', '47'),
('53461', 'Kiki', 'HH', '121'),
('53531', 'Yohan', 'HH', '43'),
('54486', 'rahmat', 'EL', '111'),
('55557', 'Yohan', 'IF', '20'),
('55630', 'rahmat', 'IF', '128'),
('56264', 'yuyun', 'EL', '105'),
('5671', 'rahmat', 'EL', '118'),
('56744', 'Adri', 'DK', '8'),
('56764', 'Adri', 'IF', '13'),
('56802', 'rahmat', 'HI', '29'),
('57681', 'Johan', 'DK', '77'),
('5864', 'Adri', 'MT', '67'),
('58867', 'yuyun', 'GT', '90'),
('59134', 'Adri', 'HH', '9'),
('5960', 'Yohan', 'HI', '126'),
('60995', 'Josu', 'EL', '126'),
('61380', 'Budi', 'WW', '2'),
('61547', 'Budi', 'GF', '15'),
('61776', 'Johan', 'MT', '83'),
('62237', 'Ande', 'EL', '89'),
('62752', 'Josu', 'HH', '62'),
('63533', 'Johan', 'HH', '94'),
('63723', 'Yohan', 'HI', '75'),
('63775', 'rahmat', 'GF', '7'),
('64879', 'Ahmad', 'GT', '76'),
('65349', 'Budi', 'MT', '90'),
('65720', 'rahmat', 'MT', '107'),
('66622', 'Kiki', 'MT', '17'),
('67870', 'Johan', 'GF', '95'),
('6868', 'rahmat', 'HI', '71'),
('69381', 'rahmat', 'GF', '117'),
('69429', 'yuyun', 'DK', '54'),
('69865', 'yuyun', 'HI', '34'),
('70924', 'Ande', 'WW', '22'),
('72193', 'Johan', 'IF', '31'),
('72915', 'Kiki', 'HI', '72'),
('74158', 'Kiki', 'HH', '61'),
('74681', 'yuyun', 'MT', '39'),
('74922', 'rahmat', 'FR', '55'),
('75452', 'Ande', 'DK', '55'),
('75971', 'Yohan', 'DK', '44'),
('7690', 'Ande', 'IF', '92'),
('77264', 'Budi', 'DK', '89'),
('77277', 'Kiki', 'DK', '22'),
('78671', 'Kiki', 'WW', '52'),
('7986', 'rahmat', 'GF', '112'),
('80087', 'Ahmad', 'WW', '127'),
('80179', 'Ande', 'MT', '62'),
('80526', 'Yohan', 'GT', '25'),
('80822', 'Johan', 'HI', '36'),
('81073', 'Kiki', 'HH', '70'),
('81391', 'Adri', 'DK', '16'),
('81679', 'Kiki', 'DK', '35'),
('8185', 'Ande', 'DK', '2'),
('82010', 'yuyun', 'GF', '83'),
('82417', 'Ande', 'FR', '78'),
('82575', 'Budi', 'HH', '109'),
('82814', 'Kiki', 'HI', '108'),
('83889', 'Budi', 'IF', '32'),
('84416', 'Kiki', 'FR', '128'),
('84555', 'Josu', 'WW', '116'),
('85875', 'Kiki', 'FR', '49'),
('86234', 'Ahmad', 'GF', '61'),
('87087', 'Yohan', 'HH', '79'),
('8726', 'Kiki', 'IF', '48'),
('87597', 'Yohan', 'MT', '115'),
('87902', 'Adri', 'FR', '43'),
('88988', 'Kiki', 'MT', '49'),
('89777', 'yuyun', 'WW', '72'),
('89780', 'rahmat', 'FR', '7'),
('90499', 'yuyun', 'MT', '126'),
('91228', 'Budi', 'MT', '106'),
('91616', 'rahmat', 'HI', '86'),
('91721', 'Yohan', 'HI', '19'),
('92248', 'Adri', 'FR', '82'),
('92888', 'Johan', 'GF', '16'),
('94219', 'Ahmad', 'WW', '46'),
('9462', 'Josu', 'GT', '93'),
('95020', 'Kiki', 'EL', '81'),
('95773', 'rahmat', 'IF', '9'),
('97086', 'Budi', 'WW', '46'),
('97284', 'yuyun', 'GT', '25'),
('98414', 'Ahmad', 'GF', '53'),
('99495', 'Budi', 'WW', '122'),
('99657', 'Yohan', 'EL', '43'),
('99750', 'Ahmad', 'MT', '61'),
('99820', 'Johan', 'MT', '14');

-- --------------------------------------------------------

--
-- Table structure for table `takes`
--

CREATE TABLE `takes` (
  `ID` varchar(5) NOT NULL,
  `course_id` varchar(8) NOT NULL,
  `sec_id` varchar(8) NOT NULL,
  `semester` varchar(6) NOT NULL,
  `year` decimal(4,0) NOT NULL,
  `grade` varchar(2) DEFAULT NULL
) ENGINE=InnoDB DEFAULT CHARSET=utf8mb4;

--
-- Dumping data for table `takes`
--

INSERT INTO `takes` (`ID`, `course_id`, `sec_id`, `semester`, `year`, `grade`) VALUES
('10529', '107', '2', 'Fall', '2009', 'A-'),
('10529', '195', '1', 'Spring', '2003', 'B+'),
('10529', '458', '1', 'Spring', '2005', 'B+'),
('10529', '478', '1', 'Spring', '2005', 'C+'),
('10529', '864', '2', 'Fall', '2001', 'C-'),
('10529', '970', '3', 'Fall', '2007', 'A '),
('1092', '682', '4', 'Fall', '2004', 'A+'),
('11235', '270', '2', 'Spring', '2004', 'A '),
('11235', '532', '1', 'Spring', '2003', 'A-'),
('11235', '624', '1', 'Spring', '2005', 'A '),
('1136', '435', '1', 'Fall', '2001', 'B-'),
('1136', '486', '2', 'Spring', '2002', 'A+'),
('12557', '744', '2', 'Spring', '2006', 'C '),
('13842', '151', '3', 'Spring', '2006', 'B+'),
('13842', '355', '4', 'Fall', '2008', 'C-'),
('13935', '236', '3', 'Spring', '2002', 'C '),
('13935', '506', '3', 'Fall', '2002', 'A '),
('13935', '648', '2', 'Spring', '2009', 'A '),
('13935', '716', '1', 'Spring', '2006', 'C-'),
('14047', '270', '3', 'Fall', '2005', 'B '),
('14047', '555', '1', 'Fall', '2001', 'C+'),
('14047', '850', '3', 'Spring', '2001', 'C+'),
('14047', '981', '3', 'Spring', '2002', 'B+'),
('14134', '132', '2', 'Spring', '2008', 'A '),
('14134', '181', '1', 'Spring', '2003', 'B+'),
('14134', '482', '2', 'Fall', '2009', 'B-'),
('14134', '768', '3', 'Fall', '2006', 'A '),
('14134', '899', '1', 'Fall', '2007', 'A '),
('14308', '793', '2', 'Fall', '2001', 'B '),
('14609', '626', '1', 'Spring', '2008', 'C-'),
('14609', '898', '4', 'Spring', '2007', 'A-'),
('14821', '646', '1', 'Fall', '2001', 'A '),
('15288', '294', '1', 'Spring', '2007', 'C+'),
('15288', '338', '4', 'Spring', '2007', 'B+'),
('15288', '341', '2', 'Spring', '2001', 'B-'),
('15288', '529', '1', 'Spring', '2007', 'C+'),
('1551', '626', '3', 'Fall', '2010', 'A-'),
('16156', '193', '1', 'Fall', '2001', 'A-'),
('16244', '378', '1', 'Fall', '2009', 'B-'),
('16286', '696', '4', 'Fall', '2005', 'A '),
('16286', '714', '1', 'Spring', '2002', 'C '),
('16286', '891', '1', 'Spring', '2001', 'B '),
('16294', '193', '1', 'Fall', '2001', 'A '),
('16294', '992', '1', 'Spring', '2008', 'A-'),
('16463', '209', '1', 'Fall', '2001', 'C+'),
('16463', '759', '3', 'Fall', '2001', 'C+'),
('16537', '196', '3', 'Spring', '2010', 'A-'),
('16537', '395', '1', 'Fall', '2005', 'B+'),
('16537', '435', '1', 'Fall', '2001', 'B+'),
('16537', '878', '1', 'Spring', '2007', 'B '),
('17409', '341', '2', 'Spring', '2001', 'A+'),
('17409', '624', '3', 'Fall', '2001', 'C-'),
('17409', '744', '1', 'Spring', '2003', 'B+'),
('17409', '831', '1', 'Spring', '2003', 'B+'),
('17517', '660', '1', 'Spring', '2008', 'B '),
('18062', '181', '1', 'Spring', '2003', 'C '),
('18062', '236', '3', 'Spring', '2002', 'B-'),
('18062', '581', '1', 'Fall', '2003', 'A '),
('18062', '626', '1', 'Spring', '2008', 'A-'),
('18062', '719', '2', 'Fall', '2002', 'B+'),
('18062', '893', '1', 'Fall', '2006', 'B+'),
('18139', '186', '1', 'Fall', '2009', 'B '),
('18139', '405', '2', 'Spring', '2004', 'C+'),
('18323', '661', '1', 'Spring', '2010', 'A '),
('1852', '109', '1', 'Fall', '2001', 'A '),
('18699', '238', '1', 'Fall', '2007', 'A+'),
('18778', '117', '2', 'Spring', '2005', 'B-'),
('18950', '660', '2', 'Fall', '2010', 'B-'),
('1932', '275', '1', 'Spring', '2006', 'B-'),
('1932', '359', '2', 'Fall', '2006', 'B+'),
('19699', '660', '1', 'Spring', '2008', 'B+'),
('1981', '143', '1', 'Spring', '2002', 'A-'),
('1981', '289', '1', 'Spring', '2010', 'A+'),
('1981', '341', '3', 'Spring', '2004', 'B-'),
('1981', '816', '2', 'Fall', '2008', 'B '),
('20116', '204', '1', 'Spring', '2008', 'C '),
('20116', '338', '2', 'Spring', '2001', 'B '),
('20116', '696', '3', 'Spring', '2002', 'C+'),
('20116', '831', '2', 'Fall', '2010', 'B '),
('20805', '299', '3', 'Fall', '2002', 'A '),
('20805', '442', '4', 'Fall', '2001', 'A-'),
('20805', '716', '1', 'Spring', '2006', 'A '),
('21048', '190', '2', 'Spring', '2002', 'C+'),
('2146', '356', '1', 'Fall', '2001', 'A+'),
('2146', '444', '2', 'Fall', '2001', 'C-'),
('21628', '416', '1', 'Spring', '2008', 'A-'),
('21628', '899', '1', 'Fall', '2007', 'B+'),
('2174', '270', '2', 'Spring', '2004', 'A+'),
('2174', '417', '1', 'Spring', '2008', 'A-'),
('2174', '597', '1', 'Spring', '2002', 'A+'),
('22774', '190', '1', 'Fall', '2007', 'A-'),
('22774', '236', '4', 'Fall', '2009', 'B+'),
('22774', '716', '2', 'Spring', '2004', 'A-'),
('23844', '299', '1', 'Spring', '2007', 'B '),
('23871', '900', '1', 'Spring', '2009', 'B+'),
('23871', '981', '3', 'Spring', '2002', 'A '),
('24056', '352', '1', 'Fall', '2003', 'C '),
('24056', '490', '2', 'Spring', '2008', 'B '),
('24056', '555', '1', 'Fall', '2001', 'B+'),
('24395', '696', '4', 'Fall', '2005', 'A '),
('24395', '981', '1', 'Fall', '2005', 'C-'),
('26650', '186', '1', 'Fall', '2009', 'A '),
('26650', '321', '4', 'Spring', '2003', 'A-'),
('26650', '696', '3', 'Spring', '2002', 'A+'),
('26650', '876', '3', 'Spring', '2005', 'A+'),
('26650', '898', '3', 'Fall', '2010', 'C '),
('2668', '570', '1', 'Spring', '2005', 'C-'),
('2668', '621', '1', 'Fall', '2005', 'A+'),
('26690', '102', '1', 'Fall', '2009', 'A-'),
('26690', '322', '2', 'Spring', '2010', 'B '),
('26690', '453', '1', 'Spring', '2009', 'C '),
('26690', '965', '1', 'Fall', '2001', 'A+'),
('27873', '819', '3', 'Fall', '2003', 'B+'),
('28293', '532', '2', 'Spring', '2001', 'C '),
('28293', '682', '1', 'Fall', '2003', 'C-'),
('28588', '294', '1', 'Spring', '2007', 'C+'),
('28588', '598', '1', 'Fall', '2009', 'C-'),
('28588', '719', '2', 'Fall', '2002', 'B+'),
('29231', '151', '1', 'Spring', '2005', 'A+'),
('29231', '236', '4', 'Fall', '2009', 'B '),
('29231', '661', '2', 'Fall', '2004', 'C+'),
('30038', '270', '1', 'Spring', '2008', 'A+'),
('30038', '478', '2', 'Fall', '2007', 'C-'),
('30038', '679', '1', 'Fall', '2008', 'A '),
('30377', '341', '3', 'Spring', '2004', 'A '),
('31488', '359', '2', 'Fall', '2006', 'A '),
('31967', '121', '1', 'Fall', '2007', 'C '),
('31967', '289', '3', 'Fall', '2006', 'A '),
('31967', '654', '1', 'Fall', '2003', 'A-'),
('32194', '351', '1', 'Spring', '2008', 'C-'),
('32194', '375', '2', 'Fall', '2001', 'C-'),
('32194', '750', '1', 'Spring', '2007', 'C+'),
('32589', '108', '1', 'Spring', '2003', 'B '),
('32589', '168', '4', 'Spring', '2008', 'C-'),
('32589', '442', '2', 'Fall', '2010', 'A-'),
('32675', '209', '3', 'Spring', '2003', 'B+'),
('32675', '857', '1', 'Spring', '2007', 'A '),
('3375', '196', '2', 'Fall', '2001', 'A '),
('3375', '581', '2', 'Fall', '2009', 'C+'),
('33766', '117', '5', 'Fall', '2006', 'B+'),
('33766', '274', '1', 'Spring', '2001', 'B+'),
('33766', '864', '1', 'Fall', '2003', 'B-'),
('33766', '893', '2', 'Fall', '2006', 'B+'),
('34154', '355', '1', 'Fall', '2004', 'B-'),
('34874', '182', '1', 'Spring', '2004', 'C-'),
('34874', '558', '2', 'Spring', '2003', 'A+'),
('34874', '703', '1', 'Fall', '2010', 'A+'),
('34874', '850', '2', 'Fall', '2010', 'A '),
('35722', '193', '1', 'Fall', '2001', 'C+'),
('35722', '689', '1', 'Spring', '2006', 'C+'),
('35722', '719', '2', 'Fall', '2002', 'B-'),
('36000', '270', '2', 'Spring', '2004', 'C-'),
('36000', '850', '2', 'Fall', '2010', 'C-'),
('36028', '621', '1', 'Fall', '2005', 'A+'),
('36028', '626', '2', 'Fall', '2008', 'C+'),
('36028', '626', '3', 'Fall', '2010', 'C '),
('36028', '981', '2', 'Fall', '2005', 'C '),
('36166', '443', '3', 'Spring', '2003', 'C-'),
('36166', '716', '2', 'Spring', '2004', 'B-'),
('36262', '506', '2', 'Fall', '2004', 'A-'),
('36262', '857', '4', 'Spring', '2004', 'A+'),
('37107', '405', '1', 'Spring', '2003', 'B-'),
('37429', '151', '3', 'Spring', '2006', 'B+'),
('37429', '356', '2', 'Fall', '2007', 'C+'),
('37429', '888', '1', 'Spring', '2002', 'A-'),
('37429', '894', '1', 'Fall', '2010', 'A '),
('37503', '416', '1', 'Spring', '2008', 'C '),
('37503', '432', '1', 'Spring', '2003', 'B+'),
('38205', '341', '3', 'Spring', '2004', 'B '),
('38205', '857', '3', 'Fall', '2003', 'B-'),
('39062', '443', '3', 'Spring', '2003', 'A '),
('39062', '857', '3', 'Fall', '2003', 'A+'),
('3979', '375', '5', 'Fall', '2006', 'B+'),
('40072', '117', '4', 'Fall', '2004', 'B '),
('40964', '432', '2', 'Fall', '2008', 'A '),
('40964', '646', '1', 'Fall', '2001', 'A '),
('41616', '561', '1', 'Fall', '2005', 'A+'),
('41709', '352', '2', 'Spring', '2001', 'B '),
('41874', '195', '3', 'Spring', '2003', 'B-'),
('41874', '692', '2', 'Spring', '2001', 'C+'),
('41874', '696', '2', 'Fall', '2003', 'B-'),
('41874', '793', '3', 'Spring', '2003', 'C+'),
('42060', '375', '2', 'Fall', '2001', 'B+'),
('42060', '444', '4', 'Fall', '2006', 'C-'),
('42060', '532', '2', 'Spring', '2001', 'B '),
('42278', '107', '2', 'Fall', '2009', 'A-'),
('42278', '182', '1', 'Spring', '2004', 'B-'),
('42386', '321', '4', 'Spring', '2003', 'C-'),
('42685', '121', '2', 'Fall', '2006', 'B-'),
('42685', '497', '1', 'Spring', '2003', 'C+'),
('42685', '624', '1', 'Spring', '2005', 'A '),
('43550', '532', '1', 'Spring', '2003', 'A '),
('44055', '132', '2', 'Spring', '2008', 'B+'),
('44055', '204', '2', 'Spring', '2004', 'C+'),
('4503', '648', '2', 'Spring', '2009', 'B+'),
('4503', '793', '2', 'Fall', '2001', 'B-'),
('4503', '983', '1', 'Fall', '2002', 'B-'),
('4518', '370', '1', 'Spring', '2003', 'A-'),
('4518', '569', '2', 'Fall', '2004', 'A+'),
('45332', '370', '2', 'Spring', '2008', 'B '),
('45332', '506', '2', 'Fall', '2004', 'B '),
('45606', '319', '1', 'Spring', '2010', 'A '),
('46527', '744', '1', 'Spring', '2003', 'C+'),
('46527', '759', '2', 'Fall', '2009', 'B '),
('47378', '197', '1', 'Spring', '2006', 'B+'),
('47378', '389', '2', 'Fall', '2005', 'B+'),
('48278', '299', '2', 'Fall', '2003', 'C-'),
('48444', '486', '1', 'Spring', '2010', 'C '),
('48444', '624', '1', 'Spring', '2005', 'A+'),
('48492', '299', '3', 'Fall', '2002', 'A+'),
('48492', '360', '4', 'Spring', '2005', 'C-'),
('48492', '768', '2', 'Spring', '2007', 'A-'),
('48689', '351', '1', 'Spring', '2008', 'C-'),
('48689', '581', '2', 'Fall', '2009', 'A '),
('49158', '131', '3', 'Spring', '2009', 'A-'),
('49158', '204', '1', 'Spring', '2008', 'A '),
('49416', '107', '1', 'Fall', '2010', 'A '),
('49416', '322', '1', 'Fall', '2010', 'C+'),
('4942', '478', '2', 'Fall', '2007', 'A-'),
('49904', '352', '2', 'Spring', '2001', 'B+'),
('49904', '864', '1', 'Fall', '2003', 'C '),
('50278', '624', '1', 'Spring', '2005', 'C-'),
('50278', '719', '1', 'Fall', '2003', 'A-'),
('50659', '933', '2', 'Fall', '2001', 'A-'),
('50733', '236', '1', 'Fall', '2001', 'C+'),
('50733', '375', '1', 'Spring', '2005', 'A+'),
('50733', '679', '1', 'Fall', '2008', 'C-'),
('50733', '981', '2', 'Fall', '2005', 'B-'),
('50894', '725', '1', 'Spring', '2002', 'B-'),
('51267', '981', '1', 'Fall', '2005', 'A-'),
('51853', '981', '1', 'Fall', '2005', 'B+'),
('52189', '336', '1', 'Fall', '2009', 'A+'),
('52189', '936', '2', 'Fall', '2002', 'B+'),
('52600', '624', '1', 'Spring', '2005', 'A+'),
('52721', '168', '5', 'Spring', '2003', 'B '),
('52721', '670', '2', 'Spring', '2004', 'A-'),
('53461', '336', '1', 'Fall', '2009', 'B-'),
('53461', '444', '2', 'Fall', '2001', 'B-'),
('53531', '478', '2', 'Fall', '2007', 'B '),
('53531', '793', '4', 'Fall', '2003', 'A+'),
('53531', '839', '3', 'Fall', '2006', 'A-'),
('54486', '387', '1', 'Spring', '2009', 'A-'),
('55557', '427', '1', 'Fall', '2006', 'C+'),
('55557', '893', '3', 'Spring', '2009', 'B+'),
('55557', '981', '2', 'Fall', '2005', 'B '),
('55630', '356', '1', 'Fall', '2001', 'A '),
('56264', '197', '1', 'Spring', '2006', 'A+'),
('5671', '355', '4', 'Fall', '2008', 'C '),
('5671', '965', '2', 'Spring', '2005', 'C+'),
('56744', '136', '2', 'Fall', '2004', 'A-'),
('56744', '624', '1', 'Spring', '2005', 'C '),
('56744', '819', '1', 'Spring', '2010', 'C+'),
('56802', '626', '2', 'Fall', '2008', 'B+'),
('56802', '730', '1', 'Spring', '2008', 'C+'),
('56802', '879', '2', 'Spring', '2003', 'B+'),
('57681', '117', '3', 'Spring', '2005', 'A-'),
('59134', '893', '3', 'Spring', '2009', 'A+'),
('5960', '359', '1', 'Spring', '2010', 'B-'),
('5960', '432', '2', 'Fall', '2008', 'A-'),
('5960', '646', '3', 'Spring', '2010', 'A '),
('5960', '648', '2', 'Spring', '2009', 'C+'),
('60995', '299', '3', 'Fall', '2002', 'A+'),
('61380', '819', '2', 'Spring', '2001', 'C-'),
('61547', '857', '1', 'Spring', '2007', 'C+'),
('61547', '981', '1', 'Fall', '2005', 'A '),
('61776', '322', '3', 'Spring', '2001', 'B '),
('62237', '744', '1', 'Spring', '2003', 'B-'),
('62752', '529', '1', 'Spring', '2007', 'B+'),
('62752', '598', '1', 'Fall', '2009', 'C '),
('62752', '646', '1', 'Fall', '2001', 'B+'),
('62752', '661', '2', 'Fall', '2004', 'A-'),
('63533', '108', '1', 'Spring', '2003', 'C-'),
('63533', '549', '1', 'Spring', '2004', 'A-'),
('63533', '876', '2', 'Spring', '2004', 'C '),
('63723', '352', '2', 'Spring', '2001', 'A+'),
('63723', '871', '1', 'Spring', '2007', 'B+'),
('63723', '893', '1', 'Fall', '2006', 'B+'),
('63775', '716', '1', 'Spring', '2006', 'B+'),
('64879', '181', '1', 'Spring', '2003', 'C '),
('64879', '453', '1', 'Spring', '2009', 'C-'),
('64879', '646', '1', 'Fall', '2001', 'B+'),
('64879', '830', '2', 'Fall', '2009', 'A-'),
('64879', '936', '1', 'Fall', '2005', 'C+'),
('65349', '195', '1', 'Spring', '2003', 'A '),
('66622', '561', '1', 'Fall', '2005', 'A-'),
('67870', '132', '1', 'Fall', '2008', 'A+'),
('67870', '965', '1', 'Fall', '2001', 'C+'),
('69381', '626', '1', 'Spring', '2008', 'A+'),
('69381', '692', '1', 'Spring', '2009', 'B-'),
('69381', '858', '2', 'Fall', '2003', 'C+'),
('69429', '121', '2', 'Fall', '2006', 'C+'),
('69865', '196', '3', 'Spring', '2010', 'A '),
('70924', '486', '1', 'Spring', '2010', 'A '),
('70924', '496', '1', 'Spring', '2009', 'B-'),
('70924', '555', '2', 'Fall', '2010', 'A-'),
('70924', '839', '1', 'Fall', '2004', 'B+'),
('72193', '896', '1', 'Fall', '2004', 'A-'),
('74158', '117', '1', 'Spring', '2002', 'A+'),
('74158', '646', '4', 'Fall', '2003', 'C '),
('74681', '101', '1', 'Fall', '2005', 'A-'),
('74681', '355', '4', 'Fall', '2008', 'A-'),
('74922', '132', '1', 'Fall', '2008', 'B+'),
('74922', '768', '3', 'Fall', '2006', 'A '),
('75452', '136', '2', 'Fall', '2004', 'A+'),
('75971', '168', '3', 'Fall', '2006', 'A-'),
('75971', '850', '3', 'Spring', '2001', 'C-'),
('77277', '334', '2', 'Fall', '2008', 'A+'),
('77277', '704', '1', 'Fall', '2004', 'C+'),
('78671', '274', '2', 'Fall', '2007', 'B-'),
('78671', '719', '3', 'Fall', '2006', 'C-'),
('78671', '839', '1', 'Fall', '2004', 'A-'),
('7986', '322', '2', 'Spring', '2010', 'B+'),
('7986', '621', '3', 'Fall', '2001', 'C '),
('7986', '965', '2', 'Spring', '2005', 'C+'),
('80087', '375', '4', 'Spring', '2008', 'C-'),
('80179', '341', '3', 'Spring', '2004', 'C '),
('80179', '621', '2', 'Fall', '2009', 'B '),
('80179', '660', '1', 'Spring', '2008', 'A '),
('80179', '793', '2', 'Fall', '2001', 'B+'),
('80822', '648', '2', 'Spring', '2009', 'A '),
('81073', '132', '1', 'Fall', '2008', 'A-'),
('81073', '270', '1', 'Spring', '2008', 'C '),
('81073', '355', '3', 'Spring', '2007', 'A-'),
('81391', '427', '2', 'Spring', '2007', 'C+'),
('81391', '555', '2', 'Fall', '2010', 'C-'),
('81391', '621', '3', 'Fall', '2001', 'A-'),
('81391', '793', '2', 'Fall', '2001', 'B '),
('81679', '182', '1', 'Spring', '2004', 'A-'),
('81679', '195', '2', 'Spring', '2003', 'A-'),
('81679', '432', '1', 'Spring', '2003', 'B-'),
('8185', '321', '3', 'Spring', '2002', 'C-'),
('8185', '496', '1', 'Spring', '2009', 'C '),
('8185', '714', '1', 'Spring', '2002', 'C-'),
('82010', '696', '3', 'Spring', '2002', 'C+'),
('82417', '151', '2', 'Fall', '2007', 'B '),
('82417', '597', '1', 'Spring', '2002', 'C-'),
('82417', '719', '2', 'Fall', '2002', 'B '),
('82575', '209', '1', 'Fall', '2001', 'B+'),
('82575', '716', '2', 'Spring', '2004', 'A+'),
('82814', '355', '3', 'Spring', '2007', 'B+'),
('83889', '213', '1', 'Fall', '2006', 'B '),
('83889', '692', '1', 'Spring', '2009', 'A+'),
('84416', '195', '3', 'Spring', '2003', 'B+'),
('85875', '404', '1', 'Fall', '2004', 'B-'),
('87087', '235', '2', 'Fall', '2007', 'A+'),
('87087', '355', '3', 'Spring', '2007', 'A '),
('87087', '484', '1', 'Fall', '2009', 'B+'),
('8726', '338', '3', 'Spring', '2008', 'B '),
('8726', '375', '1', 'Spring', '2005', 'A-'),
('8726', '696', '2', 'Fall', '2003', 'A+'),
('87597', '613', '3', 'Fall', '2007', 'B '),
('87597', '707', '2', 'Spring', '2007', 'A+'),
('87597', '896', '1', 'Fall', '2004', 'A+'),
('87902', '111', '1', 'Fall', '2004', 'B-'),
('87902', '338', '2', 'Spring', '2001', 'C+'),
('87902', '529', '1', 'Spring', '2007', 'A '),
('87902', '654', '1', 'Fall', '2003', 'C-'),
('87902', '936', '1', 'Fall', '2005', 'B-'),
('88988', '654', '2', 'Spring', '2009', 'A+'),
('88988', '744', '1', 'Spring', '2003', 'C+'),
('88988', '947', '2', 'Spring', '2003', 'A-'),
('89780', '151', '1', 'Spring', '2005', 'A+'),
('89780', '831', '1', 'Spring', '2003', 'A-'),
('90499', '378', '2', 'Spring', '2003', 'B-'),
('91228', '613', '1', 'Spring', '2002', 'A '),
('91616', '395', '1', 'Fall', '2005', 'B-'),
('91616', '696', '3', 'Spring', '2002', 'B+'),
('91721', '141', '1', 'Fall', '2001', 'B-'),
('91721', '654', '2', 'Spring', '2009', 'B '),
('91721', '660', '2', 'Fall', '2010', 'A-'),
('92888', '209', '2', 'Spring', '2006', 'B '),
('92888', '294', '1', 'Spring', '2007', 'B-'),
('92888', '549', '2', 'Spring', '2001', 'A-'),
('92888', '713', '1', 'Spring', '2004', 'A-'),
('92888', '858', '1', 'Fall', '2010', 'C '),
('94219', '850', '3', 'Spring', '2001', 'C '),
('9462', '682', '4', 'Fall', '2004', 'B '),
('9462', '981', '1', 'Fall', '2005', 'B '),
('95020', '270', '1', 'Spring', '2008', 'C+'),
('95020', '497', '2', 'Spring', '2005', 'A+'),
('95020', '970', '2', 'Spring', '2007', 'B-'),
('95773', '389', '4', 'Fall', '2002', 'A '),
('95773', '648', '2', 'Spring', '2009', 'A '),
('95773', '947', '1', 'Spring', '2002', 'C '),
('97086', '839', '1', 'Fall', '2004', 'A-'),
('97086', '970', '1', 'Spring', '2008', 'A+'),
('97284', '321', '5', 'Fall', '2009', 'B-'),
('98414', '661', '1', 'Spring', '2010', 'A '),
('99495', '319', '2', 'Fall', '2005', 'C '),
('99657', '218', '2', 'Spring', '2004', 'A '),
('99657', '356', '2', 'Fall', '2007', 'A+'),
('99657', '387', '1', 'Spring', '2009', 'B-'),
('99657', '487', '1', 'Fall', '2010', 'B+'),
('99657', '648', '1', 'Spring', '2009', 'C '),
('99657', '703', '1', 'Fall', '2010', 'A '),
('99657', '898', '2', 'Fall', '2003', 'A-'),
('99750', '270', '1', 'Spring', '2008', 'B '),
('99820', '321', '3', 'Spring', '2002', 'B+'),
('99820', '341', '1', 'Spring', '2002', 'C '),
('99820', '759', '2', 'Fall', '2009', 'C+');

-- --------------------------------------------------------

--
-- Table structure for table `teaches`
--

CREATE TABLE `teaches` (
  `ID` varchar(5) NOT NULL,
  `course_id` varchar(8) NOT NULL,
  `sec_id` varchar(8) NOT NULL,
  `semester` varchar(6) NOT NULL,
  `year` decimal(4,0) NOT NULL
) ENGINE=InnoDB DEFAULT CHARSET=utf8mb4;

--
-- Dumping data for table `teaches`
--

INSERT INTO `teaches` (`ID`, `course_id`, `sec_id`, `semester`, `year`) VALUES
('12683', '209', '4', 'Spring', '2001'),
('12683', '319', '1', 'Spring', '2010'),
('12683', '319', '2', 'Fall', '2005'),
('12683', '319', '3', 'Spring', '2004'),
('12683', '341', '1', 'Spring', '2002'),
('12683', '581', '1', 'Fall', '2003'),
('12683', '878', '1', 'Spring', '2007'),
('2322', '143', '3', 'Spring', '2007'),
('2322', '195', '1', 'Spring', '2003'),
('2322', '218', '3', 'Fall', '2001'),
('2322', '236', '2', 'Spring', '2010'),
('2322', '442', '3', 'Spring', '2004'),
('2322', '443', '1', 'Spring', '2010'),
('2322', '549', '2', 'Spring', '2001'),
('2322', '864', '2', 'Fall', '2001'),
('30700', '719', '3', 'Fall', '2006'),
('30700', '759', '1', 'Fall', '2003'),
('30700', '873', '1', 'Spring', '2002'),
('3572', '182', '2', 'Fall', '2001'),
('3572', '444', '1', 'Fall', '2004'),
('3572', '444', '3', 'Fall', '2006'),
('47300', '213', '1', 'Fall', '2006'),
('47300', '338', '4', 'Spring', '2007'),
('47300', '364', '3', 'Spring', '2006'),
('47300', '624', '2', 'Spring', '2006'),
('47300', '672', '1', 'Fall', '2007'),
('47300', '716', '1', 'Spring', '2006'),
('47300', '894', '3', 'Fall', '2001'),
('47300', '904', '2', 'Fall', '2003'),
('47300', '904', '3', 'Spring', '2008'),
('47300', '933', '1', 'Fall', '2009'),
('47300', '981', '2', 'Fall', '2005'),
('50466', '876', '3', 'Spring', '2005'),
('51702', '117', '4', 'Fall', '2004'),
('51702', '141', '2', 'Fall', '2002'),
('51702', '356', '2', 'Fall', '2007'),
('51702', '759', '2', 'Fall', '2009'),
('51702', '768', '2', 'Spring', '2007'),
('57489', '230', '1', 'Spring', '2001'),
('57489', '689', '2', 'Fall', '2009'),
('59241', '209', '5', 'Spring', '2003'),
('59241', '341', '3', 'Spring', '2004'),
('59241', '370', '1', 'Spring', '2003'),
('59241', '983', '1', 'Fall', '2002'),
('59335', '395', '1', 'Fall', '2005'),
('59335', '395', '3', 'Fall', '2006'),
('59335', '555', '1', 'Fall', '2001'),
('63439', '168', '1', 'Spring', '2004'),
('63439', '432', '2', 'Fall', '2008'),
('63439', '613', '2', 'Spring', '2007'),
('64203', '186', '1', 'Fall', '2009'),
('67826', '453', '1', 'Spring', '2009'),
('67826', '482', '1', 'Spring', '2007'),
('67826', '648', '2', 'Spring', '2009'),
('67826', '857', '4', 'Spring', '2004'),
('67826', '899', '3', 'Fall', '2005'),
('81745', '181', '3', 'Fall', '2004'),
('81745', '196', '2', 'Fall', '2001'),
('81745', '235', '3', 'Spring', '2008'),
('81745', '322', '1', 'Fall', '2010'),
('81745', '360', '2', 'Spring', '2010'),
('81745', '360', '3', 'Spring', '2003'),
('81745', '397', '1', 'Fall', '2010'),
('81745', '661', '1', 'Spring', '2010'),
('81745', '704', '1', 'Fall', '2004'),
('81745', '805', '1', 'Spring', '2001'),
('81745', '819', '3', 'Fall', '2003'),
('81745', '858', '3', 'Spring', '2001'),
('81745', '936', '1', 'Fall', '2005'),
('81745', '936', '2', 'Fall', '2002'),
('84988', '168', '5', 'Spring', '2003'),
('84988', '204', '1', 'Spring', '2008'),
('84988', '204', '3', 'Fall', '2001'),
('84988', '613', '1', 'Spring', '2002'),
('84988', '670', '1', 'Fall', '2006'),
('84988', '793', '1', 'Spring', '2004'),
('85935', '236', '4', 'Fall', '2009'),
('85935', '248', '1', 'Fall', '2005'),
('8626', '108', '1', 'Spring', '2003'),
('8626', '294', '1', 'Spring', '2007'),
('8626', '378', '2', 'Spring', '2003'),
('8626', '389', '2', 'Fall', '2005'),
('8626', '395', '2', 'Fall', '2010'),
('8626', '416', '1', 'Spring', '2008'),
('8626', '484', '2', 'Fall', '2007'),
('8626', '558', '2', 'Spring', '2003'),
('8626', '839', '3', 'Fall', '2006'),
('8626', '898', '1', 'Spring', '2003'),
('8626', '898', '4', 'Spring', '2007'),
('8626', '965', '2', 'Spring', '2005'),
('8809', '285', '1', 'Spring', '2006'),
('8809', '689', '3', 'Spring', '2006'),
('8809', '689', '4', 'Spring', '2006'),
('8809', '744', '2', 'Spring', '2006'),
('8809', '879', '1', 'Fall', '2008'),
('90556', '121', '2', 'Fall', '2006'),
('90755', '899', '2', 'Fall', '2005'),
('95855', '696', '1', 'Spring', '2005'),
('98431', '427', '2', 'Spring', '2007'),
('98431', '793', '2', 'Fall', '2001');

--
-- Indexes for dumped tables
--

--
-- Indexes for table `advisor`
--
ALTER TABLE `advisor`
  ADD PRIMARY KEY (`s_ID`),
  ADD KEY `i_ID` (`i_ID`);

--
-- Indexes for table `classroom`
--
ALTER TABLE `classroom`
  ADD PRIMARY KEY (`building`,`room_number`);

--
-- Indexes for table `prereq`
--
ALTER TABLE `prereq`
  ADD PRIMARY KEY (`course_id`,`prereq_id`),
  ADD KEY `prereq_id` (`prereq_id`);

--
-- Indexes for table `takes`
--
ALTER TABLE `takes`
  ADD PRIMARY KEY (`ID`,`course_id`,`sec_id`,`semester`,`year`),
  ADD KEY `course_id` (`course_id`,`sec_id`,`semester`,`year`),
  ADD KEY `ind_takes` (`ID`) USING BTREE,
  ADD KEY `ind_takes2` (`ID`,`course_id`) USING BTREE,
  ADD KEY `index_takes_course_id` (`course_id`) USING BTREE,
  ADD KEY `ind_takes3` (`ID`,`course_id`) USING BTREE;

--
-- Indexes for table `teaches`
--
ALTER TABLE `teaches`
  ADD PRIMARY KEY (`ID`,`course_id`,`sec_id`,`semester`,`year`),
  ADD KEY `course_id` (`course_id`,`sec_id`,`semester`,`year`);

--
-- Constraints for dumped tables
--

--
-- Constraints for table `advisor`
--
ALTER TABLE `advisor`
  ADD CONSTRAINT `advisor_ibfk_1` FOREIGN KEY (`i_ID`) REFERENCES `instructor` (`ID`) ON DELETE SET NULL,
  ADD CONSTRAINT `advisor_ibfk_2` FOREIGN KEY (`s_ID`) REFERENCES `student` (`ID`) ON DELETE CASCADE;

--
-- Constraints for table `prereq`
--
ALTER TABLE `prereq`
  ADD CONSTRAINT `prereq_ibfk_1` FOREIGN KEY (`course_id`) REFERENCES `course` (`course_id`) ON DELETE CASCADE,
  ADD CONSTRAINT `prereq_ibfk_2` FOREIGN KEY (`prereq_id`) REFERENCES `course` (`course_id`);

--
-- Constraints for table `takes`
--
ALTER TABLE `takes`
  ADD CONSTRAINT `takes_ibfk_1` FOREIGN KEY (`course_id`,`sec_id`,`semester`,`year`) REFERENCES `section` (`course_id`, `sec_id`, `semester`, `year`) ON DELETE CASCADE,
  ADD CONSTRAINT `takes_ibfk_2` FOREIGN KEY (`ID`) REFERENCES `student` (`ID`) ON DELETE CASCADE;

--
-- Constraints for table `teaches`
--
ALTER TABLE `teaches`
  ADD CONSTRAINT `teaches_ibfk_1` FOREIGN KEY (`course_id`,`sec_id`,`semester`,`year`) REFERENCES `section` (`course_id`, `sec_id`, `semester`, `year`) ON DELETE CASCADE,
  ADD CONSTRAINT `teaches_ibfk_2` FOREIGN KEY (`ID`) REFERENCES `instructor` (`ID`) ON DELETE CASCADE;
COMMIT;

/*!40101 SET CHARACTER_SET_CLIENT=@OLD_CHARACTER_SET_CLIENT */;
/*!40101 SET CHARACTER_SET_RESULTS=@OLD_CHARACTER_SET_RESULTS */;
/*!40101 SET COLLATION_CONNECTION=@OLD_COLLATION_CONNECTION */;
