-- phpMyAdmin SQL Dump
-- version 4.9.1
-- https://www.phpmyadmin.net/
--
-- Host: 127.0.0.1
-- Generation Time: Dec 22, 2019 at 07:38 AM
-- Server version: 10.4.8-MariaDB
-- PHP Version: 7.1.33

SET SQL_MODE = "NO_AUTO_VALUE_ON_ZERO";
SET AUTOCOMMIT = 0;
START TRANSACTION;
SET time_zone = "+00:00";


/*!40101 SET @OLD_CHARACTER_SET_CLIENT=@@CHARACTER_SET_CLIENT */;
/*!40101 SET @OLD_CHARACTER_SET_RESULTS=@@CHARACTER_SET_RESULTS */;
/*!40101 SET @OLD_COLLATION_CONNECTION=@@COLLATION_CONNECTION */;
/*!40101 SET NAMES utf8mb4 */;

--
-- Database: `mbd`
--

-- --------------------------------------------------------

--
-- Table structure for table `advisor`
--

CREATE TABLE `advisor` (
  `s_ID` varchar(5) NOT NULL,
  `i_ID` varchar(5) DEFAULT NULL
) ENGINE=InnoDB DEFAULT CHARSET=utf8mb4;

--
-- Dumping data for table `advisor`
--

INSERT INTO `advisor` (`s_ID`, `i_ID`) VALUES
('12206', '15033'),
('12490', '15033'),
('16233', '15033'),
('17944', '15033'),
('7142', '15033'),
('78949', '15033'),
('81502', '15033'),
('82567', '15033'),
('83456', '15033'),
('85144', '15033'),
('88661', '15033'),
('92530', '15033'),
('99711', '15033'),
('28659', '15624'),
('33266', '15624'),
('56081', '15624'),
('67620', '15624'),
('8063', '15624'),
('81426', '15624'),
('86204', '15624'),
('87754', '15624'),
('96577', '15624'),
('10170', '21197'),
('21448', '21197'),
('26953', '21197'),
('33911', '21197'),
('35605', '21197'),
('40860', '21197'),
('49429', '21197'),
('86481', '21197'),
('9054', '21197'),
('92805', '21197'),
('98951', '21197'),
('31647', '22767'),
('38129', '22767'),
('60327', '22767'),
('61480', '22767'),
('64538', '22767'),
('66528', '22767'),
('70344', '22767'),
('73145', '22767'),
('79950', '22767'),
('88908', '22767'),
('8945', '22767'),
('61209', '30174'),
('70643', '30174'),
('79780', '30174'),
('80526', '30174'),
('87828', '30174'),
('18876', '30355'),
('27553', '30355'),
('36629', '30355'),
('50366', '30355'),
('51493', '30355'),
('54497', '30355'),
('628', '30355'),
('76471', '30355'),
('24322', '31860'),
('43632', '31860'),
('5302', '31860'),
('60287', '31860'),
('61513', '31860'),
('7282', '31860'),
('85690', '31860'),
('936', '31860'),
('24072', '33303'),
('2433', '33303'),
('24402', '33303'),
('34257', '33303'),
('40851', '33303'),
('62801', '33303'),
('6720', '33303'),
('72168', '33303'),
('76147', '33303'),
('77184', '33303'),
('78698', '33303'),
('89658', '33303'),
('10647', '33895'),
('17924', '33895'),
('33786', '33895'),
('46529', '33895'),
('54870', '33895'),
('55272', '33895'),
('64150', '33895'),
('75103', '33895'),
('86169', '33895'),
('16895', '34013'),
('25381', '34013'),
('37651', '34013'),
('49205', '34013'),
('84895', '34013'),
('87789', '34013'),
('92276', '34013'),
('94807', '34013'),
('96248', '34013'),
('19289', '34227'),
('28073', '34227'),
('33438', '34227'),
('35703', '34227'),
('40400', '34227'),
('41955', '34227'),
('55040', '34227'),
('56552', '34227'),
('63424', '34227'),
('73642', '34227'),
('81786', '34227'),
('86488', '34227'),
('88280', '34227'),
('94357', '34227'),
('14801', '34945'),
('25929', '34945'),
('31155', '34945'),
('40771', '34945'),
('41821', '34945'),
('43570', '34945'),
('74470', '34945'),
('76149', '34945'),
('93697', '34945'),
('98141', '34945'),
('1031', '3546'),
('17206', '3546'),
('21128', '3546'),
('21622', '3546'),
('258', '3546'),
('28114', '3546'),
('38094', '3546'),
('54972', '3546'),
('66348', '3546'),
('82045', '3546'),
('93140', '3546'),
('95188', '3546'),
('25450', '41270'),
('37626', '41270'),
('45883', '41270'),
('46489', '41270'),
('54516', '41270'),
('57098', '41270'),
('6652', '41270'),
('70686', '41270'),
('78383', '41270'),
('81567', '41270'),
('87594', '41270'),
('21980', '41908'),
('23732', '41908'),
('29331', '41908'),
('55288', '41908'),
('81401', '41908'),
('89092', '41908'),
('94532', '41908'),
('16535', '43827'),
('24692', '43827'),
('322', '43827'),
('34047', '43827'),
('64637', '43827'),
('7285', '43827'),
('13395', '4386'),
('18735', '4386'),
('21827', '4386'),
('27890', '4386'),
('40225', '4386'),
('49163', '4386'),
('60212', '4386'),
('62276', '4386'),
('75672', '4386'),
('84976', '4386'),
('85906', '4386'),
('32860', '43976'),
('38079', '43976'),
('6443', '43976'),
('76465', '43976'),
('78031', '43976'),
('92494', '43976'),
('93528', '43976'),
('12694', '45385'),
('19804', '45385'),
('21344', '45385'),
('23538', '45385'),
('4024', '45385'),
('46560', '45385'),
('49747', '45385'),
('63592', '45385'),
('81002', '45385'),
('81609', '45385'),
('82076', '45385'),
('86082', '45385'),
('89126', '45385'),
('9029', '45385'),
('91578', '45385'),
('93354', '45385'),
('95779', '45385'),
('1627', '45661'),
('25423', '45661'),
('31092', '45661'),
('33163', '45661'),
('38374', '45661'),
('47815', '45661'),
('67627', '45661'),
('67946', '45661'),
('83560', '45661'),
('94564', '45661'),
('99352', '45661'),
('13625', '46114'),
('25053', '46114'),
('383', '46114'),
('75583', '46114'),
('17790', '46775'),
('26153', '46775'),
('41966', '46775'),
('43042', '46775'),
('50250', '46775'),
('51797', '46775'),
('59065', '46775'),
('60331', '46775'),
('60863', '46775'),
('65680', '46775'),
('66976', '46775'),
('73853', '46775'),
('82535', '46775'),
('86104', '46775'),
('89962', '46775'),
('12495', '46974'),
('13622', '46974'),
('23729', '46974'),
('2376', '46974'),
('31707', '46974'),
('39963', '46974'),
('44258', '46974'),
('58819', '46974'),
('59462', '46974'),
('72309', '46974'),
('84217', '46974'),
('11229', '49290'),
('13764', '49290'),
('1594', '49290'),
('21070', '49290'),
('22597', '49290'),
('25342', '49290'),
('34511', '49290'),
('38305', '49290'),
('41519', '49290'),
('58249', '49290'),
('72421', '49290'),
('72965', '49290'),
('74183', '49290'),
('855', '49290'),
('94143', '49290'),
('98974', '49290'),
('18687', '5261'),
('37606', '5261'),
('52086', '5261'),
('56806', '5261'),
('57037', '5261'),
('71328', '5261'),
('81003', '5261'),
('82987', '5261'),
('87776', '5261'),
('12505', '53382'),
('18286', '53382'),
('25274', '53382'),
('2631', '53382'),
('26369', '53382'),
('31670', '53382'),
('4370', '53382'),
('60718', '53382'),
('66478', '53382'),
('74068', '53382'),
('78447', '53382'),
('94168', '53382'),
('17999', '54446'),
('25998', '54446'),
('42365', '54446'),
('66413', '54446'),
('68334', '54446'),
('6841', '54446'),
('69116', '54446'),
('80899', '54446'),
('8103', '54446'),
('89778', '54446'),
('90509', '54446'),
('95226', '54446'),
('96529', '54446'),
('23735', '57568'),
('29774', '57568'),
('38120', '57568'),
('38321', '57568'),
('8152', '57568'),
('82037', '57568'),
('86939', '57568'),
('42761', '58466'),
('67095', '58466'),
('70083', '58466'),
('70696', '58466'),
('74472', '58466'),
('80890', '58466'),
('82383', '58466'),
('84408', '58466'),
('89310', '58466'),
('16835', '63820'),
('22078', '63820'),
('54066', '63820'),
('65992', '63820'),
('70928', '63820'),
('88579', '63820'),
('94925', '63820'),
('2070', '66945'),
('26958', '66945'),
('34466', '66945'),
('4092', '66945'),
('48904', '66945'),
('50313', '66945'),
('59970', '66945'),
('61121', '66945'),
('70785', '66945'),
('96425', '66945'),
('18185', '69473'),
('19637', '69473'),
('34025', '69473'),
('42002', '69473'),
('44029', '69473'),
('52407', '69473'),
('64167', '69473'),
('87673', '69473'),
('88607', '69473'),
('93751', '69473'),
('96044', '69473'),
('11075', '75126'),
('21582', '75126'),
('48793', '75126'),
('49529', '75126'),
('53578', '75126'),
('65363', '75126'),
('67357', '75126'),
('6763', '75126'),
('6849', '75126'),
('73789', '75126'),
('91832', '75126'),
('25317', '77291'),
('26635', '77291'),
('32300', '77291'),
('39806', '77291'),
('58334', '77291'),
('62978', '77291'),
('68126', '77291'),
('87017', '77291'),
('96630', '77291'),
('40901', '77550'),
('52229', '77550'),
('66172', '77550'),
('80199', '77550'),
('80479', '77550'),
('8220', '77550'),
('18403', '79845'),
('19207', '79845'),
('33734', '79845'),
('56627', '79845'),
('60582', '79845'),
('61489', '79845'),
('69032', '79845'),
('73600', '79845'),
('73882', '79845'),
('84117', '79845'),
('1589', '80005'),
('21751', '80005'),
('58158', '80005'),
('62998', '80005'),
('6651', '80005'),
('9348', '80005'),
('9488', '80005'),
('97612', '80005'),
('16370', '80491'),
('42949', '80491'),
('45427', '80491'),
('47100', '80491'),
('52435', '80491'),
('55482', '80491'),
('56656', '80491'),
('13669', '80941'),
('14370', '80941'),
('18794', '80941'),
('45742', '80941'),
('48584', '80941'),
('90415', '80941'),
('21037', '81730'),
('37122', '81730'),
('48473', '81730'),
('49706', '81730'),
('91555', '81730'),
('12506', '81838'),
('29837', '81838'),
('39727', '81838'),
('48592', '81838'),
('53858', '81838'),
('59383', '81838'),
('60389', '81838'),
('61615', '81838'),
('63476', '81838'),
('70079', '81838'),
('75272', '81838'),
('7765', '81838'),
('10780', '8220'),
('12871', '8220'),
('32979', '8220'),
('47711', '8220'),
('49197', '8220'),
('53475', '8220'),
('60974', '8220'),
('67086', '8220'),
('75335', '8220'),
('13220', '82667'),
('17602', '82667'),
('18275', '82667'),
('30517', '82667'),
('35058', '82667'),
('35409', '82667'),
('36624', '82667'),
('45985', '82667'),
('47565', '82667'),
('52009', '82667'),
('60499', '82667'),
('69024', '82667'),
('75390', '82667'),
('81242', '82667'),
('86149', '82667'),
('1767', '83100'),
('1835', '83100'),
('19152', '83100'),
('29634', '83100'),
('30472', '83100'),
('37563', '83100'),
('4835', '83100'),
('54158', '83100'),
('62746', '83100'),
('62854', '83100'),
('88837', '83100'),
('90216', '83100'),
('91352', '83100'),
('18948', '8351'),
('19963', '8351'),
('27554', '8351'),
('36911', '8351'),
('38891', '8351'),
('43810', '8351'),
('52893', '8351'),
('55530', '8351'),
('59207', '8351'),
('72503', '8351'),
('76391', '8351'),
('89535', '8351'),
('9093', '8351'),
('12782', '90034'),
('26859', '90034'),
('776', '90034'),
('79507', '90034'),
('8714', '90034'),
('89189', '90034'),
('27304', '91148'),
('3442', '91148'),
('42091', '91148'),
('42227', '91148'),
('43850', '91148'),
('61372', '91148'),
('64741', '91148'),
('66568', '91148'),
('70334', '91148'),
('7132', '91148'),
('83195', '91148'),
('83670', '91148'),
('84888', '91148'),
('90112', '91148'),
('91892', '91148'),
('13210', '92903'),
('33217', '92903'),
('50494', '92903'),
('54031', '92903'),
('55171', '92903'),
('63750', '92903'),
('71170', '92903'),
('88557', '92903'),
('92659', '92903'),
('97396', '92903'),
('97802', '92903'),
('22484', '97375'),
('22769', '97375'),
('46580', '97375'),
('57965', '97375'),
('64139', '97375'),
('85759', '97375'),
('9774', '97375'),
('9815', '97375'),
('18949', '97435'),
('30637', '97435'),
('34817', '97435'),
('45735', '97435'),
('65304', '97435'),
('66853', '97435'),
('72458', '97435'),
('84361', '97435'),
('90687', '97435'),
('91140', '97435'),
('98392', '97435');

-- --------------------------------------------------------

--
-- Table structure for table `classroom`
--

CREATE TABLE `classroom` (
  `building` varchar(15) NOT NULL,
  `room_number` varchar(7) NOT NULL,
  `capacity` decimal(4,0) DEFAULT NULL
) ENGINE=InnoDB DEFAULT CHARSET=utf8mb4;

--
-- Dumping data for table `classroom`
--

INSERT INTO `classroom` (`building`, `room_number`, `capacity`) VALUES
('A', '304', '26'),
('A', '747', '42'),
('D', '322', '37'),
('E', '661', '127'),
('F', '210', '19'),
('G', '88', '25'),
('I', '179', '192'),
('I', '277', '15'),
('J', '40', '16'),
('J', '947', '10');

-- --------------------------------------------------------

--
-- Table structure for table `course`
--

CREATE TABLE `course` (
  `course_id` varchar(8) NOT NULL,
  `title` varchar(50) DEFAULT NULL,
  `dept_name` varchar(20) DEFAULT NULL,
  `credits` decimal(2,0) DEFAULT NULL
) ;

--
-- Dumping data for table `course`
--

INSERT INTO `course` (`course_id`, `title`, `dept_name`, `credits`) VALUES
('103', 'IF3120', 'IF', '4'),
('106', 'IF3211', 'FR', '3'),
('109', 'IF3031', 'FR', '3'),
('124', 'IF3120', 'ED', '3'),
('127', 'IF3120', 'RR', '4'),
('137', 'IF4321', 'MT', '3'),
('143', 'IF0230', 'ED', '3'),
('149', 'IF3030', 'IF', '3'),
('152', 'IF5555', 'ED', '4'),
('156', 'IF3030', 'ED', '3'),
('159', 'IF5555', 'ED', '3'),
('161', 'IF3120', 'DE', '3'),
('165', 'IF3030', 'GO', '3'),
('166', 'IF3211', 'RR', '4'),
('168', 'IF3333', 'FR', '4'),
('172', 'IF3031', 'GO', '4'),
('179', 'IF3120', 'ED', '4'),
('186', 'IF3211', 'GO', '3'),
('209', 'IF4041', 'HH', '4'),
('217', 'IF3030', 'GO', '3'),
('220', 'IF3030', 'DF', '3'),
('222', 'IF5555', 'IF', '4'),
('225', 'IF3211', 'HH', '3'),
('227', 'IF3333', 'ED', '4'),
('231', 'IF3120', 'HH', '3'),
('233', 'IF3022', 'DK', '4'),
('247', 'IF3031', 'DK', '3'),
('253', 'IF3030', 'ED', '4'),
('254', 'IF4041', 'ED', '4'),
('259', 'IF3030', 'DK', '3'),
('269', 'IF3211', 'DK', '3'),
('270', 'IF3030', 'MT', '3'),
('282', 'IF3333', 'GO', '3'),
('286', 'IF3333', 'HH', '4'),
('287', 'IF0230', 'MT', '4'),
('288', 'IF3333', 'GO', '4'),
('290', 'IF0230', 'MT', '3'),
('292', 'IF3211', 'DK', '4'),
('293', 'IF3211', 'DF', '4'),
('298', 'IF3022', 'GO', '3'),
('315', 'IF3031', 'IF', '3'),
('319', 'IF0230', 'GO', '3'),
('325', 'IF4041', 'MT', '4'),
('334', 'IF4321', 'IF', '3'),
('336', 'IF3120', 'FR', '3'),
('339', 'IF0230', 'DE', '3'),
('342', 'IF3031', 'GO', '3'),
('345', 'IF4041', 'IF', '3'),
('347', 'IF3030', 'DE', '4'),
('352', 'IF0230', 'FR', '4'),
('358', 'IF3333', 'RR', '4'),
('363', 'IF3120', 'DK', '4'),
('366', 'IF3030', 'IF', '3'),
('367', 'IF3211', 'DK', '4'),
('371', 'IF3022', 'DF', '3'),
('372', 'IF3120', 'RR', '4'),
('375', 'IF3211', 'DK', '4'),
('383', 'IF3030', 'MT', '4'),
('385', 'IF0230', 'DK', '3'),
('391', 'IF3031', 'MT', '4'),
('392', 'IF0230', 'ED', '4'),
('394', 'IF3030', 'FR', '4'),
('396', 'IF3211', 'DK', '4'),
('397', 'IF0230', 'ED', '4'),
('399', 'IF3211', 'MT', '3'),
('417', 'IF3030', 'HH', '4'),
('419', 'IF0230', 'IF', '3'),
('424', 'IF4321', 'FR', '3'),
('428', 'IF5555', 'ED', '4'),
('429', 'IF4321', 'RR', '4'),
('430', 'IF4321', 'DE', '4'),
('431', 'IF3022', 'HH', '4'),
('437', 'IF5555', 'MT', '3'),
('438', 'IF3031', 'ED', '4'),
('444', 'IF3120', 'RR', '3'),
('457', 'IF0230', 'MT', '3'),
('462', 'IF5555', 'DE', '3'),
('463', 'IF3211', 'RR', '3'),
('466', 'IF3333', 'GO', '3'),
('471', 'IF4041', 'GO', '4'),
('478', 'IF4041', 'DK', '4'),
('480', 'IF3333', 'FR', '3'),
('481', 'IF3211', 'HH', '3'),
('485', 'IF3031', 'IF', '3'),
('490', 'IF3333', 'GO', '3'),
('499', 'IF4041', 'DE', '3'),
('505', 'IF0230', 'DE', '4'),
('507', 'IF4321', 'DE', '4'),
('515', 'IF3031', 'FR', '4'),
('518', 'IF4321', 'ED', '4'),
('528', 'IF0230', 'IF', '3'),
('530', 'IF4321', 'MT', '3'),
('531', 'IF3120', 'IF', '3'),
('533', 'IF3031', 'DK', '4'),
('544', 'IF3211', 'RR', '4'),
('552', 'IF3333', 'IF', '4'),
('553', 'IF4321', 'GO', '4'),
('564', 'IF3333', 'DF', '4'),
('575', 'IF0230', 'FR', '3'),
('578', 'IF3120', 'DK', '4'),
('580', 'IF3031', 'RR', '3'),
('581', 'IF3022', 'DF', '4'),
('585', 'IF3031', 'ED', '4'),
('587', 'IF0230', 'DF', '4'),
('598', 'IF3031', 'FR', '4'),
('599', 'IF4041', 'HH', '3'),
('608', 'IF4321', 'DF', '4'),
('613', 'IF3120', 'DK', '4'),
('617', 'IF4321', 'ED', '4'),
('618', 'IF3333', 'GO', '3'),
('620', 'IF5555', 'HH', '4'),
('623', 'IF3031', 'MT', '4'),
('626', 'IF3211', 'DE', '3'),
('630', 'IF3030', 'ED', '3'),
('634', 'IF3211', 'IF', '4'),
('640', 'IF0230', 'HH', '3'),
('648', 'IF3031', 'MT', '3'),
('649', 'IF0230', 'DE', '4'),
('651', 'IF4321', 'FR', '4'),
('662', 'IF5555', 'DK', '4'),
('664', 'IF3120', 'ED', '4'),
('672', 'IF5555', 'IF', '3'),
('682', 'IF3031', 'GO', '3'),
('684', 'IF0230', 'DF', '4'),
('689', 'IF0230', 'FR', '4'),
('691', 'IF0230', 'IF', '3'),
('695', 'IF5555', 'ED', '3'),
('701', 'IF3120', 'DE', '4'),
('704', 'IF3120', 'FR', '4'),
('715', 'IF4041', 'DK', '3'),
('719', 'IF4321', 'DK', '3'),
('720', 'IF3211', 'MT', '4'),
('729', 'IF3031', 'RR', '3'),
('731', 'IF3211', 'ED', '3'),
('733', 'IF5555', 'HH', '4'),
('737', 'IF0230', 'HH', '4'),
('741', 'IF5555', 'HH', '3'),
('742', 'IF4041', 'HH', '3'),
('748', 'IF3030', 'DK', '4'),
('757', 'IF4321', 'DF', '3'),
('758', 'IF5555', 'ED', '3'),
('759', 'IF5555', 'GO', '3'),
('760', 'IF3333', 'RR', '4'),
('762', 'IF5555', 'FR', '3'),
('765', 'IF3022', 'FR', '3'),
('769', 'IF3120', 'RR', '4'),
('770', 'IF3120', 'HH', '3'),
('774', 'IF5555', 'DK', '4'),
('776', 'IF0230', 'DF', '4'),
('778', 'IF3030', 'MT', '4'),
('790', 'IF3022', 'DF', '4'),
('793', 'IF4041', 'DF', '3'),
('795', 'IF3333', 'DF', '3'),
('797', 'IF3031', 'DE', '3'),
('798', 'IF3030', 'GO', '3'),
('803', 'IF3030', 'FR', '4'),
('807', 'IF4321', 'ED', '3'),
('810', 'IF0230', 'DK', '4'),
('821', 'IF5555', 'GO', '3'),
('825', 'IF3211', 'HH', '4'),
('826', 'IF3211', 'GO', '4'),
('828', 'IF5555', 'IF', '3'),
('837', 'IF0230', 'HH', '4'),
('839', 'IF3333', 'DK', '3'),
('846', 'IF3030', 'HH', '4'),
('849', 'IF3333', 'IF', '3'),
('859', 'IF3030', 'GO', '3'),
('869', 'IF4041', 'DF', '3'),
('872', 'IF3120', 'DF', '4'),
('878', 'IF3031', 'MT', '4'),
('883', 'IF4321', 'MT', '3'),
('888', 'IF3022', 'MT', '3'),
('895', 'IF3031', 'RR', '3'),
('896', 'IF4041', 'MT', '3'),
('899', 'IF3022', 'RR', '3'),
('901', 'IF3120', 'RR', '4'),
('914', 'IF3211', 'HH', '4'),
('915', 'IF5555', 'GO', '3'),
('916', 'IF3030', 'DK', '3'),
('918', 'IF3030', 'DF', '4'),
('925', 'IF3031', 'GO', '4'),
('928', 'IF3333', 'GO', '3'),
('930', 'IF4041', 'ED', '4'),
('939', 'IF3211', 'HH', '4'),
('946', 'IF4041', 'ED', '4'),
('950', 'IF5555', 'FR', '3'),
('952', 'IF4041', 'HH', '3'),
('954', 'IF3022', 'DF', '4'),
('957', 'IF0230', 'FR', '3'),
('958', 'IF4041', 'RR', '4'),
('964', 'IF0230', 'ED', '4'),
('967', 'IF3120', 'MT', '3'),
('971', 'IF0230', 'ED', '3'),
('974', 'IF3333', 'DF', '3'),
('982', 'IF4321', 'RR', '4'),
('984', 'IF3120', 'MT', '4'),
('985', 'IF3120', 'IF', '4'),
('992', 'IF0230', 'HH', '3'),
('993', 'IF3120', 'ED', '3'),
('996', 'IF3031', 'FR', '4');

-- --------------------------------------------------------

--
-- Table structure for table `department`
--

CREATE TABLE `department` (
  `dept_name` varchar(20) NOT NULL,
  `building` varchar(15) DEFAULT NULL,
  `budget` decimal(12,2) DEFAULT NULL
) ;

--
-- Dumping data for table `department`
--

INSERT INTO `department` (`dept_name`, `building`, `budget`) VALUES
('DE', 'F', '732247.87'),
('DF', 'I', '177415.61'),
('DK', 'D', '859386.42'),
('ED', 'F', '115219.90'),
('FR', 'B', '495259.80'),
('GO', 'B', '443722.10'),
('HH', 'B', '336951.69'),
('IF', 'H', '825470.99'),
('MT', 'H', '661859.98'),
('RR', 'I', '374920.35');

-- --------------------------------------------------------

--
-- Table structure for table `instructor`
--

CREATE TABLE `instructor` (
  `ID` varchar(5) NOT NULL,
  `name` varchar(20) NOT NULL,
  `dept_name` varchar(20) DEFAULT NULL,
  `salary` decimal(8,2) DEFAULT NULL
) ;

--
-- Dumping data for table `instructor`
--

INSERT INTO `instructor` (`ID`, `name`, `dept_name`, `salary`) VALUES
('15033', 'rahmat', 'DF', '89251.62'),
('15624', 'Adri', 'DF', '113392.92'),
('21197', 'yuyun', 'DE', '117061.26'),
('22767', 'rahmat', 'MT', '84509.85'),
('30174', 'rahmat', 'DK', '104211.50'),
('30355', 'rahmat', 'DK', '29428.83'),
('31860', 'Kiki', 'FR', '32348.04'),
('33303', 'Johan', 'HH', '85827.38'),
('33895', 'Adri', 'DE', '43572.66'),
('34013', 'Adri', 'DF', '75029.51'),
('34227', 'Yohan', 'DE', '110404.33'),
('34945', 'Yohan', 'HH', '60882.44'),
('3546', 'rahmat', 'FR', '35987.66'),
('41270', 'Budi', 'MT', '72574.76'),
('41908', 'Ande', 'FR', '45713.82'),
('43827', 'Kiki', 'MT', '103801.77'),
('4386', 'Kiki', 'DF', '47928.65'),
('43976', 'Josu', 'DF', '52084.38'),
('45385', 'Adri', 'IF', '97734.00'),
('45661', 'Kiki', 'IF', '38174.44'),
('46114', 'Budi', 'DK', '60530.97'),
('46775', 'yuyun', 'FR', '68959.77'),
('46974', 'Yohan', 'FR', '55684.06'),
('49290', 'yuyun', 'DF', '69193.71'),
('5261', 'Ande', 'IF', '75758.54'),
('53382', 'yuyun', 'MT', '37026.04'),
('54446', 'rahmat', 'RR', '125053.83'),
('57568', 'Ande', 'DE', '60597.96'),
('58466', 'Ahmad', 'HH', '44220.31'),
('63820', 'Ahmad', 'DK', '97339.06'),
('66945', 'Budi', 'FR', '64542.92'),
('69473', 'yuyun', 'DF', '127705.07'),
('75126', 'yuyun', 'DE', '127212.85'),
('77291', 'Adri', 'GO', '37758.66'),
('77550', 'Yohan', 'ED', '72879.00'),
('79845', 'Ahmad', 'DK', '54245.88'),
('80005', 'Kiki', 'IF', '55262.99'),
('80491', 'Kiki', 'ED', '44942.77'),
('80941', 'Ande', 'DK', '117005.45'),
('81730', 'Johan', 'DK', '39734.43'),
('81838', 'Johan', 'ED', '90390.45'),
('8220', 'Johan', 'MT', '87868.43'),
('82667', 'Ahmad', 'IF', '67201.23'),
('83100', 'Yohan', 'GO', '118915.42'),
('8351', 'Kiki', 'DE', '88826.02'),
('90034', 'Josu', 'ED', '62259.77'),
('91148', 'Budi', 'GO', '73326.76'),
('92903', 'yuyun', 'GO', '29599.81'),
('97375', 'Josu', 'DK', '99666.38'),
('97435', 'Johan', 'DF', '31559.21');

-- --------------------------------------------------------

--
-- Table structure for table `prereq`
--

CREATE TABLE `prereq` (
  `course_id` varchar(8) NOT NULL,
  `prereq_id` varchar(8) NOT NULL
) ENGINE=InnoDB DEFAULT CHARSET=utf8mb4;

--
-- Dumping data for table `prereq`
--

INSERT INTO `prereq` (`course_id`, `prereq_id`) VALUES
('103', '253'),
('106', '798'),
('124', '292'),
('137', '849'),
('152', '916'),
('156', '742'),
('159', '580'),
('161', '701'),
('168', '490'),
('186', '457'),
('217', '156'),
('253', '585'),
('269', '371'),
('269', '803'),
('270', '544'),
('270', '774'),
('282', '419'),
('282', '430'),
('287', '334'),
('288', '371'),
('290', '254'),
('290', '648'),
('290', '758'),
('290', '993'),
('292', '481'),
('325', '846'),
('336', '515'),
('352', '152'),
('358', '950'),
('371', '347'),
('372', '729'),
('375', '765'),
('385', '580'),
('391', '952'),
('394', '760'),
('394', '795'),
('396', '481'),
('399', '282'),
('419', '336'),
('424', '553'),
('429', '872'),
('430', '363'),
('457', '741'),
('463', '394'),
('478', '220'),
('481', '288'),
('481', '608'),
('481', '770'),
('505', '618'),
('507', '247'),
('518', '336'),
('533', '507'),
('533', '952'),
('564', '165'),
('578', '585'),
('580', '371'),
('598', '587'),
('598', '888'),
('613', '869'),
('617', '391'),
('620', '533'),
('630', '774'),
('630', '859'),
('634', '399'),
('640', '143'),
('640', '227'),
('651', '161'),
('662', '608'),
('664', '209'),
('664', '915'),
('672', '640'),
('682', '762'),
('689', '544'),
('691', '651'),
('742', '798'),
('757', '480'),
('759', '282'),
('765', '954'),
('774', '795'),
('774', '915'),
('778', '790'),
('795', '689'),
('810', '106'),
('821', '795'),
('849', '765'),
('878', '598'),
('895', '587'),
('895', '826'),
('896', '623'),
('896', '985'),
('916', '872'),
('930', '760'),
('946', '575'),
('958', '372'),
('974', '662'),
('974', '810'),
('982', '424'),
('982', '515'),
('984', '366'),
('996', '231');

-- --------------------------------------------------------

--
-- Table structure for table `section`
--

CREATE TABLE `section` (
  `course_id` varchar(8) NOT NULL,
  `sec_id` varchar(8) NOT NULL,
  `semester` varchar(6) NOT NULL
) ;

--
-- Dumping data for table `section`
--

INSERT INTO `section` (`course_id`, `sec_id`, `semester`, `year`, `building`, `room_number`, `time_slot_id`) VALUES
('103', '1', 'Spring', '2001', 'J', '40', 'N'),
('103', '2', 'Spring', '2004', 'I', '277', 'C'),
('106', '1', 'Fall', '2007', 'J', '40', 'M'),
('106', '2', 'Spring', '2008', 'J', '40', 'B'),
('106', '3', 'Spring', '2005', 'I', '277', 'G'),
('106', '4', 'Spring', '2004', 'I', '179', 'N'),
('106', '5', 'Spring', '2001', 'G', '88', 'G'),
('109', '1', 'Fall', '2008', 'I', '179', 'O'),
('109', '2', 'Spring', '2002', 'I', '179', 'D'),
('109', '3', 'Spring', '2008', 'A', '304', 'G'),
('124', '1', 'Fall', '2008', 'I', '277', 'K'),
('124', '2', 'Spring', '2006', 'D', '322', 'L'),
('124', '3', 'Fall', '2008', 'J', '947', 'L'),
('124', '4', 'Spring', '2001', 'D', '322', 'L'),
('124', '5', 'Fall', '2007', 'I', '277', 'O'),
('127', '1', 'Fall', '2004', 'J', '947', 'D'),
('127', '2', 'Spring', '2007', 'J', '947', 'O'),
('127', '3', 'Spring', '2010', 'G', '88', 'A'),
('127', '4', 'Fall', '2009', 'E', '661', 'C'),
('137', '1', 'Fall', '2010', 'E', '661', 'H'),
('137', '2', 'Spring', '2007', 'J', '40', 'C'),
('137', '3', 'Spring', '2003', 'E', '661', 'J'),
('143', '1', 'Fall', '2004', 'A', '304', 'K'),
('143', '2', 'Fall', '2003', 'G', '88', 'D'),
('143', '3', 'Spring', '2009', 'I', '277', 'C'),
('143', '4', 'Fall', '2009', 'J', '40', 'N'),
('149', '1', 'Spring', '2006', 'A', '304', 'O'),
('149', '2', 'Spring', '2008', 'D', '322', 'C'),
('149', '3', 'Spring', '2006', 'J', '40', 'H'),
('152', '1', 'Fall', '2006', 'D', '322', 'J'),
('152', '2', 'Spring', '2008', 'J', '947', 'B'),
('152', '3', 'Fall', '2008', 'E', '661', 'A'),
('152', '4', 'Fall', '2009', 'A', '747', 'C'),
('156', '1', 'Spring', '2010', 'J', '40', 'J'),
('159', '1', 'Spring', '2008', 'A', '747', 'F'),
('159', '2', 'Fall', '2006', 'G', '88', 'C'),
('159', '3', 'Spring', '2002', 'A', '304', 'G'),
('159', '4', 'Fall', '2004', 'I', '179', 'A'),
('159', '5', 'Spring', '2004', 'I', '277', 'D'),
('159', '6', 'Spring', '2002', 'G', '88', 'H'),
('159', '7', 'Spring', '2006', 'D', '322', 'K'),
('161', '1', 'Spring', '2010', 'I', '277', 'N'),
('161', '2', 'Spring', '2002', 'J', '40', 'L'),
('161', '3', 'Fall', '2007', 'A', '304', 'D'),
('165', '1', 'Fall', '2008', 'G', '88', 'N'),
('165', '2', 'Spring', '2001', 'D', '322', 'C'),
('165', '3', 'Spring', '2009', 'A', '304', 'A'),
('165', '4', 'Fall', '2003', 'J', '947', 'D'),
('166', '1', 'Spring', '2003', 'J', '40', 'N'),
('166', '2', 'Spring', '2002', 'J', '40', 'O'),
('166', '3', 'Fall', '2004', 'I', '179', 'F'),
('166', '4', 'Fall', '2006', 'A', '747', 'E'),
('166', '5', 'Fall', '2005', 'D', '322', 'C'),
('166', '6', 'Spring', '2001', 'D', '322', 'B'),
('168', '1', 'Fall', '2006', 'I', '277', 'E'),
('168', '2', 'Spring', '2005', 'D', '322', 'P'),
('168', '3', 'Fall', '2010', 'J', '40', 'D'),
('168', '4', 'Spring', '2002', 'I', '277', 'O'),
('172', '1', 'Fall', '2004', 'F', '210', 'J'),
('172', '2', 'Fall', '2009', 'E', '661', 'A'),
('172', '3', 'Fall', '2003', 'F', '210', 'D'),
('172', '4', 'Spring', '2009', 'A', '747', 'E'),
('172', '5', 'Spring', '2002', 'E', '661', 'P'),
('179', '1', 'Spring', '2003', 'I', '179', 'N'),
('179', '2', 'Fall', '2005', 'J', '40', 'L'),
('179', '3', 'Fall', '2010', 'E', '661', 'C'),
('179', '4', 'Spring', '2006', 'E', '661', 'L'),
('179', '5', 'Fall', '2007', 'A', '747', 'B'),
('179', '6', 'Fall', '2005', 'F', '210', 'N'),
('186', '1', 'Spring', '2003', 'J', '40', 'M'),
('186', '2', 'Spring', '2005', 'A', '747', 'M'),
('186', '3', 'Spring', '2009', 'I', '277', 'G'),
('186', '4', 'Spring', '2007', 'A', '747', 'M'),
('186', '5', 'Spring', '2007', 'I', '277', 'C'),
('186', '6', 'Fall', '2010', 'I', '179', 'M'),
('186', '7', 'Fall', '2007', 'I', '179', 'J'),
('209', '1', 'Spring', '2006', 'E', '661', 'E'),
('209', '2', 'Spring', '2010', 'F', '210', 'K'),
('209', '3', 'Spring', '2003', 'D', '322', 'E'),
('209', '4', 'Spring', '2003', 'E', '661', 'H'),
('217', '1', 'Spring', '2009', 'I', '277', 'M'),
('217', '2', 'Fall', '2006', 'A', '747', 'F'),
('217', '3', 'Fall', '2010', 'J', '947', 'D'),
('217', '4', 'Fall', '2009', 'I', '277', 'B'),
('217', '5', 'Spring', '2008', 'F', '210', 'G'),
('220', '1', 'Fall', '2002', 'F', '210', 'F'),
('220', '2', 'Fall', '2004', 'I', '277', 'M'),
('220', '3', 'Spring', '2002', 'I', '277', 'N'),
('220', '4', 'Spring', '2003', 'F', '210', 'D'),
('220', '5', 'Fall', '2007', 'G', '88', 'C'),
('222', '1', 'Spring', '2004', 'F', '210', 'M'),
('222', '2', 'Spring', '2004', 'I', '277', 'O'),
('222', '3', 'Spring', '2003', 'D', '322', 'D'),
('222', '4', 'Fall', '2003', 'A', '747', 'L'),
('225', '1', 'Fall', '2008', 'G', '88', 'A'),
('225', '2', 'Spring', '2002', 'A', '747', 'D'),
('225', '3', 'Spring', '2008', 'A', '304', 'J'),
('225', '4', 'Fall', '2003', 'F', '210', 'C'),
('227', '1', 'Spring', '2010', 'A', '304', 'B'),
('227', '2', 'Spring', '2009', 'J', '947', 'A'),
('227', '3', 'Spring', '2003', 'I', '277', 'A'),
('227', '4', 'Fall', '2005', 'E', '661', 'M'),
('231', '1', 'Fall', '2008', 'I', '277', 'H'),
('231', '2', 'Fall', '2007', 'J', '40', 'L'),
('231', '3', 'Spring', '2006', 'G', '88', 'F'),
('231', '4', 'Spring', '2001', 'J', '947', 'M'),
('231', '5', 'Fall', '2007', 'E', '661', 'F'),
('231', '6', 'Spring', '2006', 'E', '661', 'J'),
('231', '7', 'Fall', '2003', 'D', '322', 'N'),
('231', '8', 'Fall', '2005', 'A', '747', 'G'),
('233', '1', 'Spring', '2003', 'A', '304', 'P'),
('233', '2', 'Fall', '2002', 'J', '947', 'G'),
('233', '3', 'Spring', '2006', 'J', '40', 'N'),
('233', '4', 'Spring', '2009', 'J', '40', 'H'),
('233', '5', 'Spring', '2004', 'D', '322', 'P'),
('233', '6', 'Spring', '2002', 'F', '210', 'K'),
('233', '7', 'Spring', '2001', 'A', '304', 'M'),
('233', '8', 'Spring', '2001', 'I', '179', 'O'),
('247', '1', 'Spring', '2004', 'J', '40', 'K'),
('247', '2', 'Fall', '2009', 'J', '40', 'O'),
('247', '3', 'Fall', '2001', 'J', '40', 'J'),
('247', '4', 'Spring', '2005', 'A', '304', 'D'),
('247', '5', 'Spring', '2007', 'D', '322', 'H'),
('247', '6', 'Fall', '2004', 'D', '322', 'N'),
('247', '7', 'Spring', '2004', 'I', '277', 'E'),
('247', '8', 'Fall', '2003', 'I', '277', 'D'),
('253', '1', 'Fall', '2010', 'J', '40', 'G'),
('253', '2', 'Spring', '2007', 'I', '179', 'H'),
('253', '3', 'Fall', '2001', 'I', '179', 'K'),
('253', '4', 'Spring', '2009', 'E', '661', 'A'),
('254', '1', 'Fall', '2001', 'A', '304', 'O'),
('254', '2', 'Fall', '2002', 'I', '179', 'C'),
('254', '3', 'Fall', '2005', 'E', '661', 'J'),
('254', '4', 'Spring', '2002', 'A', '747', 'H'),
('254', '5', 'Fall', '2004', 'D', '322', 'L'),
('259', '1', 'Spring', '2010', 'D', '322', 'N'),
('259', '2', 'Spring', '2003', 'G', '88', 'G'),
('259', '3', 'Fall', '2003', 'I', '277', 'E'),
('259', '4', 'Fall', '2005', 'J', '947', 'A'),
('259', '5', 'Fall', '2010', 'F', '210', 'E'),
('259', '6', 'Spring', '2003', 'E', '661', 'D'),
('269', '1', 'Fall', '2006', 'J', '947', 'F'),
('269', '2', 'Spring', '2001', 'F', '210', 'D'),
('269', '3', 'Spring', '2006', 'F', '210', 'F'),
('269', '4', 'Fall', '2002', 'A', '747', 'E'),
('269', '5', 'Fall', '2009', 'F', '210', 'P'),
('269', '6', 'Spring', '2004', 'J', '947', 'C'),
('269', '7', 'Fall', '2004', 'J', '947', 'P'),
('270', '1', 'Spring', '2001', 'A', '747', 'K'),
('270', '2', 'Spring', '2007', 'I', '277', 'N'),
('270', '3', 'Spring', '2004', 'A', '304', 'A'),
('270', '4', 'Spring', '2004', 'A', '747', 'F'),
('270', '5', 'Spring', '2006', 'E', '661', 'J'),
('270', '6', 'Spring', '2008', 'A', '747', 'H'),
('270', '7', 'Spring', '2007', 'F', '210', 'I'),
('282', '1', 'Spring', '2005', 'G', '88', 'C'),
('282', '2', 'Fall', '2010', 'D', '322', 'N'),
('282', '3', 'Fall', '2001', 'E', '661', 'B'),
('282', '4', 'Spring', '2005', 'J', '947', 'P'),
('282', '5', 'Spring', '2004', 'I', '179', 'A'),
('286', '1', 'Fall', '2006', 'I', '179', 'I'),
('286', '2', 'Spring', '2008', 'E', '661', 'B'),
('286', '3', 'Fall', '2009', 'J', '40', 'J'),
('286', '4', 'Spring', '2003', 'A', '747', 'O'),
('286', '5', 'Spring', '2009', 'J', '947', 'A'),
('286', '6', 'Spring', '2008', 'G', '88', 'F'),
('286', '7', 'Spring', '2006', 'A', '304', 'O'),
('286', '8', 'Spring', '2001', 'I', '179', 'E'),
('286', '9', 'Spring', '2006', 'G', '88', 'L'),
('287', '1', 'Spring', '2001', 'G', '88', 'P'),
('287', '2', 'Fall', '2004', 'D', '322', 'E'),
('287', '3', 'Spring', '2002', 'F', '210', 'K'),
('287', '4', 'Fall', '2004', 'J', '947', 'A'),
('287', '5', 'Fall', '2002', 'E', '661', 'H'),
('287', '6', 'Fall', '2009', 'F', '210', 'H'),
('288', '1', 'Fall', '2006', 'F', '210', 'P'),
('288', '2', 'Fall', '2003', 'I', '277', 'P'),
('288', '3', 'Spring', '2002', 'J', '947', 'B'),
('288', '4', 'Fall', '2004', 'A', '304', 'C'),
('288', '5', 'Spring', '2009', 'G', '88', 'K'),
('288', '6', 'Spring', '2005', 'I', '179', 'K'),
('288', '7', 'Spring', '2010', 'J', '947', 'N'),
('290', '1', 'Fall', '2004', 'I', '179', 'D'),
('290', '2', 'Spring', '2008', 'G', '88', 'M'),
('290', '3', 'Fall', '2009', 'J', '947', 'L'),
('290', '4', 'Spring', '2010', 'A', '304', 'D'),
('290', '5', 'Fall', '2003', 'I', '179', 'P'),
('290', '6', 'Spring', '2009', 'I', '277', 'H'),
('290', '7', 'Spring', '2007', 'D', '322', 'M'),
('290', '8', 'Fall', '2002', 'E', '661', 'G'),
('292', '1', 'Fall', '2005', 'A', '747', 'K'),
('292', '2', 'Spring', '2004', 'E', '661', 'B'),
('292', '3', 'Spring', '2007', 'E', '661', 'J'),
('292', '4', 'Fall', '2008', 'A', '747', 'G'),
('292', '5', 'Spring', '2001', 'E', '661', 'K'),
('292', '6', 'Spring', '2008', 'J', '40', 'M'),
('293', '1', 'Fall', '2009', 'G', '88', 'G'),
('293', '2', 'Spring', '2008', 'I', '179', 'B'),
('298', '1', 'Spring', '2009', 'D', '322', 'O'),
('298', '2', 'Fall', '2004', 'I', '179', 'J'),
('298', '3', 'Spring', '2007', 'D', '322', 'L'),
('298', '4', 'Spring', '2004', 'J', '947', 'P'),
('298', '5', 'Spring', '2010', 'F', '210', 'A'),
('298', '6', 'Spring', '2005', 'I', '277', 'E'),
('315', '1', 'Fall', '2003', 'I', '277', 'C'),
('315', '2', 'Spring', '2002', 'I', '277', 'J'),
('315', '3', 'Fall', '2007', 'I', '277', 'L'),
('315', '4', 'Fall', '2008', 'J', '947', 'J'),
('319', '1', 'Fall', '2007', 'A', '747', 'L'),
('319', '2', 'Spring', '2002', 'E', '661', 'A'),
('319', '3', 'Spring', '2008', 'E', '661', 'M'),
('319', '4', 'Fall', '2008', 'I', '179', 'M'),
('319', '5', 'Spring', '2007', 'G', '88', 'H'),
('319', '6', 'Fall', '2005', 'G', '88', 'P'),
('319', '7', 'Fall', '2001', 'E', '661', 'L'),
('325', '1', 'Spring', '2003', 'D', '322', 'D'),
('325', '2', 'Spring', '2003', 'A', '747', 'B'),
('325', '3', 'Spring', '2008', 'I', '277', 'H'),
('325', '4', 'Fall', '2005', 'J', '40', 'D'),
('325', '5', 'Fall', '2004', 'G', '88', 'J'),
('334', '1', 'Spring', '2003', 'D', '322', 'G'),
('334', '2', 'Fall', '2002', 'A', '747', 'B'),
('334', '3', 'Spring', '2001', 'F', '210', 'E'),
('334', '4', 'Fall', '2005', 'E', '661', 'P'),
('334', '5', 'Spring', '2001', 'I', '179', 'H'),
('334', '6', 'Spring', '2010', 'I', '277', 'J'),
('336', '1', 'Spring', '2006', 'A', '304', 'H'),
('336', '2', 'Spring', '2002', 'E', '661', 'D'),
('336', '3', 'Spring', '2007', 'F', '210', 'D'),
('336', '4', 'Spring', '2009', 'D', '322', 'N'),
('336', '5', 'Spring', '2004', 'E', '661', 'G'),
('336', '6', 'Spring', '2001', 'J', '40', 'C'),
('339', '1', 'Spring', '2003', 'F', '210', 'F'),
('339', '2', 'Fall', '2005', 'A', '747', 'I'),
('339', '3', 'Fall', '2009', 'I', '277', 'F'),
('342', '1', 'Spring', '2004', 'F', '210', 'L'),
('342', '2', 'Spring', '2001', 'G', '88', 'H'),
('342', '3', 'Fall', '2004', 'I', '179', 'P'),
('342', '4', 'Fall', '2005', 'G', '88', 'A'),
('342', '5', 'Spring', '2002', 'D', '322', 'I'),
('345', '1', 'Spring', '2004', 'I', '179', 'G'),
('345', '2', 'Spring', '2002', 'A', '747', 'M'),
('345', '3', 'Fall', '2001', 'D', '322', 'O'),
('347', '1', 'Fall', '2007', 'I', '179', 'B'),
('347', '2', 'Spring', '2005', 'A', '304', 'J'),
('347', '3', 'Spring', '2008', 'I', '277', 'B'),
('347', '4', 'Spring', '2005', 'I', '277', 'C'),
('352', '1', 'Fall', '2008', 'A', '747', 'F'),
('352', '2', 'Spring', '2002', 'A', '747', 'I'),
('352', '3', 'Spring', '2005', 'I', '277', 'I'),
('352', '4', 'Fall', '2010', 'I', '179', 'E'),
('352', '5', 'Fall', '2009', 'F', '210', 'L'),
('358', '1', 'Spring', '2010', 'D', '322', 'K'),
('358', '2', 'Spring', '2010', 'F', '210', 'D'),
('358', '3', 'Spring', '2004', 'G', '88', 'A'),
('358', '4', 'Spring', '2001', 'A', '304', 'O'),
('358', '5', 'Spring', '2004', 'A', '304', 'M'),
('358', '6', 'Fall', '2001', 'E', '661', 'G'),
('358', '7', 'Spring', '2004', 'J', '947', 'G'),
('363', '1', 'Fall', '2010', 'F', '210', 'M'),
('363', '10', 'Spring', '2010', 'G', '88', 'O'),
('363', '11', 'Spring', '2001', 'A', '304', 'P'),
('363', '12', 'Fall', '2005', 'I', '277', 'B'),
('363', '13', 'Fall', '2006', 'I', '277', 'K'),
('363', '2', 'Spring', '2006', 'A', '747', 'G'),
('363', '3', 'Spring', '2002', 'A', '747', 'P'),
('363', '4', 'Spring', '2008', 'I', '277', 'L'),
('363', '5', 'Spring', '2004', 'E', '661', 'N'),
('363', '6', 'Fall', '2005', 'F', '210', 'O'),
('363', '7', 'Fall', '2009', 'I', '179', 'G'),
('363', '8', 'Fall', '2003', 'J', '947', 'A'),
('363', '9', 'Spring', '2006', 'J', '947', 'O'),
('366', '1', 'Fall', '2010', 'D', '322', 'L'),
('366', '2', 'Spring', '2003', 'J', '40', 'K'),
('366', '3', 'Spring', '2002', 'A', '747', 'C'),
('366', '4', 'Fall', '2001', 'I', '277', 'F'),
('367', '1', 'Spring', '2001', 'A', '304', 'D'),
('367', '2', 'Spring', '2001', 'J', '947', 'L'),
('367', '3', 'Spring', '2001', 'F', '210', 'F'),
('367', '4', 'Spring', '2003', 'D', '322', 'E'),
('371', '1', 'Fall', '2008', 'J', '40', 'N'),
('371', '2', 'Fall', '2006', 'E', '661', 'M'),
('371', '3', 'Spring', '2010', 'D', '322', 'L'),
('371', '4', 'Fall', '2009', 'G', '88', 'I'),
('371', '5', 'Fall', '2010', 'F', '210', 'H'),
('371', '6', 'Fall', '2008', 'A', '304', 'G'),
('371', '7', 'Fall', '2001', 'D', '322', 'G'),
('371', '8', 'Fall', '2006', 'E', '661', 'G'),
('372', '1', 'Spring', '2005', 'D', '322', 'O'),
('372', '2', 'Fall', '2004', 'I', '179', 'M'),
('372', '3', 'Fall', '2008', 'J', '40', 'E'),
('372', '4', 'Fall', '2008', 'D', '322', 'C'),
('372', '5', 'Fall', '2009', 'A', '304', 'O'),
('372', '6', 'Fall', '2004', 'F', '210', 'D'),
('375', '1', 'Spring', '2008', 'A', '304', 'G'),
('375', '2', 'Spring', '2008', 'J', '947', 'E'),
('375', '3', 'Fall', '2003', 'I', '179', 'C'),
('375', '4', 'Spring', '2009', 'I', '277', 'O'),
('375', '5', 'Spring', '2003', 'A', '304', 'J'),
('375', '6', 'Spring', '2006', 'E', '661', 'H'),
('375', '7', 'Fall', '2005', 'D', '322', 'E'),
('383', '1', 'Fall', '2007', 'A', '747', 'D'),
('383', '2', 'Spring', '2010', 'G', '88', 'I'),
('383', '3', 'Spring', '2006', 'I', '277', 'B'),
('383', '4', 'Fall', '2004', 'A', '304', 'N'),
('383', '5', 'Fall', '2007', 'E', '661', 'K'),
('383', '6', 'Fall', '2006', 'I', '277', 'C'),
('385', '1', 'Fall', '2004', 'A', '747', 'D'),
('385', '2', 'Spring', '2008', 'J', '40', 'H'),
('385', '3', 'Spring', '2006', 'I', '277', 'F'),
('385', '4', 'Spring', '2004', 'J', '40', 'K'),
('385', '5', 'Spring', '2007', 'F', '210', 'H'),
('391', '1', 'Spring', '2003', 'A', '304', 'O'),
('391', '2', 'Fall', '2004', 'D', '322', 'N'),
('391', '3', 'Fall', '2007', 'J', '40', 'A'),
('391', '4', 'Fall', '2004', 'J', '947', 'E'),
('391', '5', 'Spring', '2003', 'D', '322', 'O'),
('391', '6', 'Spring', '2003', 'G', '88', 'N'),
('391', '7', 'Fall', '2004', 'J', '947', 'O'),
('391', '8', 'Fall', '2008', 'I', '277', 'H'),
('392', '1', 'Fall', '2003', 'E', '661', 'J'),
('392', '2', 'Fall', '2010', 'I', '179', 'N'),
('392', '3', 'Fall', '2002', 'A', '304', 'B'),
('392', '4', 'Spring', '2005', 'J', '947', 'E'),
('392', '5', 'Fall', '2008', 'I', '277', 'B'),
('392', '6', 'Spring', '2003', 'I', '179', 'B'),
('394', '1', 'Spring', '2009', 'A', '304', 'C'),
('394', '2', 'Fall', '2008', 'F', '210', 'L'),
('394', '3', 'Spring', '2010', 'A', '747', 'D'),
('394', '4', 'Fall', '2002', 'F', '210', 'N'),
('394', '5', 'Spring', '2004', 'J', '40', 'F'),
('394', '6', 'Fall', '2010', 'G', '88', 'J'),
('396', '1', 'Fall', '2006', 'J', '40', 'N'),
('396', '2', 'Fall', '2002', 'I', '179', 'N'),
('396', '3', 'Spring', '2010', 'I', '277', 'C'),
('396', '4', 'Fall', '2006', 'I', '179', 'J'),
('396', '5', 'Fall', '2005', 'G', '88', 'I'),
('397', '1', 'Fall', '2010', 'J', '40', 'B'),
('397', '2', 'Spring', '2005', 'G', '88', 'B'),
('397', '3', 'Spring', '2006', 'A', '304', 'C'),
('397', '4', 'Spring', '2005', 'A', '304', 'N'),
('399', '1', 'Spring', '2003', 'I', '179', 'C'),
('399', '2', 'Fall', '2002', 'I', '179', 'O'),
('399', '3', 'Fall', '2002', 'I', '277', 'I'),
('399', '4', 'Fall', '2009', 'J', '947', 'K'),
('417', '1', 'Fall', '2010', 'A', '304', 'D'),
('417', '2', 'Fall', '2005', 'A', '304', 'D'),
('417', '3', 'Spring', '2009', 'E', '661', 'C'),
('417', '4', 'Spring', '2004', 'A', '747', 'M'),
('417', '5', 'Spring', '2005', 'D', '322', 'F'),
('417', '6', 'Spring', '2007', 'I', '277', 'D'),
('419', '1', 'Spring', '2009', 'I', '179', 'O'),
('419', '2', 'Spring', '2001', 'I', '277', 'C'),
('424', '1', 'Spring', '2010', 'E', '661', 'M'),
('424', '2', 'Fall', '2005', 'J', '947', 'H'),
('424', '3', 'Spring', '2001', 'I', '179', 'I'),
('424', '4', 'Fall', '2006', 'F', '210', 'G'),
('424', '5', 'Fall', '2007', 'A', '747', 'B'),
('424', '6', 'Spring', '2007', 'G', '88', 'J'),
('424', '7', 'Fall', '2007', 'I', '277', 'N'),
('424', '8', 'Fall', '2002', 'E', '661', 'H'),
('424', '9', 'Fall', '2001', 'E', '661', 'M'),
('428', '1', 'Fall', '2009', 'E', '661', 'E'),
('428', '2', 'Spring', '2006', 'G', '88', 'N'),
('428', '3', 'Spring', '2001', 'A', '304', 'G'),
('428', '4', 'Fall', '2010', 'E', '661', 'M'),
('428', '5', 'Spring', '2006', 'A', '747', 'D'),
('429', '1', 'Spring', '2010', 'A', '304', 'N'),
('429', '2', 'Spring', '2001', 'F', '210', 'H'),
('429', '3', 'Spring', '2002', 'F', '210', 'E'),
('429', '4', 'Fall', '2001', 'G', '88', 'C'),
('430', '1', 'Fall', '2010', 'F', '210', 'L'),
('430', '2', 'Spring', '2002', 'E', '661', 'L'),
('431', '1', 'Spring', '2002', 'I', '277', 'K'),
('431', '2', 'Fall', '2006', 'A', '304', 'O'),
('431', '3', 'Fall', '2010', 'F', '210', 'G'),
('431', '4', 'Spring', '2005', 'F', '210', 'H'),
('431', '5', 'Spring', '2001', 'A', '747', 'M'),
('431', '6', 'Spring', '2004', 'A', '747', 'A'),
('431', '7', 'Fall', '2007', 'I', '179', 'K'),
('431', '8', 'Spring', '2002', 'I', '277', 'M'),
('431', '9', 'Fall', '2010', 'I', '277', 'M'),
('437', '1', 'Fall', '2003', 'I', '277', 'K'),
('437', '2', 'Spring', '2006', 'I', '179', 'D'),
('437', '3', 'Spring', '2010', 'J', '947', 'I'),
('437', '4', 'Fall', '2001', 'J', '947', 'M'),
('437', '5', 'Spring', '2007', 'F', '210', 'P'),
('437', '6', 'Fall', '2003', 'G', '88', 'A'),
('438', '1', 'Spring', '2004', 'F', '210', 'J'),
('438', '2', 'Spring', '2006', 'F', '210', 'H'),
('438', '3', 'Fall', '2010', 'J', '947', 'F'),
('444', '1', 'Fall', '2003', 'I', '179', 'C'),
('444', '2', 'Fall', '2008', 'E', '661', 'F'),
('444', '3', 'Spring', '2008', 'G', '88', 'M'),
('444', '4', 'Spring', '2001', 'E', '661', 'P'),
('444', '5', 'Fall', '2001', 'A', '747', 'M'),
('457', '1', 'Fall', '2006', 'F', '210', 'K'),
('457', '2', 'Spring', '2006', 'D', '322', 'M'),
('457', '3', 'Spring', '2005', 'A', '747', 'H'),
('457', '4', 'Fall', '2001', 'E', '661', 'I'),
('462', '1', 'Spring', '2010', 'D', '322', 'A'),
('462', '2', 'Spring', '2004', 'A', '304', 'N'),
('462', '3', 'Fall', '2005', 'I', '179', 'G'),
('462', '4', 'Fall', '2001', 'A', '747', 'L'),
('463', '1', 'Spring', '2008', 'I', '277', 'L'),
('463', '2', 'Fall', '2008', 'A', '304', 'B'),
('463', '3', 'Spring', '2005', 'D', '322', 'A'),
('463', '4', 'Spring', '2010', 'A', '304', 'A'),
('463', '5', 'Fall', '2008', 'J', '947', 'N'),
('463', '6', 'Spring', '2003', 'E', '661', 'K'),
('463', '7', 'Spring', '2007', 'J', '40', 'B'),
('466', '1', 'Spring', '2005', 'A', '304', 'I'),
('466', '2', 'Fall', '2003', 'J', '947', 'E'),
('466', '3', 'Fall', '2001', 'G', '88', 'O'),
('466', '4', 'Spring', '2008', 'D', '322', 'J'),
('466', '5', 'Fall', '2006', 'G', '88', 'A'),
('466', '6', 'Spring', '2003', 'F', '210', 'P'),
('471', '1', 'Fall', '2006', 'G', '88', 'E'),
('471', '2', 'Spring', '2002', 'A', '304', 'O'),
('471', '3', 'Fall', '2006', 'A', '304', 'P'),
('471', '4', 'Fall', '2003', 'D', '322', 'N'),
('478', '1', 'Fall', '2001', 'J', '40', 'D'),
('478', '2', 'Spring', '2004', 'G', '88', 'I'),
('480', '1', 'Spring', '2002', 'I', '179', 'B'),
('480', '2', 'Fall', '2005', 'A', '747', 'F'),
('480', '3', 'Fall', '2007', 'G', '88', 'M'),
('480', '4', 'Spring', '2010', 'I', '277', 'J'),
('481', '1', 'Fall', '2008', 'I', '179', 'H'),
('481', '2', 'Spring', '2004', 'E', '661', 'D'),
('481', '3', 'Spring', '2003', 'F', '210', 'N'),
('485', '1', 'Fall', '2008', 'D', '322', 'N'),
('485', '2', 'Spring', '2007', 'I', '277', 'B'),
('485', '3', 'Fall', '2001', 'D', '322', 'M'),
('485', '4', 'Fall', '2003', 'J', '947', 'J'),
('485', '5', 'Fall', '2001', 'J', '947', 'I'),
('485', '6', 'Spring', '2010', 'G', '88', 'B'),
('490', '1', 'Fall', '2001', 'I', '179', 'K'),
('490', '2', 'Spring', '2010', 'D', '322', 'E'),
('499', '1', 'Spring', '2009', 'J', '40', 'O'),
('499', '2', 'Spring', '2002', 'I', '277', 'L'),
('499', '3', 'Fall', '2010', 'J', '947', 'B'),
('499', '4', 'Fall', '2006', 'G', '88', 'E'),
('499', '5', 'Spring', '2005', 'A', '304', 'G'),
('499', '6', 'Spring', '2002', 'I', '277', 'D'),
('499', '7', 'Spring', '2004', 'A', '304', 'B'),
('505', '1', 'Spring', '2006', 'J', '40', 'M'),
('505', '2', 'Fall', '2003', 'E', '661', 'A'),
('505', '3', 'Spring', '2004', 'E', '661', 'P'),
('505', '4', 'Fall', '2008', 'J', '947', 'O'),
('505', '5', 'Spring', '2004', 'A', '304', 'B'),
('505', '6', 'Fall', '2010', 'D', '322', 'G'),
('505', '7', 'Fall', '2006', 'J', '947', 'M'),
('507', '1', 'Spring', '2006', 'J', '40', 'K'),
('507', '2', 'Spring', '2009', 'A', '304', 'B'),
('507', '3', 'Fall', '2007', 'A', '747', 'G'),
('507', '4', 'Fall', '2004', 'A', '747', 'N'),
('515', '1', 'Fall', '2005', 'I', '277', 'B'),
('515', '2', 'Spring', '2008', 'A', '747', 'I'),
('515', '3', 'Fall', '2009', 'E', '661', 'E'),
('515', '4', 'Fall', '2001', 'F', '210', 'F'),
('515', '5', 'Spring', '2009', 'A', '304', 'B'),
('515', '6', 'Spring', '2009', 'A', '747', 'N'),
('515', '7', 'Fall', '2005', 'G', '88', 'D'),
('518', '1', 'Fall', '2006', 'E', '661', 'K'),
('518', '2', 'Spring', '2001', 'A', '304', 'C'),
('518', '3', 'Fall', '2002', 'E', '661', 'M'),
('518', '4', 'Fall', '2003', 'I', '277', 'J'),
('518', '5', 'Spring', '2010', 'E', '661', 'H'),
('528', '1', 'Fall', '2010', 'D', '322', 'H'),
('528', '2', 'Spring', '2003', 'J', '40', 'D'),
('528', '3', 'Spring', '2001', 'A', '304', 'A'),
('528', '4', 'Fall', '2005', 'J', '947', 'C'),
('528', '5', 'Spring', '2003', 'A', '304', 'A'),
('528', '6', 'Spring', '2007', 'E', '661', 'H'),
('528', '7', 'Spring', '2006', 'A', '747', 'G'),
('530', '1', 'Spring', '2008', 'A', '304', 'N'),
('530', '2', 'Fall', '2007', 'I', '277', 'N'),
('530', '3', 'Fall', '2008', 'J', '40', 'B'),
('531', '1', 'Fall', '2004', 'A', '304', 'K'),
('531', '2', 'Spring', '2004', 'A', '747', 'B'),
('533', '1', 'Spring', '2001', 'J', '947', 'L'),
('533', '2', 'Spring', '2009', 'A', '304', 'K'),
('533', '3', 'Spring', '2005', 'A', '304', 'D'),
('533', '4', 'Fall', '2005', 'I', '179', 'I'),
('544', '1', 'Fall', '2007', 'F', '210', 'O'),
('544', '2', 'Fall', '2010', 'J', '40', 'D'),
('544', '3', 'Fall', '2010', 'A', '747', 'B'),
('552', '1', 'Spring', '2006', 'J', '947', 'P'),
('552', '2', 'Spring', '2002', 'I', '179', 'J'),
('552', '3', 'Fall', '2002', 'G', '88', 'B'),
('552', '4', 'Fall', '2007', 'A', '304', 'H'),
('552', '5', 'Spring', '2006', 'A', '304', 'C'),
('553', '1', 'Fall', '2005', 'D', '322', 'C'),
('553', '2', 'Fall', '2003', 'J', '40', 'C'),
('553', '3', 'Spring', '2010', 'I', '179', 'E'),
('553', '4', 'Spring', '2006', 'J', '40', 'G'),
('553', '5', 'Fall', '2006', 'A', '747', 'E'),
('553', '6', 'Fall', '2006', 'J', '40', 'I'),
('553', '7', 'Spring', '2009', 'I', '277', 'O'),
('553', '8', 'Spring', '2003', 'D', '322', 'G'),
('553', '9', 'Spring', '2002', 'F', '210', 'F'),
('564', '1', 'Spring', '2010', 'F', '210', 'D'),
('564', '2', 'Spring', '2005', 'E', '661', 'H'),
('564', '3', 'Fall', '2008', 'A', '304', 'H'),
('575', '1', 'Fall', '2006', 'D', '322', 'K'),
('575', '2', 'Fall', '2007', 'A', '304', 'B'),
('578', '1', 'Spring', '2006', 'F', '210', 'O'),
('578', '2', 'Fall', '2005', 'E', '661', 'K'),
('578', '3', 'Spring', '2001', 'E', '661', 'H'),
('578', '4', 'Spring', '2009', 'E', '661', 'B'),
('578', '5', 'Fall', '2006', 'J', '40', 'O'),
('578', '6', 'Fall', '2001', 'I', '179', 'A'),
('578', '7', 'Fall', '2008', 'E', '661', 'H'),
('578', '8', 'Fall', '2010', 'J', '40', 'J'),
('580', '1', 'Fall', '2009', 'J', '947', 'P'),
('580', '2', 'Spring', '2007', 'A', '747', 'N'),
('580', '3', 'Spring', '2007', 'I', '179', 'D'),
('581', '1', 'Fall', '2008', 'A', '747', 'F'),
('581', '2', 'Fall', '2009', 'I', '277', 'B'),
('581', '3', 'Spring', '2006', 'J', '40', 'I'),
('581', '4', 'Fall', '2001', 'J', '947', 'L'),
('585', '1', 'Spring', '2002', 'G', '88', 'B'),
('585', '2', 'Spring', '2006', 'J', '40', 'E'),
('585', '3', 'Spring', '2004', 'I', '179', 'P'),
('585', '4', 'Spring', '2006', 'A', '304', 'F'),
('585', '5', 'Fall', '2008', 'J', '947', 'I'),
('585', '6', 'Fall', '2003', 'J', '947', 'F'),
('585', '7', 'Spring', '2005', 'A', '747', 'A'),
('587', '1', 'Fall', '2009', 'G', '88', 'G'),
('587', '2', 'Spring', '2002', 'D', '322', 'D'),
('587', '3', 'Fall', '2008', 'J', '947', 'P'),
('587', '4', 'Fall', '2007', 'D', '322', 'K'),
('587', '5', 'Fall', '2007', 'A', '747', 'I'),
('587', '6', 'Spring', '2002', 'D', '322', 'C'),
('598', '1', 'Spring', '2003', 'J', '40', 'A'),
('598', '2', 'Spring', '2008', 'I', '179', 'D'),
('598', '3', 'Fall', '2009', 'I', '179', 'A'),
('598', '4', 'Fall', '2006', 'I', '277', 'P'),
('598', '5', 'Spring', '2002', 'J', '40', 'E'),
('598', '6', 'Spring', '2010', 'A', '747', 'F'),
('599', '1', 'Fall', '2006', 'J', '947', 'P'),
('599', '2', 'Fall', '2006', 'E', '661', 'E'),
('599', '3', 'Fall', '2005', 'I', '277', 'K'),
('599', '4', 'Fall', '2001', 'J', '947', 'I'),
('599', '5', 'Fall', '2008', 'I', '277', 'B'),
('599', '6', 'Spring', '2007', 'A', '747', 'N'),
('599', '7', 'Fall', '2009', 'J', '40', 'O'),
('608', '1', 'Fall', '2007', 'G', '88', 'E'),
('608', '2', 'Fall', '2010', 'G', '88', 'D'),
('608', '3', 'Spring', '2001', 'J', '40', 'L'),
('608', '4', 'Spring', '2009', 'D', '322', 'P'),
('608', '5', 'Fall', '2004', 'I', '277', 'I'),
('608', '6', 'Spring', '2001', 'J', '947', 'F'),
('613', '1', 'Spring', '2005', 'G', '88', 'F'),
('613', '2', 'Spring', '2007', 'J', '947', 'K'),
('613', '3', 'Fall', '2002', 'G', '88', 'P'),
('613', '4', 'Fall', '2004', 'F', '210', 'O'),
('613', '5', 'Fall', '2001', 'I', '277', 'I'),
('617', '1', 'Fall', '2010', 'G', '88', 'G'),
('617', '2', 'Spring', '2009', 'A', '747', 'C'),
('617', '3', 'Fall', '2004', 'I', '179', 'K'),
('617', '4', 'Fall', '2004', 'I', '277', 'J'),
('617', '5', 'Spring', '2001', 'I', '277', 'M'),
('617', '6', 'Fall', '2007', 'D', '322', 'C'),
('618', '1', 'Fall', '2001', 'A', '304', 'F'),
('618', '2', 'Spring', '2010', 'F', '210', 'P'),
('618', '3', 'Spring', '2003', 'F', '210', 'C'),
('618', '4', 'Spring', '2002', 'F', '210', 'I'),
('618', '5', 'Fall', '2010', 'I', '277', 'O'),
('618', '6', 'Fall', '2005', 'I', '179', 'N'),
('618', '7', 'Spring', '2002', 'F', '210', 'P'),
('618', '8', 'Fall', '2006', 'D', '322', 'C'),
('620', '1', 'Fall', '2005', 'F', '210', 'L'),
('620', '2', 'Fall', '2002', 'I', '179', 'O'),
('620', '3', 'Fall', '2002', 'I', '277', 'E'),
('620', '4', 'Fall', '2009', 'I', '179', 'J'),
('623', '1', 'Spring', '2006', 'E', '661', 'B'),
('623', '2', 'Spring', '2010', 'I', '179', 'L'),
('623', '3', 'Fall', '2005', 'A', '304', 'L'),
('623', '4', 'Spring', '2002', 'J', '947', 'G'),
('623', '5', 'Fall', '2006', 'E', '661', 'E'),
('626', '1', 'Spring', '2006', 'E', '661', 'J'),
('626', '2', 'Fall', '2010', 'I', '277', 'N'),
('626', '3', 'Fall', '2005', 'J', '947', 'F'),
('626', '4', 'Spring', '2004', 'I', '179', 'C'),
('626', '5', 'Spring', '2005', 'J', '947', 'N'),
('626', '6', 'Spring', '2006', 'D', '322', 'M'),
('630', '1', 'Fall', '2003', 'J', '40', 'E'),
('630', '2', 'Fall', '2005', 'E', '661', 'C'),
('630', '3', 'Spring', '2006', 'F', '210', 'A'),
('630', '4', 'Fall', '2002', 'G', '88', 'O'),
('630', '5', 'Fall', '2006', 'A', '747', 'B'),
('630', '6', 'Fall', '2004', 'F', '210', 'A'),
('630', '7', 'Fall', '2007', 'D', '322', 'I'),
('630', '8', 'Fall', '2007', 'I', '179', 'H'),
('634', '1', 'Spring', '2009', 'F', '210', 'E'),
('634', '2', 'Fall', '2006', 'J', '947', 'J'),
('634', '3', 'Spring', '2009', 'I', '277', 'J'),
('634', '4', 'Fall', '2005', 'J', '947', 'I'),
('634', '5', 'Fall', '2007', 'I', '179', 'N'),
('634', '6', 'Fall', '2009', 'J', '947', 'I'),
('634', '7', 'Fall', '2005', 'D', '322', 'J'),
('640', '1', 'Fall', '2006', 'J', '40', 'E'),
('648', '1', 'Spring', '2001', 'A', '304', 'C'),
('648', '2', 'Spring', '2008', 'A', '747', 'K'),
('648', '3', 'Spring', '2006', 'E', '661', 'D'),
('648', '4', 'Fall', '2006', 'D', '322', 'A'),
('648', '5', 'Fall', '2007', 'F', '210', 'J'),
('648', '6', 'Fall', '2009', 'G', '88', 'D'),
('648', '7', 'Spring', '2004', 'D', '322', 'J'),
('648', '8', 'Fall', '2006', 'I', '179', 'F'),
('649', '1', 'Fall', '2006', 'F', '210', 'I'),
('649', '2', 'Spring', '2009', 'J', '40', 'E'),
('649', '3', 'Fall', '2005', 'I', '277', 'E'),
('651', '1', 'Spring', '2002', 'F', '210', 'K'),
('651', '2', 'Spring', '2004', 'A', '747', 'E'),
('651', '3', 'Fall', '2006', 'J', '947', 'P'),
('651', '4', 'Fall', '2004', 'F', '210', 'G'),
('651', '5', 'Fall', '2008', 'J', '947', 'P'),
('651', '6', 'Spring', '2007', 'I', '179', 'H'),
('651', '7', 'Fall', '2006', 'G', '88', 'O'),
('662', '1', 'Spring', '2005', 'E', '661', 'G'),
('662', '2', 'Fall', '2001', 'E', '661', 'D'),
('662', '3', 'Fall', '2003', 'E', '661', 'A'),
('662', '4', 'Spring', '2002', 'A', '747', 'D'),
('664', '1', 'Fall', '2006', 'F', '210', 'C'),
('664', '2', 'Spring', '2009', 'A', '304', 'O'),
('664', '3', 'Fall', '2004', 'I', '277', 'C'),
('664', '4', 'Fall', '2006', 'J', '947', 'J'),
('664', '5', 'Spring', '2004', 'J', '40', 'K'),
('672', '1', 'Fall', '2001', 'D', '322', 'J'),
('672', '2', 'Fall', '2005', 'D', '322', 'L'),
('672', '3', 'Fall', '2006', 'G', '88', 'O'),
('672', '4', 'Spring', '2009', 'A', '747', 'C'),
('672', '5', 'Fall', '2001', 'I', '179', 'P'),
('672', '6', 'Spring', '2003', 'G', '88', 'E'),
('682', '1', 'Fall', '2001', 'F', '210', 'F'),
('682', '2', 'Spring', '2003', 'D', '322', 'P'),
('684', '1', 'Spring', '2007', 'I', '277', 'P'),
('684', '2', 'Fall', '2004', 'I', '179', 'N'),
('684', '3', 'Spring', '2001', 'J', '947', 'D'),
('684', '4', 'Fall', '2010', 'I', '179', 'C'),
('684', '5', 'Fall', '2003', 'A', '747', 'P'),
('684', '6', 'Spring', '2005', 'J', '40', 'M'),
('684', '7', 'Spring', '2002', 'E', '661', 'G'),
('689', '1', 'Spring', '2001', 'J', '40', 'H'),
('689', '2', 'Spring', '2006', 'I', '277', 'N'),
('689', '3', 'Spring', '2008', 'I', '179', 'J'),
('689', '4', 'Fall', '2001', 'G', '88', 'P'),
('689', '5', 'Fall', '2004', 'A', '304', 'K'),
('689', '6', 'Spring', '2010', 'A', '304', 'M'),
('689', '7', 'Fall', '2007', 'I', '277', 'H'),
('691', '1', 'Spring', '2005', 'I', '179', 'P'),
('691', '2', 'Fall', '2008', 'D', '322', 'E'),
('691', '3', 'Fall', '2008', 'A', '747', 'E'),
('691', '4', 'Spring', '2004', 'J', '40', 'A'),
('691', '5', 'Spring', '2004', 'I', '179', 'G'),
('695', '1', 'Fall', '2005', 'D', '322', 'A'),
('695', '2', 'Spring', '2010', 'A', '304', 'M'),
('695', '3', 'Fall', '2006', 'I', '277', 'E'),
('695', '4', 'Fall', '2004', 'J', '40', 'L'),
('695', '5', 'Spring', '2006', 'D', '322', 'D'),
('695', '6', 'Spring', '2008', 'I', '179', 'E'),
('701', '1', 'Fall', '2006', 'J', '40', 'N'),
('701', '2', 'Fall', '2008', 'I', '277', 'B'),
('701', '3', 'Spring', '2006', 'E', '661', 'E'),
('701', '4', 'Fall', '2010', 'I', '277', 'D'),
('701', '5', 'Spring', '2010', 'F', '210', 'N'),
('701', '6', 'Fall', '2001', 'E', '661', 'P'),
('701', '7', 'Fall', '2001', 'A', '747', 'E'),
('704', '1', 'Fall', '2007', 'E', '661', 'F'),
('704', '2', 'Fall', '2004', 'J', '947', 'L'),
('704', '3', 'Spring', '2001', 'I', '179', 'P'),
('704', '4', 'Fall', '2003', 'F', '210', 'B'),
('715', '1', 'Spring', '2005', 'E', '661', 'K'),
('715', '2', 'Fall', '2005', 'A', '747', 'E'),
('715', '3', 'Spring', '2009', 'D', '322', 'J'),
('715', '4', 'Spring', '2009', 'A', '747', 'D'),
('715', '5', 'Spring', '2005', 'E', '661', 'A'),
('719', '1', 'Spring', '2008', 'F', '210', 'I'),
('719', '2', 'Fall', '2001', 'J', '947', 'L'),
('719', '3', 'Fall', '2005', 'I', '179', 'L'),
('720', '1', 'Fall', '2008', 'D', '322', 'O'),
('720', '2', 'Spring', '2006', 'J', '40', 'A'),
('720', '3', 'Spring', '2003', 'E', '661', 'M'),
('720', '4', 'Spring', '2004', 'A', '747', 'M'),
('729', '1', 'Fall', '2004', 'J', '947', 'M'),
('729', '2', 'Fall', '2010', 'D', '322', 'I'),
('729', '3', 'Spring', '2002', 'J', '40', 'A'),
('729', '4', 'Fall', '2009', 'A', '304', 'I'),
('729', '5', 'Spring', '2009', 'G', '88', 'K'),
('729', '6', 'Fall', '2007', 'A', '304', 'O'),
('731', '1', 'Spring', '2007', 'J', '40', 'F'),
('731', '2', 'Fall', '2009', 'A', '747', 'D'),
('731', '3', 'Fall', '2009', 'J', '947', 'K'),
('731', '4', 'Spring', '2005', 'D', '322', 'H'),
('731', '5', 'Fall', '2005', 'I', '179', 'A'),
('731', '6', 'Fall', '2004', 'I', '179', 'G'),
('731', '7', 'Spring', '2002', 'I', '179', 'E'),
('731', '8', 'Fall', '2002', 'A', '747', 'J'),
('733', '1', 'Spring', '2001', 'J', '947', 'G'),
('733', '2', 'Spring', '2009', 'F', '210', 'H'),
('733', '3', 'Fall', '2010', 'A', '747', 'E'),
('737', '1', 'Fall', '2007', 'A', '747', 'K'),
('737', '2', 'Spring', '2002', 'I', '277', 'M'),
('737', '3', 'Fall', '2010', 'G', '88', 'G'),
('737', '4', 'Fall', '2003', 'J', '947', 'A'),
('737', '5', 'Fall', '2006', 'D', '322', 'N'),
('741', '1', 'Spring', '2004', 'J', '40', 'I'),
('741', '2', 'Fall', '2001', 'E', '661', 'N'),
('741', '3', 'Fall', '2005', 'D', '322', 'B'),
('741', '4', 'Spring', '2004', 'J', '40', 'N'),
('741', '5', 'Spring', '2007', 'J', '40', 'O'),
('742', '1', 'Spring', '2005', 'A', '747', 'F'),
('742', '2', 'Fall', '2003', 'J', '40', 'A'),
('742', '3', 'Fall', '2004', 'I', '277', 'C'),
('742', '4', 'Fall', '2010', 'G', '88', 'A'),
('742', '5', 'Spring', '2008', 'J', '40', 'N'),
('742', '6', 'Spring', '2006', 'J', '947', 'L'),
('742', '7', 'Fall', '2010', 'I', '277', 'A'),
('748', '1', 'Fall', '2006', 'J', '40', 'A'),
('748', '2', 'Spring', '2009', 'J', '947', 'B'),
('748', '3', 'Spring', '2006', 'I', '277', 'B'),
('748', '4', 'Spring', '2001', 'G', '88', 'F'),
('748', '5', 'Spring', '2008', 'A', '747', 'I'),
('757', '1', 'Fall', '2008', 'G', '88', 'K'),
('758', '1', 'Fall', '2010', 'D', '322', 'M'),
('758', '2', 'Spring', '2008', 'E', '661', 'K'),
('759', '1', 'Spring', '2008', 'F', '210', 'E'),
('759', '2', 'Fall', '2002', 'I', '277', 'J'),
('759', '3', 'Fall', '2003', 'I', '277', 'B'),
('759', '4', 'Fall', '2005', 'F', '210', 'A'),
('760', '1', 'Spring', '2010', 'G', '88', 'B'),
('760', '2', 'Fall', '2010', 'G', '88', 'D'),
('760', '3', 'Spring', '2004', 'G', '88', 'I'),
('760', '4', 'Spring', '2001', 'D', '322', 'J'),
('760', '5', 'Spring', '2003', 'F', '210', 'K'),
('762', '1', 'Spring', '2010', 'F', '210', 'G'),
('765', '1', 'Spring', '2010', 'A', '304', 'D'),
('765', '2', 'Spring', '2007', 'A', '747', 'K'),
('765', '3', 'Fall', '2003', 'G', '88', 'B'),
('765', '4', 'Fall', '2005', 'F', '210', 'H'),
('769', '1', 'Spring', '2007', 'J', '947', 'A'),
('769', '2', 'Spring', '2001', 'I', '179', 'D'),
('769', '3', 'Fall', '2009', 'I', '277', 'O'),
('770', '1', 'Spring', '2010', 'G', '88', 'C'),
('770', '2', 'Fall', '2008', 'A', '304', 'H'),
('770', '3', 'Spring', '2004', 'F', '210', 'N'),
('774', '1', 'Fall', '2009', 'J', '40', 'E'),
('774', '2', 'Fall', '2004', 'I', '277', 'A'),
('774', '3', 'Spring', '2008', 'A', '304', 'P'),
('774', '4', 'Fall', '2008', 'J', '947', 'M'),
('774', '5', 'Fall', '2009', 'G', '88', 'L'),
('774', '6', 'Fall', '2003', 'J', '40', 'E'),
('774', '7', 'Spring', '2002', 'J', '947', 'P'),
('774', '8', 'Fall', '2001', 'D', '322', 'H'),
('774', '9', 'Fall', '2002', 'D', '322', 'I'),
('776', '1', 'Spring', '2004', 'I', '277', 'D'),
('776', '2', 'Spring', '2004', 'I', '277', 'I'),
('776', '3', 'Fall', '2007', 'J', '40', 'F'),
('776', '4', 'Spring', '2002', 'F', '210', 'H'),
('778', '1', 'Spring', '2001', 'I', '179', 'P'),
('778', '2', 'Spring', '2001', 'J', '947', 'N'),
('778', '3', 'Fall', '2006', 'J', '40', 'B'),
('778', '4', 'Fall', '2003', 'I', '277', 'L'),
('790', '1', 'Spring', '2002', 'D', '322', 'M'),
('790', '2', 'Spring', '2005', 'J', '40', 'E'),
('790', '3', 'Spring', '2010', 'J', '947', 'E'),
('790', '4', 'Spring', '2004', 'J', '947', 'N'),
('793', '1', 'Fall', '2002', 'I', '277', 'I'),
('793', '2', 'Spring', '2005', 'E', '661', 'B'),
('793', '3', 'Fall', '2004', 'F', '210', 'K'),
('793', '4', 'Spring', '2009', 'E', '661', 'K'),
('795', '1', 'Fall', '2002', 'G', '88', 'P'),
('795', '2', 'Fall', '2008', 'I', '277', 'N'),
('795', '3', 'Spring', '2009', 'J', '40', 'J'),
('795', '4', 'Fall', '2004', 'E', '661', 'J'),
('795', '5', 'Fall', '2002', 'E', '661', 'M'),
('795', '6', 'Fall', '2001', 'I', '179', 'I'),
('795', '7', 'Fall', '2009', 'J', '947', 'P'),
('797', '1', 'Spring', '2004', 'J', '947', 'N'),
('797', '2', 'Spring', '2005', 'J', '947', 'J'),
('797', '3', 'Spring', '2006', 'I', '179', 'P'),
('797', '4', 'Spring', '2007', 'E', '661', 'F'),
('797', '5', 'Fall', '2004', 'A', '747', 'A'),
('798', '1', 'Fall', '2006', 'D', '322', 'D'),
('798', '2', 'Spring', '2008', 'A', '304', 'E'),
('798', '3', 'Fall', '2007', 'D', '322', 'O'),
('803', '1', 'Spring', '2006', 'E', '661', 'P'),
('803', '2', 'Fall', '2007', 'A', '747', 'A'),
('803', '3', 'Fall', '2009', 'E', '661', 'D'),
('807', '1', 'Fall', '2006', 'J', '40', 'M'),
('807', '2', 'Spring', '2005', 'I', '179', 'M'),
('807', '3', 'Fall', '2008', 'I', '179', 'E'),
('810', '1', 'Fall', '2005', 'F', '210', 'L'),
('810', '2', 'Fall', '2002', 'A', '304', 'A'),
('810', '3', 'Fall', '2010', 'J', '947', 'H'),
('821', '1', 'Fall', '2004', 'J', '947', 'G'),
('821', '2', 'Fall', '2007', 'D', '322', 'E'),
('821', '3', 'Fall', '2007', 'D', '322', 'E'),
('821', '4', 'Spring', '2003', 'J', '947', 'L'),
('821', '5', 'Fall', '2009', 'J', '40', 'N'),
('821', '6', 'Fall', '2009', 'D', '322', 'O'),
('821', '7', 'Spring', '2003', 'J', '40', 'M'),
('825', '1', 'Fall', '2010', 'J', '40', 'B'),
('825', '2', 'Fall', '2006', 'F', '210', 'P'),
('825', '3', 'Spring', '2001', 'F', '210', 'P'),
('825', '4', 'Spring', '2002', 'A', '747', 'A'),
('826', '1', 'Fall', '2010', 'A', '304', 'O'),
('826', '2', 'Fall', '2002', 'F', '210', 'J'),
('826', '3', 'Fall', '2008', 'J', '947', 'N'),
('826', '4', 'Fall', '2009', 'A', '304', 'E'),
('826', '5', 'Fall', '2009', 'J', '947', 'H'),
('826', '6', 'Spring', '2004', 'F', '210', 'D'),
('826', '7', 'Spring', '2003', 'A', '747', 'D'),
('826', '8', 'Spring', '2009', 'J', '947', 'J'),
('828', '1', 'Fall', '2005', 'J', '40', 'O'),
('828', '2', 'Spring', '2004', 'F', '210', 'B'),
('828', '3', 'Spring', '2006', 'A', '304', 'P'),
('828', '4', 'Spring', '2009', 'J', '40', 'F'),
('828', '5', 'Fall', '2007', 'E', '661', 'B'),
('837', '1', 'Fall', '2010', 'I', '277', 'J'),
('837', '2', 'Spring', '2007', 'F', '210', 'D'),
('837', '3', 'Fall', '2004', 'I', '179', 'A'),
('839', '1', 'Fall', '2002', 'A', '304', 'C'),
('839', '2', 'Fall', '2006', 'E', '661', 'N'),
('839', '3', 'Spring', '2004', 'F', '210', 'L'),
('839', '4', 'Spring', '2002', 'E', '661', 'B'),
('839', '5', 'Spring', '2003', 'A', '304', 'G'),
('846', '1', 'Fall', '2010', 'G', '88', 'P'),
('846', '2', 'Fall', '2002', 'I', '277', 'G'),
('846', '3', 'Fall', '2003', 'A', '747', 'I'),
('846', '4', 'Fall', '2006', 'G', '88', 'P'),
('846', '5', 'Spring', '2010', 'D', '322', 'N'),
('849', '1', 'Fall', '2010', 'I', '277', 'E'),
('849', '2', 'Spring', '2006', 'J', '947', 'C'),
('849', '3', 'Fall', '2003', 'J', '40', 'J'),
('859', '1', 'Spring', '2008', 'E', '661', 'I'),
('859', '2', 'Spring', '2003', 'E', '661', 'L'),
('859', '3', 'Fall', '2006', 'A', '304', 'N'),
('859', '4', 'Spring', '2002', 'E', '661', 'O'),
('869', '1', 'Spring', '2007', 'J', '40', 'D'),
('869', '10', 'Fall', '2001', 'E', '661', 'P'),
('869', '2', 'Spring', '2006', 'J', '947', 'B'),
('869', '3', 'Fall', '2009', 'E', '661', 'N'),
('869', '4', 'Spring', '2008', 'I', '179', 'G'),
('869', '5', 'Spring', '2002', 'E', '661', 'E'),
('869', '6', 'Fall', '2004', 'E', '661', 'B'),
('869', '7', 'Spring', '2004', 'A', '304', 'G'),
('869', '8', 'Fall', '2004', 'A', '304', 'K'),
('869', '9', 'Fall', '2010', 'F', '210', 'B'),
('872', '1', 'Spring', '2001', 'I', '277', 'G'),
('872', '2', 'Spring', '2009', 'F', '210', 'A'),
('872', '3', 'Fall', '2001', 'D', '322', 'E'),
('872', '4', 'Spring', '2007', 'I', '277', 'M'),
('872', '5', 'Spring', '2006', 'I', '277', 'M'),
('872', '6', 'Fall', '2005', 'J', '40', 'C'),
('878', '1', 'Fall', '2002', 'I', '277', 'J'),
('878', '10', 'Spring', '2004', 'A', '747', 'M'),
('878', '2', 'Spring', '2003', 'I', '277', 'F'),
('878', '3', 'Fall', '2004', 'G', '88', 'M'),
('878', '4', 'Fall', '2006', 'I', '179', 'O'),
('878', '5', 'Fall', '2003', 'A', '747', 'K'),
('878', '6', 'Fall', '2001', 'A', '747', 'P'),
('878', '7', 'Spring', '2006', 'A', '747', 'F'),
('878', '8', 'Spring', '2006', 'J', '40', 'H'),
('878', '9', 'Spring', '2007', 'A', '304', 'J'),
('883', '1', 'Spring', '2009', 'G', '88', 'C'),
('888', '1', 'Spring', '2001', 'A', '304', 'A'),
('888', '2', 'Spring', '2005', 'D', '322', 'H'),
('888', '3', 'Spring', '2007', 'J', '40', 'L'),
('888', '4', 'Fall', '2009', 'A', '747', 'F'),
('888', '5', 'Spring', '2010', 'I', '277', 'B'),
('888', '6', 'Fall', '2006', 'A', '304', 'D'),
('888', '7', 'Fall', '2005', 'A', '747', 'O'),
('888', '8', 'Fall', '2002', 'J', '947', 'I'),
('895', '1', 'Fall', '2003', 'F', '210', 'D'),
('895', '2', 'Spring', '2004', 'I', '277', 'F'),
('895', '3', 'Spring', '2003', 'D', '322', 'I'),
('895', '4', 'Spring', '2007', 'A', '304', 'O'),
('895', '5', 'Spring', '2007', 'E', '661', 'G'),
('895', '6', 'Fall', '2010', 'I', '179', 'C'),
('896', '1', 'Spring', '2007', 'J', '40', 'D'),
('896', '2', 'Fall', '2003', 'A', '747', 'F'),
('896', '3', 'Fall', '2001', 'I', '179', 'A'),
('896', '4', 'Spring', '2003', 'J', '40', 'A'),
('896', '5', 'Fall', '2008', 'J', '40', 'N'),
('899', '1', 'Fall', '2003', 'J', '947', 'A'),
('899', '2', 'Fall', '2008', 'E', '661', 'H'),
('899', '3', 'Fall', '2002', 'J', '947', 'N'),
('901', '1', 'Spring', '2003', 'A', '304', 'K'),
('901', '2', 'Spring', '2002', 'A', '304', 'A'),
('901', '3', 'Fall', '2005', 'D', '322', 'G'),
('901', '4', 'Spring', '2007', 'J', '40', 'F'),
('901', '5', 'Spring', '2005', 'I', '179', 'K'),
('901', '6', 'Spring', '2004', 'I', '179', 'A'),
('901', '7', 'Spring', '2010', 'F', '210', 'M'),
('914', '1', 'Spring', '2007', 'D', '322', 'D'),
('914', '2', 'Spring', '2008', 'E', '661', 'M'),
('914', '3', 'Fall', '2001', 'A', '304', 'A'),
('914', '4', 'Spring', '2001', 'F', '210', 'M'),
('914', '5', 'Fall', '2006', 'F', '210', 'C'),
('914', '6', 'Fall', '2006', 'I', '277', 'J'),
('914', '7', 'Fall', '2009', 'E', '661', 'I'),
('914', '8', 'Spring', '2006', 'A', '747', 'C'),
('915', '1', 'Fall', '2007', 'A', '747', 'L'),
('915', '2', 'Spring', '2010', 'J', '40', 'N'),
('915', '3', 'Spring', '2008', 'I', '179', 'M'),
('915', '4', 'Spring', '2001', 'D', '322', 'L'),
('915', '5', 'Spring', '2001', 'F', '210', 'N'),
('915', '6', 'Fall', '2005', 'E', '661', 'D'),
('915', '7', 'Fall', '2003', 'A', '747', 'D'),
('916', '1', 'Fall', '2001', 'A', '304', 'H'),
('916', '2', 'Fall', '2001', 'A', '304', 'O'),
('916', '3', 'Spring', '2001', 'J', '947', 'A'),
('916', '4', 'Spring', '2009', 'J', '947', 'E'),
('918', '1', 'Fall', '2003', 'J', '947', 'O'),
('918', '2', 'Spring', '2002', 'I', '277', 'F'),
('918', '3', 'Spring', '2001', 'G', '88', 'M'),
('918', '4', 'Fall', '2008', 'J', '40', 'I'),
('918', '5', 'Fall', '2010', 'A', '747', 'P'),
('925', '1', 'Spring', '2002', 'E', '661', 'N'),
('925', '2', 'Fall', '2009', 'E', '661', 'B'),
('925', '3', 'Fall', '2010', 'J', '40', 'D'),
('925', '4', 'Fall', '2007', 'I', '277', 'F'),
('928', '1', 'Fall', '2001', 'I', '179', 'B'),
('928', '2', 'Spring', '2001', 'G', '88', 'E'),
('928', '3', 'Fall', '2008', 'A', '304', 'J'),
('928', '4', 'Fall', '2008', 'G', '88', 'I'),
('930', '1', 'Fall', '2010', 'J', '947', 'H'),
('930', '2', 'Fall', '2005', 'J', '947', 'O'),
('939', '1', 'Fall', '2002', 'I', '179', 'H'),
('939', '2', 'Spring', '2006', 'J', '947', 'H'),
('939', '3', 'Spring', '2008', 'J', '40', 'M'),
('939', '4', 'Spring', '2010', 'E', '661', 'M'),
('946', '1', 'Spring', '2008', 'I', '277', 'E'),
('946', '2', 'Fall', '2003', 'J', '947', 'H'),
('946', '3', 'Spring', '2001', 'E', '661', 'K'),
('946', '4', 'Fall', '2010', 'G', '88', 'P'),
('946', '5', 'Fall', '2002', 'D', '322', 'F'),
('950', '1', 'Fall', '2010', 'F', '210', 'B'),
('950', '2', 'Fall', '2010', 'E', '661', 'C'),
('950', '3', 'Fall', '2010', 'G', '88', 'M'),
('950', '4', 'Fall', '2009', 'G', '88', 'G'),
('952', '1', 'Fall', '2004', 'F', '210', 'M'),
('954', '1', 'Fall', '2009', 'D', '322', 'H'),
('954', '2', 'Spring', '2002', 'I', '277', 'I'),
('954', '3', 'Spring', '2003', 'J', '40', 'B'),
('954', '4', 'Fall', '2007', 'I', '179', 'H'),
('957', '1', 'Fall', '2003', 'I', '277', 'I'),
('957', '2', 'Spring', '2008', 'F', '210', 'D'),
('957', '3', 'Fall', '2008', 'J', '947', 'D'),
('957', '4', 'Fall', '2002', 'F', '210', 'P'),
('957', '5', 'Spring', '2005', 'F', '210', 'C'),
('957', '6', 'Fall', '2006', 'G', '88', 'F'),
('957', '7', 'Fall', '2007', 'J', '947', 'J'),
('958', '1', 'Fall', '2009', 'J', '40', 'M'),
('958', '2', 'Fall', '2008', 'D', '322', 'L'),
('958', '3', 'Spring', '2004', 'J', '40', 'A'),
('958', '4', 'Spring', '2005', 'I', '277', 'J'),
('958', '5', 'Fall', '2009', 'I', '277', 'O'),
('964', '1', 'Spring', '2004', 'I', '179', 'D'),
('964', '2', 'Spring', '2002', 'G', '88', 'L'),
('964', '3', 'Fall', '2003', 'J', '40', 'C'),
('964', '4', 'Fall', '2005', 'I', '277', 'E'),
('967', '1', 'Spring', '2005', 'G', '88', 'P'),
('967', '2', 'Fall', '2003', 'A', '304', 'K'),
('967', '3', 'Spring', '2001', 'G', '88', 'G'),
('971', '1', 'Spring', '2009', 'A', '304', 'I'),
('971', '2', 'Fall', '2008', 'J', '40', 'M'),
('971', '3', 'Fall', '2004', 'I', '179', 'J'),
('971', '4', 'Spring', '2008', 'A', '304', 'L'),
('974', '1', 'Spring', '2008', 'J', '947', 'L'),
('974', '2', 'Fall', '2009', 'G', '88', 'K'),
('974', '3', 'Fall', '2009', 'J', '40', 'K'),
('982', '1', 'Spring', '2001', 'F', '210', 'H'),
('982', '2', 'Spring', '2007', 'D', '322', 'L'),
('982', '3', 'Fall', '2007', 'A', '747', 'K'),
('982', '4', 'Spring', '2008', 'J', '40', 'N'),
('982', '5', 'Spring', '2002', 'A', '747', 'G'),
('982', '6', 'Fall', '2006', 'J', '40', 'J'),
('982', '7', 'Spring', '2007', 'F', '210', 'E'),
('982', '8', 'Fall', '2001', 'J', '947', 'N'),
('984', '1', 'Fall', '2003', 'G', '88', 'P'),
('984', '2', 'Spring', '2004', 'D', '322', 'I'),
('984', '3', 'Spring', '2005', 'A', '304', 'N'),
('984', '4', 'Spring', '2001', 'A', '304', 'P'),
('985', '1', 'Spring', '2004', 'F', '210', 'E'),
('985', '2', 'Fall', '2005', 'F', '210', 'H'),
('992', '1', 'Spring', '2010', 'J', '40', 'C'),
('992', '2', 'Fall', '2010', 'J', '40', 'J'),
('992', '3', 'Spring', '2002', 'A', '304', 'C'),
('992', '4', 'Fall', '2005', 'I', '179', 'B'),
('992', '5', 'Fall', '2008', 'I', '277', 'O'),
('993', '1', 'Fall', '2005', 'A', '304', 'H'),
('993', '2', 'Fall', '2008', 'I', '179', 'E'),
('993', '3', 'Fall', '2007', 'A', '304', 'A'),
('996', '1', 'Spring', '2006', 'A', '747', 'I'),
('996', '2', 'Fall', '2002', 'A', '747', 'D'),
('996', '3', 'Spring', '2006', 'J', '947', 'N');

-- --------------------------------------------------------

--
-- Table structure for table `student`
--

CREATE TABLE `student` (
  `ID` varchar(5) NOT NULL,
  `name` varchar(20) NOT NULL,
  `dept_name` varchar(20) DEFAULT NULL,
  `tot_cred` decimal(3,0) DEFAULT NULL
) ;

--
-- Dumping data for table `student`
--

INSERT INTO `student` (`ID`, `name`, `dept_name`, `tot_cred`) VALUES
('10170', 'Adri', 'GO', '12'),
('1031', 'Yohan', 'RR', '122'),
('10647', 'Adri', 'GO', '22'),
('10780', 'Johan', 'FR', '45'),
('11075', 'Johan', 'ED', '117'),
('11229', 'Ande', 'IF', '128'),
('12206', 'Yohan', 'DK', '65'),
('12490', 'Josu', 'RR', '95'),
('12495', 'Adri', 'FR', '22'),
('12505', 'Johan', 'DK', '76'),
('12506', 'Ahmad', 'IF', '6'),
('12694', 'Ahmad', 'MT', '10'),
('12782', 'Yohan', 'RR', '117'),
('12871', 'Kiki', 'RR', '83'),
('13210', 'Kiki', 'ED', '2'),
('13220', 'Kiki', 'DF', '110'),
('13395', 'rahmat', 'DE', '109'),
('13622', 'Yohan', 'DE', '10'),
('13625', 'Josu', 'RR', '104'),
('13669', 'Yohan', 'RR', '79'),
('13764', 'Yohan', 'ED', '87'),
('14370', 'Adri', 'DF', '5'),
('14801', 'Budi', 'DE', '9'),
('1589', 'Josu', 'HH', '90'),
('1594', 'rahmat', 'ED', '78'),
('16233', 'Ahmad', 'IF', '73'),
('1627', 'Budi', 'ED', '7'),
('16370', 'Josu', 'IF', '102'),
('16535', 'Kiki', 'DF', '75'),
('16835', 'rahmat', 'DE', '109'),
('16895', 'yuyun', 'MT', '86'),
('17206', 'rahmat', 'GO', '87'),
('17602', 'yuyun', 'HH', '69'),
('1767', 'Ahmad', 'GO', '98'),
('17790', 'yuyun', 'FR', '105'),
('17924', 'Adri', 'HH', '34'),
('17944', 'Kiki', 'DF', '111'),
('17999', 'Ande', 'ED', '32'),
('18185', 'Kiki', 'GO', '21'),
('18275', 'Yohan', 'GO', '108'),
('18286', 'Budi', 'MT', '104'),
('1835', 'Ande', 'DF', '23'),
('18403', 'Kiki', 'DF', '51'),
('18687', 'Yohan', 'FR', '30'),
('18735', 'Josu', 'HH', '37'),
('18794', 'Josu', 'HH', '13'),
('18876', 'Kiki', 'FR', '121'),
('18948', 'Johan', 'MT', '79'),
('18949', 'Kiki', 'DK', '8'),
('19152', 'Kiki', 'IF', '96'),
('19207', 'Adri', 'FR', '119'),
('19289', 'Adri', 'DE', '15'),
('19637', 'Johan', 'HH', '102'),
('19804', 'rahmat', 'DK', '75'),
('19963', 'yuyun', 'RR', '77'),
('2070', 'Yohan', 'MT', '10'),
('21037', 'Kiki', 'DF', '73'),
('21070', 'Josu', 'IF', '80'),
('21128', 'Adri', 'GO', '83'),
('21344', 'Josu', 'GO', '105'),
('21448', 'Ande', 'DK', '112'),
('21582', 'Ande', 'ED', '116'),
('21622', 'Ahmad', 'MT', '104'),
('21751', 'Budi', 'IF', '104'),
('21827', 'Ande', 'DF', '71'),
('21980', 'Kiki', 'RR', '64'),
('22078', 'Budi', 'FR', '36'),
('22484', 'Ahmad', 'RR', '71'),
('22597', 'Josu', 'IF', '45'),
('22769', 'Josu', 'MT', '36'),
('23538', 'Josu', 'GO', '51'),
('23729', 'Johan', 'DF', '34'),
('23732', 'Johan', 'GO', '24'),
('23735', 'Josu', 'HH', '15'),
('2376', 'Ahmad', 'FR', '40'),
('24072', 'Ande', 'HH', '84'),
('24322', 'Yohan', 'DF', '73'),
('2433', 'Kiki', 'FR', '106'),
('24402', 'rahmat', 'IF', '59'),
('24692', 'Budi', 'ED', '4'),
('25053', 'Budi', 'RR', '88'),
('25274', 'Budi', 'DK', '116'),
('25317', 'Ande', 'HH', '105'),
('25342', 'Budi', 'DF', '16'),
('25381', 'rahmat', 'ED', '107'),
('25423', 'Kiki', 'RR', '9'),
('25450', 'Josu', 'GO', '57'),
('258', 'Kiki', 'ED', '5'),
('25929', 'Adri', 'GO', '29'),
('25998', 'Adri', 'FR', '127'),
('26153', 'Kiki', 'FR', '5'),
('2631', 'Budi', 'GO', '42'),
('26369', 'Yohan', 'GO', '128'),
('26635', 'yuyun', 'ED', '71'),
('26859', 'Josu', 'DF', '73'),
('26953', 'Josu', 'GO', '36'),
('26958', 'Johan', 'FR', '28'),
('27304', 'Budi', 'FR', '85'),
('27553', 'yuyun', 'DF', '122'),
('27554', 'Josu', 'DE', '121'),
('27890', 'Josu', 'DK', '117'),
('28073', 'rahmat', 'FR', '54'),
('28114', 'Kiki', 'ED', '8'),
('28659', 'Johan', 'DK', '61'),
('29331', 'rahmat', 'DF', '110'),
('29634', 'Ahmad', 'FR', '68'),
('29774', 'Budi', 'GO', '27'),
('29837', 'Adri', 'DK', '24'),
('30472', 'Ahmad', 'FR', '127'),
('30517', 'Adri', 'DK', '8'),
('30637', 'Kiki', 'RR', '90'),
('31092', 'Yohan', 'IF', '68'),
('31155', 'Kiki', 'ED', '23'),
('31647', 'Johan', 'RR', '72'),
('31670', 'rahmat', 'GO', '38'),
('31707', 'Budi', 'DE', '61'),
('322', 'Adri', 'IF', '33'),
('32300', 'Kiki', 'MT', '123'),
('32860', 'Ande', 'IF', '119'),
('32979', 'rahmat', 'DE', '88'),
('33163', 'Budi', 'HH', '20'),
('33217', 'Budi', 'HH', '97'),
('33266', 'Josu', 'RR', '51'),
('33438', 'rahmat', 'DK', '78'),
('33734', 'Ande', 'DF', '56'),
('33786', 'Josu', 'RR', '59'),
('33911', 'Adri', 'HH', '97'),
('34025', 'Johan', 'DE', '16'),
('34047', 'yuyun', 'DF', '2'),
('34257', 'Budi', 'DK', '114'),
('3442', 'Ahmad', 'ED', '47'),
('34466', 'Ande', 'IF', '63'),
('34511', 'yuyun', 'IF', '83'),
('34817', 'Johan', 'DK', '19'),
('35058', 'Ande', 'ED', '127'),
('35409', 'Budi', 'DF', '49'),
('35605', 'Johan', 'HH', '54'),
('35703', 'Yohan', 'RR', '115'),
('36624', 'Adri', 'IF', '109'),
('36629', 'rahmat', 'DF', '85'),
('36911', 'Yohan', 'DF', '99'),
('37122', 'Ahmad', 'DF', '38'),
('37563', 'yuyun', 'GO', '26'),
('37606', 'rahmat', 'IF', '66'),
('37626', 'Josu', 'DF', '63'),
('37651', 'Josu', 'RR', '1'),
('38079', 'Ande', 'RR', '3'),
('38094', 'Budi', 'FR', '52'),
('38120', 'Ande', 'DF', '127'),
('38129', 'Josu', 'GO', '98'),
('383', 'Yohan', 'IF', '33'),
('38305', 'Budi', 'GO', '26'),
('38321', 'Budi', 'DF', '10'),
('38374', 'Johan', 'FR', '77'),
('38891', 'Kiki', 'ED', '28'),
('39727', 'yuyun', 'FR', '52'),
('39806', 'Johan', 'HH', '47'),
('39963', 'yuyun', 'DF', '109'),
('40225', 'Kiki', 'RR', '127'),
('4024', 'Kiki', 'DE', '85'),
('40400', 'Johan', 'ED', '65'),
('40771', 'yuyun', 'RR', '98'),
('40851', 'Yohan', 'IF', '45'),
('40860', 'Budi', 'GO', '117'),
('40901', 'rahmat', 'FR', '103'),
('4092', 'yuyun', 'ED', '100'),
('41519', 'Johan', 'DE', '101'),
('41821', 'yuyun', 'GO', '34'),
('41955', 'Johan', 'MT', '2'),
('41966', 'Ande', 'DE', '58'),
('42002', 'Kiki', 'DF', '102'),
('42091', 'Ande', 'DK', '32'),
('42227', 'rahmat', 'DK', '118'),
('42365', 'Ande', 'DK', '80'),
('42761', 'Kiki', 'GO', '8'),
('42949', 'Adri', 'DF', '26'),
('43042', 'Josu', 'MT', '76'),
('43570', 'Kiki', 'MT', '106'),
('43632', 'Ahmad', 'MT', '111'),
('4370', 'Ahmad', 'HH', '48'),
('43810', 'Budi', 'GO', '107'),
('43850', 'Johan', 'GO', '104'),
('44029', 'Budi', 'DE', '2'),
('44258', 'rahmat', 'DK', '21'),
('45427', 'yuyun', 'IF', '34'),
('45735', 'Ande', 'DF', '108'),
('45742', 'Johan', 'IF', '108'),
('45883', 'Budi', 'ED', '1'),
('45985', 'Yohan', 'MT', '74'),
('46489', 'Adri', 'IF', '112'),
('46529', 'Adri', 'RR', '11'),
('46560', 'Johan', 'GO', '54'),
('46580', 'Johan', 'DF', '24'),
('47100', 'Ahmad', 'DK', '116'),
('47565', 'Budi', 'RR', '63'),
('47711', 'Yohan', 'ED', '87'),
('47815', 'Josu', 'MT', '68'),
('4835', 'Adri', 'DE', '100'),
('48473', 'Johan', 'IF', '123'),
('48584', 'Ahmad', 'HH', '99'),
('48592', 'Ande', 'FR', '120'),
('48793', 'Ahmad', 'HH', '2'),
('48904', 'Budi', 'HH', '74'),
('49163', 'rahmat', 'HH', '104'),
('49197', 'Budi', 'DF', '42'),
('49205', 'Adri', 'FR', '65'),
('49429', 'yuyun', 'ED', '82'),
('49529', 'Budi', 'MT', '79'),
('49706', 'Kiki', 'GO', '128'),
('49747', 'Adri', 'DF', '109'),
('50250', 'Budi', 'GO', '56'),
('50313', 'Johan', 'FR', '78'),
('50366', 'Yohan', 'RR', '31'),
('50494', 'Ahmad', 'HH', '63'),
('51493', 'Ande', 'DK', '44'),
('51797', 'Kiki', 'GO', '44'),
('52009', 'Kiki', 'GO', '100'),
('52086', 'Johan', 'GO', '97'),
('52229', 'Adri', 'DK', '45'),
('52407', 'Ande', 'DK', '78'),
('52435', 'Ahmad', 'DE', '59'),
('52893', 'Josu', 'DF', '101'),
('5302', 'Adri', 'FR', '124'),
('53475', 'yuyun', 'FR', '111'),
('53578', 'Johan', 'DF', '89'),
('53858', 'Budi', 'DF', '65'),
('54031', 'yuyun', 'MT', '2'),
('54066', 'rahmat', 'MT', '70'),
('54158', 'Kiki', 'DK', '58'),
('54497', 'Josu', 'DK', '93'),
('54516', 'Kiki', 'DE', '27'),
('54870', 'Kiki', 'DF', '118'),
('54972', 'Ande', 'GO', '7'),
('55040', 'Ande', 'IF', '0'),
('55171', 'yuyun', 'ED', '3'),
('55272', 'Ande', 'DE', '61'),
('55288', 'Ahmad', 'GO', '51'),
('55482', 'Johan', 'HH', '98'),
('55530', 'Yohan', 'IF', '70'),
('56081', 'yuyun', 'ED', '28'),
('56552', 'Budi', 'DF', '59'),
('56627', 'Budi', 'FR', '34'),
('56656', 'Budi', 'HH', '7'),
('56806', 'Johan', 'GO', '36'),
('57037', 'Budi', 'DK', '109'),
('57098', 'Budi', 'FR', '55'),
('57965', 'Yohan', 'DF', '59'),
('58158', 'Adri', 'DE', '3'),
('58249', 'Johan', 'IF', '40'),
('58334', 'Budi', 'GO', '120'),
('58819', 'Adri', 'DE', '80'),
('59065', 'Johan', 'IF', '42'),
('59207', 'Kiki', 'MT', '89'),
('59383', 'Ahmad', 'DE', '66'),
('59462', 'Budi', 'GO', '36'),
('59970', 'Ahmad', 'ED', '122'),
('60212', 'Adri', 'FR', '88'),
('60287', 'rahmat', 'MT', '36'),
('60327', 'rahmat', 'DK', '82'),
('60331', 'Josu', 'FR', '51'),
('60389', 'Josu', 'DE', '83'),
('60499', 'Johan', 'DF', '120'),
('60582', 'Yohan', 'MT', '4'),
('60718', 'Josu', 'RR', '39'),
('60863', 'rahmat', 'DK', '105'),
('60974', 'Ahmad', 'DF', '26'),
('61121', 'Ande', 'DK', '84'),
('61209', 'Budi', 'ED', '94'),
('61372', 'Josu', 'DF', '109'),
('61480', 'rahmat', 'DE', '13'),
('61489', 'Ahmad', 'DE', '71'),
('61513', 'Ahmad', 'GO', '50'),
('61615', 'yuyun', 'DK', '114'),
('62276', 'Adri', 'FR', '94'),
('62746', 'yuyun', 'MT', '85'),
('628', 'Josu', 'DF', '4'),
('62801', 'Adri', 'GO', '113'),
('62854', 'Kiki', 'DK', '92'),
('62978', 'Ahmad', 'IF', '121'),
('62998', 'Adri', 'GO', '101'),
('63424', 'Josu', 'IF', '31'),
('63476', 'Josu', 'HH', '50'),
('63592', 'yuyun', 'GO', '119'),
('63750', 'Budi', 'ED', '36'),
('64139', 'Josu', 'DF', '4'),
('64150', 'yuyun', 'HH', '23'),
('64167', 'Ahmad', 'GO', '5'),
('6443', 'Kiki', 'RR', '81'),
('64538', 'Budi', 'HH', '83'),
('64637', 'Ahmad', 'GO', '125'),
('64741', 'Kiki', 'IF', '29'),
('65304', 'Budi', 'RR', '117'),
('65363', 'Adri', 'MT', '106'),
('65680', 'Budi', 'DK', '128'),
('65992', 'rahmat', 'DE', '55'),
('66172', 'Adri', 'DE', '60'),
('66348', 'Ande', 'DE', '51'),
('66413', 'Kiki', 'DF', '123'),
('66478', 'Johan', 'ED', '105'),
('6651', 'rahmat', 'GO', '67'),
('6652', 'yuyun', 'ED', '3'),
('66528', 'Ahmad', 'IF', '32'),
('66568', 'yuyun', 'RR', '71'),
('66853', 'yuyun', 'GO', '77'),
('66976', 'Kiki', 'DE', '39'),
('67086', 'Josu', 'ED', '47'),
('67095', 'Josu', 'FR', '67'),
('6720', 'Adri', 'RR', '91'),
('67357', 'Johan', 'DE', '108'),
('67620', 'Adri', 'GO', '70'),
('67627', 'Yohan', 'DF', '53'),
('6763', 'Ahmad', 'GO', '119'),
('67946', 'Ande', 'DK', '27'),
('68126', 'Yohan', 'ED', '1'),
('68334', 'Josu', 'HH', '77'),
('6841', 'Adri', 'DE', '72'),
('6849', 'yuyun', 'DK', '26'),
('69024', 'rahmat', 'GO', '93'),
('69032', 'Ahmad', 'FR', '34'),
('69116', 'Yohan', 'RR', '89'),
('70079', 'rahmat', 'FR', '52'),
('70083', 'rahmat', 'DF', '114'),
('70334', 'Yohan', 'FR', '127'),
('70344', 'Johan', 'FR', '26'),
('70643', 'Yohan', 'DF', '78'),
('70686', 'yuyun', 'RR', '122'),
('70696', 'Johan', 'GO', '30'),
('70785', 'Ahmad', 'HH', '17'),
('70928', 'Yohan', 'HH', '45'),
('71170', 'Kiki', 'GO', '26'),
('7132', 'Budi', 'GO', '51'),
('71328', 'Ahmad', 'DF', '117'),
('7142', 'yuyun', 'DF', '72'),
('72168', 'Budi', 'FR', '107'),
('72309', 'Yohan', 'DF', '70'),
('72421', 'rahmat', 'DF', '72'),
('72458', 'rahmat', 'DK', '124'),
('72503', 'yuyun', 'HH', '61'),
('7282', 'Yohan', 'MT', '86'),
('7285', 'Kiki', 'GO', '31'),
('72965', 'yuyun', 'FR', '9'),
('73145', 'Ande', 'GO', '27'),
('73600', 'Johan', 'HH', '24'),
('73642', 'Adri', 'IF', '102'),
('73789', 'yuyun', 'DE', '66'),
('73853', 'Yohan', 'FR', '16'),
('73882', 'yuyun', 'HH', '68'),
('74068', 'Yohan', 'RR', '129'),
('74183', 'rahmat', 'ED', '97'),
('74470', 'Budi', 'IF', '104'),
('74472', 'Yohan', 'HH', '76'),
('75103', 'rahmat', 'MT', '81'),
('75272', 'yuyun', 'DE', '11'),
('75335', 'Josu', 'RR', '115'),
('75390', 'rahmat', 'FR', '65'),
('75583', 'Josu', 'FR', '103'),
('75672', 'Yohan', 'HH', '127'),
('76147', 'Ahmad', 'DK', '88'),
('76149', 'yuyun', 'DF', '102'),
('76391', 'Josu', 'HH', '102'),
('76465', 'Ahmad', 'RR', '125'),
('76471', 'Budi', 'DF', '51'),
('77184', 'Josu', 'RR', '50'),
('776', 'Kiki', 'HH', '77'),
('7765', 'Ande', 'MT', '125'),
('78031', 'rahmat', 'HH', '46'),
('78383', 'rahmat', 'RR', '113'),
('78447', 'Ahmad', 'RR', '64'),
('78698', 'Ande', 'GO', '101'),
('78949', 'Johan', 'DE', '0'),
('79507', 'Budi', 'FR', '37'),
('79780', 'Johan', 'RR', '32'),
('79950', 'Adri', 'ED', '125'),
('80199', 'yuyun', 'DK', '88'),
('80479', 'Kiki', 'GO', '103'),
('80526', 'Ande', 'FR', '59'),
('8063', 'Josu', 'HH', '56'),
('80890', 'Adri', 'DF', '72'),
('80899', 'Budi', 'FR', '31'),
('81002', 'Adri', 'MT', '39'),
('81003', 'yuyun', 'HH', '129'),
('8103', 'rahmat', 'FR', '69'),
('81242', 'Josu', 'DF', '28'),
('81401', 'rahmat', 'RR', '115'),
('81426', 'Ande', 'DK', '82'),
('81502', 'Adri', 'MT', '103'),
('8152', 'Adri', 'DE', '123'),
('81567', 'Kiki', 'DE', '40'),
('81609', 'Adri', 'DE', '84'),
('81786', 'Johan', 'RR', '13'),
('82037', 'rahmat', 'IF', '10'),
('82045', 'rahmat', 'ED', '69'),
('82076', 'rahmat', 'MT', '81'),
('8220', 'Ahmad', 'HH', '53'),
('82383', 'rahmat', 'DK', '46'),
('82535', 'Budi', 'ED', '91'),
('82567', 'Johan', 'FR', '65'),
('82987', 'Adri', 'RR', '71'),
('83195', 'Ande', 'DF', '37'),
('83456', 'Kiki', 'RR', '24'),
('83560', 'Yohan', 'GO', '35'),
('83670', 'yuyun', 'RR', '57'),
('84117', 'Adri', 'ED', '69'),
('84217', 'Josu', 'FR', '62'),
('84361', 'Josu', 'IF', '51'),
('84408', 'Budi', 'IF', '11'),
('84888', 'Ande', 'DF', '34'),
('84895', 'rahmat', 'GO', '80'),
('84976', 'rahmat', 'DE', '37'),
('85144', 'Josu', 'HH', '68'),
('855', 'yuyun', 'DK', '115'),
('85690', 'Yohan', 'GO', '32'),
('85759', 'Kiki', 'FR', '64'),
('85906', 'Ahmad', 'GO', '55'),
('86082', 'Budi', 'DE', '106'),
('86104', 'Kiki', 'GO', '82'),
('86149', 'Ahmad', 'DF', '76'),
('86169', 'Johan', 'DK', '1'),
('86204', 'Josu', 'GO', '1'),
('86481', 'rahmat', 'DK', '56'),
('86488', 'yuyun', 'MT', '59'),
('86939', 'Yohan', 'RR', '120'),
('87017', 'yuyun', 'ED', '0'),
('8714', 'Budi', 'FR', '83'),
('87594', 'Budi', 'DF', '82'),
('87673', 'Yohan', 'HH', '124'),
('87754', 'rahmat', 'ED', '94'),
('87776', 'Ahmad', 'IF', '88'),
('87789', 'Johan', 'DK', '17'),
('87828', 'yuyun', 'IF', '11'),
('88280', 'Adri', 'IF', '42'),
('88557', 'Kiki', 'DF', '85'),
('88579', 'Yohan', 'DF', '106'),
('88607', 'Budi', 'HH', '55'),
('88661', 'yuyun', 'FR', '86'),
('88837', 'Kiki', 'ED', '98'),
('88908', 'Johan', 'IF', '50'),
('89092', 'Ahmad', 'HH', '56'),
('89126', 'Josu', 'RR', '44'),
('89189', 'Kiki', 'GO', '121'),
('89310', 'Adri', 'DK', '52'),
('8945', 'Ande', 'DF', '114'),
('89535', 'Budi', 'ED', '67'),
('89658', 'Yohan', 'DE', '32'),
('89778', 'Ahmad', 'MT', '33'),
('89962', 'rahmat', 'GO', '23'),
('90112', 'Kiki', 'HH', '94'),
('90216', 'rahmat', 'IF', '93'),
('9029', 'Budi', 'DK', '15'),
('90415', 'Adri', 'DF', '58'),
('90509', 'Ande', 'DE', '114'),
('9054', 'Adri', 'IF', '112'),
('90687', 'Kiki', 'DF', '45'),
('9093', 'Yohan', 'IF', '89'),
('91140', 'rahmat', 'ED', '27'),
('91352', 'Josu', 'FR', '108'),
('91555', 'Johan', 'IF', '59'),
('91578', 'yuyun', 'DK', '10'),
('91832', 'Yohan', 'MT', '41'),
('91892', 'yuyun', 'ED', '101'),
('92276', 'Ande', 'MT', '81'),
('92494', 'Josu', 'DK', '81'),
('92530', 'Adri', 'DK', '121'),
('92659', 'Budi', 'DE', '35'),
('92805', 'Yohan', 'IF', '2'),
('93140', 'Adri', 'IF', '7'),
('93354', 'Ahmad', 'DE', '101'),
('9348', 'rahmat', 'DE', '29'),
('93528', 'Budi', 'DK', '58'),
('936', 'Ahmad', 'FR', '48'),
('93697', 'Josu', 'GO', '9'),
('93751', 'Ahmad', 'DF', '78'),
('94143', 'Ande', 'MT', '22'),
('94168', 'Adri', 'MT', '81'),
('94357', 'Yohan', 'FR', '116'),
('94532', 'Ahmad', 'RR', '81'),
('94564', 'Yohan', 'ED', '61'),
('94807', 'Adri', 'DF', '125'),
('9488', 'Ahmad', 'IF', '57'),
('94925', 'Budi', 'DF', '10'),
('95188', 'Budi', 'MT', '105'),
('95226', 'Ande', 'DE', '81'),
('95779', 'yuyun', 'DF', '48'),
('96044', 'Johan', 'DE', '15'),
('96248', 'Johan', 'MT', '58'),
('96425', 'Josu', 'ED', '24'),
('96529', 'Ande', 'DE', '23'),
('96577', 'Budi', 'IF', '118'),
('96630', 'Ande', 'ED', '49'),
('97396', 'Adri', 'HH', '102'),
('97612', 'Yohan', 'RR', '30'),
('9774', 'rahmat', 'DK', '5'),
('97802', 'Ande', 'IF', '122'),
('98141', 'Budi', 'GO', '2'),
('9815', 'Yohan', 'HH', '120'),
('98392', 'rahmat', 'RR', '70'),
('98951', 'rahmat', 'DE', '7'),
('98974', 'Josu', 'DF', '68'),
('99352', 'Ande', 'IF', '41'),
('99711', 'Budi', 'FR', '50');

-- --------------------------------------------------------

--
-- Table structure for table `takes`
--

CREATE TABLE `takes` (
  `ID` varchar(5) NOT NULL,
  `course_id` varchar(8) NOT NULL,
  `sec_id` varchar(8) NOT NULL,
  `semester` varchar(6) NOT NULL,
  `year` decimal(4,0) NOT NULL,
  `grade` varchar(2) DEFAULT NULL
) ENGINE=InnoDB DEFAULT CHARSET=utf8mb4;

--
-- Dumping data for table `takes`
--

INSERT INTO `takes` (`ID`, `course_id`, `sec_id`, `semester`, `year`, `grade`) VALUES
('1031', '795', '6', 'Fall', '2001', 'C+'),
('1031', '914', '5', 'Fall', '2006', 'A+'),
('10647', '507', '4', 'Fall', '2004', 'B-'),
('10647', '553', '8', 'Spring', '2003', 'B-'),
('10780', '463', '2', 'Fall', '2008', 'A+'),
('10780', '587', '3', 'Fall', '2008', 'C+'),
('10780', '587', '6', 'Spring', '2002', 'B '),
('11075', '795', '7', 'Fall', '2009', 'B '),
('11229', '394', '6', 'Fall', '2010', 'C '),
('11229', '396', '1', 'Fall', '2006', 'A+'),
('11229', '457', '3', 'Spring', '2005', 'A+'),
('11229', '651', '7', 'Fall', '2006', 'C+'),
('11229', '946', '1', 'Spring', '2008', 'A+'),
('12490', '462', '1', 'Spring', '2010', 'B+'),
('12490', '793', '4', 'Spring', '2009', 'C-'),
('12495', '695', '2', 'Spring', '2010', 'A-'),
('12495', '797', '5', 'Fall', '2004', 'B-'),
('12505', '731', '2', 'Fall', '2009', 'C '),
('12506', '363', '3', 'Spring', '2002', 'A '),
('12506', '552', '5', 'Spring', '2006', 'A+'),
('12506', '664', '3', 'Fall', '2004', 'A '),
('12694', '270', '7', 'Spring', '2007', 'B-'),
('12782', '528', '5', 'Spring', '2003', 'C '),
('12871', '505', '4', 'Fall', '2008', 'A-'),
('12871', '515', '1', 'Fall', '2005', 'C-'),
('12871', '826', '2', 'Fall', '2002', 'B '),
('13210', '287', '6', 'Fall', '2009', 'A+'),
('13210', '466', '5', 'Fall', '2006', 'B-'),
('13220', '372', '2', 'Fall', '2004', 'C '),
('13220', '444', '5', 'Fall', '2001', 'B '),
('13220', '585', '7', 'Spring', '2005', 'B-'),
('13395', '179', '2', 'Fall', '2005', 'C+'),
('13395', '662', '2', 'Fall', '2001', 'B+'),
('13395', '748', '5', 'Spring', '2008', 'C '),
('13622', '363', '6', 'Fall', '2005', 'C '),
('13622', '930', '2', 'Fall', '2005', 'B+'),
('13625', '336', '6', 'Spring', '2001', 'C '),
('13625', '580', '2', 'Spring', '2007', 'B '),
('14370', '286', '8', 'Spring', '2001', 'C-'),
('14370', '336', '6', 'Spring', '2001', 'A '),
('14370', '872', '2', 'Spring', '2009', 'A-'),
('14801', '982', '6', 'Fall', '2006', 'B '),
('1589', '286', '9', 'Spring', '2006', 'C-'),
('1589', '480', '4', 'Spring', '2010', 'A+'),
('1589', '630', '3', 'Spring', '2006', 'B-'),
('1594', '499', '6', 'Spring', '2002', 'B+'),
('1594', '505', '5', 'Spring', '2004', 'C+'),
('1594', '872', '2', 'Spring', '2009', 'A-'),
('16233', '383', '3', 'Spring', '2006', 'A+'),
('1627', '106', '1', 'Fall', '2007', 'C+'),
('1627', '290', '7', 'Spring', '2007', 'A+'),
('16370', '553', '9', 'Spring', '2002', 'C+'),
('16535', '826', '1', 'Fall', '2010', 'C+'),
('16835', '290', '5', 'Fall', '2003', 'C+'),
('16895', '225', '1', 'Fall', '2008', 'B+'),
('16895', '878', '9', 'Spring', '2007', 'A '),
('16895', '957', '4', 'Fall', '2002', 'C '),
('17206', '225', '2', 'Spring', '2002', 'B '),
('17602', '103', '1', 'Spring', '2001', 'C+'),
('17602', '109', '2', 'Spring', '2002', 'B-'),
('17602', '803', '3', 'Fall', '2009', 'B-'),
('1767', '270', '7', 'Spring', '2007', 'B+'),
('1767', '928', '1', 'Fall', '2001', 'C-'),
('17790', '233', '8', 'Spring', '2001', 'A '),
('17790', '287', '1', 'Spring', '2001', 'B-'),
('17790', '731', '5', 'Fall', '2005', 'B+'),
('17790', '925', '3', 'Fall', '2010', 'B '),
('17924', '222', '2', 'Spring', '2004', 'C-'),
('17924', '287', '6', 'Fall', '2009', 'A+'),
('17924', '916', '3', 'Spring', '2001', 'C-'),
('17944', '490', '1', 'Fall', '2001', 'C+'),
('17944', '553', '8', 'Spring', '2003', 'A+'),
('18185', '253', '3', 'Fall', '2001', 'C-'),
('18185', '581', '2', 'Fall', '2009', 'B '),
('18185', '620', '2', 'Fall', '2002', 'A+'),
('18185', '626', '5', 'Spring', '2005', 'B-'),
('18275', '553', '4', 'Spring', '2006', 'A+'),
('18286', '383', '2', 'Spring', '2010', 'C '),
('18286', '733', '1', 'Spring', '2001', 'C-'),
('1835', '165', '1', 'Fall', '2008', 'B+'),
('1835', '345', '3', 'Fall', '2001', 'B-'),
('1835', '742', '5', 'Spring', '2008', 'B+'),
('18403', '334', '5', 'Spring', '2001', 'A-'),
('18403', '358', '6', 'Fall', '2001', 'A-'),
('18687', '363', '8', 'Fall', '2003', 'A '),
('18687', '457', '1', 'Fall', '2006', 'C+'),
('18876', '598', '5', 'Spring', '2002', 'C '),
('18876', '701', '4', 'Fall', '2010', 'B+'),
('18948', '664', '4', 'Fall', '2006', 'B-'),
('18948', '878', '8', 'Spring', '2006', 'A '),
('18949', '231', '3', 'Spring', '2006', 'A+'),
('18949', '293', '1', 'Fall', '2009', 'B-'),
('19152', '803', '1', 'Spring', '2006', 'A '),
('19637', '292', '2', 'Spring', '2004', 'C '),
('19637', '444', '5', 'Fall', '2001', 'C '),
('19804', '124', '2', 'Spring', '2006', 'B '),
('19804', '152', '2', 'Spring', '2008', 'B-'),
('19804', '737', '3', 'Fall', '2010', 'B-'),
('19804', '967', '2', 'Fall', '2003', 'A+'),
('19963', '630', '5', 'Fall', '2006', 'A '),
('19963', '704', '1', 'Fall', '2007', 'A '),
('19963', '837', '3', 'Fall', '2004', 'B '),
('19963', '950', '1', 'Fall', '2010', 'C '),
('2070', '793', '3', 'Fall', '2004', 'B+'),
('2070', '918', '4', 'Fall', '2008', 'B+'),
('21037', '438', '2', 'Spring', '2006', 'B '),
('21037', '704', '4', 'Fall', '2003', 'C+'),
('21070', '471', '2', 'Spring', '2002', 'C+'),
('21070', '720', '4', 'Spring', '2004', 'C+'),
('21128', '372', '3', 'Fall', '2008', 'B '),
('21128', '391', '8', 'Fall', '2008', 'B '),
('21128', '915', '1', 'Fall', '2007', 'A-'),
('21344', '352', '2', 'Spring', '2002', 'B+'),
('21344', '672', '6', 'Spring', '2003', 'B '),
('21448', '733', '1', 'Spring', '2001', 'A '),
('21448', '957', '7', 'Fall', '2007', 'A+'),
('21582', '485', '6', 'Spring', '2010', 'A '),
('21622', '292', '3', 'Spring', '2007', 'C+'),
('21622', '623', '4', 'Spring', '2002', 'B '),
('21622', '774', '9', 'Fall', '2002', 'A '),
('21751', '225', '2', 'Spring', '2002', 'C '),
('21751', '375', '4', 'Spring', '2009', 'C+'),
('21751', '695', '3', 'Fall', '2006', 'A-'),
('21751', '733', '2', 'Spring', '2009', 'C+'),
('21827', '358', '4', 'Spring', '2001', 'C '),
('21827', '664', '4', 'Fall', '2006', 'C-'),
('21827', '731', '4', 'Spring', '2005', 'A-'),
('21980', '437', '4', 'Fall', '2001', 'C+'),
('21980', '518', '4', 'Fall', '2003', 'B-'),
('21980', '695', '2', 'Spring', '2010', 'C '),
('21980', '760', '3', 'Spring', '2004', 'C '),
('22078', '457', '3', 'Spring', '2005', 'A+'),
('22078', '578', '7', 'Fall', '2008', 'A+'),
('22078', '581', '4', 'Fall', '2001', 'A '),
('22078', '757', '1', 'Fall', '2008', 'C-'),
('22484', '375', '6', 'Spring', '2006', 'A '),
('22597', '462', '4', 'Fall', '2001', 'B+'),
('22597', '958', '2', 'Fall', '2008', 'A '),
('22769', '463', '5', 'Fall', '2008', 'A-'),
('23538', '896', '5', 'Fall', '2008', 'C-'),
('23729', '918', '3', 'Spring', '2001', 'A-'),
('23735', '137', '2', 'Spring', '2007', 'A '),
('2376', '363', '8', 'Fall', '2003', 'B '),
('2376', '431', '1', 'Spring', '2002', 'B-'),
('24072', '186', '6', 'Fall', '2010', 'C '),
('24072', '613', '3', 'Fall', '2002', 'B '),
('24072', '888', '8', 'Fall', '2002', 'A+'),
('24322', '585', '2', 'Spring', '2006', 'B-'),
('24322', '737', '4', 'Fall', '2003', 'C+'),
('24322', '915', '4', 'Spring', '2001', 'C+'),
('2433', '253', '3', 'Fall', '2001', 'A '),
('2433', '958', '1', 'Fall', '2009', 'A-'),
('24402', '992', '2', 'Fall', '2010', 'B '),
('24692', '231', '2', 'Fall', '2007', 'C+'),
('25053', '106', '1', 'Fall', '2007', 'B+'),
('25053', '220', '1', 'Fall', '2002', 'C-'),
('25274', '366', '4', 'Fall', '2001', 'B+'),
('25274', '397', '1', 'Fall', '2010', 'C-'),
('25274', '915', '5', 'Spring', '2001', 'B+'),
('25317', '137', '1', 'Fall', '2010', 'A+'),
('25317', '168', '2', 'Spring', '2005', 'C '),
('25317', '731', '4', 'Spring', '2005', 'A+'),
('25342', '490', '1', 'Fall', '2001', 'A-'),
('25342', '731', '6', 'Fall', '2004', 'A-'),
('25450', '499', '7', 'Spring', '2004', 'C+'),
('25450', '578', '5', 'Fall', '2006', 'B-'),
('25929', '982', '8', 'Fall', '2001', 'B '),
('25998', '689', '5', 'Fall', '2004', 'C-'),
('26153', '915', '4', 'Spring', '2001', 'B '),
('2631', '430', '1', 'Fall', '2010', 'B+'),
('2631', '731', '3', 'Fall', '2009', 'C-'),
('2631', '797', '2', 'Spring', '2005', 'C '),
('26369', '172', '4', 'Spring', '2009', 'A '),
('26369', '552', '5', 'Spring', '2006', 'C '),
('26635', '774', '4', 'Fall', '2008', 'C+'),
('26859', '626', '2', 'Fall', '2010', 'B-'),
('26953', '342', '4', 'Fall', '2005', 'B '),
('26953', '580', '2', 'Spring', '2007', 'C+'),
('26958', '156', '1', 'Spring', '2010', 'B '),
('26958', '553', '2', 'Fall', '2003', 'A '),
('27304', '552', '2', 'Spring', '2002', 'C+'),
('27304', '731', '6', 'Fall', '2004', 'C-'),
('27304', '954', '4', 'Fall', '2007', 'A '),
('27554', '396', '5', 'Fall', '2005', 'B-'),
('27554', '599', '5', 'Fall', '2008', 'B+'),
('27554', '689', '5', 'Fall', '2004', 'A '),
('27554', '971', '1', 'Spring', '2009', 'A-'),
('27890', '375', '2', 'Spring', '2008', 'B+'),
('27890', '392', '6', 'Spring', '2003', 'C '),
('27890', '982', '6', 'Fall', '2006', 'C '),
('28073', '282', '1', 'Spring', '2005', 'C '),
('28073', '531', '2', 'Spring', '2004', 'A+'),
('28073', '689', '1', 'Spring', '2001', 'A '),
('28073', '742', '1', 'Spring', '2005', 'C '),
('28073', '758', '1', 'Fall', '2010', 'A-'),
('28073', '915', '2', 'Spring', '2010', 'A-'),
('28114', '391', '4', 'Fall', '2004', 'C '),
('28659', '375', '7', 'Fall', '2005', 'A '),
('28659', '759', '1', 'Spring', '2008', 'C-'),
('28659', '878', '9', 'Spring', '2007', 'C '),
('29331', '292', '4', 'Fall', '2008', 'A '),
('29331', '391', '7', 'Fall', '2004', 'C '),
('29331', '774', '3', 'Spring', '2008', 'B-'),
('29634', '383', '1', 'Fall', '2007', 'A-'),
('29774', '334', '3', 'Spring', '2001', 'A+'),
('29774', '552', '1', 'Spring', '2006', 'B '),
('29774', '620', '4', 'Fall', '2009', 'C+'),
('29837', '825', '2', 'Fall', '2006', 'C-'),
('30472', '485', '4', 'Fall', '2003', 'C+'),
('30517', '137', '2', 'Spring', '2007', 'C '),
('30517', '417', '2', 'Fall', '2005', 'A-'),
('30637', '394', '3', 'Spring', '2010', 'A '),
('30637', '466', '5', 'Fall', '2006', 'A-'),
('31092', '954', '2', 'Spring', '2002', 'C+'),
('31155', '810', '1', 'Fall', '2005', 'A '),
('31155', '878', '1', 'Fall', '2002', 'C-'),
('31155', '878', '2', 'Spring', '2003', 'C '),
('31670', '715', '4', 'Spring', '2009', 'B-'),
('31670', '982', '4', 'Spring', '2008', 'B '),
('31707', '430', '1', 'Fall', '2010', 'C+'),
('31707', '958', '2', 'Fall', '2008', 'C-'),
('322', '269', '4', 'Fall', '2002', 'C+'),
('32300', '394', '1', 'Spring', '2009', 'B+'),
('32860', '928', '2', 'Spring', '2001', 'C-'),
('33163', '161', '2', 'Spring', '2002', 'C-'),
('33163', '485', '3', 'Fall', '2001', 'B-'),
('33163', '599', '5', 'Fall', '2008', 'C '),
('33217', '778', '1', 'Spring', '2001', 'B-'),
('33266', '334', '2', 'Fall', '2002', 'C-'),
('33266', '352', '5', 'Fall', '2009', 'C-'),
('33911', '664', '2', 'Spring', '2009', 'C-'),
('33911', '760', '4', 'Spring', '2001', 'B-'),
('34025', '137', '1', 'Fall', '2010', 'B+'),
('34025', '319', '7', 'Fall', '2001', 'C+'),
('34025', '664', '3', 'Fall', '2004', 'A-'),
('34025', '748', '5', 'Spring', '2008', 'B-'),
('34047', '608', '5', 'Fall', '2004', 'C-'),
('34257', '334', '4', 'Fall', '2005', 'C-'),
('34257', '391', '2', 'Fall', '2004', 'A-'),
('3442', '315', '4', 'Fall', '2008', 'A-'),
('34466', '481', '2', 'Spring', '2004', 'C-'),
('34466', '507', '2', 'Spring', '2009', 'C+'),
('34466', '729', '4', 'Fall', '2009', 'C-'),
('34466', '839', '5', 'Spring', '2003', 'A+'),
('34511', '287', '5', 'Fall', '2002', 'A-'),
('34511', '682', '1', 'Fall', '2001', 'A-'),
('34511', '684', '2', 'Fall', '2004', 'C-'),
('34817', '363', '8', 'Fall', '2003', 'A+'),
('34817', '528', '7', 'Spring', '2006', 'C+'),
('34817', '587', '4', 'Fall', '2007', 'B-'),
('34817', '918', '3', 'Spring', '2001', 'C-'),
('35058', '438', '1', 'Spring', '2004', 'C-'),
('35703', '617', '2', 'Spring', '2009', 'C-'),
('36624', '339', '3', 'Fall', '2009', 'A-'),
('36624', '587', '2', 'Spring', '2002', 'A+'),
('36629', '254', '1', 'Fall', '2001', 'C+'),
('36629', '575', '1', 'Fall', '2006', 'C '),
('36911', '471', '4', 'Fall', '2003', 'B-'),
('36911', '640', '1', 'Fall', '2006', 'B '),
('36911', '993', '1', 'Fall', '2005', 'A+'),
('37122', '179', '4', 'Spring', '2006', 'A '),
('37122', '417', '4', 'Spring', '2004', 'C+'),
('37122', '684', '4', 'Fall', '2010', 'B+'),
('37563', '292', '4', 'Fall', '2008', 'C-'),
('37563', '915', '1', 'Fall', '2007', 'B-'),
('37563', '915', '2', 'Spring', '2010', 'B '),
('37626', '166', '2', 'Spring', '2002', 'B-'),
('37651', '334', '2', 'Fall', '2002', 'B '),
('37651', '552', '3', 'Fall', '2002', 'A+'),
('37651', '839', '4', 'Spring', '2002', 'B-'),
('38079', '159', '3', 'Spring', '2002', 'B+'),
('38094', '719', '1', 'Spring', '2008', 'C-'),
('38120', '982', '5', 'Spring', '2002', 'B+'),
('38129', '946', '5', 'Fall', '2002', 'C-'),
('383', '608', '6', 'Spring', '2001', 'B-'),
('38305', '623', '2', 'Spring', '2010', 'B-'),
('38321', '363', '2', 'Spring', '2006', 'B-'),
('38321', '982', '7', 'Spring', '2007', 'A+'),
('38374', '515', '3', 'Fall', '2009', 'B '),
('38891', '217', '2', 'Fall', '2006', 'B '),
('38891', '417', '3', 'Spring', '2009', 'C '),
('39727', '186', '4', 'Spring', '2007', 'A '),
('39727', '372', '5', 'Fall', '2009', 'A '),
('39727', '463', '5', 'Fall', '2008', 'C-'),
('39727', '515', '6', 'Spring', '2009', 'A+'),
('39727', '581', '3', 'Spring', '2006', 'B+'),
('39727', '982', '8', 'Fall', '2001', 'A+'),
('39806', '269', '2', 'Spring', '2001', 'B '),
('39806', '270', '4', 'Spring', '2004', 'C '),
('39963', '849', '2', 'Spring', '2006', 'B-'),
('40225', '457', '1', 'Fall', '2006', 'A+'),
('4024', '254', '4', 'Spring', '2002', 'A-'),
('4024', '269', '7', 'Fall', '2004', 'C '),
('4024', '430', '2', 'Spring', '2002', 'B '),
('4024', '499', '5', 'Spring', '2005', 'B-'),
('4024', '640', '1', 'Fall', '2006', 'B-'),
('4024', '672', '2', 'Fall', '2005', 'C '),
('4024', '704', '2', 'Fall', '2004', 'C-'),
('40400', '286', '1', 'Fall', '2006', 'A-'),
('40400', '319', '2', 'Spring', '2002', 'C '),
('40851', '269', '4', 'Fall', '2002', 'A+'),
('40851', '505', '6', 'Fall', '2010', 'A+'),
('40851', '839', '1', 'Fall', '2002', 'B '),
('40860', '762', '1', 'Spring', '2010', 'B+'),
('40860', '774', '9', 'Fall', '2002', 'B+'),
('40860', '828', '2', 'Spring', '2004', 'B '),
('40901', '417', '6', 'Spring', '2007', 'C+'),
('40901', '463', '2', 'Fall', '2008', 'C+'),
('40901', '776', '4', 'Spring', '2002', 'A-'),
('40901', '826', '1', 'Fall', '2010', 'B-'),
('41519', '437', '5', 'Spring', '2007', 'B+'),
('41821', '286', '5', 'Spring', '2009', 'B '),
('41821', '424', '9', 'Fall', '2001', 'A '),
('41955', '159', '6', 'Spring', '2002', 'B '),
('41955', '290', '1', 'Fall', '2004', 'B-'),
('41955', '849', '2', 'Spring', '2006', 'B '),
('41955', '985', '1', 'Spring', '2004', 'C '),
('41966', '444', '5', 'Fall', '2001', 'C+'),
('41966', '982', '4', 'Spring', '2008', 'A-'),
('42002', '392', '4', 'Spring', '2005', 'A-'),
('42002', '587', '1', 'Fall', '2009', 'C+'),
('42091', '339', '2', 'Fall', '2005', 'B '),
('42227', '939', '4', 'Spring', '2010', 'C+'),
('42365', '292', '2', 'Spring', '2004', 'B-'),
('42365', '598', '1', 'Spring', '2003', 'B+'),
('42761', '293', '1', 'Fall', '2009', 'C+'),
('42761', '471', '1', 'Fall', '2006', 'A-'),
('42761', '737', '1', 'Fall', '2007', 'B-'),
('42949', '528', '5', 'Spring', '2003', 'C-'),
('42949', '618', '7', 'Spring', '2002', 'B-'),
('43042', '385', '2', 'Spring', '2008', 'C+'),
('43042', '394', '2', 'Fall', '2008', 'C-'),
('43570', '383', '5', 'Fall', '2007', 'B-'),
('43570', '620', '4', 'Fall', '2009', 'B+'),
('43632', '345', '1', 'Spring', '2004', 'B-'),
('4370', '394', '2', 'Fall', '2008', 'C-'),
('4370', '444', '4', 'Spring', '2001', 'B '),
('43810', '342', '3', 'Fall', '2004', 'C-'),
('43810', '462', '3', 'Fall', '2005', 'C+'),
('43810', '518', '4', 'Fall', '2003', 'C+'),
('43810', '741', '1', 'Spring', '2004', 'B-'),
('43850', '253', '4', 'Spring', '2009', 'B-'),
('44029', '166', '4', 'Fall', '2006', 'B-'),
('44029', '363', '9', 'Spring', '2006', 'C-'),
('44258', '363', '5', 'Spring', '2004', 'B+'),
('44258', '901', '2', 'Spring', '2002', 'B '),
('45427', '168', '1', 'Fall', '2006', 'A-'),
('45427', '347', '2', 'Spring', '2005', 'C '),
('45735', '737', '5', 'Fall', '2006', 'B-'),
('45735', '915', '2', 'Spring', '2010', 'A+'),
('45742', '233', '6', 'Spring', '2002', 'B+'),
('45742', '319', '5', 'Spring', '2007', 'B-'),
('45985', '247', '8', 'Fall', '2003', 'A+'),
('45985', '352', '1', 'Fall', '2008', 'C+'),
('46489', '290', '8', 'Fall', '2002', 'B+'),
('46489', '481', '3', 'Spring', '2003', 'C+'),
('46529', '292', '5', 'Spring', '2001', 'B-'),
('46529', '325', '4', 'Fall', '2005', 'A+'),
('46529', '325', '5', 'Fall', '2004', 'C+'),
('46529', '507', '3', 'Fall', '2007', 'B+'),
('46529', '528', '6', 'Spring', '2007', 'B-'),
('46560', '288', '1', 'Fall', '2006', 'C-'),
('46560', '733', '3', 'Fall', '2010', 'C+'),
('46560', '914', '7', 'Fall', '2009', 'B '),
('46560', '984', '1', 'Fall', '2003', 'A '),
('46580', '233', '2', 'Fall', '2002', 'A-'),
('46580', '325', '1', 'Spring', '2003', 'C-'),
('46580', '363', '9', 'Spring', '2006', 'C '),
('46580', '672', '1', 'Fall', '2001', 'C+'),
('47100', '319', '3', 'Spring', '2008', 'A-'),
('47100', '367', '1', 'Spring', '2001', 'A-'),
('47100', '720', '1', 'Fall', '2008', 'A-'),
('47100', '869', '2', 'Spring', '2006', 'B+'),
('47565', '106', '1', 'Fall', '2007', 'C+'),
('47711', '430', '2', 'Spring', '2002', 'A '),
('47711', '608', '1', 'Fall', '2007', 'B+'),
('47711', '720', '1', 'Fall', '2008', 'A '),
('47711', '958', '1', 'Fall', '2009', 'A+'),
('47711', '974', '3', 'Fall', '2009', 'B+'),
('47815', '553', '4', 'Spring', '2006', 'A+'),
('47815', '888', '6', 'Fall', '2006', 'C '),
('47815', '946', '4', 'Fall', '2010', 'C+'),
('4835', '233', '8', 'Spring', '2001', 'C+'),
('4835', '507', '2', 'Spring', '2009', 'B+'),
('48473', '209', '1', 'Spring', '2006', 'B+'),
('48584', '292', '3', 'Spring', '2007', 'C-'),
('48584', '505', '6', 'Fall', '2010', 'B+'),
('48584', '720', '2', 'Spring', '2006', 'C+'),
('48584', '765', '1', 'Spring', '2010', 'C+'),
('48592', '499', '3', 'Fall', '2010', 'A '),
('48592', '896', '2', 'Fall', '2003', 'B+'),
('48793', '269', '7', 'Fall', '2004', 'B '),
('48904', '286', '1', 'Fall', '2006', 'B+'),
('48904', '383', '4', 'Fall', '2004', 'A-'),
('48904', '630', '3', 'Spring', '2006', 'C-'),
('48904', '733', '2', 'Spring', '2009', 'C+'),
('49163', '915', '2', 'Spring', '2010', 'B '),
('49197', '166', '4', 'Fall', '2006', 'A-'),
('49197', '254', '1', 'Fall', '2001', 'C+'),
('49197', '518', '2', 'Spring', '2001', 'A+'),
('49197', '630', '4', 'Fall', '2002', 'B '),
('49197', '778', '3', 'Fall', '2006', 'C-'),
('49205', '896', '4', 'Spring', '2003', 'C+'),
('49429', '159', '1', 'Spring', '2008', 'B '),
('49429', '172', '1', 'Fall', '2004', 'C-'),
('49429', '282', '1', 'Spring', '2005', 'B-'),
('49429', '339', '2', 'Fall', '2005', 'A '),
('49429', '737', '3', 'Fall', '2010', 'A+'),
('49529', '137', '2', 'Spring', '2007', 'C '),
('49529', '438', '2', 'Spring', '2006', 'A '),
('49529', '729', '6', 'Fall', '2007', 'A+'),
('49529', '839', '5', 'Spring', '2003', 'A+'),
('49706', '424', '3', 'Spring', '2001', 'A-'),
('49747', '613', '5', 'Fall', '2001', 'A '),
('49747', '946', '5', 'Fall', '2002', 'C-'),
('50313', '599', '6', 'Spring', '2007', 'C '),
('50313', '925', '3', 'Fall', '2010', 'C+'),
('50366', '352', '3', 'Spring', '2005', 'B '),
('50366', '742', '1', 'Spring', '2005', 'C '),
('50494', '124', '3', 'Fall', '2008', 'C-'),
('51493', '392', '1', 'Fall', '2003', 'C '),
('51493', '466', '2', 'Fall', '2003', 'C-'),
('51493', '617', '3', 'Fall', '2004', 'B+'),
('51797', '220', '1', 'Fall', '2002', 'C+'),
('51797', '288', '5', 'Spring', '2009', 'C-'),
('52086', '578', '7', 'Fall', '2008', 'B-'),
('52086', '701', '2', 'Fall', '2008', 'A+'),
('52086', '737', '1', 'Fall', '2007', 'C-'),
('52229', '466', '4', 'Spring', '2008', 'C '),
('52407', '124', '4', 'Spring', '2001', 'B '),
('52407', '352', '3', 'Spring', '2005', 'C-'),
('52407', '634', '5', 'Fall', '2007', 'B-'),
('52407', '689', '4', 'Fall', '2001', 'A '),
('5302', '499', '3', 'Fall', '2010', 'C+'),
('53475', '704', '2', 'Fall', '2004', 'B-'),
('53475', '996', '3', 'Spring', '2006', 'C '),
('53578', '648', '7', 'Spring', '2004', 'A-'),
('53578', '695', '2', 'Spring', '2010', 'B '),
('53858', '106', '2', 'Spring', '2008', 'C-'),
('54031', '166', '3', 'Fall', '2004', 'A-'),
('54031', '292', '6', 'Spring', '2008', 'B '),
('54031', '741', '3', 'Fall', '2005', 'B-'),
('54066', '499', '7', 'Spring', '2004', 'B+'),
('54066', '731', '2', 'Fall', '2009', 'C-'),
('54158', '640', '1', 'Fall', '2006', 'A-'),
('54158', '971', '4', 'Spring', '2008', 'A-'),
('54497', '581', '1', 'Fall', '2008', 'C+'),
('54497', '720', '1', 'Fall', '2008', 'B+'),
('54497', '733', '3', 'Fall', '2010', 'A+'),
('54516', '319', '7', 'Fall', '2001', 'A '),
('54516', '914', '2', 'Spring', '2008', 'B-'),
('54870', '392', '3', 'Fall', '2002', 'A '),
('54870', '553', '1', 'Fall', '2005', 'A-'),
('54870', '608', '1', 'Fall', '2007', 'C+'),
('54972', '798', '1', 'Fall', '2006', 'C-'),
('55040', '109', '1', 'Fall', '2008', 'B '),
('55040', '166', '1', 'Spring', '2003', 'B+'),
('55040', '691', '2', 'Fall', '2008', 'C-'),
('55040', '795', '5', 'Fall', '2002', 'C+'),
('55171', '774', '3', 'Spring', '2008', 'C+'),
('55171', '872', '2', 'Spring', '2009', 'B '),
('55272', '444', '5', 'Fall', '2001', 'B+'),
('55272', '466', '6', 'Spring', '2003', 'B-'),
('55288', '507', '2', 'Spring', '2009', 'A-'),
('55288', '895', '2', 'Spring', '2004', 'A '),
('55288', '918', '3', 'Spring', '2001', 'B+'),
('55530', '319', '4', 'Fall', '2008', 'C '),
('55530', '630', '8', 'Fall', '2007', 'A '),
('55530', '689', '2', 'Spring', '2006', 'A+'),
('55530', '826', '1', 'Fall', '2010', 'C '),
('56552', '391', '1', 'Spring', '2003', 'B+'),
('56552', '457', '2', 'Spring', '2006', 'A '),
('56552', '664', '4', 'Fall', '2006', 'A '),
('56627', '166', '2', 'Spring', '2002', 'B '),
('56627', '774', '4', 'Fall', '2008', 'A+'),
('56656', '254', '5', 'Fall', '2004', 'A '),
('56656', '630', '7', 'Fall', '2007', 'A '),
('56656', '691', '2', 'Fall', '2008', 'C '),
('56656', '741', '3', 'Fall', '2005', 'A-'),
('57037', '417', '6', 'Spring', '2007', 'C+'),
('57037', '499', '3', 'Fall', '2010', 'C '),
('57037', '618', '7', 'Spring', '2002', 'B '),
('57098', '431', '7', 'Fall', '2007', 'B+'),
('57098', '553', '3', 'Spring', '2010', 'A+'),
('57098', '553', '8', 'Spring', '2003', 'B+'),
('57965', '363', '5', 'Spring', '2004', 'C '),
('57965', '396', '3', 'Spring', '2010', 'B-'),
('58158', '103', '1', 'Spring', '2001', 'A '),
('58158', '186', '5', 'Spring', '2007', 'B '),
('58158', '499', '5', 'Spring', '2005', 'C-'),
('58158', '682', '1', 'Fall', '2001', 'A '),
('58158', '957', '1', 'Fall', '2003', 'B+'),
('58249', '457', '4', 'Fall', '2001', 'B '),
('58334', '982', '4', 'Spring', '2008', 'A '),
('59065', '166', '6', 'Spring', '2001', 'C '),
('59065', '358', '3', 'Spring', '2004', 'A+'),
('59065', '437', '4', 'Fall', '2001', 'A '),
('59065', '803', '3', 'Fall', '2009', 'C+'),
('59383', '417', '3', 'Spring', '2009', 'B+'),
('59383', '431', '4', 'Spring', '2005', 'A-'),
('59383', '466', '6', 'Spring', '2003', 'A-'),
('59383', '971', '2', 'Fall', '2008', 'B-'),
('59970', '774', '8', 'Fall', '2001', 'B '),
('59970', '982', '1', 'Spring', '2001', 'B+'),
('60212', '166', '2', 'Spring', '2002', 'B+'),
('60287', '505', '4', 'Fall', '2008', 'C+'),
('60327', '254', '3', 'Fall', '2005', 'B '),
('60327', '733', '3', 'Fall', '2010', 'C-'),
('60331', '288', '2', 'Fall', '2003', 'B+'),
('60331', '358', '2', 'Spring', '2010', 'A+'),
('60389', '269', '7', 'Fall', '2004', 'A-'),
('60389', '578', '7', 'Fall', '2008', 'C '),
('60499', '630', '6', 'Fall', '2004', 'B-'),
('60582', '623', '2', 'Spring', '2010', 'A '),
('60582', '846', '5', 'Spring', '2010', 'C '),
('60582', '869', '2', 'Spring', '2006', 'A '),
('60582', '872', '6', 'Fall', '2005', 'B+'),
('60718', '463', '5', 'Fall', '2008', 'C-'),
('60863', '651', '7', 'Fall', '2006', 'A+'),
('60863', '704', '3', 'Spring', '2001', 'B+'),
('60974', '186', '5', 'Spring', '2007', 'B+'),
('60974', '397', '1', 'Fall', '2010', 'C-'),
('61121', '984', '4', 'Spring', '2001', 'B '),
('61209', '957', '2', 'Spring', '2008', 'A '),
('61372', '481', '2', 'Spring', '2004', 'C-'),
('61372', '608', '6', 'Spring', '2001', 'A+'),
('61372', '617', '1', 'Fall', '2010', 'C '),
('61480', '391', '1', 'Spring', '2003', 'C-'),
('61489', '701', '5', 'Spring', '2010', 'A '),
('61513', '270', '6', 'Spring', '2008', 'B '),
('61513', '290', '7', 'Spring', '2007', 'C+'),
('61513', '620', '4', 'Fall', '2009', 'A-'),
('61513', '826', '3', 'Fall', '2008', 'A+'),
('61513', '895', '2', 'Spring', '2004', 'C-'),
('61615', '578', '4', 'Spring', '2009', 'C '),
('62276', '209', '4', 'Spring', '2003', 'C-'),
('62276', '895', '2', 'Spring', '2004', 'A+'),
('62746', '429', '4', 'Fall', '2001', 'A '),
('62746', '620', '2', 'Fall', '2002', 'A-'),
('62746', '701', '2', 'Fall', '2008', 'B '),
('62746', '925', '2', 'Fall', '2009', 'C '),
('628', '149', '2', 'Spring', '2008', 'A-'),
('628', '342', '3', 'Fall', '2004', 'A+'),
('62801', '507', '1', 'Spring', '2006', 'A+'),
('62801', '878', '9', 'Spring', '2007', 'C-'),
('62801', '918', '3', 'Spring', '2001', 'A+'),
('62854', '106', '5', 'Spring', '2001', 'B '),
('62854', '227', '1', 'Spring', '2010', 'B-'),
('62854', '319', '7', 'Fall', '2001', 'A-'),
('62978', '507', '1', 'Spring', '2006', 'B+'),
('62978', '599', '5', 'Fall', '2008', 'B-'),
('62978', '651', '3', 'Fall', '2006', 'A '),
('62998', '319', '5', 'Spring', '2007', 'C-'),
('62998', '371', '4', 'Fall', '2009', 'B-'),
('62998', '620', '2', 'Fall', '2002', 'C '),
('62998', '964', '3', 'Fall', '2003', 'C+'),
('63476', '149', '3', 'Spring', '2006', 'B+'),
('63476', '587', '4', 'Fall', '2007', 'A+'),
('63592', '217', '3', 'Fall', '2010', 'C '),
('63750', '505', '1', 'Spring', '2006', 'A-'),
('63750', '807', '1', 'Fall', '2006', 'C-'),
('64139', '429', '4', 'Fall', '2001', 'C '),
('64139', '431', '5', 'Spring', '2001', 'B-'),
('64139', '918', '4', 'Fall', '2008', 'A+'),
('64150', '371', '3', 'Spring', '2010', 'C+'),
('64150', '930', '1', 'Fall', '2010', 'B '),
('64167', '233', '4', 'Spring', '2009', 'A-'),
('6443', '352', '5', 'Fall', '2009', 'A-'),
('64538', '172', '5', 'Spring', '2002', 'C '),
('64538', '578', '2', 'Fall', '2005', 'C+'),
('64538', '925', '2', 'Fall', '2009', 'C '),
('64637', '618', '1', 'Fall', '2001', 'B+'),
('64741', '159', '3', 'Spring', '2002', 'C+'),
('64741', '617', '2', 'Spring', '2009', 'A+'),
('65304', '315', '4', 'Fall', '2008', 'C-'),
('65363', '394', '1', 'Spring', '2009', 'B+'),
('65363', '774', '5', 'Fall', '2009', 'A-'),
('65680', '352', '3', 'Spring', '2005', 'A+'),
('65680', '630', '4', 'Fall', '2002', 'B '),
('65680', '651', '4', 'Fall', '2004', 'B '),
('65680', '878', '6', 'Fall', '2001', 'A+'),
('65992', '179', '6', 'Fall', '2005', 'C+'),
('65992', '319', '5', 'Spring', '2007', 'C-'),
('65992', '345', '2', 'Spring', '2002', 'B+'),
('65992', '431', '5', 'Spring', '2001', 'B '),
('65992', '463', '1', 'Spring', '2008', 'A+'),
('65992', '599', '5', 'Fall', '2008', 'B '),
('65992', '672', '5', 'Fall', '2001', 'C+'),
('66172', '505', '6', 'Fall', '2010', 'A '),
('66348', '634', '7', 'Fall', '2005', 'B+'),
('66413', '617', '5', 'Spring', '2001', 'C+'),
('66413', '684', '6', 'Spring', '2005', 'C-'),
('66413', '689', '2', 'Spring', '2006', 'B '),
('66413', '872', '3', 'Fall', '2001', 'A-'),
('66413', '957', '3', 'Fall', '2008', 'C '),
('66478', '352', '3', 'Spring', '2005', 'C '),
('66478', '462', '3', 'Fall', '2005', 'A-'),
('66478', '478', '1', 'Fall', '2001', 'A-'),
('66478', '505', '1', 'Spring', '2006', 'A-'),
('66478', '505', '4', 'Fall', '2008', 'C+'),
('66478', '581', '4', 'Fall', '2001', 'B-'),
('66478', '618', '3', 'Spring', '2003', 'B+'),
('66478', '759', '4', 'Fall', '2005', 'B '),
('66478', '950', '4', 'Fall', '2009', 'B+'),
('6651', '896', '3', 'Fall', '2001', 'A+'),
('6652', '375', '1', 'Spring', '2008', 'B-'),
('66528', '217', '3', 'Fall', '2010', 'C+'),
('66528', '319', '3', 'Spring', '2008', 'A '),
('66568', '286', '2', 'Spring', '2008', 'B-'),
('66568', '872', '2', 'Spring', '2009', 'B+'),
('66853', '143', '1', 'Fall', '2004', 'B+'),
('66853', '292', '4', 'Fall', '2008', 'B '),
('66853', '682', '1', 'Fall', '2001', 'B-'),
('66853', '985', '2', 'Fall', '2005', 'A+'),
('66976', '648', '6', 'Fall', '2009', 'C+'),
('67086', '375', '2', 'Spring', '2008', 'B-'),
('67086', '839', '4', 'Spring', '2002', 'A+'),
('67086', '914', '7', 'Fall', '2009', 'A+'),
('67086', '984', '3', 'Spring', '2005', 'C+'),
('67095', '371', '2', 'Fall', '2006', 'A '),
('67095', '957', '5', 'Spring', '2005', 'B+'),
('6720', '930', '1', 'Fall', '2010', 'C+'),
('67357', '623', '4', 'Spring', '2002', 'A+'),
('67357', '757', '1', 'Fall', '2008', 'C '),
('67357', '798', '1', 'Fall', '2006', 'C+'),
('67620', '282', '4', 'Spring', '2005', 'B-'),
('67620', '399', '2', 'Fall', '2002', 'C+'),
('67620', '759', '2', 'Fall', '2002', 'B+'),
('67627', '480', '1', 'Spring', '2002', 'A-'),
('67627', '742', '5', 'Spring', '2008', 'C+'),
('6763', '748', '3', 'Spring', '2006', 'A '),
('67946', '731', '1', 'Spring', '2007', 'C '),
('67946', '954', '4', 'Fall', '2007', 'C+'),
('68126', '385', '1', 'Fall', '2004', 'B '),
('68126', '507', '1', 'Spring', '2006', 'B-'),
('68126', '630', '4', 'Fall', '2002', 'B+'),
('68334', '179', '3', 'Fall', '2010', 'A '),
('6841', '762', '1', 'Spring', '2010', 'A-'),
('6849', '166', '4', 'Fall', '2006', 'B-'),
('69024', '287', '4', 'Fall', '2004', 'C+'),
('69024', '720', '4', 'Spring', '2004', 'C-'),
('69116', '760', '1', 'Spring', '2010', 'C-'),
('70079', '684', '7', 'Spring', '2002', 'C '),
('70079', '719', '3', 'Fall', '2005', 'B '),
('70079', '878', '6', 'Fall', '2001', 'B-'),
('70079', '899', '2', 'Fall', '2008', 'B+'),
('70334', '172', '1', 'Fall', '2004', 'B-'),
('70334', '587', '4', 'Fall', '2007', 'A '),
('70344', '222', '1', 'Spring', '2004', 'A-'),
('70344', '282', '2', 'Fall', '2010', 'C-'),
('70344', '626', '1', 'Spring', '2006', 'B+'),
('70344', '821', '1', 'Fall', '2004', 'A '),
('70643', '363', '9', 'Spring', '2006', 'B-'),
('70643', '648', '3', 'Spring', '2006', 'C-'),
('70643', '760', '3', 'Spring', '2004', 'B+'),
('70643', '828', '4', 'Spring', '2009', 'C '),
('70686', '507', '1', 'Spring', '2006', 'A+'),
('70686', '741', '2', 'Fall', '2001', 'A-'),
('70686', '901', '4', 'Spring', '2007', 'C '),
('70696', '231', '1', 'Fall', '2008', 'A '),
('70696', '358', '6', 'Fall', '2001', 'B+'),
('70696', '457', '2', 'Spring', '2006', 'C '),
('70785', '371', '1', 'Fall', '2008', 'C '),
('70928', '149', '1', 'Spring', '2006', 'B+'),
('70928', '233', '5', 'Spring', '2004', 'C '),
('70928', '798', '1', 'Fall', '2006', 'A '),
('71170', '149', '1', 'Spring', '2006', 'C '),
('71170', '424', '7', 'Fall', '2007', 'B+'),
('71170', '515', '5', 'Spring', '2009', 'A '),
('7132', '466', '4', 'Spring', '2008', 'A '),
('71328', '807', '3', 'Fall', '2008', 'B-'),
('7142', '626', '1', 'Spring', '2006', 'A '),
('7142', '684', '7', 'Spring', '2002', 'B+'),
('72168', '385', '5', 'Spring', '2007', 'A '),
('72168', '729', '2', 'Fall', '2010', 'C '),
('72309', '518', '4', 'Fall', '2003', 'A '),
('72421', '161', '1', 'Spring', '2010', 'C-'),
('72421', '684', '2', 'Fall', '2004', 'A-'),
('72458', '417', '5', 'Spring', '2005', 'B '),
('72458', '515', '6', 'Spring', '2009', 'C+'),
('72458', '915', '2', 'Spring', '2010', 'A '),
('72503', '282', '1', 'Spring', '2005', 'B '),
('7282', '704', '4', 'Fall', '2003', 'C '),
('7285', '648', '2', 'Spring', '2008', 'C-'),
('7285', '742', '5', 'Spring', '2008', 'A '),
('72965', '292', '4', 'Fall', '2008', 'B-'),
('72965', '342', '3', 'Fall', '2004', 'C '),
('73145', '372', '6', 'Fall', '2004', 'C+'),
('73145', '478', '2', 'Spring', '2004', 'B-'),
('73145', '634', '6', 'Fall', '2009', 'A-'),
('73600', '480', '1', 'Spring', '2002', 'C '),
('73600', '839', '3', 'Spring', '2004', 'A '),
('73642', '231', '6', 'Spring', '2006', 'C+'),
('73642', '505', '5', 'Spring', '2004', 'B+'),
('73789', '325', '2', 'Spring', '2003', 'B-'),
('73789', '939', '4', 'Spring', '2010', 'A-'),
('73853', '424', '5', 'Fall', '2007', 'B+'),
('73853', '974', '3', 'Fall', '2009', 'A-'),
('73882', '774', '2', 'Fall', '2004', 'B-'),
('74068', '137', '2', 'Spring', '2007', 'C+'),
('74470', '253', '2', 'Spring', '2007', 'C+'),
('74472', '287', '3', 'Spring', '2002', 'C+'),
('74472', '325', '5', 'Fall', '2004', 'A+'),
('74472', '533', '2', 'Spring', '2009', 'B '),
('75103', '363', '8', 'Fall', '2003', 'C '),
('75103', '466', '3', 'Fall', '2001', 'C+'),
('75272', '651', '1', 'Spring', '2002', 'A+'),
('75335', '282', '5', 'Spring', '2004', 'A '),
('75335', '826', '5', 'Fall', '2009', 'C '),
('75390', '396', '1', 'Fall', '2006', 'C-'),
('75390', '869', '6', 'Fall', '2004', 'A '),
('75583', '518', '1', 'Fall', '2006', 'A '),
('75583', '982', '8', 'Fall', '2001', 'C '),
('76149', '186', '2', 'Spring', '2005', 'B-'),
('76149', '578', '4', 'Spring', '2009', 'C '),
('76149', '715', '1', 'Spring', '2005', 'C '),
('76149', '757', '1', 'Fall', '2008', 'A '),
('76391', '143', '1', 'Fall', '2004', 'C-'),
('76391', '807', '3', 'Fall', '2008', 'C '),
('76465', '336', '6', 'Spring', '2001', 'C+'),
('76465', '372', '1', 'Spring', '2005', 'A-'),
('76465', '462', '3', 'Fall', '2005', 'A '),
('76465', '774', '8', 'Fall', '2001', 'A-'),
('76471', '334', '6', 'Spring', '2010', 'B '),
('76471', '372', '5', 'Fall', '2009', 'A+'),
('776', '334', '2', 'Fall', '2002', 'A+'),
('776', '587', '5', 'Fall', '2007', 'B '),
('776', '662', '3', 'Fall', '2003', 'C-'),
('7765', '222', '2', 'Spring', '2004', 'C+'),
('7765', '290', '2', 'Spring', '2008', 'A '),
('78031', '165', '1', 'Fall', '2008', 'C '),
('78031', '366', '1', 'Fall', '2010', 'C-'),
('78031', '553', '8', 'Spring', '2003', 'B '),
('78031', '662', '1', 'Spring', '2005', 'A-'),
('78447', '231', '1', 'Fall', '2008', 'A+'),
('78447', '428', '4', 'Fall', '2010', 'B+'),
('78447', '769', '1', 'Spring', '2007', 'A '),
('78447', '859', '4', 'Spring', '2002', 'A-'),
('78447', '901', '2', 'Spring', '2002', 'B '),
('78447', '914', '7', 'Fall', '2009', 'C '),
('78698', '916', '1', 'Fall', '2001', 'B+'),
('78949', '437', '1', 'Fall', '2003', 'A-'),
('78949', '580', '2', 'Spring', '2007', 'C '),
('78949', '765', '3', 'Fall', '2003', 'C+'),
('78949', '888', '8', 'Fall', '2002', 'C-'),
('79950', '231', '2', 'Fall', '2007', 'B-'),
('79950', '797', '2', 'Spring', '2005', 'B-'),
('79950', '872', '2', 'Spring', '2009', 'B-'),
('80199', '733', '2', 'Spring', '2009', 'B '),
('80479', '759', '4', 'Fall', '2005', 'C '),
('80526', '741', '2', 'Fall', '2001', 'A '),
('8063', '444', '2', 'Fall', '2008', 'C '),
('8063', '957', '5', 'Spring', '2005', 'A+'),
('80890', '371', '6', 'Fall', '2008', 'B+'),
('80890', '888', '2', 'Spring', '2005', 'C '),
('80899', '292', '6', 'Spring', '2008', 'C '),
('80899', '358', '2', 'Spring', '2010', 'A+'),
('80899', '760', '5', 'Spring', '2003', 'C-'),
('81002', '553', '7', 'Spring', '2009', 'C+'),
('81002', '914', '7', 'Fall', '2009', 'A+'),
('81003', '925', '1', 'Spring', '2002', 'A '),
('81003', '957', '7', 'Fall', '2007', 'A+'),
('8103', '741', '1', 'Spring', '2004', 'C '),
('81401', '397', '1', 'Fall', '2010', 'C '),
('81401', '580', '1', 'Fall', '2009', 'B+'),
('81426', '581', '3', 'Spring', '2006', 'A+'),
('81502', '915', '6', 'Fall', '2005', 'B+'),
('8152', '254', '1', 'Fall', '2001', 'A-'),
('8152', '618', '8', 'Fall', '2006', 'C+'),
('81567', '371', '6', 'Fall', '2008', 'C '),
('81567', '774', '7', 'Spring', '2002', 'C+'),
('82037', '578', '4', 'Spring', '2009', 'B+'),
('82037', '915', '4', 'Spring', '2001', 'C '),
('82045', '859', '4', 'Spring', '2002', 'B '),
('82045', '985', '1', 'Spring', '2004', 'A+'),
('82076', '457', '1', 'Fall', '2006', 'C-'),
('8220', '552', '5', 'Spring', '2006', 'B+'),
('82383', '179', '5', 'Fall', '2007', 'B '),
('82383', '618', '5', 'Fall', '2010', 'B-'),
('82383', '648', '4', 'Fall', '2006', 'B-'),
('82383', '664', '4', 'Fall', '2006', 'B-'),
('82383', '731', '1', 'Spring', '2007', 'C-'),
('82383', '826', '2', 'Fall', '2002', 'A-'),
('82535', '254', '4', 'Spring', '2002', 'B '),
('82535', '288', '7', 'Spring', '2010', 'B+'),
('82535', '618', '7', 'Spring', '2002', 'B-'),
('82535', '748', '5', 'Spring', '2008', 'C '),
('82567', '774', '4', 'Fall', '2008', 'B+'),
('82987', '222', '4', 'Fall', '2003', 'C+'),
('82987', '505', '1', 'Spring', '2006', 'C '),
('82987', '507', '1', 'Spring', '2006', 'B+'),
('82987', '765', '4', 'Fall', '2005', 'C '),
('82987', '825', '1', 'Fall', '2010', 'B+'),
('83195', '269', '7', 'Fall', '2004', 'C-'),
('83195', '869', '1', 'Spring', '2007', 'C+'),
('83195', '899', '3', 'Fall', '2002', 'C-'),
('83456', '518', '5', 'Spring', '2010', 'C+'),
('83456', '672', '5', 'Fall', '2001', 'A+'),
('83456', '748', '5', 'Spring', '2008', 'B '),
('83456', '759', '4', 'Fall', '2005', 'B '),
('83670', '159', '1', 'Spring', '2008', 'A+'),
('83670', '803', '2', 'Fall', '2007', 'A-'),
('83670', '826', '5', 'Fall', '2009', 'C '),
('83670', '946', '4', 'Fall', '2010', 'A+'),
('84117', '159', '2', 'Fall', '2006', 'C '),
('84117', '883', '1', 'Spring', '2009', 'B+'),
('84361', '225', '2', 'Spring', '2002', 'A+'),
('84408', '759', '4', 'Fall', '2005', 'A+'),
('84408', '869', '3', 'Fall', '2009', 'B-'),
('84976', '186', '4', 'Spring', '2007', 'B+'),
('84976', '270', '2', 'Spring', '2007', 'A+'),
('84976', '499', '6', 'Spring', '2002', 'B+'),
('84976', '623', '5', 'Fall', '2006', 'A '),
('855', '209', '4', 'Spring', '2003', 'A+'),
('85690', '319', '2', 'Spring', '2002', 'C+'),
('85690', '649', '2', 'Spring', '2009', 'A-'),
('85690', '803', '1', 'Spring', '2006', 'B '),
('85759', '259', '1', 'Spring', '2010', 'A+'),
('85759', '505', '6', 'Fall', '2010', 'A '),
('85759', '617', '3', 'Fall', '2004', 'C+'),
('85759', '878', '8', 'Spring', '2006', 'A-'),
('85906', '553', '2', 'Fall', '2003', 'C-'),
('85906', '630', '6', 'Fall', '2004', 'A+'),
('86082', '233', '1', 'Spring', '2003', 'B-'),
('86082', '352', '5', 'Fall', '2009', 'B-'),
('86082', '585', '2', 'Spring', '2006', 'C '),
('86104', '152', '2', 'Spring', '2008', 'A '),
('86104', '640', '1', 'Fall', '2006', 'A '),
('86149', '288', '4', 'Fall', '2004', 'C '),
('86149', '358', '4', 'Spring', '2001', 'C '),
('86149', '383', '4', 'Fall', '2004', 'A-'),
('86149', '828', '5', 'Fall', '2007', 'B '),
('86169', '394', '3', 'Spring', '2010', 'B-'),
('86169', '618', '2', 'Spring', '2010', 'B-'),
('86169', '888', '3', 'Spring', '2007', 'A+'),
('86488', '233', '7', 'Spring', '2001', 'B-'),
('86488', '319', '1', 'Fall', '2007', 'B+'),
('86488', '385', '4', 'Spring', '2004', 'B+'),
('87017', '149', '3', 'Spring', '2006', 'A '),
('87017', '385', '4', 'Spring', '2004', 'C+'),
('87017', '553', '6', 'Fall', '2006', 'B+'),
('87017', '737', '2', 'Spring', '2002', 'A+'),
('8714', '438', '3', 'Fall', '2010', 'B+'),
('8714', '471', '2', 'Spring', '2002', 'C '),
('8714', '530', '1', 'Spring', '2008', 'B+'),
('8714', '581', '1', 'Fall', '2008', 'B+'),
('8714', '649', '3', 'Fall', '2005', 'A-'),
('87594', '528', '7', 'Spring', '2006', 'A-'),
('87673', '585', '5', 'Fall', '2008', 'A-'),
('87754', '336', '2', 'Spring', '2002', 'C-'),
('87776', '103', '2', 'Spring', '2004', 'B+'),
('87789', '630', '5', 'Fall', '2006', 'B-'),
('87789', '797', '4', 'Spring', '2007', 'B+'),
('87828', '363', '8', 'Fall', '2003', 'A '),
('87828', '580', '3', 'Spring', '2007', 'C-'),
('87828', '774', '7', 'Spring', '2002', 'C '),
('87828', '878', '3', 'Fall', '2004', 'C '),
('87828', '946', '4', 'Fall', '2010', 'C-'),
('88280', '290', '8', 'Fall', '2002', 'A '),
('88280', '345', '3', 'Fall', '2001', 'A-'),
('88280', '480', '2', 'Fall', '2005', 'A '),
('88280', '795', '1', 'Fall', '2002', 'C '),
('88557', '649', '2', 'Spring', '2009', 'A+'),
('88579', '630', '1', 'Fall', '2003', 'C-'),
('88579', '731', '3', 'Fall', '2009', 'A '),
('88607', '217', '1', 'Spring', '2009', 'B-'),
('88661', '165', '3', 'Spring', '2009', 'A+'),
('88661', '366', '2', 'Spring', '2003', 'C '),
('88661', '662', '4', 'Spring', '2002', 'C '),
('88837', '179', '6', 'Fall', '2005', 'A+'),
('88837', '617', '4', 'Fall', '2004', 'B-'),
('88837', '928', '1', 'Fall', '2001', 'B-'),
('88908', '828', '3', 'Spring', '2006', 'A+'),
('88908', '901', '2', 'Spring', '2002', 'B-'),
('89092', '617', '6', 'Fall', '2007', 'B '),
('89126', '899', '1', 'Fall', '2003', 'B-'),
('89189', '168', '2', 'Spring', '2005', 'C-'),
('89189', '233', '2', 'Fall', '2002', 'A-'),
('89189', '515', '3', 'Fall', '2009', 'B-'),
('89189', '630', '1', 'Fall', '2003', 'B-'),
('89189', '758', '2', 'Spring', '2008', 'A '),
('89310', '363', '4', 'Spring', '2008', 'B+'),
('89310', '515', '2', 'Spring', '2008', 'C+'),
('8945', '741', '3', 'Fall', '2005', 'C '),
('89535', '391', '2', 'Fall', '2004', 'A-'),
('89535', '821', '3', 'Fall', '2007', 'A-'),
('89658', '334', '2', 'Fall', '2002', 'A '),
('89658', '585', '3', 'Spring', '2004', 'C-'),
('89778', '649', '3', 'Fall', '2005', 'C+'),
('89962', '748', '1', 'Fall', '2006', 'A '),
('90112', '363', '1', 'Fall', '2010', 'B '),
('90112', '466', '5', 'Fall', '2006', 'B '),
('90112', '888', '8', 'Fall', '2002', 'C-'),
('90216', '742', '7', 'Fall', '2010', 'B-'),
('9029', '270', '4', 'Spring', '2004', 'A-'),
('9029', '964', '4', 'Fall', '2005', 'A-'),
('90415', '505', '6', 'Fall', '2010', 'B+'),
('90415', '613', '5', 'Fall', '2001', 'A '),
('90415', '793', '4', 'Spring', '2009', 'C '),
('90509', '161', '2', 'Spring', '2002', 'C-'),
('90509', '672', '6', 'Spring', '2003', 'B-'),
('90509', '760', '5', 'Spring', '2003', 'C-'),
('9054', '149', '1', 'Spring', '2006', 'B+'),
('9054', '869', '9', 'Fall', '2010', 'B '),
('90687', '366', '1', 'Fall', '2010', 'C '),
('90687', '581', '4', 'Fall', '2001', 'A+'),
('9093', '613', '1', 'Spring', '2005', 'C-'),
('9093', '760', '1', 'Spring', '2010', 'A-'),
('91140', '336', '4', 'Spring', '2009', 'A '),
('91140', '375', '4', 'Spring', '2009', 'B+'),
('91140', '648', '8', 'Fall', '2006', 'A+'),
('91140', '839', '1', 'Fall', '2002', 'C+'),
('91352', '575', '2', 'Fall', '2007', 'C-'),
('91578', '466', '6', 'Spring', '2003', 'A '),
('91578', '878', '4', 'Fall', '2006', 'C '),
('91832', '634', '7', 'Fall', '2005', 'B+'),
('91832', '916', '1', 'Fall', '2001', 'C+'),
('91892', '367', '3', 'Spring', '2001', 'A+'),
('91892', '515', '2', 'Spring', '2008', 'B+'),
('91892', '598', '4', 'Fall', '2006', 'C-'),
('91892', '648', '5', 'Fall', '2007', 'A+'),
('92494', '298', '1', 'Spring', '2009', 'A-'),
('92494', '689', '3', 'Spring', '2008', 'A+'),
('92530', '462', '1', 'Spring', '2010', 'C-'),
('92530', '790', '1', 'Spring', '2002', 'C-'),
('92659', '896', '1', 'Spring', '2007', 'A+'),
('92805', '630', '4', 'Fall', '2002', 'A '),
('92805', '790', '4', 'Spring', '2004', 'B+'),
('93140', '599', '2', 'Fall', '2006', 'B '),
('93140', '729', '2', 'Fall', '2010', 'B+'),
('93140', '741', '1', 'Spring', '2004', 'B '),
('93140', '846', '1', 'Fall', '2010', 'C+'),
('93354', '269', '1', 'Fall', '2006', 'A+'),
('93354', '352', '5', 'Fall', '2009', 'C '),
('93354', '821', '6', 'Fall', '2009', 'A '),
('93354', '895', '3', 'Spring', '2003', 'A '),
('9348', '282', '2', 'Fall', '2010', 'B-'),
('93528', '231', '1', 'Fall', '2008', 'B+'),
('93528', '648', '3', 'Spring', '2006', 'B+'),
('93528', '649', '3', 'Fall', '2005', 'A-'),
('93697', '505', '2', 'Fall', '2003', 'B+'),
('93697', '748', '4', 'Spring', '2001', 'A+'),
('93697', '946', '1', 'Spring', '2008', 'C-'),
('93751', '339', '1', 'Spring', '2003', 'A+'),
('94143', '424', '3', 'Spring', '2001', 'B+'),
('94357', '952', '1', 'Fall', '2004', 'C-'),
('94532', '233', '2', 'Fall', '2002', 'B-'),
('94532', '315', '4', 'Fall', '2008', 'C '),
('94532', '391', '4', 'Fall', '2004', 'B '),
('94532', '553', '3', 'Spring', '2010', 'B+'),
('94564', '798', '1', 'Fall', '2006', 'B+'),
('94564', '918', '2', 'Spring', '2002', 'C+'),
('94807', '617', '3', 'Fall', '2004', 'A '),
('94807', '672', '6', 'Spring', '2003', 'C '),
('9488', '553', '9', 'Spring', '2002', 'C-'),
('94925', '485', '1', 'Fall', '2008', 'A '),
('94925', '691', '1', 'Spring', '2005', 'A '),
('95226', '396', '4', 'Fall', '2006', 'C '),
('95226', '598', '4', 'Fall', '2006', 'B+'),
('95226', '859', '2', 'Spring', '2003', 'C-'),
('95779', '254', '5', 'Fall', '2004', 'A-'),
('95779', '810', '3', 'Fall', '2010', 'B+'),
('96044', '424', '3', 'Spring', '2001', 'C+'),
('96044', '599', '3', 'Fall', '2005', 'A '),
('96044', '821', '1', 'Fall', '2004', 'B-'),
('96425', '371', '6', 'Fall', '2008', 'A+'),
('96425', '466', '3', 'Fall', '2001', 'A+'),
('96529', '424', '6', 'Spring', '2007', 'B-'),
('96529', '684', '6', 'Spring', '2005', 'C-'),
('96529', '769', '2', 'Spring', '2001', 'B '),
('96529', '797', '5', 'Fall', '2004', 'B-'),
('96529', '896', '2', 'Fall', '2003', 'B+'),
('96577', '290', '5', 'Fall', '2003', 'B-'),
('96630', '233', '3', 'Spring', '2006', 'A+'),
('96630', '259', '6', 'Spring', '2003', 'A+'),
('96630', '630', '2', 'Fall', '2005', 'A-'),
('97396', '691', '3', 'Fall', '2008', 'C+'),
('97396', '957', '3', 'Fall', '2008', 'B-'),
('97396', '967', '2', 'Fall', '2003', 'A-'),
('97612', '828', '2', 'Spring', '2004', 'C-'),
('97612', '888', '5', 'Spring', '2010', 'B-'),
('9774', '319', '4', 'Fall', '2008', 'B-'),
('9774', '319', '5', 'Spring', '2007', 'A-'),
('9774', '463', '5', 'Fall', '2008', 'A+'),
('98141', '233', '4', 'Spring', '2009', 'C-'),
('9815', '859', '4', 'Spring', '2002', 'A '),
('98392', '127', '1', 'Fall', '2004', 'B '),
('98392', '247', '7', 'Spring', '2004', 'A+'),
('98392', '358', '7', 'Spring', '2004', 'A-'),
('98392', '485', '1', 'Fall', '2008', 'C '),
('98392', '939', '2', 'Spring', '2006', 'C+'),
('98951', '186', '1', 'Spring', '2003', 'C '),
('98951', '292', '6', 'Spring', '2008', 'B-'),
('98951', '471', '1', 'Fall', '2006', 'B-'),
('98951', '790', '4', 'Spring', '2004', 'C+'),
('98974', '282', '4', 'Spring', '2005', 'B+'),
('98974', '608', '6', 'Spring', '2001', 'A+'),
('98974', '630', '2', 'Fall', '2005', 'B '),
('99352', '233', '8', 'Spring', '2001', 'A-'),
('99711', '741', '5', 'Spring', '2007', 'C ');

-- --------------------------------------------------------

--
-- Table structure for table `teaches`
--

CREATE TABLE `teaches` (
  `ID` varchar(5) NOT NULL,
  `course_id` varchar(8) NOT NULL,
  `sec_id` varchar(8) NOT NULL,
  `semester` varchar(6) NOT NULL,
  `year` decimal(4,0) NOT NULL
) ENGINE=InnoDB DEFAULT CHARSET=utf8mb4;

--
-- Dumping data for table `teaches`
--

INSERT INTO `teaches` (`ID`, `course_id`, `sec_id`, `semester`, `year`) VALUES
('15624', '220', '1', 'Fall', '2002'),
('15624', '220', '2', 'Fall', '2004'),
('15624', '587', '4', 'Fall', '2007'),
('15624', '790', '3', 'Spring', '2010'),
('15624', '795', '4', 'Fall', '2004'),
('15624', '869', '5', 'Spring', '2002'),
('15624', '869', '8', 'Fall', '2004'),
('15624', '872', '3', 'Fall', '2001'),
('21197', '507', '3', 'Fall', '2007'),
('30355', '578', '4', 'Spring', '2009'),
('31860', '394', '1', 'Spring', '2009'),
('31860', '689', '4', 'Fall', '2001'),
('31860', '950', '2', 'Fall', '2010'),
('31860', '996', '2', 'Fall', '2002'),
('34945', '417', '5', 'Spring', '2005'),
('34945', '599', '6', 'Spring', '2007'),
('3546', '765', '1', 'Spring', '2010'),
('41270', '270', '3', 'Spring', '2004'),
('41270', '270', '7', 'Spring', '2007'),
('41270', '383', '2', 'Spring', '2010'),
('41270', '391', '7', 'Fall', '2004'),
('41270', '648', '5', 'Fall', '2007'),
('41270', '720', '2', 'Spring', '2006'),
('41270', '778', '3', 'Fall', '2006'),
('41270', '878', '1', 'Fall', '2002'),
('41270', '878', '10', 'Spring', '2004'),
('41270', '878', '5', 'Fall', '2003'),
('41270', '878', '6', 'Fall', '2001'),
('41270', '888', '7', 'Fall', '2005'),
('41270', '984', '2', 'Spring', '2004'),
('41270', '984', '4', 'Spring', '2001'),
('5261', '985', '2', 'Fall', '2005'),
('53382', '287', '2', 'Fall', '2004'),
('53382', '290', '8', 'Fall', '2002'),
('53382', '888', '5', 'Spring', '2010'),
('53382', '967', '1', 'Spring', '2005'),
('54446', '166', '6', 'Spring', '2001'),
('54446', '358', '4', 'Spring', '2001'),
('54446', '444', '2', 'Fall', '2008'),
('54446', '729', '1', 'Fall', '2004'),
('54446', '760', '1', 'Spring', '2010'),
('54446', '760', '5', 'Spring', '2003'),
('54446', '901', '6', 'Spring', '2004'),
('54446', '958', '5', 'Fall', '2009'),
('58466', '417', '3', 'Spring', '2009'),
('58466', '481', '2', 'Spring', '2004'),
('58466', '481', '3', 'Spring', '2003'),
('58466', '992', '4', 'Fall', '2005'),
('66945', '109', '1', 'Fall', '2008'),
('66945', '336', '6', 'Spring', '2001'),
('66945', '352', '4', 'Fall', '2010'),
('66945', '424', '6', 'Spring', '2007'),
('66945', '480', '1', 'Spring', '2002'),
('66945', '689', '2', 'Spring', '2006'),
('66945', '689', '7', 'Fall', '2007'),
('66945', '704', '1', 'Fall', '2007'),
('66945', '803', '3', 'Fall', '2009'),
('77550', '143', '2', 'Fall', '2003'),
('77550', '227', '1', 'Spring', '2010'),
('77550', '254', '4', 'Spring', '2002'),
('77550', '397', '4', 'Spring', '2005'),
('77550', '630', '4', 'Fall', '2002'),
('77550', '664', '1', 'Fall', '2006'),
('77550', '664', '4', 'Fall', '2006'),
('77550', '695', '4', 'Fall', '2004'),
('77550', '946', '1', 'Spring', '2008'),
('77550', '971', '1', 'Spring', '2009'),
('77550', '993', '1', 'Fall', '2005'),
('80005', '315', '3', 'Fall', '2007'),
('80005', '334', '5', 'Spring', '2001'),
('80005', '552', '1', 'Spring', '2006'),
('80005', '634', '2', 'Fall', '2006'),
('80005', '828', '3', 'Spring', '2006'),
('81838', '964', '4', 'Fall', '2005'),
('8220', '391', '1', 'Spring', '2003'),
('8220', '984', '3', 'Spring', '2005'),
('83100', '282', '2', 'Fall', '2010'),
('83100', '288', '5', 'Spring', '2009'),
('8351', '462', '4', 'Fall', '2001'),
('8351', '505', '6', 'Fall', '2010'),
('92903', '186', '4', 'Spring', '2007'),
('92903', '186', '5', 'Spring', '2007'),
('92903', '282', '3', 'Fall', '2001'),
('92903', '298', '4', 'Spring', '2004'),
('92903', '342', '1', 'Spring', '2004'),
('92903', '466', '4', 'Spring', '2008'),
('92903', '490', '1', 'Fall', '2001'),
('92903', '618', '2', 'Spring', '2010'),
('92903', '618', '4', 'Spring', '2002'),
('92903', '798', '1', 'Fall', '2006'),
('92903', '915', '2', 'Spring', '2010'),
('92903', '915', '7', 'Fall', '2003'),
('92903', '925', '1', 'Spring', '2002'),
('97375', '292', '3', 'Spring', '2007'),
('97375', '478', '1', 'Fall', '2001'),
('97375', '478', '2', 'Spring', '2004'),
('97375', '613', '2', 'Spring', '2007'),
('97375', '715', '2', 'Fall', '2005'),
('97375', '774', '4', 'Fall', '2008'),
('97375', '774', '7', 'Spring', '2002');

--
-- Indexes for dumped tables
--

--
-- Indexes for table `advisor`
--
ALTER TABLE `advisor`
  ADD PRIMARY KEY (`s_ID`),
  ADD KEY `i_ID` (`i_ID`);

--
-- Indexes for table `classroom`
--
ALTER TABLE `classroom`
  ADD PRIMARY KEY (`building`,`room_number`);

--
-- Indexes for table `prereq`
--
ALTER TABLE `prereq`
  ADD PRIMARY KEY (`course_id`,`prereq_id`),
  ADD KEY `prereq_id` (`prereq_id`);

--
-- Indexes for table `takes`
--
ALTER TABLE `takes`
  ADD PRIMARY KEY (`ID`,`course_id`,`sec_id`,`semester`,`year`),
  ADD KEY `course_id` (`course_id`,`sec_id`,`semester`,`year`),
  ADD KEY `ind_takes` (`ID`) USING BTREE,
  ADD KEY `ind_takes2` (`ID`,`course_id`) USING BTREE,
  ADD KEY `index_takes_course_id` (`course_id`) USING BTREE,
  ADD KEY `ind_takes3` (`ID`,`course_id`) USING BTREE;

--
-- Indexes for table `teaches`
--
ALTER TABLE `teaches`
  ADD PRIMARY KEY (`ID`,`course_id`,`sec_id`,`semester`,`year`),
  ADD KEY `course_id` (`course_id`,`sec_id`,`semester`,`year`);

--
-- Constraints for dumped tables
--

--
-- Constraints for table `advisor`
--
ALTER TABLE `advisor`
  ADD CONSTRAINT `advisor_ibfk_1` FOREIGN KEY (`i_ID`) REFERENCES `instructor` (`ID`) ON DELETE SET NULL,
  ADD CONSTRAINT `advisor_ibfk_2` FOREIGN KEY (`s_ID`) REFERENCES `student` (`ID`) ON DELETE CASCADE;

--
-- Constraints for table `prereq`
--
ALTER TABLE `prereq`
  ADD CONSTRAINT `prereq_ibfk_1` FOREIGN KEY (`course_id`) REFERENCES `course` (`course_id`) ON DELETE CASCADE,
  ADD CONSTRAINT `prereq_ibfk_2` FOREIGN KEY (`prereq_id`) REFERENCES `course` (`course_id`);

--
-- Constraints for table `takes`
--
ALTER TABLE `takes`
  ADD CONSTRAINT `takes_ibfk_1` FOREIGN KEY (`course_id`,`sec_id`,`semester`,`year`) REFERENCES `section` (`course_id`, `sec_id`, `semester`, `year`) ON DELETE CASCADE,
  ADD CONSTRAINT `takes_ibfk_2` FOREIGN KEY (`ID`) REFERENCES `student` (`ID`) ON DELETE CASCADE;

--
-- Constraints for table `teaches`
--
ALTER TABLE `teaches`
  ADD CONSTRAINT `teaches_ibfk_1` FOREIGN KEY (`course_id`,`sec_id`,`semester`,`year`) REFERENCES `section` (`course_id`, `sec_id`, `semester`, `year`) ON DELETE CASCADE,
  ADD CONSTRAINT `teaches_ibfk_2` FOREIGN KEY (`ID`) REFERENCES `instructor` (`ID`) ON DELETE CASCADE;
COMMIT;

/*!40101 SET CHARACTER_SET_CLIENT=@OLD_CHARACTER_SET_CLIENT */;
/*!40101 SET CHARACTER_SET_RESULTS=@OLD_CHARACTER_SET_RESULTS */;
/*!40101 SET COLLATION_CONNECTION=@OLD_COLLATION_CONNECTION */;
