insert into classroom values('A', 32, 32);
insert into classroom values('G', 787, 10);
insert into classroom values('G', 700, 46);
insert into classroom values('C', 118, 156);
insert into classroom values('I', 526, 38);
insert into classroom values('H', 508, 10);
insert into classroom values('H', 952, 10);
insert into classroom values('C', 375, 96);
insert into classroom values('F', 65, 10);
insert into classroom values('B', 551, 27);
insert into department values('MT', 'E', 319676.91);
insert into department values('SS', 'F', 758673.39);
insert into department values('DE', 'I', 998931.78);
insert into department values('BN', 'E', 461962.54);
insert into department values('GT', 'D', 263272.92);
insert into department values('GF', 'I', 151184.65);
insert into department values('FR', 'J', 79476.34);
insert into department values('HI', 'D', 39026.34);
insert into department values('DF', 'B', 885848.83);
insert into department values('DK', 'F', 399149.61);
insert into course values('272', 'IF3030', 'BN', 4);
insert into course values('138', 'IF3211', 'HI', 4);
insert into course values('989', 'IF3120', 'FR', 3);
insert into course values('983', 'IF3333', 'BN', 4);
insert into course values('259', 'IF0230', 'DK', 3);
insert into course values('132', 'IF3030', 'DK', 3);
insert into course values('257', 'IF0230', 'GF', 3);
insert into course values('932', 'IF5555', 'MT', 3);
insert into course values('435', 'IF3022', 'FR', 3);
insert into course values('642', 'IF5555', 'MT', 3);
insert into course values('124', 'IF5555', 'MT', 4);
insert into course values('396', 'IF4041', 'GF', 4);
insert into course values('374', 'IF3211', 'DF', 3);
insert into course values('605', 'IF3333', 'DF', 3);
insert into course values('817', 'IF0230', 'FR', 3);
insert into course values('183', 'IF0230', 'BN', 3);
insert into course values('513', 'IF3031', 'DK', 4);
insert into course values('604', 'IF3030', 'BN', 4);
insert into course values('663', 'IF3030', 'DF', 3);
insert into course values('658', 'IF3120', 'DK', 3);
insert into course values('774', 'IF4321', 'DF', 3);
insert into course values('569', 'IF4041', 'SS', 4);
insert into course values('802', 'IF3333', 'FR', 3);
insert into course values('238', 'IF5555', 'HI', 4);
insert into course values('599', 'IF3120', 'GT', 4);
insert into course values('177', 'IF3211', 'MT', 4);
insert into course values('333', 'IF0230', 'SS', 3);
insert into course values('752', 'IF3030', 'DE', 3);
insert into course values('939', 'IF3030', 'DF', 4);
insert into course values('886', 'IF3333', 'BN', 3);
insert into course values('305', 'IF0230', 'MT', 4);
insert into course values('704', 'IF5555', 'MT', 4);
insert into course values('855', 'IF0230', 'MT', 4);
insert into course values('546', 'IF3333', 'HI', 3);
insert into course values('287', 'IF3030', 'BN', 4);
insert into course values('453', 'IF4041', 'FR', 3);
insert into course values('777', 'IF5555', 'HI', 3);
insert into course values('399', 'IF5555', 'HI', 3);
insert into course values('826', 'IF3022', 'DE', 4);
insert into course values('941', 'IF0230', 'MT', 3);
insert into course values('133', 'IF3120', 'HI', 3);
insert into course values('202', 'IF3211', 'GF', 3);
insert into course values('996', 'IF3120', 'DE', 3);
insert into course values('281', 'IF5555', 'FR', 3);
insert into course values('517', 'IF5555', 'FR', 3);
insert into course values('667', 'IF3031', 'FR', 3);
insert into course values('215', 'IF3031', 'SS', 4);
insert into course values('803', 'IF3120', 'SS', 3);
insert into course values('949', 'IF5555', 'DF', 3);
insert into course values('790', 'IF0230', 'MT', 3);
insert into course values('446', 'IF3030', 'BN', 3);
insert into course values('722', 'IF0230', 'HI', 4);
insert into course values('530', 'IF4041', 'SS', 3);
insert into course values('702', 'IF5555', 'GF', 4);
insert into course values('627', 'IF0230', 'FR', 3);
insert into course values('615', 'IF4321', 'DE', 3);
insert into course values('130', 'IF4041', 'FR', 4);
insert into course values('428', 'IF3030', 'DF', 3);
insert into course values('625', 'IF4321', 'BN', 4);
insert into course values('218', 'IF3022', 'SS', 3);
insert into course values('611', 'IF4321', 'DF', 4);
insert into course values('340', 'IF0230', 'DK', 4);
insert into course values('578', 'IF3211', 'GF', 3);
insert into course values('684', 'IF3031', 'DK', 3);
insert into course values('217', 'IF3030', 'GT', 3);
insert into course values('827', 'IF4321', 'DK', 3);
insert into course values('216', 'IF4041', 'DE', 3);
insert into course values('998', 'IF3211', 'SS', 4);
insert into course values('655', 'IF3022', 'BN', 4);
insert into course values('112', 'IF3022', 'SS', 3);
insert into course values('892', 'IF3211', 'DE', 4);
insert into course values('495', 'IF5555', 'FR', 3);
insert into course values('442', 'IF4321', 'MT', 4);
insert into course values('691', 'IF3022', 'BN', 4);
insert into course values('762', 'IF3120', 'HI', 3);
insert into course values('858', 'IF3022', 'DF', 3);
insert into course values('946', 'IF3333', 'SS', 3);
insert into course values('865', 'IF4321', 'SS', 4);
insert into course values('887', 'IF5555', 'FR', 4);
insert into course values('897', 'IF4321', 'GF', 4);
insert into course values('212', 'IF3022', 'FR', 3);
insert into course values('653', 'IF4041', 'DF', 4);
insert into course values('550', 'IF0230', 'DK', 4);
insert into course values('721', 'IF3120', 'DE', 3);
insert into course values('465', 'IF3120', 'DF', 3);
insert into course values('361', 'IF3120', 'DE', 4);
insert into course values('641', 'IF3120', 'DE', 4);
insert into course values('155', 'IF3333', 'FR', 4);
insert into course values('356', 'IF0230', 'DE', 3);
insert into course values('296', 'IF3022', 'GT', 3);
insert into course values('273', 'IF3333', 'FR', 4);
insert into course values('991', 'IF3031', 'DK', 4);
insert into course values('409', 'IF3031', 'GT', 4);
insert into course values('503', 'IF3333', 'HI', 3);
insert into course values('151', 'IF4321', 'FR', 3);
insert into course values('475', 'IF3120', 'DF', 4);
insert into course values('518', 'IF3031', 'FR', 4);
insert into course values('781', 'IF4041', 'HI', 3);
insert into course values('421', 'IF4321', 'DK', 4);
insert into course values('477', 'IF3120', 'HI', 3);
insert into course values('934', 'IF0230', 'DE', 3);
insert into course values('224', 'IF0230', 'BN', 3);
insert into course values('936', 'IF3030', 'DE', 4);
insert into course values('451', 'IF3333', 'SS', 4);
insert into course values('452', 'IF3030', 'SS', 3);
insert into course values('776', 'IF3031', 'GT', 3);
insert into course values('204', 'IF3211', 'DE', 4);
insert into course values('619', 'IF3120', 'MT', 3);
insert into course values('479', 'IF3211', 'GF', 3);
insert into course values('931', 'IF5555', 'MT', 4);
insert into course values('965', 'IF4041', 'SS', 3);
insert into course values('298', 'IF3211', 'DF', 3);
insert into course values('809', 'IF3333', 'GF', 3);
insert into course values('674', 'IF4321', 'MT', 4);
insert into course values('557', 'IF0230', 'MT', 4);
insert into course values('624', 'IF3031', 'GF', 4);
insert into course values('607', 'IF3333', 'HI', 4);
insert into course values('249', 'IF3031', 'DF', 3);
insert into course values('542', 'IF3031', 'DF', 3);
insert into course values('163', 'IF5555', 'DF', 3);
insert into course values('609', 'IF4321', 'DE', 4);
insert into course values('956', 'IF3030', 'SS', 4);
insert into course values('783', 'IF3211', 'SS', 4);
insert into course values('685', 'IF0230', 'DK', 4);
insert into course values('492', 'IF4321', 'MT', 4);
insert into course values('854', 'IF0230', 'DF', 4);
insert into course values('835', 'IF4321', 'HI', 4);
insert into course values('116', 'IF4041', 'DF', 4);
insert into course values('720', 'IF0230', 'DE', 3);
insert into course values('370', 'IF4321', 'GT', 3);
insert into course values('600', 'IF4041', 'SS', 4);
insert into course values('161', 'IF3333', 'HI', 4);
insert into course values('778', 'IF3031', 'MT', 3);
insert into course values('316', 'IF4041', 'DE', 3);
insert into course values('612', 'IF3022', 'HI', 4);
insert into course values('267', 'IF3030', 'BN', 4);
insert into course values('525', 'IF5555', 'DE', 3);
insert into course values('951', 'IF4321', 'GF', 4);
insert into course values('411', 'IF5555', 'DE', 3);
insert into course values('395', 'IF3030', 'HI', 4);
insert into course values('888', 'IF3022', 'HI', 4);
insert into course values('657', 'IF5555', 'GT', 4);
insert into course values('917', 'IF4321', 'HI', 4);
insert into course values('232', 'IF3030', 'HI', 4);
insert into course values('526', 'IF3030', 'MT', 3);
insert into course values('476', 'IF5555', 'DK', 3);
insert into course values('522', 'IF3120', 'DK', 3);
insert into course values('726', 'IF3031', 'DE', 3);
insert into course values('339', 'IF3333', 'DF', 4);
insert into course values('800', 'IF0230', 'MT', 4);
insert into course values('170', 'IF0230', 'HI', 3);
insert into course values('222', 'IF0230', 'DK', 4);
insert into course values('437', 'IF5555', 'GT', 4);
insert into course values('380', 'IF4321', 'FR', 3);
insert into course values('448', 'IF3120', 'DK', 4);
insert into course values('628', 'IF5555', 'GF', 4);
insert into course values('226', 'IF3022', 'DF', 3);
insert into course values('384', 'IF3333', 'DE', 4);
insert into course values('211', 'IF3333', 'HI', 4);
insert into course values('300', 'IF3120', 'DK', 3);
insert into course values('429', 'IF3031', 'BN', 4);
insert into course values('209', 'IF3030', 'DF', 3);
insert into course values('386', 'IF3030', 'SS', 3);
insert into course values('867', 'IF3211', 'SS', 4);
insert into course values('416', 'IF0230', 'GT', 3);
insert into course values('618', 'IF4041', 'HI', 4);
insert into course values('263', 'IF5555', 'MT', 3);
insert into course values('348', 'IF3030', 'BN', 4);
insert into course values('141', 'IF3120', 'DE', 3);
insert into course values('299', 'IF4041', 'FR', 3);
insert into course values('894', 'IF0230', 'SS', 3);
insert into course values('335', 'IF3120', 'DE', 4);
insert into course values('241', 'IF5555', 'HI', 4);
insert into course values('552', 'IF4321', 'FR', 4);
insert into course values('763', 'IF5555', 'HI', 4);
insert into course values('256', 'IF4041', 'DE', 3);
insert into course values('733', 'IF3031', 'HI', 3);
insert into course values('105', 'IF4041', 'DF', 4);
insert into course values('471', 'IF3031', 'SS', 4);
insert into course values('985', 'IF0230', 'SS', 3);
insert into course values('873', 'IF3022', 'SS', 4);
insert into course values('147', 'IF0230', 'FR', 3);
insert into course values('303', 'IF0230', 'DF', 3);
insert into course values('456', 'IF3120', 'GF', 3);
insert into course values('682', 'IF3120', 'BN', 4);
insert into course values('847', 'IF3333', 'GF', 4);
insert into course values('186', 'IF3333', 'MT', 3);
insert into course values('438', 'IF4041', 'DF', 3);
insert into course values('353', 'IF3022', 'MT', 3);
insert into course values('566', 'IF3120', 'BN', 3);
insert into course values('434', 'IF0230', 'BN', 4);
insert into course values('741', 'IF3211', 'GT', 4);
insert into course values('891', 'IF3211', 'DK', 4);
insert into course values('505', 'IF3333', 'DE', 4);
insert into course values('754', 'IF4041', 'SS', 3);
insert into course values('322', 'IF3022', 'FR', 3);
insert into course values('719', 'IF4321', 'DF', 4);
insert into course values('394', 'IF5555', 'BN', 3);
insert into course values('718', 'IF3030', 'FR', 4);
insert into course values('459', 'IF3030', 'DF', 3);
insert into instructor values('32252', 'Adri', 'DK', 71400.99);
insert into instructor values('87238', 'yuyun', 'DE', 97224.78);
insert into instructor values('35785', 'Johan', 'GF', 94320.61);
insert into instructor values('88303', 'Ahmad', 'HI', 114733.95);
insert into instructor values('98654', 'Adri', 'FR', 116391.02);
insert into instructor values('73803', 'Ande', 'DK', 79304.16);
insert into instructor values('62220', 'rahmat', 'BN', 100593.37);
insert into instructor values('1291', 'Kiki', 'DE', 40591.71);
insert into instructor values('13303', 'Adri', 'FR', 86978.36);
insert into instructor values('4981', 'Adri', 'SS', 48053.54);
insert into instructor values('76723', 'Ahmad', 'DE', 51514.80);
insert into instructor values('38205', 'Ahmad', 'FR', 103309.42);
insert into instructor values('52041', 'yuyun', 'HI', 89530.43);
insert into instructor values('67788', 'Kiki', 'FR', 90412.30);
insert into instructor values('14543', 'yuyun', 'DF', 122100.22);
insert into instructor values('29213', 'Kiki', 'FR', 52157.17);
insert into instructor values('18899', 'yuyun', 'HI', 117194.10);
insert into instructor values('9242', 'Ande', 'GT', 44328.39);
insert into instructor values('21361', 'Josu', 'DK', 76478.49);
insert into instructor values('51842', 'Ande', 'MT', 79180.26);
insert into instructor values('54903', 'Johan', 'DE', 63372.71);
insert into instructor values('34822', 'Kiki', 'DK', 64464.67);
insert into instructor values('83112', 'Adri', 'DF', 38293.45);
insert into instructor values('93927', 'Yohan', 'SS', 54964.69);
insert into instructor values('70933', 'Adri', 'SS', 122977.79);
insert into instructor values('7097', 'yuyun', 'MT', 59761.99);
insert into instructor values('51045', 'Budi', 'HI', 37356.67);
insert into instructor values('89827', 'rahmat', 'HI', 90361.01);
insert into instructor values('61262', 'yuyun', 'MT', 39658.56);
insert into instructor values('28284', 'yuyun', 'GF', 92311.99);
insert into instructor values('30809', 'Ahmad', 'FR', 53254.39);
insert into instructor values('37839', 'Ande', 'SS', 76119.49);
insert into instructor values('22145', 'Yohan', 'GF', 82212.26);
insert into instructor values('1047', 'Ahmad', 'SS', 51992.93);
insert into instructor values('2324', 'Josu', 'MT', 101612.18);
insert into instructor values('5283', 'Ande', 'DK', 77389.75);
insert into instructor values('86480', 'Ande', 'HI', 58378.61);
insert into instructor values('40307', 'Adri', 'MT', 46321.55);
insert into instructor values('89862', 'rahmat', 'DK', 33719.91);
insert into instructor values('76664', 'Yohan', 'GT', 85038.18);
insert into instructor values('53307', 'yuyun', 'FR', 99221.42);
insert into instructor values('30679', 'Kiki', 'DK', 69974.08);
insert into instructor values('78337', 'Budi', 'MT', 45220.68);
insert into instructor values('3910', 'Ahmad', 'GF', 50735.88);
insert into instructor values('7138', 'rahmat', 'BN', 72300.37);
insert into instructor values('36590', 'Ahmad', 'HI', 43429.62);
insert into instructor values('38933', 'Josu', 'MT', 114566.46);
insert into instructor values('92391', 'yuyun', 'GT', 57770.69);
insert into instructor values('56518', 'Ande', 'FR', 106836.36);
insert into instructor values('5278', 'Ande', 'BN', 35188.95);
insert into section values('446', '1', 'Fall', 2004, 'H', '952', 'B');
insert into section values('526', '1', 'Fall', 2007, 'A', '32', 'K');
insert into section values('891', '1', 'Fall', 2002, 'I', '526', 'P');
insert into section values('421', '1', 'Fall', 2009, 'I', '526', 'I');
insert into section values('817', '1', 'Fall', 2003, 'F', '65', 'F');
insert into section values('790', '1', 'Fall', 2007, 'H', '952', 'J');
insert into section values('682', '1', 'Spring', 2009, 'F', '65', 'O');
insert into section values('215', '1', 'Spring', 2009, 'B', '551', 'O');
insert into section values('394', '1', 'Spring', 2006, 'C', '375', 'D');
insert into section values('641', '1', 'Spring', 2007, 'F', '65', 'G');
insert into section values('998', '1', 'Spring', 2004, 'B', '551', 'A');
insert into section values('273', '1', 'Spring', 2005, 'I', '526', 'P');
insert into section values('854', '1', 'Spring', 2001, 'G', '787', 'B');
insert into section values('600', '1', 'Spring', 2001, 'G', '700', 'H');
insert into section values('625', '1', 'Fall', 2006, 'H', '952', 'M');
insert into section values('641', '2', 'Fall', 2004, 'C', '118', 'O');
insert into section values('147', '1', 'Fall', 2010, 'C', '118', 'G');
insert into section values('263', '1', 'Fall', 2006, 'B', '551', 'K');
insert into section values('542', '1', 'Spring', 2008, 'C', '118', 'H');
insert into section values('151', '1', 'Fall', 2003, 'G', '700', 'G');
insert into section values('777', '1', 'Spring', 2004, 'I', '526', 'M');
insert into section values('456', '1', 'Spring', 2006, 'C', '118', 'I');
insert into section values('939', '1', 'Fall', 2010, 'F', '65', 'D');
insert into section values('479', '1', 'Fall', 2005, 'C', '118', 'K');
insert into section values('667', '1', 'Fall', 2003, 'C', '118', 'B');
insert into section values('835', '1', 'Fall', 2002, 'G', '787', 'M');
insert into section values('550', '1', 'Spring', 2009, 'G', '700', 'E');
insert into section values('803', '1', 'Spring', 2001, 'A', '32', 'K');
insert into section values('932', '1', 'Fall', 2002, 'B', '551', 'A');
insert into section values('891', '2', 'Fall', 2003, 'F', '65', 'B');
insert into section values('459', '1', 'Fall', 2003, 'H', '508', 'N');
insert into section values('409', '1', 'Spring', 2002, 'G', '700', 'B');
insert into section values('421', '2', 'Fall', 2005, 'F', '65', 'G');
insert into section values('625', '2', 'Fall', 2002, 'C', '118', 'J');
insert into section values('216', '1', 'Spring', 2006, 'C', '118', 'I');
insert into section values('475', '1', 'Fall', 2010, 'H', '508', 'P');
insert into section values('353', '1', 'Spring', 2009, 'C', '375', 'P');
insert into section values('435', '1', 'Spring', 2005, 'I', '526', 'E');
insert into section values('790', '2', 'Spring', 2007, 'F', '65', 'N');
insert into section values('263', '2', 'Fall', 2004, 'H', '508', 'H');
insert into section values('386', '1', 'Fall', 2005, 'B', '551', 'B');
insert into section values('448', '1', 'Spring', 2004, 'C', '375', 'N');
insert into section values('628', '1', 'Fall', 2008, 'G', '787', 'B');
insert into section values('983', '1', 'Spring', 2010, 'C', '375', 'B');
insert into section values('446', '2', 'Spring', 2009, 'H', '952', 'N');
insert into section values('774', '1', 'Spring', 2008, 'I', '526', 'M');
insert into section values('513', '1', 'Fall', 2002, 'G', '700', 'P');
insert into section values('983', '2', 'Fall', 2005, 'H', '952', 'B');
insert into section values('257', '1', 'Fall', 2003, 'G', '700', 'O');
insert into section values('133', '1', 'Spring', 2008, 'G', '700', 'I');
insert into section values('611', '1', 'Spring', 2006, 'F', '65', 'B');
insert into section values('155', '1', 'Spring', 2001, 'A', '32', 'K');
insert into section values('353', '2', 'Fall', 2010, 'H', '508', 'I');
insert into section values('989', '1', 'Fall', 2008, 'B', '551', 'M');
insert into section values('607', '1', 'Fall', 2007, 'C', '375', 'F');
insert into section values('802', '1', 'Fall', 2007, 'A', '32', 'F');
insert into section values('296', '1', 'Spring', 2005, 'A', '32', 'M');
insert into section values('272', '1', 'Spring', 2006, 'G', '787', 'F');
insert into section values('609', '1', 'Spring', 2002, 'C', '375', 'C');
insert into section values('886', '1', 'Spring', 2005, 'A', '32', 'P');
insert into section values('241', '1', 'Spring', 2008, 'F', '65', 'H');
insert into section values('386', '2', 'Spring', 2002, 'C', '375', 'H');
insert into section values('163', '1', 'Fall', 2007, 'C', '375', 'J');
insert into section values('353', '3', 'Fall', 2010, 'C', '118', 'H');
insert into section values('684', '1', 'Fall', 2008, 'C', '375', 'K');
insert into section values('147', '2', 'Fall', 2002, 'C', '375', 'F');
insert into section values('956', '1', 'Spring', 2006, 'H', '952', 'J');
insert into section values('931', '1', 'Fall', 2010, 'C', '375', 'C');
insert into section values('600', '2', 'Fall', 2006, 'I', '526', 'J');
insert into section values('513', '2', 'Spring', 2002, 'F', '65', 'K');
insert into section values('826', '1', 'Fall', 2004, 'C', '118', 'P');
insert into section values('241', '2', 'Fall', 2001, 'A', '32', 'C');
insert into section values('776', '1', 'Spring', 2008, 'F', '65', 'C');
insert into section values('446', '3', 'Fall', 2010, 'F', '65', 'P');
insert into section values('667', '2', 'Fall', 2005, 'C', '375', 'B');
insert into section values('569', '1', 'Spring', 2008, 'C', '375', 'L');
insert into section values('416', '1', 'Spring', 2008, 'H', '952', 'G');
insert into section values('809', '1', 'Spring', 2007, 'G', '787', 'L');
insert into section values('525', '1', 'Fall', 2002, 'H', '952', 'P');
insert into section values('941', '1', 'Spring', 2010, 'B', '551', 'F');
insert into section values('147', '3', 'Spring', 2007, 'H', '952', 'L');
insert into section values('826', '2', 'Fall', 2001, 'I', '526', 'P');
insert into section values('989', '2', 'Fall', 2009, 'F', '65', 'P');
insert into section values('322', '1', 'Spring', 2008, 'B', '551', 'E');
insert into section values('503', '1', 'Fall', 2007, 'C', '375', 'L');
insert into section values('546', '1', 'Fall', 2006, 'I', '526', 'M');
insert into section values('658', '1', 'Spring', 2002, 'H', '508', 'B');
insert into section values('442', '1', 'Spring', 2009, 'B', '551', 'N');
insert into section values('525', '2', 'Spring', 2001, 'B', '551', 'J');
insert into section values('802', '2', 'Fall', 2003, 'G', '787', 'E');
insert into section values('985', '1', 'Fall', 2007, 'G', '787', 'G');
insert into section values('263', '3', 'Fall', 2004, 'G', '787', 'N');
insert into section values('949', '1', 'Spring', 2010, 'B', '551', 'A');
insert into section values('386', '3', 'Fall', 2006, 'G', '700', 'I');
insert into section values('322', '2', 'Fall', 2005, 'G', '700', 'F');
insert into section values('888', '1', 'Fall', 2006, 'B', '551', 'K');
insert into section values('892', '1', 'Fall', 2007, 'C', '375', 'H');
insert into section values('718', '1', 'Fall', 2001, 'A', '32', 'C');
insert into section values('273', '2', 'Spring', 2008, 'H', '508', 'D');
insert into section values('272', '2', 'Spring', 2005, 'A', '32', 'N');
insert into section values('934', '1', 'Spring', 2005, 'B', '551', 'N');
insert into section values('183', '1', 'Fall', 2003, 'C', '118', 'F');
insert into section values('517', '1', 'Fall', 2002, 'G', '700', 'H');
insert into section values('287', '1', 'Fall', 2003, 'C', '118', 'J');
insert into section values('434', '1', 'Fall', 2007, 'F', '65', 'H');
insert into section values('684', '2', 'Spring', 2003, 'I', '526', 'J');
insert into section values('826', '3', 'Spring', 2004, 'H', '508', 'H');
insert into section values('211', '1', 'Fall', 2001, 'I', '526', 'D');
insert into section values('941', '2', 'Spring', 2002, 'B', '551', 'N');
insert into section values('259', '1', 'Fall', 2008, 'G', '700', 'A');
insert into section values('607', '2', 'Fall', 2004, 'A', '32', 'O');
insert into section values('777', '2', 'Fall', 2007, 'G', '787', 'J');
insert into section values('546', '2', 'Spring', 2007, 'C', '375', 'K');
insert into section values('335', '1', 'Spring', 2004, 'G', '700', 'K');
insert into section values('774', '2', 'Fall', 2010, 'A', '32', 'D');
insert into section values('854', '2', 'Fall', 2007, 'H', '508', 'F');
insert into section values('569', '2', 'Fall', 2008, 'C', '118', 'B');
insert into section values('513', '3', 'Spring', 2010, 'I', '526', 'L');
insert into section values('339', '1', 'Spring', 2001, 'B', '551', 'H');
insert into section values('409', '2', 'Fall', 2007, 'I', '526', 'O');
insert into section values('380', '1', 'Fall', 2007, 'B', '551', 'B');
insert into section values('409', '3', 'Fall', 2006, 'G', '787', 'M');
insert into section values('256', '1', 'Spring', 2003, 'H', '508', 'O');
insert into section values('627', '1', 'Fall', 2009, 'H', '952', 'P');
insert into section values('348', '1', 'Spring', 2009, 'G', '787', 'E');
insert into section values('996', '1', 'Fall', 2003, 'B', '551', 'J');
insert into section values('627', '2', 'Spring', 2002, 'C', '118', 'A');
insert into section values('809', '2', 'Spring', 2010, 'A', '32', 'J');
insert into section values('624', '1', 'Fall', 2010, 'F', '65', 'N');
insert into section values('526', '2', 'Spring', 2006, 'G', '700', 'N');
insert into section values('894', '1', 'Spring', 2003, 'G', '787', 'M');
insert into section values('438', '1', 'Fall', 2006, 'G', '787', 'G');
insert into section values('215', '2', 'Fall', 2005, 'A', '32', 'P');
insert into section values('803', '2', 'Fall', 2006, 'F', '65', 'B');
insert into section values('612', '1', 'Fall', 2001, 'H', '952', 'L');
insert into section values('578', '1', 'Spring', 2006, 'C', '375', 'L');
insert into section values('965', '1', 'Fall', 2007, 'G', '787', 'N');
insert into section values('452', '1', 'Spring', 2002, 'H', '952', 'F');
insert into section values('951', '1', 'Fall', 2006, 'B', '551', 'L');
insert into section values('518', '1', 'Spring', 2007, 'C', '118', 'O');
insert into section values('897', '1', 'Fall', 2005, 'F', '65', 'E');
insert into section values('996', '2', 'Fall', 2003, 'F', '65', 'M');
insert into section values('754', '1', 'Fall', 2001, 'C', '375', 'J');
insert into section values('684', '3', 'Spring', 2001, 'H', '952', 'E');
insert into section values('998', '2', 'Fall', 2002, 'G', '787', 'L');
insert into section values('453', '1', 'Fall', 2008, 'C', '118', 'I');
insert into section values('340', '1', 'Spring', 2006, 'G', '700', 'I');
insert into section values('989', '3', 'Fall', 2004, 'A', '32', 'P');
insert into section values('305', '1', 'Fall', 2005, 'H', '952', 'H');
insert into section values('783', '1', 'Spring', 2007, 'H', '508', 'N');
insert into section values('867', '1', 'Spring', 2005, 'I', '526', 'B');
insert into section values('435', '2', 'Spring', 2007, 'B', '551', 'A');
insert into section values('618', '1', 'Fall', 2005, 'F', '65', 'J');
insert into section values('183', '2', 'Fall', 2004, 'I', '526', 'H');
insert into section values('256', '2', 'Fall', 2004, 'G', '700', 'H');
insert into section values('628', '2', 'Spring', 2009, 'F', '65', 'N');
insert into section values('112', '1', 'Fall', 2008, 'C', '375', 'P');
insert into section values('452', '2', 'Spring', 2005, 'C', '118', 'A');
insert into section values('492', '1', 'Fall', 2008, 'H', '952', 'K');
insert into section values('774', '3', 'Fall', 2006, 'C', '375', 'P');
insert into section values('428', '1', 'Fall', 2009, 'I', '526', 'O');
insert into section values('429', '1', 'Spring', 2002, 'H', '952', 'C');
insert into section values('754', '2', 'Spring', 2008, 'A', '32', 'D');
insert into section values('322', '3', 'Fall', 2005, 'H', '952', 'C');
insert into section values('530', '1', 'Fall', 2006, 'G', '700', 'H');
insert into section values('667', '3', 'Spring', 2009, 'H', '508', 'E');
insert into section values('525', '3', 'Fall', 2006, 'G', '787', 'H');
insert into section values('998', '3', 'Fall', 2005, 'I', '526', 'I');
insert into section values('800', '1', 'Fall', 2003, 'A', '32', 'A');
insert into section values('612', '2', 'Fall', 2010, 'G', '700', 'J');
insert into section values('939', '2', 'Fall', 2005, 'I', '526', 'A');
insert into section values('452', '3', 'Spring', 2007, 'B', '551', 'F');
insert into section values('733', '1', 'Spring', 2002, 'H', '952', 'J');
insert into section values('133', '2', 'Fall', 2010, 'C', '118', 'I');
insert into section values('566', '1', 'Fall', 2010, 'G', '700', 'L');
insert into section values('931', '2', 'Fall', 2005, 'A', '32', 'J');
insert into section values('600', '3', 'Fall', 2005, 'C', '118', 'A');
insert into section values('624', '2', 'Spring', 2003, 'B', '551', 'E');
insert into section values('726', '1', 'Spring', 2004, 'A', '32', 'D');
insert into section values('211', '2', 'Spring', 2005, 'A', '32', 'C');
insert into section values('316', '1', 'Fall', 2004, 'G', '700', 'K');
insert into section values('249', '1', 'Spring', 2002, 'G', '787', 'J');
insert into section values('112', '2', 'Fall', 2001, 'H', '508', 'H');
insert into section values('684', '4', 'Spring', 2004, 'G', '787', 'C');
insert into section values('998', '4', 'Fall', 2001, 'C', '118', 'K');
insert into section values('762', '1', 'Spring', 2002, 'C', '375', 'N');
insert into section values('847', '1', 'Fall', 2005, 'G', '787', 'E');
insert into section values('238', '1', 'Fall', 2007, 'A', '32', 'L');
insert into section values('451', '1', 'Fall', 2010, 'H', '508', 'N');
insert into section values('263', '4', 'Spring', 2009, 'A', '32', 'K');
insert into section values('604', '1', 'Spring', 2001, 'F', '65', 'O');
insert into section values('611', '2', 'Spring', 2005, 'F', '65', 'J');
insert into section values('854', '3', 'Spring', 2002, 'F', '65', 'D');
insert into section values('674', '1', 'Fall', 2002, 'C', '375', 'O');
insert into section values('827', '1', 'Spring', 2002, 'A', '32', 'N');
insert into section values('778', '1', 'Spring', 2004, 'G', '700', 'D');
insert into section values('446', '4', 'Fall', 2009, 'G', '700', 'F');
insert into section values('542', '2', 'Fall', 2010, 'A', '32', 'I');
insert into section values('215', '3', 'Spring', 2007, 'I', '526', 'M');
insert into section values('492', '2', 'Fall', 2008, 'A', '32', 'M');
insert into teaches values('36590', '612', '1', 'Fall', 2001);
insert into teaches values('38933', '790', '1', 'Fall', 2007);
insert into teaches values('30679', '891', '1', 'Fall', 2002);
insert into teaches values('30679', '513', '3', 'Spring', 2010);
insert into teaches values('3910', '257', '1', 'Fall', 2003);
insert into teaches values('1047', '803', '2', 'Fall', 2006);
insert into teaches values('1047', '600', '3', 'Fall', 2005);
insert into teaches values('36590', '241', '2', 'Fall', 2001);
insert into teaches values('38933', '941', '1', 'Spring', 2010);
insert into teaches values('83112', '249', '1', 'Spring', 2002);
insert into teaches values('38933', '305', '1', 'Fall', 2005);
insert into teaches values('7138', '446', '4', 'Fall', 2009);
insert into teaches values('3910', '456', '1', 'Spring', 2006);
insert into teaches values('56518', '147', '1', 'Fall', 2010);
insert into teaches values('5278', '434', '1', 'Fall', 2007);
insert into teaches values('30679', '340', '1', 'Spring', 2006);
insert into teaches values('30679', '259', '1', 'Fall', 2008);
insert into teaches values('1291', '826', '2', 'Fall', 2001);
insert into teaches values('83112', '611', '2', 'Spring', 2005);
insert into teaches values('83112', '939', '1', 'Fall', 2010);
insert into teaches values('5278', '983', '2', 'Fall', 2005);
insert into teaches values('36590', '777', '1', 'Spring', 2004);
insert into teaches values('30679', '550', '1', 'Spring', 2009);
insert into teaches values('38933', '931', '2', 'Fall', 2005);
insert into teaches values('92391', '416', '1', 'Spring', 2008);
insert into teaches values('36590', '835', '1', 'Fall', 2002);
insert into teaches values('36590', '612', '2', 'Fall', 2010);
insert into teaches values('56518', '147', '2', 'Fall', 2002);
insert into teaches values('83112', '542', '1', 'Spring', 2008);
insert into teaches values('54903', '892', '1', 'Fall', 2007);
insert into teaches values('83112', '475', '1', 'Fall', 2010);
insert into teaches values('5278', '566', '1', 'Fall', 2010);
insert into teaches values('1047', '600', '1', 'Spring', 2001);
insert into teaches values('1047', '998', '4', 'Fall', 2001);
insert into teaches values('83112', '459', '1', 'Fall', 2003);
insert into teaches values('5278', '272', '2', 'Spring', 2005);
insert into teaches values('1047', '965', '1', 'Fall', 2007);
insert into teaches values('37839', '386', '2', 'Spring', 2002);
insert into teaches values('76723', '216', '1', 'Spring', 2006);
insert into teaches values('78337', '674', '1', 'Fall', 2002);
insert into teaches values('30679', '827', '1', 'Spring', 2002);
insert into teaches values('36590', '211', '1', 'Fall', 2001);
insert into teaches values('36590', '133', '2', 'Fall', 2010);
insert into teaches values('36590', '503', '1', 'Fall', 2007);
insert into teaches values('37839', '215', '3', 'Spring', 2007);
insert into teaches values('1047', '998', '3', 'Fall', 2005);
insert into teaches values('37839', '985', '1', 'Fall', 2007);
insert into teaches values('56518', '322', '2', 'Fall', 2005);
insert into teaches values('89827', '607', '1', 'Fall', 2007);
insert into teaches values('54903', '525', '1', 'Fall', 2002);
insert into teaches values('93927', '754', '1', 'Fall', 2001);
insert into teaches values('30679', '421', '1', 'Fall', 2009);
insert into teaches values('56518', '989', '1', 'Fall', 2008);
insert into teaches values('38933', '263', '4', 'Spring', 2009);
insert into teaches values('92391', '409', '1', 'Spring', 2002);
insert into teaches values('56518', '667', '1', 'Fall', 2003);
insert into teaches values('51045', '238', '1', 'Fall', 2007);
insert into teaches values('30679', '658', '1', 'Spring', 2002);
insert into teaches values('30679', '448', '1', 'Spring', 2004);
insert into teaches values('54903', '335', '1', 'Spring', 2004);
insert into teaches values('92391', '409', '2', 'Fall', 2007);
insert into teaches values('3910', '951', '1', 'Fall', 2006);
insert into teaches values('54903', '316', '1', 'Fall', 2004);
insert into teaches values('1047', '569', '2', 'Fall', 2008);
insert into teaches values('92391', '409', '3', 'Fall', 2006);
insert into teaches values('1047', '998', '2', 'Fall', 2002);
insert into teaches values('54903', '609', '1', 'Spring', 2002);
insert into teaches values('54903', '256', '1', 'Spring', 2003);
insert into teaches values('37839', '215', '2', 'Fall', 2005);
insert into teaches values('30679', '513', '1', 'Fall', 2002);
insert into teaches values('5278', '429', '1', 'Spring', 2002);
insert into teaches values('56518', '435', '1', 'Spring', 2005);
insert into teaches values('83112', '611', '1', 'Spring', 2006);
insert into teaches values('36590', '241', '1', 'Spring', 2008);
insert into teaches values('54903', '641', '2', 'Fall', 2004);
insert into teaches values('36590', '211', '2', 'Spring', 2005);
insert into teaches values('78337', '353', '1', 'Spring', 2009);
insert into teaches values('5278', '183', '2', 'Fall', 2004);
insert into teaches values('1047', '452', '2', 'Spring', 2005);
insert into teaches values('56518', '517', '1', 'Fall', 2002);
insert into teaches values('5278', '272', '1', 'Spring', 2006);
insert into teaches values('76723', '641', '1', 'Spring', 2007);
insert into teaches values('83112', '949', '1', 'Spring', 2010);
insert into teaches values('30679', '684', '4', 'Spring', 2004);
insert into teaches values('14543', '339', '1', 'Spring', 2001);
insert into teaches values('76723', '826', '3', 'Spring', 2004);
insert into teaches values('1047', '754', '2', 'Spring', 2008);
insert into teaches values('1047', '530', '1', 'Fall', 2006);
insert into teaches values('36590', '618', '1', 'Fall', 2005);
insert into teaches values('3910', '624', '2', 'Spring', 2003);
insert into teaches values('1047', '998', '1', 'Spring', 2004);
insert into teaches values('22145', '479', '1', 'Fall', 2005);
insert into teaches values('83112', '428', '1', 'Fall', 2009);
insert into teaches values('30679', '684', '3', 'Spring', 2001);
insert into teaches values('30679', '684', '1', 'Fall', 2008);
insert into teaches values('56518', '802', '2', 'Fall', 2003);
insert into teaches values('56518', '627', '1', 'Fall', 2009);
insert into teaches values('3910', '624', '1', 'Fall', 2010);
insert into teaches values('56518', '989', '2', 'Fall', 2009);
insert into teaches values('5278', '983', '1', 'Spring', 2010);
insert into student values('94030', 'Yohan', 'BN', 10);
insert into student values('29897', 'Kiki', 'DK', 56);
insert into student values('39307', 'rahmat', 'GT', 54);
insert into student values('86451', 'Adri', 'GF', 121);
insert into student values('71758', 'Johan', 'DK', 50);
insert into student values('93609', 'Budi', 'BN', 60);
insert into student values('33665', 'rahmat', 'FR', 41);
insert into student values('60662', 'Yohan', 'GF', 42);
insert into student values('34398', 'Kiki', 'GT', 115);
insert into student values('26773', 'Johan', 'BN', 86);
insert into student values('19122', 'Ande', 'DK', 32);
insert into student values('61334', 'rahmat', 'HI', 56);
insert into student values('69469', 'Adri', 'BN', 105);
insert into student values('76182', 'Kiki', 'FR', 56);
insert into student values('8271', 'rahmat', 'HI', 22);
insert into student values('20586', 'Kiki', 'BN', 6);
insert into student values('40076', 'Josu', 'MT', 39);
insert into student values('59060', 'Johan', 'DF', 124);
insert into student values('33897', 'Josu', 'GF', 20);
insert into student values('90027', 'Kiki', 'DK', 98);
insert into student values('13772', 'Ahmad', 'FR', 116);
insert into student values('29720', 'rahmat', 'GT', 108);
insert into student values('22735', 'yuyun', 'DF', 9);
insert into student values('76467', 'Budi', 'GF', 83);
insert into student values('11420', 'Ande', 'DF', 48);
insert into student values('30761', 'Johan', 'DF', 15);
insert into student values('91378', 'Ande', 'GT', 78);
insert into student values('2105', 'Yohan', 'DF', 20);
insert into student values('61918', 'Ande', 'DE', 54);
insert into student values('55665', 'Budi', 'MT', 25);
insert into student values('7651', 'Budi', 'DF', 117);
insert into student values('95541', 'Josu', 'FR', 7);
insert into student values('54130', 'Josu', 'GT', 92);
insert into student values('92249', 'Josu', 'DE', 115);
insert into student values('89554', 'rahmat', 'SS', 85);
insert into student values('14753', 'rahmat', 'GT', 64);
insert into student values('13720', 'Adri', 'DF', 30);
insert into student values('81063', 'yuyun', 'SS', 32);
insert into student values('8687', 'Budi', 'GF', 62);
insert into student values('73461', 'Ahmad', 'SS', 54);
insert into student values('68882', 'Yohan', 'DK', 105);
insert into student values('50982', 'Ande', 'DE', 27);
insert into student values('13964', 'Budi', 'HI', 114);
insert into student values('46569', 'Johan', 'DF', 104);
insert into student values('61886', 'Adri', 'DF', 55);
insert into student values('26109', 'rahmat', 'DE', 123);
insert into student values('96921', 'Adri', 'HI', 45);
insert into student values('10070', 'Johan', 'SS', 82);
insert into student values('44991', 'Yohan', 'HI', 70);
insert into student values('35126', 'rahmat', 'SS', 74);
insert into student values('29222', 'yuyun', 'HI', 127);
insert into student values('54292', 'Budi', 'MT', 57);
insert into student values('21076', 'Josu', 'BN', 99);
insert into student values('82936', 'rahmat', 'GT', 90);
insert into student values('78883', 'Kiki', 'DF', 125);
insert into student values('77148', 'Johan', 'SS', 112);
insert into student values('13150', 'Budi', 'DE', 40);
insert into student values('19180', 'Josu', 'SS', 101);
insert into student values('44930', 'Ahmad', 'GT', 105);
insert into student values('83366', 'Josu', 'MT', 67);
insert into student values('99518', 'rahmat', 'GF', 27);
insert into student values('74491', 'Ahmad', 'DF', 49);
insert into student values('82738', 'Josu', 'HI', 13);
insert into student values('70891', 'Adri', 'FR', 36);
insert into student values('4083', 'Adri', 'MT', 51);
insert into student values('37100', 'Kiki', 'HI', 98);
insert into student values('57573', 'Budi', 'DF', 15);
insert into student values('25092', 'Kiki', 'BN', 87);
insert into student values('85823', 'Kiki', 'DE', 94);
insert into student values('71818', 'Josu', 'DF', 62);
insert into student values('13354', 'Josu', 'GT', 76);
insert into student values('90952', 'Kiki', 'GF', 101);
insert into student values('13442', 'Ande', 'GT', 127);
insert into student values('22843', 'Adri', 'BN', 106);
insert into student values('85043', 'Kiki', 'GF', 84);
insert into student values('20305', 'yuyun', 'DK', 32);
insert into student values('23644', 'rahmat', 'SS', 13);
insert into student values('62505', 'Josu', 'DK', 24);
insert into student values('14319', 'yuyun', 'GF', 54);
insert into student values('55158', 'Adri', 'HI', 0);
insert into student values('41806', 'Ande', 'MT', 43);
insert into student values('56636', 'Ahmad', 'GT', 129);
insert into student values('26191', 'rahmat', 'HI', 3);
insert into student values('53297', 'rahmat', 'DF', 116);
insert into student values('21657', 'Johan', 'MT', 17);
insert into student values('75645', 'Ahmad', 'HI', 63);
insert into student values('13316', 'Josu', 'FR', 124);
insert into student values('40794', 'Ande', 'MT', 32);
insert into student values('73628', 'Johan', 'GF', 93);
insert into student values('71379', 'rahmat', 'DK', 87);
insert into student values('45726', 'Ande', 'DK', 119);
insert into student values('8616', 'Yohan', 'GF', 39);
insert into student values('16793', 'Adri', 'DE', 112);
insert into student values('21481', 'Kiki', 'HI', 17);
insert into student values('12814', 'Budi', 'HI', 97);
insert into student values('59670', 'Budi', 'BN', 90);
insert into student values('45744', 'Josu', 'MT', 48);
insert into student values('64773', 'Ahmad', 'DK', 58);
insert into student values('20613', 'Ande', 'MT', 2);
insert into student values('50811', 'Kiki', 'HI', 84);
insert into takes values('33665', '774', '3', 'Fall', 2006, 'B+');
insert into takes values('55665', '287', '1', 'Fall', 2003, 'B ');
insert into takes values('55665', '998', '4', 'Fall', 2001, 'B-');
insert into takes values('21076', '939', '2', 'Fall', 2005, 'B-');
insert into takes values('33665', '774', '1', 'Spring', 2008, 'C ');
insert into takes values('56636', '546', '2', 'Spring', 2007, 'C ');
insert into takes values('35126', '409', '1', 'Spring', 2002, 'A+');
insert into takes values('71379', '287', '1', 'Fall', 2003, 'C ');
insert into takes values('8271', '682', '1', 'Spring', 2009, 'C+');
insert into takes values('59060', '934', '1', 'Spring', 2005, 'C+');
insert into takes values('76182', '600', '3', 'Fall', 2005, 'B+');
insert into takes values('20586', '409', '3', 'Fall', 2006, 'A+');
insert into takes values('20613', '754', '2', 'Spring', 2008, 'B+');
insert into takes values('60662', '525', '2', 'Spring', 2001, 'C ');
insert into takes values('22843', '272', '2', 'Spring', 2005, 'C-');
insert into takes values('8687', '339', '1', 'Spring', 2001, 'A+');
insert into takes values('33665', '249', '1', 'Spring', 2002, 'A ');
insert into takes values('45726', '886', '1', 'Spring', 2005, 'B ');
insert into takes values('13964', '809', '1', 'Spring', 2007, 'C ');
insert into takes values('40076', '809', '2', 'Spring', 2010, 'C ');
insert into takes values('2105', '428', '1', 'Fall', 2009, 'B+');
insert into takes values('90027', '932', '1', 'Fall', 2002, 'A ');
insert into takes values('45744', '517', '1', 'Fall', 2002, 'B+');
insert into takes values('77148', '624', '1', 'Fall', 2010, 'B ');
insert into takes values('44930', '674', '1', 'Fall', 2002, 'A+');
insert into takes values('76467', '835', '1', 'Fall', 2002, 'A+');
insert into takes values('77148', '446', '2', 'Spring', 2009, 'B ');
insert into takes values('29897', '892', '1', 'Fall', 2007, 'B+');
insert into takes values('85043', '513', '2', 'Spring', 2002, 'C-');
insert into takes values('45726', '625', '2', 'Fall', 2002, 'C+');
insert into takes values('62505', '783', '1', 'Spring', 2007, 'A-');
insert into takes values('95541', '684', '3', 'Spring', 2001, 'A ');
insert into takes values('29897', '941', '2', 'Spring', 2002, 'C-');
insert into takes values('4083', '989', '2', 'Fall', 2009, 'B-');
insert into takes values('59060', '435', '2', 'Spring', 2007, 'A ');
insert into takes values('13442', '951', '1', 'Fall', 2006, 'B ');
insert into takes values('10070', '503', '1', 'Fall', 2007, 'A ');
insert into takes values('77148', '989', '2', 'Fall', 2009, 'C-');
insert into takes values('30761', '726', '1', 'Spring', 2004, 'C-');
insert into takes values('20613', '624', '1', 'Fall', 2010, 'A+');
insert into takes values('62505', '777', '1', 'Spring', 2004, 'A+');
insert into takes values('91378', '335', '1', 'Spring', 2004, 'A+');
insert into takes values('13150', '569', '2', 'Fall', 2008, 'A+');
insert into takes values('55665', '777', '2', 'Fall', 2007, 'A ');
insert into takes values('14319', '452', '1', 'Spring', 2002, 'A-');
insert into takes values('26191', '600', '2', 'Fall', 2006, 'B-');
insert into takes values('23644', '273', '1', 'Spring', 2005, 'B-');
insert into takes values('61886', '112', '2', 'Fall', 2001, 'C-');
insert into takes values('21657', '530', '1', 'Fall', 2006, 'C ');
insert into takes values('34398', '569', '1', 'Spring', 2008, 'A ');
insert into takes values('99518', '826', '1', 'Fall', 2004, 'B ');
insert into takes values('26191', '934', '1', 'Spring', 2005, 'A+');
insert into takes values('55158', '335', '1', 'Spring', 2004, 'C ');
insert into takes values('13720', '475', '1', 'Fall', 2010, 'A+');
insert into takes values('74491', '854', '2', 'Fall', 2007, 'B+');
insert into takes values('33897', '492', '1', 'Fall', 2008, 'C+');
insert into takes values('46569', '442', '1', 'Spring', 2009, 'A-');
insert into takes values('14319', '272', '2', 'Spring', 2005, 'A+');
insert into takes values('45744', '641', '1', 'Spring', 2007, 'B+');
insert into takes values('64773', '777', '1', 'Spring', 2004, 'C+');
insert into takes values('75645', '215', '3', 'Spring', 2007, 'A+');
insert into takes values('53297', '238', '1', 'Fall', 2007, 'C+');
insert into takes values('33665', '112', '2', 'Fall', 2001, 'A-');
insert into takes values('20586', '416', '1', 'Spring', 2008, 'C ');
insert into takes values('30761', '518', '1', 'Spring', 2007, 'A-');
insert into takes values('13442', '941', '1', 'Spring', 2010, 'A ');
insert into takes values('19180', '453', '1', 'Fall', 2008, 'A ');
insert into takes values('21481', '941', '2', 'Spring', 2002, 'C ');
insert into takes values('59060', '867', '1', 'Spring', 2005, 'B-');
insert into takes values('92249', '774', '3', 'Fall', 2006, 'C ');
insert into takes values('26109', '802', '2', 'Fall', 2003, 'B-');
insert into takes values('83366', '151', '1', 'Fall', 2003, 'C-');
insert into takes values('13150', '600', '2', 'Fall', 2006, 'B ');
insert into takes values('86451', '335', '1', 'Spring', 2004, 'A-');
insert into takes values('4083', '778', '1', 'Spring', 2004, 'C+');
insert into takes values('40794', '854', '3', 'Spring', 2002, 'B-');
insert into takes values('25092', '215', '2', 'Fall', 2005, 'B+');
insert into takes values('39307', '983', '1', 'Spring', 2010, 'A-');
insert into takes values('46569', '939', '1', 'Fall', 2010, 'B ');
insert into takes values('46569', '296', '1', 'Spring', 2005, 'C+');
insert into takes values('29222', '569', '2', 'Fall', 2008, 'B+');
insert into takes values('12814', '891', '2', 'Fall', 2003, 'A-');
insert into takes values('12814', '684', '2', 'Spring', 2003, 'A-');
insert into takes values('92249', '803', '1', 'Spring', 2001, 'B+');
insert into takes values('57573', '777', '1', 'Spring', 2004, 'A+');
insert into takes values('68882', '435', '1', 'Spring', 2005, 'A-');
insert into takes values('55158', '211', '1', 'Fall', 2001, 'A-');
insert into takes values('20613', '802', '1', 'Fall', 2007, 'C+');
insert into takes values('45744', '826', '2', 'Fall', 2001, 'B+');
insert into takes values('22843', '446', '1', 'Fall', 2004, 'A+');
insert into takes values('85043', '147', '2', 'Fall', 2002, 'A-');
insert into takes values('76182', '827', '1', 'Spring', 2002, 'C-');
insert into takes values('23644', '891', '1', 'Fall', 2002, 'B ');
insert into takes values('37100', '684', '4', 'Spring', 2004, 'B+');
insert into takes values('90027', '475', '1', 'Fall', 2010, 'A+');
insert into takes values('73628', '778', '1', 'Spring', 2004, 'B ');
insert into takes values('85043', '774', '1', 'Spring', 2008, 'C ');
insert into takes values('71379', '215', '3', 'Spring', 2007, 'B-');
insert into takes values('44930', '566', '1', 'Fall', 2010, 'B+');
insert into takes values('57573', '674', '1', 'Fall', 2002, 'A ');
insert into takes values('46569', '273', '2', 'Spring', 2008, 'A+');
insert into takes values('82936', '542', '2', 'Fall', 2010, 'A-');
insert into takes values('76182', '452', '1', 'Spring', 2002, 'B-');
insert into takes values('93609', '409', '3', 'Fall', 2006, 'C+');
insert into takes values('60662', '754', '1', 'Fall', 2001, 'A ');
insert into takes values('62505', '322', '3', 'Fall', 2005, 'A ');
insert into takes values('8616', '932', '1', 'Fall', 2002, 'B+');
insert into takes values('30761', '155', '1', 'Spring', 2001, 'C ');
insert into takes values('94030', '380', '1', 'Fall', 2007, 'A ');
insert into takes values('57573', '774', '1', 'Spring', 2008, 'C-');
insert into takes values('12814', '932', '1', 'Fall', 2002, 'A+');
insert into takes values('26191', '435', '1', 'Spring', 2005, 'B ');
insert into takes values('74491', '215', '1', 'Spring', 2009, 'A-');
insert into takes values('71818', '754', '2', 'Spring', 2008, 'A+');
insert into takes values('75645', '409', '2', 'Fall', 2007, 'A ');
insert into takes values('26109', '133', '2', 'Fall', 2010, 'A ');
insert into takes values('90952', '802', '2', 'Fall', 2003, 'B ');
insert into takes values('78883', '446', '3', 'Fall', 2010, 'B+');
insert into takes values('85043', '546', '1', 'Fall', 2006, 'C ');
insert into takes values('39307', '256', '2', 'Fall', 2004, 'B+');
insert into takes values('33897', '941', '2', 'Spring', 2002, 'A-');
insert into takes values('55665', '446', '1', 'Fall', 2004, 'A+');
insert into takes values('40076', '989', '3', 'Fall', 2004, 'A-');
insert into takes values('91378', '854', '2', 'Fall', 2007, 'B ');
insert into takes values('90952', '800', '1', 'Fall', 2003, 'A+');
insert into takes values('68882', '667', '3', 'Spring', 2009, 'C-');
insert into takes values('71758', '826', '2', 'Fall', 2001, 'C-');
insert into takes values('26109', '386', '2', 'Spring', 2002, 'B-');
insert into takes values('10070', '542', '1', 'Spring', 2008, 'B ');
insert into takes values('33665', '147', '3', 'Spring', 2007, 'C-');
insert into takes values('68882', '790', '1', 'Fall', 2007, 'A-');
insert into takes values('16793', '257', '1', 'Fall', 2003, 'A+');
insert into takes values('8271', '802', '2', 'Fall', 2003, 'A-');
insert into takes values('23644', '777', '2', 'Fall', 2007, 'C-');
insert into takes values('78883', '386', '3', 'Fall', 2006, 'C ');
insert into takes values('44991', '542', '1', 'Spring', 2008, 'A-');
insert into takes values('99518', '886', '1', 'Spring', 2005, 'C ');
insert into takes values('54292', '641', '2', 'Fall', 2004, 'A+');
insert into takes values('41806', '409', '2', 'Fall', 2007, 'A-');
insert into takes values('13150', '762', '1', 'Spring', 2002, 'A-');
insert into takes values('78883', '600', '3', 'Fall', 2005, 'C-');
insert into takes values('59670', '409', '3', 'Fall', 2006, 'C+');
insert into takes values('19122', '151', '1', 'Fall', 2003, 'B-');
insert into takes values('55665', '353', '2', 'Fall', 2010, 'B+');
insert into takes values('13150', '542', '2', 'Fall', 2010, 'B ');
insert into takes values('13720', '625', '2', 'Fall', 2002, 'B ');
insert into takes values('13772', '435', '1', 'Spring', 2005, 'A ');
insert into takes values('55158', '956', '1', 'Spring', 2006, 'C-');
insert into takes values('71758', '475', '1', 'Fall', 2010, 'C+');
insert into takes values('77148', '526', '2', 'Spring', 2006, 'B ');
insert into takes values('26773', '607', '2', 'Fall', 2004, 'B ');
insert into takes values('59670', '322', '1', 'Spring', 2008, 'C ');
insert into takes values('35126', '438', '1', 'Fall', 2006, 'A ');
insert into takes values('12814', '259', '1', 'Fall', 2008, 'B-');
insert into takes values('16793', '216', '1', 'Spring', 2006, 'A-');
insert into takes values('54130', '854', '1', 'Spring', 2001, 'C+');
insert into takes values('76467', '163', '1', 'Fall', 2007, 'A+');
insert into takes values('13772', '682', '1', 'Spring', 2009, 'C-');
insert into takes values('59060', '628', '2', 'Spring', 2009, 'C-');
insert into takes values('26191', '891', '2', 'Fall', 2003, 'C ');
insert into takes values('75645', '394', '1', 'Spring', 2006, 'B ');
insert into takes values('85823', '446', '4', 'Fall', 2009, 'A+');
insert into takes values('82738', '809', '1', 'Spring', 2007, 'C ');
insert into takes values('34398', '335', '1', 'Spring', 2004, 'B-');
insert into takes values('92249', '452', '3', 'Spring', 2007, 'B+');
insert into takes values('41806', '348', '1', 'Spring', 2009, 'B ');
insert into takes values('8687', '386', '1', 'Fall', 2005, 'A+');
insert into takes values('71758', '886', '1', 'Spring', 2005, 'C+');
insert into takes values('44930', '941', '1', 'Spring', 2010, 'C-');
insert into takes values('50982', '625', '1', 'Fall', 2006, 'B-');
insert into takes values('20305', '835', '1', 'Fall', 2002, 'A ');
insert into takes values('61886', '409', '3', 'Fall', 2006, 'B-');
insert into takes values('45744', '809', '2', 'Spring', 2010, 'B+');
insert into takes values('20305', '604', '1', 'Spring', 2001, 'A+');
insert into takes values('29897', '604', '1', 'Spring', 2001, 'C-');
insert into takes values('16793', '249', '1', 'Spring', 2002, 'B+');
insert into takes values('71758', '854', '2', 'Fall', 2007, 'B ');
insert into takes values('59060', '609', '1', 'Spring', 2002, 'A+');
insert into takes values('93609', '386', '1', 'Fall', 2005, 'B+');
insert into takes values('92249', '475', '1', 'Fall', 2010, 'C-');
insert into takes values('33665', '624', '1', 'Fall', 2010, 'C-');
insert into takes values('81063', '380', '1', 'Fall', 2007, 'B ');
insert into takes values('45744', '600', '3', 'Fall', 2005, 'B ');
insert into takes values('90952', '211', '1', 'Fall', 2001, 'B-');
insert into takes values('2105', '627', '2', 'Spring', 2002, 'B+');
insert into takes values('44930', '998', '4', 'Fall', 2001, 'A-');
insert into takes values('75645', '778', '1', 'Spring', 2004, 'C-');
insert into takes values('21076', '983', '1', 'Spring', 2010, 'B-');
insert into takes values('33665', '891', '1', 'Fall', 2002, 'B-');
insert into takes values('55665', '612', '1', 'Fall', 2001, 'C-');
insert into takes values('71818', '667', '1', 'Fall', 2003, 'B ');
insert into takes values('8687', '774', '2', 'Fall', 2010, 'A ');
insert into takes values('22735', '817', '1', 'Fall', 2003, 'B+');
insert into takes values('34398', '951', '1', 'Fall', 2006, 'C+');
insert into takes values('75645', '163', '1', 'Fall', 2007, 'B ');
insert into takes values('73628', '996', '1', 'Fall', 2003, 'C ');
insert into takes values('64773', '453', '1', 'Fall', 2008, 'C-');
insert into takes values('56636', '886', '1', 'Spring', 2005, 'A-');
insert into takes values('91378', '256', '2', 'Fall', 2004, 'B-');
insert into takes values('56636', '530', '1', 'Fall', 2006, 'A+');
insert into advisor values('94030', '1047');
insert into advisor values('29897', '13303');
insert into advisor values('39307', '14543');
insert into advisor values('86451', '92391');
insert into advisor values('71758', '38933');
insert into advisor values('93609', '52041');
insert into advisor values('33665', '53307');
insert into advisor values('60662', '88303');
insert into advisor values('34398', '34822');
insert into advisor values('26773', '54903');
insert into advisor values('19122', '9242');
insert into advisor values('61334', '89827');
insert into advisor values('69469', '1291');
insert into advisor values('76182', '38933');
insert into advisor values('8271', '61262');
insert into advisor values('20586', '30679');
insert into advisor values('40076', '22145');
insert into advisor values('59060', '35785');
insert into advisor values('33897', '51842');
insert into advisor values('90027', '73803');
insert into advisor values('13772', '52041');
insert into advisor values('29720', '40307');
insert into advisor values('22735', '13303');
insert into advisor values('76467', '35785');
insert into advisor values('11420', '83112');
insert into advisor values('30761', '61262');
insert into advisor values('91378', '67788');
insert into advisor values('2105', '67788');
insert into advisor values('61918', '53307');
insert into advisor values('55665', '1291');
insert into advisor values('7651', '34822');
insert into advisor values('95541', '5283');
insert into advisor values('54130', '38933');
insert into advisor values('92249', '9242');
insert into advisor values('89554', '5278');
insert into advisor values('14753', '88303');
insert into advisor values('13720', '83112');
insert into advisor values('81063', '73803');
insert into advisor values('8687', '7138');
insert into advisor values('73461', '76723');
insert into advisor values('68882', '98654');
insert into advisor values('50982', '89862');
insert into advisor values('13964', '76723');
insert into advisor values('46569', '22145');
insert into advisor values('61886', '1291');
insert into advisor values('26109', '70933');
insert into advisor values('96921', '9242');
insert into advisor values('10070', '4981');
insert into advisor values('44991', '73803');
insert into advisor values('35126', '76723');
insert into advisor values('29222', '3910');
insert into advisor values('54292', '62220');
insert into advisor values('21076', '67788');
insert into advisor values('82936', '76723');
insert into advisor values('78883', '28284');
insert into advisor values('77148', '93927');
insert into advisor values('13150', '51842');
insert into advisor values('19180', '88303');
insert into advisor values('44930', '76664');
insert into advisor values('83366', '61262');
insert into advisor values('99518', '34822');
insert into advisor values('74491', '21361');
insert into advisor values('82738', '83112');
insert into advisor values('70891', '61262');
insert into advisor values('4083', '30809');
insert into advisor values('37100', '1047');
insert into advisor values('57573', '38933');
insert into advisor values('25092', '32252');
insert into advisor values('85823', '35785');
insert into advisor values('71818', '76664');
insert into advisor values('13354', '56518');
insert into advisor values('90952', '29213');
insert into advisor values('13442', '34822');
insert into advisor values('22843', '76664');
insert into advisor values('85043', '76723');
insert into advisor values('20305', '76664');
insert into advisor values('23644', '34822');
insert into advisor values('62505', '76664');
insert into advisor values('14319', '56518');
insert into advisor values('55158', '4981');
insert into advisor values('41806', '86480');
insert into advisor values('56636', '5283');
insert into advisor values('26191', '54903');
insert into advisor values('53297', '56518');
insert into advisor values('21657', '40307');
insert into advisor values('75645', '54903');
insert into advisor values('13316', '1291');
insert into advisor values('40794', '22145');
insert into advisor values('73628', '13303');
insert into advisor values('71379', '89862');
insert into advisor values('45726', '54903');
insert into advisor values('8616', '54903');
insert into advisor values('16793', '37839');
insert into advisor values('21481', '54903');
insert into advisor values('12814', '89862');
insert into advisor values('59670', '3910');
insert into advisor values('45744', '62220');
insert into advisor values('64773', '40307');
insert into advisor values('20613', '37839');
insert into advisor values('50811', '76723');
insert into prereq values('273', '790');
insert into prereq values('817', '931');
insert into prereq values('316', '611');
insert into prereq values('428', '409');
insert into prereq values('946', '281');
insert into prereq values('386', '722');
insert into prereq values('578', '550');
insert into prereq values('858', '722');
insert into prereq values('941', '826');
insert into prereq values('216', '216');
insert into prereq values('287', '287');
insert into prereq values('256', '721');
insert into prereq values('752', '781');
insert into prereq values('611', '891');
insert into prereq values('599', '777');
insert into prereq values('132', '612');
insert into prereq values('513', '177');
insert into prereq values('826', '465');
insert into prereq values('226', '370');
insert into prereq values('416', '476');
insert into prereq values('522', '934');
insert into prereq values('335', '471');
insert into prereq values('599', '611');
insert into prereq values('238', '569');
insert into prereq values('552', '287');
insert into prereq values('459', '817');
insert into prereq values('985', '442');
insert into prereq values('658', '867');
insert into prereq values('956', '946');
insert into prereq values('718', '112');
insert into prereq values('618', '802');
insert into prereq values('257', '887');
insert into prereq values('741', '803');
insert into prereq values('682', '790');
insert into prereq values('891', '763');
insert into prereq values('847', '894');
insert into prereq values('642', '459');
insert into prereq values('526', '991');
insert into prereq values('435', '216');
insert into prereq values('163', '452');
insert into prereq values('340', '578');
insert into prereq values('232', '781');
insert into prereq values('867', '437');
insert into prereq values('624', '299');
insert into prereq values('628', '611');
insert into prereq values('552', '116');
insert into prereq values('996', '542');
insert into prereq values('569', '599');
insert into prereq values('663', '826');
insert into prereq values('442', '475');
insert into prereq values('965', '763');
insert into prereq values('132', '281');
insert into prereq values('215', '951');
insert into prereq values('858', '983');
insert into prereq values('983', '956');
insert into prereq values('578', '891');
insert into prereq values('777', '865');
insert into prereq values('356', '803');
insert into prereq values('222', '800');
insert into prereq values('655', '996');
insert into prereq values('946', '946');
insert into prereq values('151', '762');
insert into prereq values('281', '546');
insert into prereq values('763', '754');
insert into prereq values('802', '186');
insert into prereq values('322', '335');
insert into prereq values('691', '802');
insert into prereq values('409', '141');
insert into prereq values('931', '416');
insert into prereq values('776', '886');
insert into prereq values('339', '399');
insert into prereq values('781', '177');
insert into prereq values('305', '858');
insert into prereq values('132', '384');
insert into prereq values('386', '800');
insert into prereq values('202', '442');
insert into prereq values('781', '733');
insert into prereq values('628', '272');
insert into prereq values('384', '619');
insert into prereq values('530', '267');
insert into prereq values('348', '456');
insert into prereq values('161', '272');
insert into prereq values('384', '202');
insert into prereq values('653', '241');
insert into prereq values('827', '542');
insert into prereq values('941', '578');
insert into prereq values('116', '625');
insert into prereq values('983', '459');
insert into prereq values('267', '241');
insert into prereq values('522', '257');
insert into prereq values('272', '202');
insert into prereq values('684', '212');
insert into prereq values('434', '374');
insert into prereq values('202', '495');
insert into prereq values('448', '495');
insert into prereq values('658', '867');
insert into prereq values('720', '827');
insert into prereq values('667', '894');
insert into prereq values('887', '479');
insert into prereq values('452', '605');
