insert into classroom values('H', 261, 27);
insert into classroom values('C', 567, 30);
insert into classroom values('J', 781, 67);
insert into classroom values('A', 201, 106);
insert into classroom values('F', 570, 180);
insert into classroom values('J', 500, 13);
insert into classroom values('I', 810, 183);
insert into classroom values('G', 594, 82);
insert into classroom values('I', 997, 27);
insert into classroom values('D', 241, 74);
insert into department values('GO', 'B', 528621.20);
insert into department values('RQ', 'I', 599337.69);
insert into department values('HH', 'J', 511033.50);
insert into department values('DE', 'E', 175540.51);
insert into department values('SS', 'F', 18048.45);
insert into department values('KL', 'B', 643322.72);
insert into department values('EL', 'A', 915519.04);
insert into department values('IF', 'E', 859602.01);
insert into department values('ED', 'J', 360565.06);
insert into department values('WW', 'I', 412049.60);
insert into course values('941', 'IF3211', 'ED', 4);
insert into course values('504', 'IF3333', 'IF', 3);
insert into course values('377', 'IF3211', 'KL', 4);
insert into course values('109', 'IF3211', 'IF', 3);
insert into course values('190', 'IF4041', 'GO', 3);
insert into course values('581', 'IF4321', 'RQ', 3);
insert into course values('992', 'IF4321', 'KL', 4);
insert into course values('122', 'IF5555', 'HH', 4);
insert into course values('492', 'IF3022', 'IF', 3);
insert into course values('699', 'IF4041', 'EL', 4);
insert into course values('613', 'IF3022', 'ED', 3);
insert into course values('182', 'IF3333', 'RQ', 3);
insert into course values('556', 'IF4041', 'EL', 3);
insert into course values('813', 'IF3120', 'SS', 3);
insert into course values('580', 'IF3211', 'EL', 3);
insert into course values('340', 'IF3211', 'HH', 4);
insert into course values('493', 'IF3211', 'EL', 3);
insert into course values('302', 'IF3031', 'SS', 4);
insert into course values('481', 'IF3120', 'DE', 3);
insert into course values('960', 'IF0230', 'DE', 4);
insert into course values('848', 'IF3031', 'ED', 4);
insert into course values('958', 'IF3022', 'ED', 3);
insert into course values('766', 'IF3333', 'GO', 4);
insert into course values('477', 'IF4041', 'GO', 4);
insert into course values('152', 'IF3022', 'ED', 4);
insert into course values('407', 'IF3333', 'KL', 4);
insert into course values('975', 'IF3030', 'RQ', 3);
insert into course values('213', 'IF4041', 'RQ', 3);
insert into course values('403', 'IF3120', 'HH', 4);
insert into course values('702', 'IF3031', 'KL', 4);
insert into course values('127', 'IF4041', 'RQ', 4);
insert into course values('353', 'IF3211', 'HH', 4);
insert into course values('892', 'IF3120', 'HH', 3);
insert into course values('704', 'IF3211', 'ED', 4);
insert into course values('211', 'IF3333', 'RQ', 4);
insert into course values('851', 'IF0230', 'HH', 4);
insert into course values('104', 'IF3031', 'WW', 3);
insert into course values('602', 'IF3211', 'ED', 4);
insert into course values('661', 'IF4321', 'HH', 4);
insert into course values('354', 'IF5555', 'KL', 4);
insert into course values('685', 'IF0230', 'KL', 3);
insert into course values('455', 'IF3211', 'KL', 4);
insert into course values('114', 'IF3120', 'EL', 4);
insert into course values('335', 'IF3031', 'ED', 3);
insert into course values('225', 'IF3333', 'RQ', 3);
insert into course values('277', 'IF3120', 'WW', 4);
insert into course values('550', 'IF4041', 'DE', 3);
insert into course values('150', 'IF3211', 'GO', 4);
insert into course values('108', 'IF3030', 'WW', 3);
insert into course values('297', 'IF3022', 'SS', 3);
insert into course values('534', 'IF4321', 'SS', 3);
insert into course values('801', 'IF3022', 'GO', 4);
insert into course values('770', 'IF4321', 'KL', 3);
insert into course values('463', 'IF4041', 'IF', 3);
insert into course values('907', 'IF0230', 'SS', 3);
insert into course values('608', 'IF4321', 'IF', 4);
insert into course values('272', 'IF0230', 'ED', 4);
insert into course values('291', 'IF3022', 'KL', 4);
insert into course values('948', 'IF3030', 'KL', 4);
insert into course values('337', 'IF3030', 'GO', 4);
insert into course values('927', 'IF0230', 'ED', 4);
insert into course values('589', 'IF0230', 'IF', 4);
insert into course values('535', 'IF4041', 'RQ', 4);
insert into course values('120', 'IF3031', 'KL', 4);
insert into course values('918', 'IF4041', 'SS', 4);
insert into course values('844', 'IF5555', 'EL', 3);
insert into course values('505', 'IF3031', 'DE', 4);
insert into course values('390', 'IF4321', 'ED', 4);
insert into course values('512', 'IF4321', 'GO', 4);
insert into course values('208', 'IF4321', 'DE', 3);
insert into course values('942', 'IF4321', 'IF', 4);
insert into course values('313', 'IF3211', 'WW', 3);
insert into course values('330', 'IF4321', 'IF', 3);
insert into course values('442', 'IF5555', 'ED', 4);
insert into course values('153', 'IF0230', 'IF', 4);
insert into course values('263', 'IF3030', 'IF', 3);
insert into course values('802', 'IF5555', 'IF', 4);
insert into course values('653', 'IF4041', 'GO', 3);
insert into course values('742', 'IF3120', 'EL', 3);
insert into course values('325', 'IF3030', 'IF', 3);
insert into course values('715', 'IF3333', 'HH', 4);
insert into course values('656', 'IF0230', 'WW', 4);
insert into course values('551', 'IF3022', 'ED', 3);
insert into course values('902', 'IF3211', 'HH', 3);
insert into course values('751', 'IF4041', 'GO', 3);
insert into course values('873', 'IF5555', 'IF', 3);
insert into course values('338', 'IF3022', 'SS', 4);
insert into course values('264', 'IF3022', 'GO', 3);
insert into course values('475', 'IF3333', 'ED', 3);
insert into course values('601', 'IF3120', 'IF', 3);
insert into course values('541', 'IF3022', 'WW', 3);
insert into course values('823', 'IF0230', 'HH', 4);
insert into course values('621', 'IF4321', 'RQ', 3);
insert into course values('800', 'IF3120', 'RQ', 3);
insert into course values('355', 'IF4041', 'EL', 3);
insert into course values('865', 'IF3333', 'ED', 4);
insert into course values('179', 'IF5555', 'DE', 3);
insert into course values('326', 'IF3120', 'GO', 3);
insert into course values('351', 'IF3211', 'ED', 4);
insert into course values('749', 'IF3022', 'EL', 3);
insert into course values('496', 'IF0230', 'WW', 4);
insert into course values('568', 'IF4321', 'WW', 3);
insert into course values('145', 'IF4321', 'WW', 3);
insert into course values('997', 'IF3031', 'IF', 3);
insert into course values('200', 'IF3030', 'SS', 3);
insert into course values('909', 'IF3030', 'GO', 4);
insert into course values('771', 'IF3031', 'RQ', 3);
insert into course values('719', 'IF3030', 'ED', 4);
insert into course values('112', 'IF3211', 'RQ', 3);
insert into course values('128', 'IF3333', 'KL', 4);
insert into course values('998', 'IF3031', 'GO', 4);
insert into course values('306', 'IF3120', 'HH', 4);
insert into course values('577', 'IF3120', 'KL', 4);
insert into course values('796', 'IF3022', 'EL', 4);
insert into course values('359', 'IF3333', 'IF', 3);
insert into course values('530', 'IF3333', 'WW', 4);
insert into course values('273', 'IF0230', 'IF', 4);
insert into course values('672', 'IF3030', 'ED', 3);
insert into course values('402', 'IF3031', 'RQ', 3);
insert into course values('850', 'IF3022', 'SS', 4);
insert into course values('536', 'IF5555', 'DE', 3);
insert into course values('286', 'IF3333', 'SS', 4);
insert into course values('542', 'IF3022', 'WW', 4);
insert into course values('606', 'IF4321', 'KL', 3);
insert into course values('289', 'IF3031', 'IF', 4);
insert into course values('360', 'IF3030', 'ED', 4);
insert into course values('695', 'IF3211', 'SS', 4);
insert into course values('441', 'IF3120', 'WW', 4);
insert into course values('686', 'IF5555', 'RQ', 3);
insert into course values('835', 'IF3030', 'HH', 4);
insert into course values('679', 'IF3022', 'RQ', 4);
insert into course values('973', 'IF4041', 'HH', 4);
insert into course values('558', 'IF3120', 'GO', 3);
insert into course values('560', 'IF3022', 'HH', 3);
insert into course values('425', 'IF3022', 'EL', 3);
insert into course values('981', 'IF5555', 'ED', 4);
insert into course values('884', 'IF3120', 'GO', 3);
insert into course values('218', 'IF0230', 'RQ', 3);
insert into course values('214', 'IF3120', 'IF', 3);
insert into course values('113', 'IF3031', 'RQ', 4);
insert into course values('707', 'IF0230', 'ED', 3);
insert into course values('301', 'IF4321', 'DE', 4);
insert into course values('812', 'IF3031', 'EL', 3);
insert into course values('624', 'IF3022', 'HH', 4);
insert into course values('797', 'IF0230', 'SS', 4);
insert into course values('658', 'IF5555', 'HH', 4);
insert into course values('650', 'IF4321', 'GO', 4);
insert into course values('730', 'IF3333', 'HH', 3);
insert into course values('305', 'IF3120', 'ED', 3);
insert into course values('667', 'IF4321', 'GO', 3);
insert into course values('311', 'IF3031', 'WW', 3);
insert into course values('547', 'IF0230', 'RQ', 3);
insert into course values('375', 'IF3333', 'ED', 3);
insert into course values('251', 'IF3211', 'GO', 3);
insert into course values('107', 'IF4321', 'HH', 3);
insert into course values('896', 'IF4041', 'WW', 4);
insert into course values('969', 'IF4321', 'GO', 4);
insert into course values('516', 'IF4041', 'RQ', 4);
insert into course values('777', 'IF4041', 'HH', 4);
insert into course values('807', 'IF3211', 'DE', 3);
insert into course values('839', 'IF3211', 'WW', 4);
insert into course values('414', 'IF3031', 'ED', 3);
insert into course values('872', 'IF3333', 'IF', 3);
insert into course values('951', 'IF0230', 'WW', 3);
insert into course values('737', 'IF3022', 'ED', 3);
insert into course values('926', 'IF3120', 'WW', 4);
insert into course values('328', 'IF4041', 'EL', 3);
insert into course values('187', 'IF3333', 'GO', 4);
insert into course values('827', 'IF3211', 'DE', 3);
insert into course values('928', 'IF3031', 'KL', 3);
insert into course values('524', 'IF3333', 'DE', 4);
insert into course values('349', 'IF3333', 'WW', 4);
insert into course values('677', 'IF4041', 'SS', 3);
insert into course values('934', 'IF4321', 'HH', 3);
insert into course values('363', 'IF3333', 'IF', 4);
insert into course values('383', 'IF3031', 'RQ', 3);
insert into course values('566', 'IF5555', 'RQ', 3);
insert into course values('298', 'IF4321', 'KL', 4);
insert into course values('798', 'IF5555', 'EL', 3);
insert into course values('366', 'IF4321', 'DE', 3);
insert into course values('307', 'IF5555', 'WW', 4);
insert into course values('586', 'IF3031', 'EL', 3);
insert into course values('204', 'IF3120', 'KL', 3);
insert into course values('746', 'IF3030', 'HH', 4);
insert into course values('184', 'IF3211', 'SS', 3);
insert into course values('315', 'IF3211', 'GO', 4);
insert into course values('697', 'IF0230', 'WW', 4);
insert into course values('408', 'IF3030', 'IF', 4);
insert into course values('288', 'IF3120', 'IF', 3);
insert into course values('727', 'IF3022', 'HH', 4);
insert into course values('386', 'IF4321', 'DE', 3);
insert into course values('956', 'IF4321', 'IF', 3);
insert into course values('607', 'IF3030', 'DE', 3);
insert into course values('837', 'IF4041', 'GO', 3);
insert into course values('227', 'IF3333', 'HH', 3);
insert into course values('703', 'IF3031', 'SS', 4);
insert into course values('121', 'IF3022', 'GO', 3);
insert into course values('399', 'IF5555', 'ED', 3);
insert into course values('450', 'IF4321', 'KL', 3);
insert into course values('521', 'IF3211', 'SS', 3);
insert into instructor values('22726', 'Budi', 'HH', 108073.66);
insert into instructor values('93388', 'Budi', 'DE', 54683.31);
insert into instructor values('50969', 'Ande', 'WW', 103535.30);
insert into instructor values('73373', 'Ande', 'DE', 43291.54);
insert into instructor values('72842', 'yuyun', 'HH', 115390.76);
insert into instructor values('78039', 'Josu', 'GO', 50769.80);
insert into instructor values('30528', 'Yohan', 'ED', 77463.62);
insert into instructor values('69419', 'rahmat', 'ED', 113366.80);
insert into instructor values('1125', 'Ande', 'GO', 86639.41);
insert into instructor values('93739', 'Yohan', 'GO', 33279.35);
insert into instructor values('48581', 'Ande', 'DE', 35874.97);
insert into instructor values('86156', 'rahmat', 'EL', 50921.62);
insert into instructor values('97324', 'Budi', 'IF', 43572.01);
insert into instructor values('28485', 'rahmat', 'WW', 110343.75);
insert into instructor values('55563', 'Josu', 'SS', 31991.56);
insert into instructor values('92814', 'Adri', 'RQ', 103142.05);
insert into instructor values('25492', 'Johan', 'EL', 32873.56);
insert into instructor values('33665', 'Josu', 'GO', 84504.21);
insert into instructor values('7865', 'rahmat', 'KL', 114540.00);
insert into instructor values('51516', 'yuyun', 'GO', 103958.21);
insert into instructor values('22512', 'Josu', 'KL', 31497.42);
insert into instructor values('92637', 'Kiki', 'HH', 82944.92);
insert into instructor values('90449', 'Budi', 'SS', 94918.65);
insert into instructor values('68036', 'Kiki', 'GO', 101509.79);
insert into instructor values('22709', 'yuyun', 'GO', 50371.35);
insert into instructor values('39507', 'Ande', 'KL', 127210.05);
insert into instructor values('39001', 'Budi', 'IF', 127774.46);
insert into instructor values('93137', 'Yohan', 'DE', 30759.32);
insert into instructor values('67481', 'Yohan', 'HH', 97802.09);
insert into instructor values('95682', 'Budi', 'RQ', 84982.77);
insert into instructor values('43413', 'yuyun', 'IF', 128817.25);
insert into instructor values('3312', 'Kiki', 'GO', 36331.23);
insert into instructor values('48686', 'Ande', 'KL', 88906.54);
insert into instructor values('46917', 'Johan', 'DE', 71503.93);
insert into instructor values('29385', 'Kiki', 'DE', 78699.83);
insert into instructor values('42382', 'Ande', 'RQ', 75654.86);
insert into instructor values('72106', 'Budi', 'EL', 112397.64);
insert into instructor values('26873', 'Budi', 'SS', 93208.92);
insert into instructor values('27322', 'rahmat', 'SS', 86791.74);
insert into instructor values('20375', 'Josu', 'RQ', 57489.57);
insert into instructor values('9506', 'rahmat', 'HH', 91053.18);
insert into instructor values('47834', 'Johan', 'EL', 51160.57);
insert into instructor values('10509', 'rahmat', 'EL', 113675.04);
insert into instructor values('67191', 'Yohan', 'WW', 95910.08);
insert into instructor values('54857', 'Yohan', 'GO', 97195.50);
insert into instructor values('90181', 'Kiki', 'IF', 46856.40);
insert into instructor values('40998', 'Adri', 'ED', 76190.09);
insert into instructor values('13884', 'Yohan', 'SS', 84830.07);
insert into instructor values('74964', 'Ahmad', 'IF', 109510.40);
insert into instructor values('47575', 'Ande', 'EL', 57988.18);
insert into section values('297', '1', 'Spring', 2003, 'F', '570', 'O');
insert into section values('463', '1', 'Fall', 2008, 'H', '261', 'G');
insert into section values('227', '1', 'Spring', 2004, 'J', '781', 'B');
insert into section values('338', '1', 'Fall', 2001, 'G', '594', 'I');
insert into section values('556', '1', 'Spring', 2010, 'I', '810', 'L');
insert into section values('315', '1', 'Spring', 2010, 'A', '201', 'N');
insert into section values('766', '1', 'Fall', 2003, 'J', '500', 'L');
insert into section values('737', '1', 'Fall', 2009, 'H', '261', 'B');
insert into section values('800', '1', 'Fall', 2007, 'F', '570', 'K');
insert into section values('109', '1', 'Fall', 2008, 'G', '594', 'E');
insert into section values('624', '1', 'Fall', 2006, 'H', '261', 'N');
insert into section values('277', '1', 'Fall', 2010, 'G', '594', 'E');
insert into section values('120', '1', 'Fall', 2009, 'I', '810', 'A');
insert into section values('354', '1', 'Spring', 2002, 'H', '261', 'G');
insert into section values('306', '1', 'Fall', 2004, 'J', '781', 'C');
insert into section values('704', '1', 'Fall', 2002, 'G', '594', 'M');
insert into section values('702', '1', 'Spring', 2003, 'C', '567', 'L');
insert into section values('218', '1', 'Spring', 2004, 'J', '500', 'P');
insert into section values('536', '1', 'Spring', 2010, 'F', '570', 'F');
insert into section values('956', '1', 'Spring', 2001, 'A', '201', 'N');
insert into section values('703', '1', 'Spring', 2010, 'A', '201', 'K');
insert into section values('981', '1', 'Spring', 2009, 'I', '810', 'F');
insert into section values('973', '1', 'Spring', 2009, 'C', '567', 'J');
insert into section values('981', '2', 'Spring', 2002, 'J', '500', 'L');
insert into section values('695', '1', 'Spring', 2010, 'I', '997', 'J');
insert into section values('802', '1', 'Fall', 2005, 'I', '997', 'B');
insert into section values('297', '2', 'Spring', 2010, 'F', '570', 'C');
insert into section values('835', '1', 'Spring', 2002, 'I', '810', 'G');
insert into section values('359', '1', 'Spring', 2002, 'A', '201', 'N');
insert into section values('208', '1', 'Fall', 2010, 'I', '997', 'G');
insert into section values('695', '2', 'Spring', 2008, 'I', '997', 'J');
insert into section values('607', '1', 'Spring', 2002, 'C', '567', 'N');
insert into section values('377', '1', 'Fall', 2001, 'I', '810', 'H');
insert into section values('288', '1', 'Spring', 2002, 'I', '810', 'P');
insert into section values('190', '1', 'Spring', 2002, 'C', '567', 'N');
insert into section values('213', '1', 'Spring', 2005, 'I', '810', 'F');
insert into section values('934', '1', 'Fall', 2006, 'I', '810', 'J');
insert into section values('187', '1', 'Fall', 2002, 'D', '241', 'N');
insert into section values('366', '1', 'Fall', 2010, 'G', '594', 'N');
insert into section values('505', '1', 'Fall', 2005, 'G', '594', 'P');
insert into section values('602', '1', 'Spring', 2010, 'I', '810', 'H');
insert into section values('512', '1', 'Fall', 2007, 'J', '781', 'I');
insert into section values('956', '2', 'Fall', 2001, 'F', '570', 'P');
insert into section values('211', '1', 'Fall', 2001, 'F', '570', 'I');
insert into section values('541', '1', 'Spring', 2010, 'A', '201', 'A');
insert into section values('113', '1', 'Fall', 2002, 'I', '997', 'C');
insert into section values('263', '1', 'Spring', 2006, 'F', '570', 'F');
insert into section values('667', '1', 'Fall', 2001, 'J', '500', 'I');
insert into section values('951', '1', 'Fall', 2009, 'D', '241', 'O');
insert into section values('547', '1', 'Spring', 2006, 'D', '241', 'E');
insert into section values('658', '1', 'Spring', 2007, 'I', '810', 'A');
insert into section values('685', '1', 'Spring', 2004, 'A', '201', 'G');
insert into section values('145', '1', 'Spring', 2006, 'D', '241', 'M');
insert into section values('650', '1', 'Fall', 2006, 'I', '997', 'J');
insert into section values('516', '1', 'Fall', 2003, 'I', '810', 'N');
insert into section values('650', '2', 'Fall', 2006, 'J', '781', 'B');
insert into section values('653', '1', 'Spring', 2005, 'G', '594', 'P');
insert into section values('288', '2', 'Spring', 2004, 'J', '781', 'C');
insert into section values('766', '2', 'Fall', 2003, 'A', '201', 'O');
insert into section values('535', '1', 'Fall', 2005, 'D', '241', 'L');
insert into section values('414', '1', 'Fall', 2005, 'G', '594', 'K');
insert into section values('797', '1', 'Fall', 2006, 'G', '594', 'N');
insert into section values('770', '1', 'Spring', 2002, 'J', '781', 'O');
insert into section values('586', '1', 'Spring', 2005, 'G', '594', 'J');
insert into section values('496', '1', 'Spring', 2009, 'I', '810', 'J');
insert into section values('182', '1', 'Spring', 2004, 'F', '570', 'D');
insert into section values('315', '2', 'Fall', 2007, 'F', '570', 'F');
insert into section values('114', '1', 'Fall', 2002, 'C', '567', 'D');
insert into section values('550', '1', 'Fall', 2001, 'G', '594', 'F');
insert into section values('909', '1', 'Fall', 2010, 'G', '594', 'G');
insert into section values('766', '3', 'Spring', 2003, 'J', '781', 'F');
insert into section values('408', '1', 'Spring', 2008, 'F', '570', 'P');
insert into section values('114', '2', 'Fall', 2009, 'D', '241', 'P');
insert into section values('672', '1', 'Fall', 2006, 'C', '567', 'H');
insert into section values('695', '3', 'Spring', 2009, 'J', '781', 'E');
insert into section values('685', '2', 'Fall', 2002, 'C', '567', 'L');
insert into section values('948', '1', 'Spring', 2007, 'A', '201', 'F');
insert into section values('277', '2', 'Spring', 2004, 'C', '567', 'E');
insert into section values('835', '2', 'Spring', 2009, 'C', '567', 'P');
insert into section values('349', '1', 'Fall', 2006, 'A', '201', 'B');
insert into section values('586', '2', 'Spring', 2009, 'D', '241', 'B');
insert into section values('956', '3', 'Fall', 2009, 'I', '810', 'L');
insert into section values('179', '1', 'Fall', 2010, 'I', '810', 'O');
insert into section values('586', '3', 'Spring', 2007, 'G', '594', 'D');
insert into section values('541', '2', 'Spring', 2002, 'I', '997', 'L');
insert into section values('802', '2', 'Fall', 2010, 'C', '567', 'H');
insert into section values('958', '1', 'Spring', 2003, 'J', '781', 'C');
insert into section values('918', '1', 'Spring', 2008, 'C', '567', 'A');
insert into section values('301', '1', 'Spring', 2007, 'A', '201', 'A');
insert into section values('865', '1', 'Spring', 2003, 'D', '241', 'N');
insert into section values('907', '1', 'Spring', 2004, 'H', '261', 'E');
insert into section values('311', '1', 'Spring', 2010, 'A', '201', 'H');
insert into section values('580', '1', 'Fall', 2004, 'I', '997', 'J');
insert into section values('650', '3', 'Spring', 2005, 'I', '810', 'K');
insert into section values('997', '1', 'Fall', 2004, 'G', '594', 'J');
insert into section values('550', '2', 'Spring', 2003, 'F', '570', 'C');
insert into section values('524', '1', 'Spring', 2002, 'F', '570', 'A');
insert into section values('589', '1', 'Spring', 2001, 'C', '567', 'J');
insert into section values('800', '2', 'Spring', 2010, 'F', '570', 'N');
insert into section values('277', '3', 'Spring', 2004, 'G', '594', 'C');
insert into section values('227', '2', 'Fall', 2005, 'D', '241', 'K');
insert into section values('896', '1', 'Fall', 2006, 'D', '241', 'K');
insert into section values('107', '1', 'Spring', 2002, 'I', '810', 'O');
insert into section values('566', '1', 'Spring', 2010, 'H', '261', 'I');
insert into section values('699', '1', 'Spring', 2002, 'D', '241', 'H');
insert into section values('530', '1', 'Spring', 2004, 'F', '570', 'P');
insert into section values('975', '1', 'Fall', 2009, 'G', '594', 'H');
insert into section values('707', '1', 'Fall', 2010, 'H', '261', 'M');
insert into section values('541', '3', 'Spring', 2001, 'I', '997', 'E');
insert into section values('624', '2', 'Spring', 2002, 'C', '567', 'M');
insert into section values('926', '1', 'Spring', 2007, 'I', '997', 'C');
insert into section values('492', '1', 'Spring', 2010, 'H', '261', 'I');
insert into section values('425', '1', 'Spring', 2009, 'I', '997', 'N');
insert into section values('958', '2', 'Fall', 2001, 'J', '781', 'G');
insert into section values('477', '1', 'Fall', 2001, 'A', '201', 'A');
insert into section values('839', '1', 'Fall', 2006, 'J', '781', 'I');
insert into section values('408', '2', 'Fall', 2002, 'G', '594', 'O');
insert into section values('272', '1', 'Spring', 2002, 'J', '781', 'F');
insert into section values('551', '1', 'Fall', 2001, 'D', '241', 'G');
insert into section values('580', '2', 'Spring', 2006, 'A', '201', 'N');
insert into section values('184', '1', 'Fall', 2009, 'I', '997', 'O');
insert into section values('699', '2', 'Spring', 2010, 'F', '570', 'J');
insert into section values('337', '1', 'Fall', 2004, 'A', '201', 'N');
insert into section values('746', '1', 'Spring', 2006, 'I', '997', 'L');
insert into section values('550', '3', 'Fall', 2001, 'A', '201', 'J');
insert into section values('907', '2', 'Spring', 2004, 'A', '201', 'K');
insert into section values('975', '2', 'Fall', 2002, 'J', '781', 'H');
insert into section values('264', '1', 'Spring', 2005, 'A', '201', 'E');
insert into section values('650', '4', 'Spring', 2009, 'J', '781', 'B');
insert into section values('187', '2', 'Fall', 2005, 'I', '810', 'M');
insert into section values('927', '1', 'Spring', 2010, 'D', '241', 'K');
insert into section values('650', '5', 'Fall', 2005, 'I', '997', 'O');
insert into section values('777', '1', 'Spring', 2004, 'C', '567', 'H');
insert into section values('704', '2', 'Spring', 2001, 'H', '261', 'H');
insert into section values('730', '1', 'Fall', 2007, 'G', '594', 'J');
insert into section values('547', '2', 'Spring', 2008, 'G', '594', 'H');
insert into section values('813', '1', 'Spring', 2007, 'J', '500', 'F');
insert into section values('771', '1', 'Spring', 2009, 'I', '810', 'N');
insert into section values('777', '2', 'Spring', 2005, 'I', '997', 'L');
insert into section values('902', '1', 'Spring', 2002, 'D', '241', 'C');
insert into section values('127', '1', 'Fall', 2001, 'G', '594', 'H');
insert into section values('477', '2', 'Fall', 2002, 'F', '570', 'N');
insert into section values('621', '1', 'Spring', 2001, 'C', '567', 'E');
insert into section values('354', '2', 'Fall', 2002, 'I', '810', 'H');
insert into section values('844', '1', 'Fall', 2004, 'C', '567', 'J');
insert into section values('288', '3', 'Spring', 2009, 'J', '781', 'G');
insert into section values('366', '2', 'Spring', 2009, 'H', '261', 'C');
insert into section values('942', '1', 'Fall', 2007, 'I', '997', 'J');
insert into section values('581', '1', 'Spring', 2004, 'C', '567', 'K');
insert into section values('844', '2', 'Spring', 2006, 'G', '594', 'N');
insert into section values('550', '4', 'Spring', 2008, 'G', '594', 'I');
insert into section values('354', '3', 'Spring', 2009, 'I', '997', 'L');
insert into section values('606', '1', 'Spring', 2009, 'F', '570', 'K');
insert into section values('661', '1', 'Fall', 2008, 'F', '570', 'K');
insert into section values('973', '2', 'Spring', 2002, 'J', '781', 'F');
insert into section values('496', '2', 'Spring', 2002, 'I', '997', 'A');
insert into section values('403', '1', 'Fall', 2002, 'A', '201', 'A');
insert into section values('975', '3', 'Fall', 2010, 'I', '997', 'J');
insert into section values('227', '3', 'Spring', 2005, 'I', '997', 'K');
insert into section values('305', '1', 'Spring', 2006, 'J', '781', 'O');
insert into section values('812', '1', 'Spring', 2009, 'D', '241', 'O');
insert into section values('399', '1', 'Spring', 2010, 'H', '261', 'D');
insert into section values('359', '2', 'Fall', 2009, 'F', '570', 'K');
insert into section values('113', '2', 'Spring', 2005, 'F', '570', 'P');
insert into section values('190', '2', 'Spring', 2005, 'D', '241', 'F');
insert into section values('375', '1', 'Fall', 2005, 'C', '567', 'J');
insert into section values('313', '1', 'Spring', 2001, 'H', '261', 'O');
insert into section values('263', '2', 'Fall', 2001, 'D', '241', 'C');
insert into section values('305', '2', 'Spring', 2006, 'A', '201', 'K');
insert into section values('277', '4', 'Fall', 2009, 'D', '241', 'I');
insert into section values('402', '1', 'Spring', 2004, 'I', '997', 'P');
insert into section values('150', '1', 'Fall', 2006, 'F', '570', 'L');
insert into section values('541', '4', 'Fall', 2004, 'D', '241', 'M');
insert into section values('685', '3', 'Spring', 2007, 'D', '241', 'I');
insert into section values('227', '4', 'Fall', 2009, 'I', '810', 'I');
insert into section values('104', '1', 'Fall', 2002, 'D', '241', 'H');
insert into section values('337', '2', 'Fall', 2010, 'C', '567', 'D');
insert into section values('835', '3', 'Fall', 2008, 'G', '594', 'M');
insert into section values('492', '2', 'Fall', 2004, 'F', '570', 'D');
insert into section values('121', '1', 'Fall', 2004, 'F', '570', 'D');
insert into section values('672', '2', 'Fall', 2006, 'J', '781', 'G');
insert into section values('463', '2', 'Spring', 2003, 'J', '500', 'M');
insert into section values('702', '2', 'Spring', 2006, 'G', '594', 'B');
insert into section values('839', '2', 'Fall', 2009, 'A', '201', 'H');
insert into section values('351', '1', 'Fall', 2006, 'A', '201', 'J');
insert into section values('656', '1', 'Spring', 2004, 'C', '567', 'D');
insert into section values('918', '2', 'Spring', 2006, 'I', '810', 'P');
insert into section values('375', '2', 'Fall', 2004, 'J', '781', 'A');
insert into section values('770', '2', 'Spring', 2003, 'F', '570', 'C');
insert into section values('798', '1', 'Spring', 2001, 'F', '570', 'C');
insert into section values('366', '3', 'Fall', 2001, 'A', '201', 'P');
insert into section values('541', '5', 'Fall', 2001, 'F', '570', 'A');
insert into section values('975', '4', 'Fall', 2001, 'I', '997', 'C');
insert into section values('771', '2', 'Spring', 2009, 'I', '810', 'O');
insert into section values('335', '1', 'Spring', 2004, 'C', '567', 'J');
insert into section values('589', '2', 'Fall', 2006, 'I', '997', 'N');
insert into section values('798', '2', 'Spring', 2005, 'A', '201', 'H');
insert into section values('351', '2', 'Spring', 2007, 'I', '997', 'D');
insert into section values('120', '2', 'Spring', 2006, 'D', '241', 'G');
insert into section values('656', '2', 'Fall', 2008, 'C', '567', 'F');
insert into teaches values('40998', '602', '1', 'Spring', 2010);
insert into teaches values('48686', '685', '3', 'Spring', 2007);
insert into teaches values('9506', '306', '1', 'Fall', 2004);
insert into teaches values('47575', '114', '2', 'Fall', 2009);
insert into teaches values('13884', '918', '2', 'Spring', 2006);
insert into teaches values('69419', '672', '2', 'Fall', 2006);
insert into teaches values('47575', '844', '1', 'Fall', 2004);
insert into teaches values('74964', '288', '3', 'Spring', 2009);
insert into teaches values('13884', '297', '2', 'Spring', 2010);
insert into teaches values('47575', '798', '1', 'Spring', 2001);
insert into teaches values('67481', '746', '1', 'Spring', 2006);
insert into teaches values('74964', '589', '2', 'Fall', 2006);
insert into teaches values('20375', '975', '2', 'Fall', 2002);
insert into teaches values('54857', '650', '2', 'Fall', 2006);
insert into teaches values('67191', '541', '3', 'Spring', 2001);
insert into teaches values('67481', '934', '1', 'Fall', 2006);
insert into teaches values('40998', '704', '1', 'Fall', 2002);
insert into teaches values('54857', '477', '2', 'Fall', 2002);
insert into teaches values('30528', '375', '2', 'Fall', 2004);
insert into teaches values('67191', '277', '2', 'Spring', 2004);
insert into teaches values('67481', '902', '1', 'Spring', 2002);
insert into teaches values('29385', '301', '1', 'Spring', 2007);
insert into teaches values('74964', '408', '1', 'Spring', 2008);
insert into teaches values('90181', '288', '2', 'Spring', 2004);
insert into teaches values('67191', '656', '1', 'Spring', 2004);
insert into teaches values('47575', '586', '3', 'Spring', 2007);
insert into teaches values('20375', '800', '1', 'Fall', 2007);
insert into teaches values('40998', '414', '1', 'Fall', 2005);
insert into teaches values('54857', '650', '1', 'Fall', 2006);
insert into teaches values('29385', '208', '1', 'Fall', 2010);
insert into teaches values('40998', '351', '2', 'Spring', 2007);
insert into teaches values('29385', '366', '3', 'Fall', 2001);
insert into teaches values('40998', '927', '1', 'Spring', 2010);
insert into teaches values('13884', '338', '1', 'Fall', 2001);
insert into teaches values('67191', '313', '1', 'Spring', 2001);
insert into teaches values('67191', '530', '1', 'Spring', 2004);
insert into teaches values('13884', '907', '1', 'Spring', 2004);
insert into teaches values('67191', '311', '1', 'Spring', 2010);
insert into teaches values('20375', '402', '1', 'Spring', 2004);
insert into teaches values('54857', '650', '4', 'Spring', 2009);
insert into teaches values('40998', '958', '1', 'Spring', 2003);
insert into teaches values('67191', '496', '1', 'Spring', 2009);
insert into teaches values('74964', '589', '1', 'Spring', 2001);
insert into teaches values('13884', '695', '3', 'Spring', 2009);
insert into teaches values('67191', '656', '2', 'Fall', 2008);
insert into teaches values('54857', '512', '1', 'Fall', 2007);
insert into teaches values('20375', '535', '1', 'Fall', 2005);
insert into teaches values('40998', '737', '1', 'Fall', 2009);
insert into teaches values('47575', '425', '1', 'Spring', 2009);
insert into teaches values('20375', '113', '2', 'Spring', 2005);
insert into teaches values('47575', '844', '2', 'Spring', 2006);
insert into teaches values('20375', '213', '1', 'Spring', 2005);
insert into teaches values('74964', '956', '1', 'Spring', 2001);
insert into teaches values('20375', '182', '1', 'Spring', 2004);
insert into teaches values('54857', '337', '1', 'Fall', 2004);
insert into teaches values('9506', '227', '2', 'Fall', 2005);
insert into teaches values('54857', '315', '1', 'Spring', 2010);
insert into teaches values('3312', '766', '1', 'Fall', 2003);
insert into teaches values('40998', '958', '2', 'Fall', 2001);
insert into teaches values('48686', '120', '2', 'Spring', 2006);
insert into teaches values('20375', '771', '2', 'Spring', 2009);
insert into teaches values('47575', '586', '1', 'Spring', 2005);
insert into teaches values('54857', '477', '1', 'Fall', 2001);
insert into teaches values('9506', '973', '2', 'Spring', 2002);
insert into teaches values('47575', '580', '1', 'Fall', 2004);
insert into teaches values('67481', '730', '1', 'Fall', 2007);
insert into teaches values('67191', '277', '1', 'Fall', 2010);
insert into teaches values('48686', '702', '2', 'Spring', 2006);
insert into teaches values('67191', '277', '3', 'Spring', 2004);
insert into teaches values('74964', '956', '2', 'Fall', 2001);
insert into teaches values('20375', '621', '1', 'Spring', 2001);
insert into teaches values('40998', '981', '1', 'Spring', 2009);
insert into teaches values('40998', '704', '2', 'Spring', 2001);
insert into teaches values('43413', '942', '1', 'Fall', 2007);
insert into teaches values('54857', '766', '3', 'Spring', 2003);
insert into teaches values('40998', '551', '1', 'Fall', 2001);
insert into teaches values('40998', '272', '1', 'Spring', 2002);
insert into teaches values('13884', '907', '2', 'Spring', 2004);
insert into teaches values('9506', '403', '1', 'Fall', 2002);
insert into teaches values('46917', '179', '1', 'Fall', 2010);
insert into teaches values('47575', '798', '2', 'Spring', 2005);
insert into teaches values('47575', '580', '2', 'Spring', 2006);
insert into teaches values('20375', '516', '1', 'Fall', 2003);
insert into teaches values('9506', '227', '4', 'Fall', 2009);
insert into teaches values('54857', '653', '1', 'Spring', 2005);
insert into teaches values('54857', '121', '1', 'Fall', 2004);
insert into teaches values('40998', '305', '1', 'Spring', 2006);
insert into teaches values('67191', '541', '5', 'Fall', 2001);
insert into teaches values('3312', '650', '5', 'Fall', 2005);
insert into teaches values('20375', '113', '1', 'Fall', 2002);
insert into teaches values('74964', '802', '1', 'Fall', 2005);
insert into teaches values('22709', '187', '1', 'Fall', 2002);
insert into teaches values('67191', '541', '4', 'Fall', 2004);
insert into teaches values('20375', '975', '3', 'Fall', 2010);
insert into teaches values('48686', '120', '1', 'Fall', 2009);
insert into teaches values('39507', '354', '2', 'Fall', 2002);
insert into teaches values('20375', '127', '1', 'Fall', 2001);
insert into teaches values('20375', '566', '1', 'Spring', 2010);
insert into teaches values('69419', '335', '1', 'Spring', 2004);
insert into teaches values('67191', '839', '1', 'Fall', 2006);
insert into student values('93321', 'Budi', 'IF', 77);
insert into student values('42415', 'Johan', 'HH', 116);
insert into student values('24446', 'rahmat', 'RQ', 74);
insert into student values('39456', 'yuyun', 'IF', 7);
insert into student values('48267', 'Yohan', 'KL', 88);
insert into student values('87903', 'rahmat', 'SS', 86);
insert into student values('67596', 'Budi', 'HH', 84);
insert into student values('66641', 'Adri', 'EL', 51);
insert into student values('96895', 'Adri', 'SS', 67);
insert into student values('88508', 'Johan', 'IF', 52);
insert into student values('64451', 'Ahmad', 'KL', 102);
insert into student values('52648', 'Yohan', 'ED', 115);
insert into student values('19001', 'Ahmad', 'EL', 95);
insert into student values('57536', 'Ahmad', 'HH', 75);
insert into student values('8870', 'Ande', 'IF', 50);
insert into student values('30514', 'Ahmad', 'RQ', 120);
insert into student values('38606', 'Ahmad', 'SS', 8);
insert into student values('84554', 'rahmat', 'EL', 23);
insert into student values('9722', 'Yohan', 'HH', 100);
insert into student values('88826', 'Yohan', 'GO', 37);
insert into student values('95762', 'Ande', 'EL', 22);
insert into student values('28885', 'Ande', 'RQ', 112);
insert into student values('6499', 'Yohan', 'EL', 110);
insert into student values('82191', 'Yohan', 'HH', 57);
insert into student values('10554', 'Yohan', 'SS', 1);
insert into student values('61470', 'Kiki', 'SS', 16);
insert into student values('93255', 'Kiki', 'IF', 81);
insert into student values('75259', 'Ande', 'SS', 40);
insert into student values('93051', 'Budi', 'DE', 118);
insert into student values('59585', 'rahmat', 'RQ', 122);
insert into student values('13033', 'rahmat', 'WW', 9);
insert into student values('87341', 'Kiki', 'EL', 121);
insert into student values('93064', 'Yohan', 'EL', 101);
insert into student values('5948', 'Ande', 'RQ', 55);
insert into student values('31982', 'Kiki', 'RQ', 93);
insert into student values('79279', 'Kiki', 'SS', 116);
insert into student values('21782', 'Yohan', 'DE', 5);
insert into student values('12745', 'Adri', 'ED', 99);
insert into student values('73243', 'Johan', 'IF', 101);
insert into student values('4015', 'Johan', 'ED', 30);
insert into student values('46362', 'Ande', 'HH', 20);
insert into student values('69607', 'Adri', 'KL', 28);
insert into student values('22004', 'Adri', 'GO', 82);
insert into student values('53401', 'Josu', 'DE', 103);
insert into student values('27593', 'Adri', 'DE', 101);
insert into student values('10576', 'yuyun', 'EL', 109);
insert into student values('52573', 'Johan', 'ED', 25);
insert into student values('84634', 'Josu', 'SS', 91);
insert into student values('14614', 'Yohan', 'RQ', 125);
insert into student values('37155', 'Ande', 'ED', 75);
insert into student values('41371', 'Kiki', 'HH', 44);
insert into student values('78686', 'Ande', 'RQ', 101);
insert into student values('24982', 'Josu', 'WW', 25);
insert into student values('38075', 'Josu', 'ED', 69);
insert into student values('18899', 'Ahmad', 'WW', 48);
insert into student values('94289', 'Yohan', 'EL', 111);
insert into student values('78462', 'yuyun', 'GO', 93);
insert into student values('99157', 'Ande', 'IF', 107);
insert into student values('7912', 'Yohan', 'GO', 46);
insert into student values('26145', 'yuyun', 'ED', 36);
insert into student values('23842', 'Yohan', 'HH', 90);
insert into student values('85742', 'Johan', 'HH', 17);
insert into student values('95520', 'Kiki', 'RQ', 83);
insert into student values('3545', 'rahmat', 'HH', 52);
insert into student values('19928', 'Budi', 'HH', 23);
insert into student values('83809', 'yuyun', 'DE', 123);
insert into student values('81088', 'Johan', 'DE', 11);
insert into student values('83686', 'Adri', 'IF', 57);
insert into student values('98994', 'Yohan', 'IF', 9);
insert into student values('73164', 'Kiki', 'EL', 23);
insert into student values('98282', 'Adri', 'SS', 76);
insert into student values('15797', 'Budi', 'RQ', 26);
insert into student values('1222', 'Kiki', 'KL', 1);
insert into student values('58730', 'Josu', 'SS', 62);
insert into student values('18885', 'Adri', 'DE', 14);
insert into student values('86642', 'Ande', 'WW', 66);
insert into student values('99273', 'Josu', 'EL', 55);
insert into student values('78937', 'rahmat', 'WW', 76);
insert into student values('43924', 'Adri', 'GO', 28);
insert into student values('52778', 'Yohan', 'ED', 64);
insert into student values('90510', 'Kiki', 'DE', 13);
insert into student values('40821', 'yuyun', 'HH', 58);
insert into student values('9564', 'Ande', 'DE', 103);
insert into student values('75465', 'Budi', 'GO', 98);
insert into student values('72586', 'Josu', 'EL', 88);
insert into student values('53338', 'Josu', 'GO', 0);
insert into student values('44450', 'yuyun', 'EL', 74);
insert into student values('5436', 'rahmat', 'IF', 29);
insert into student values('52530', 'Kiki', 'IF', 33);
insert into student values('78021', 'rahmat', 'EL', 107);
insert into student values('60330', 'Adri', 'SS', 77);
insert into student values('26190', 'yuyun', 'SS', 67);
insert into student values('94043', 'Adri', 'EL', 107);
insert into student values('84499', 'Josu', 'ED', 129);
insert into student values('40024', 'Budi', 'DE', 70);
insert into student values('61198', 'Adri', 'HH', 69);
insert into student values('49688', 'Kiki', 'GO', 54);
insert into student values('90079', 'Budi', 'DE', 1);
insert into student values('44497', 'Adri', 'ED', 115);
insert into student values('77254', 'Adri', 'SS', 5);
insert into takes values('9722', '399', '1', 'Spring', 2010, 'A ');
insert into takes values('82191', '524', '1', 'Spring', 2002, 'C-');
insert into takes values('64451', '942', '1', 'Fall', 2007, 'C+');
insert into takes values('14614', '179', '1', 'Fall', 2010, 'B-');
insert into takes values('9564', '956', '2', 'Fall', 2001, 'B+');
insert into takes values('41371', '730', '1', 'Fall', 2007, 'B ');
insert into takes values('78686', '975', '4', 'Fall', 2001, 'B ');
insert into takes values('42415', '179', '1', 'Fall', 2010, 'B-');
insert into takes values('57536', '263', '1', 'Spring', 2006, 'C-');
insert into takes values('64451', '695', '2', 'Spring', 2008, 'C+');
insert into takes values('78462', '695', '1', 'Spring', 2010, 'C+');
insert into takes values('83686', '777', '2', 'Spring', 2005, 'C-');
insert into takes values('98282', '958', '1', 'Spring', 2003, 'B+');
insert into takes values('75259', '179', '1', 'Fall', 2010, 'C ');
insert into takes values('60330', '839', '2', 'Fall', 2009, 'A ');
insert into takes values('53338', '311', '1', 'Spring', 2010, 'A+');
insert into takes values('39456', '907', '2', 'Spring', 2004, 'B ');
insert into takes values('73164', '277', '2', 'Spring', 2004, 'A ');
insert into takes values('40024', '208', '1', 'Fall', 2010, 'B ');
insert into takes values('94289', '114', '2', 'Fall', 2009, 'B+');
insert into takes values('94289', '766', '1', 'Fall', 2003, 'B+');
insert into takes values('57536', '589', '1', 'Spring', 2001, 'C+');
insert into takes values('96895', '566', '1', 'Spring', 2010, 'C-');
insert into takes values('85742', '227', '2', 'Fall', 2005, 'A+');
insert into takes values('61198', '907', '1', 'Spring', 2004, 'B+');
insert into takes values('72586', '813', '1', 'Spring', 2007, 'A ');
insert into takes values('72586', '907', '2', 'Spring', 2004, 'B-');
insert into takes values('4015', '653', '1', 'Spring', 2005, 'A-');
insert into takes values('73164', '975', '2', 'Fall', 2002, 'A+');
insert into takes values('40821', '366', '3', 'Fall', 2001, 'B-');
insert into takes values('98994', '580', '1', 'Fall', 2004, 'A-');
insert into takes values('88826', '305', '2', 'Spring', 2006, 'A+');
insert into takes values('86642', '975', '1', 'Fall', 2009, 'C+');
insert into takes values('31982', '797', '1', 'Fall', 2006, 'C ');
insert into takes values('41371', '650', '1', 'Fall', 2006, 'B ');
insert into takes values('48267', '958', '1', 'Spring', 2003, 'A-');
insert into takes values('75259', '707', '1', 'Fall', 2010, 'B ');
insert into takes values('94289', '650', '2', 'Fall', 2006, 'A-');
insert into takes values('84554', '956', '1', 'Spring', 2001, 'A+');
insert into takes values('66641', '477', '2', 'Fall', 2002, 'A ');
insert into takes values('44497', '288', '3', 'Spring', 2009, 'B+');
insert into takes values('14614', '835', '2', 'Spring', 2009, 'C ');
insert into takes values('90079', '699', '1', 'Spring', 2002, 'C+');
insert into takes values('88508', '926', '1', 'Spring', 2007, 'B ');
insert into takes values('86642', '377', '1', 'Fall', 2001, 'C+');
insert into takes values('44497', '551', '1', 'Fall', 2001, 'B-');
insert into takes values('12745', '104', '1', 'Fall', 2002, 'C-');
insert into takes values('81088', '896', '1', 'Fall', 2006, 'C+');
insert into takes values('10554', '956', '3', 'Fall', 2009, 'A-');
insert into takes values('59585', '277', '4', 'Fall', 2009, 'A-');
insert into takes values('75465', '150', '1', 'Fall', 2006, 'B ');
insert into takes values('79279', '403', '1', 'Fall', 2002, 'A-');
insert into takes values('19928', '589', '1', 'Spring', 2001, 'C-');
insert into takes values('18885', '802', '1', 'Fall', 2005, 'C+');
insert into takes values('79279', '315', '1', 'Spring', 2010, 'C+');
insert into takes values('95762', '802', '2', 'Fall', 2010, 'A+');
insert into takes values('42415', '835', '3', 'Fall', 2008, 'A ');
insert into takes values('24446', '650', '4', 'Spring', 2009, 'C ');
insert into takes values('87903', '288', '1', 'Spring', 2002, 'C ');
insert into takes values('69607', '839', '1', 'Fall', 2006, 'C+');
insert into takes values('7912', '902', '1', 'Spring', 2002, 'A ');
insert into takes values('24982', '337', '1', 'Fall', 2004, 'A ');
insert into takes values('93255', '305', '2', 'Spring', 2006, 'B-');
insert into takes values('49688', '656', '1', 'Spring', 2004, 'A+');
insert into takes values('14614', '918', '2', 'Spring', 2006, 'B ');
insert into takes values('9564', '699', '2', 'Spring', 2010, 'A+');
insert into takes values('88826', '107', '1', 'Spring', 2002, 'C+');
insert into takes values('49688', '865', '1', 'Spring', 2003, 'A+');
insert into takes values('61470', '802', '1', 'Fall', 2005, 'A+');
insert into takes values('72586', '975', '2', 'Fall', 2002, 'A+');
insert into takes values('93321', '541', '3', 'Spring', 2001, 'A ');
insert into takes values('81088', '315', '1', 'Spring', 2010, 'B-');
insert into takes values('86642', '335', '1', 'Spring', 2004, 'B+');
insert into takes values('9564', '975', '2', 'Fall', 2002, 'A ');
insert into takes values('9722', '667', '1', 'Fall', 2001, 'C ');
insert into takes values('79279', '771', '2', 'Spring', 2009, 'A ');
insert into takes values('83809', '337', '2', 'Fall', 2010, 'B-');
insert into takes values('12745', '288', '1', 'Spring', 2002, 'B-');
insert into takes values('72586', '958', '1', 'Spring', 2003, 'C+');
insert into takes values('4015', '650', '1', 'Fall', 2006, 'B ');
insert into takes values('38075', '624', '2', 'Spring', 2002, 'B ');
insert into takes values('57536', '581', '1', 'Spring', 2004, 'C ');
insert into takes values('99273', '305', '1', 'Spring', 2006, 'C ');
insert into takes values('53401', '766', '1', 'Fall', 2003, 'B ');
insert into takes values('81088', '211', '1', 'Fall', 2001, 'B+');
insert into takes values('84634', '305', '1', 'Spring', 2006, 'C+');
insert into takes values('9564', '975', '1', 'Fall', 2009, 'B ');
insert into takes values('75465', '463', '2', 'Spring', 2003, 'C ');
insert into takes values('43924', '907', '2', 'Spring', 2004, 'A ');
insert into takes values('27593', '263', '2', 'Fall', 2001, 'A ');
insert into takes values('81088', '536', '1', 'Spring', 2010, 'A-');
insert into takes values('87341', '798', '1', 'Spring', 2001, 'A-');
insert into takes values('49688', '958', '1', 'Spring', 2003, 'B-');
insert into takes values('88826', '948', '1', 'Spring', 2007, 'B+');
insert into takes values('18885', '658', '1', 'Spring', 2007, 'C-');
insert into takes values('85742', '182', '1', 'Spring', 2004, 'C-');
insert into takes values('44450', '835', '3', 'Fall', 2008, 'A-');
insert into takes values('7912', '942', '1', 'Fall', 2007, 'C-');
insert into takes values('88508', '650', '3', 'Spring', 2005, 'A-');
insert into takes values('93051', '956', '1', 'Spring', 2001, 'B ');
insert into takes values('86642', '263', '1', 'Spring', 2006, 'B ');
insert into takes values('37155', '777', '1', 'Spring', 2004, 'C+');
insert into takes values('52530', '981', '1', 'Spring', 2009, 'C ');
insert into takes values('44450', '351', '2', 'Spring', 2007, 'A+');
insert into takes values('99157', '315', '2', 'Fall', 2007, 'B ');
insert into takes values('24982', '541', '1', 'Spring', 2010, 'B+');
insert into takes values('61198', '213', '1', 'Spring', 2005, 'C-');
insert into takes values('95520', '800', '2', 'Spring', 2010, 'A ');
insert into takes values('75465', '586', '1', 'Spring', 2005, 'C+');
insert into takes values('78462', '113', '2', 'Spring', 2005, 'A-');
insert into takes values('19001', '359', '1', 'Spring', 2002, 'A ');
insert into takes values('69607', '580', '1', 'Fall', 2004, 'C-');
insert into takes values('26145', '550', '4', 'Spring', 2008, 'A-');
insert into takes values('31982', '975', '3', 'Fall', 2010, 'B-');
insert into takes values('84499', '399', '1', 'Spring', 2010, 'C-');
insert into takes values('38606', '650', '2', 'Fall', 2006, 'A+');
insert into takes values('24982', '277', '3', 'Spring', 2004, 'A-');
insert into takes values('28885', '113', '1', 'Fall', 2002, 'A-');
insert into takes values('38075', '113', '1', 'Fall', 2002, 'C ');
insert into takes values('88826', '550', '3', 'Fall', 2001, 'B+');
insert into takes values('23842', '771', '2', 'Spring', 2009, 'C+');
insert into takes values('87341', '227', '2', 'Fall', 2005, 'C+');
insert into takes values('95762', '907', '1', 'Spring', 2004, 'C ');
insert into takes values('9722', '621', '1', 'Spring', 2001, 'A+');
insert into takes values('44450', '297', '1', 'Spring', 2003, 'B-');
insert into takes values('75465', '685', '3', 'Spring', 2007, 'C+');
insert into takes values('5948', '942', '1', 'Fall', 2007, 'C+');
insert into takes values('86642', '981', '2', 'Spring', 2002, 'A-');
insert into takes values('99157', '650', '1', 'Fall', 2006, 'C-');
insert into takes values('87341', '942', '1', 'Fall', 2007, 'B ');
insert into takes values('24446', '589', '2', 'Fall', 2006, 'C-');
insert into takes values('99157', '746', '1', 'Spring', 2006, 'B+');
insert into takes values('83809', '402', '1', 'Spring', 2004, 'C ');
insert into takes values('88826', '589', '1', 'Spring', 2001, 'B+');
insert into takes values('15797', '650', '5', 'Fall', 2005, 'C ');
insert into takes values('18899', '277', '3', 'Spring', 2004, 'A ');
insert into takes values('1222', '699', '2', 'Spring', 2010, 'B+');
insert into takes values('79279', '653', '1', 'Spring', 2005, 'C ');
insert into takes values('90079', '839', '2', 'Fall', 2009, 'B ');
insert into takes values('40821', '512', '1', 'Fall', 2007, 'A ');
insert into takes values('69607', '120', '1', 'Fall', 2009, 'B ');
insert into takes values('93321', '650', '5', 'Fall', 2005, 'A+');
insert into takes values('24982', '812', '1', 'Spring', 2009, 'B ');
insert into takes values('75259', '190', '1', 'Spring', 2002, 'B-');
insert into takes values('13033', '695', '2', 'Spring', 2008, 'B+');
insert into takes values('77254', '272', '1', 'Spring', 2002, 'A-');
insert into takes values('38606', '179', '1', 'Fall', 2010, 'A-');
insert into takes values('61470', '366', '1', 'Fall', 2010, 'A-');
insert into takes values('18899', '359', '2', 'Fall', 2009, 'A ');
insert into takes values('53401', '653', '1', 'Spring', 2005, 'B+');
insert into takes values('40024', '541', '5', 'Fall', 2001, 'C+');
insert into takes values('66641', '288', '1', 'Spring', 2002, 'C-');
insert into takes values('61198', '766', '2', 'Fall', 2003, 'A-');
insert into takes values('43924', '607', '1', 'Spring', 2002, 'C ');
insert into takes values('52573', '771', '2', 'Spring', 2009, 'C+');
insert into takes values('98282', '375', '1', 'Fall', 2005, 'B-');
insert into takes values('69607', '771', '1', 'Spring', 2009, 'C-');
insert into takes values('46362', '354', '1', 'Spring', 2002, 'C+');
insert into takes values('18899', '835', '1', 'Spring', 2002, 'C+');
insert into takes values('88508', '408', '2', 'Fall', 2002, 'B-');
insert into takes values('4015', '288', '2', 'Spring', 2004, 'A+');
insert into takes values('61470', '766', '2', 'Fall', 2003, 'A ');
insert into takes values('73164', '580', '2', 'Spring', 2006, 'C+');
insert into takes values('88826', '802', '1', 'Fall', 2005, 'A-');
insert into takes values('38606', '541', '2', 'Spring', 2002, 'B ');
insert into takes values('31982', '359', '1', 'Spring', 2002, 'A+');
insert into takes values('78462', '699', '1', 'Spring', 2002, 'C-');
insert into takes values('95520', '305', '1', 'Spring', 2006, 'B+');
insert into takes values('30514', '975', '2', 'Fall', 2002, 'A ');
insert into takes values('82191', '211', '1', 'Fall', 2001, 'A+');
insert into takes values('84634', '547', '1', 'Spring', 2006, 'A-');
insert into takes values('93064', '800', '1', 'Fall', 2007, 'C-');
insert into takes values('78462', '844', '1', 'Fall', 2004, 'A-');
insert into takes values('61470', '956', '2', 'Fall', 2001, 'A-');
insert into takes values('93064', '535', '1', 'Fall', 2005, 'C-');
insert into takes values('18899', '313', '1', 'Spring', 2001, 'B ');
insert into takes values('73164', '685', '3', 'Spring', 2007, 'C ');
insert into takes values('5948', '948', '1', 'Spring', 2007, 'B-');
insert into takes values('22004', '536', '1', 'Spring', 2010, 'A+');
insert into takes values('30514', '359', '1', 'Spring', 2002, 'A-');
insert into takes values('12745', '606', '1', 'Spring', 2009, 'B-');
insert into takes values('7912', '496', '2', 'Spring', 2002, 'C ');
insert into takes values('73243', '737', '1', 'Fall', 2009, 'A ');
insert into takes values('95762', '354', '1', 'Spring', 2002, 'C ');
insert into takes values('18899', '366', '2', 'Spring', 2009, 'B+');
insert into takes values('13033', '399', '1', 'Spring', 2010, 'A-');
insert into takes values('37155', '835', '2', 'Spring', 2009, 'A ');
insert into takes values('53338', '190', '1', 'Spring', 2002, 'B+');
insert into takes values('21782', '337', '2', 'Fall', 2010, 'A+');
insert into takes values('99157', '297', '2', 'Spring', 2010, 'C-');
insert into takes values('26145', '187', '2', 'Fall', 2005, 'B-');
insert into takes values('10554', '667', '1', 'Fall', 2001, 'B-');
insert into takes values('4015', '477', '1', 'Fall', 2001, 'B+');
insert into takes values('61198', '377', '1', 'Fall', 2001, 'A-');
insert into takes values('1222', '918', '2', 'Spring', 2006, 'C ');
insert into takes values('42415', '551', '1', 'Fall', 2001, 'B ');
insert into takes values('26190', '208', '1', 'Fall', 2010, 'A-');
insert into takes values('69607', '624', '2', 'Spring', 2002, 'A ');
insert into takes values('83809', '190', '2', 'Spring', 2005, 'B+');
insert into takes values('5436', '337', '1', 'Fall', 2004, 'C-');
insert into advisor values('93321', '30528');
insert into advisor values('42415', '3312');
insert into advisor values('24446', '90181');
insert into advisor values('39456', '7865');
insert into advisor values('48267', '20375');
insert into advisor values('87903', '67481');
insert into advisor values('67596', '9506');
insert into advisor values('66641', '3312');
insert into advisor values('96895', '90449');
insert into advisor values('88508', '69419');
insert into advisor values('64451', '97324');
insert into advisor values('52648', '90449');
insert into advisor values('19001', '93137');
insert into advisor values('57536', '67481');
insert into advisor values('8870', '47834');
insert into advisor values('30514', '43413');
insert into advisor values('38606', '97324');
insert into advisor values('84554', '50969');
insert into advisor values('9722', '13884');
insert into advisor values('88826', '26873');
insert into advisor values('95762', '55563');
insert into advisor values('28885', '93137');
insert into advisor values('6499', '40998');
insert into advisor values('82191', '92637');
insert into advisor values('10554', '20375');
insert into advisor values('61470', '72106');
insert into advisor values('93255', '93137');
insert into advisor values('75259', '93137');
insert into advisor values('93051', '78039');
insert into advisor values('59585', '54857');
insert into advisor values('13033', '20375');
insert into advisor values('87341', '55563');
insert into advisor values('93064', '22726');
insert into advisor values('5948', '67481');
insert into advisor values('31982', '48686');
insert into advisor values('79279', '92637');
insert into advisor values('21782', '73373');
insert into advisor values('12745', '40998');
insert into advisor values('73243', '68036');
insert into advisor values('4015', '93388');
insert into advisor values('46362', '3312');
insert into advisor values('69607', '40998');
insert into advisor values('22004', '48581');
insert into advisor values('53401', '97324');
insert into advisor values('27593', '86156');
insert into advisor values('10576', '10509');
insert into advisor values('52573', '51516');
insert into advisor values('84634', '22512');
insert into advisor values('14614', '69419');
insert into advisor values('37155', '33665');
insert into advisor values('41371', '39507');
insert into advisor values('78686', '54857');
insert into advisor values('24982', '92637');
insert into advisor values('38075', '68036');
insert into advisor values('18899', '54857');
insert into advisor values('94289', '7865');
insert into advisor values('78462', '69419');
insert into advisor values('99157', '67481');
insert into advisor values('7912', '97324');
insert into advisor values('26145', '50969');
insert into advisor values('23842', '78039');
insert into advisor values('85742', '67191');
insert into advisor values('95520', '51516');
insert into advisor values('3545', '67481');
insert into advisor values('19928', '39001');
insert into advisor values('83809', '13884');
insert into advisor values('81088', '27322');
insert into advisor values('83686', '42382');
insert into advisor values('98994', '43413');
insert into advisor values('73164', '72106');
insert into advisor values('98282', '97324');
insert into advisor values('15797', '22709');
insert into advisor values('1222', '1125');
insert into advisor values('58730', '39001');
insert into advisor values('18885', '46917');
insert into advisor values('86642', '72842');
insert into advisor values('99273', '29385');
insert into advisor values('78937', '50969');
insert into advisor values('43924', '22512');
insert into advisor values('52778', '92637');
insert into advisor values('90510', '55563');
insert into advisor values('40821', '69419');
insert into advisor values('9564', '72842');
insert into advisor values('75465', '67481');
insert into advisor values('72586', '50969');
insert into advisor values('53338', '51516');
insert into advisor values('44450', '25492');
insert into advisor values('5436', '26873');
insert into advisor values('52530', '30528');
insert into advisor values('78021', '90181');
insert into advisor values('60330', '22709');
insert into advisor values('26190', '54857');
insert into advisor values('94043', '54857');
insert into advisor values('84499', '69419');
insert into advisor values('40024', '33665');
insert into advisor values('61198', '50969');
insert into advisor values('49688', '39001');
insert into advisor values('90079', '92814');
insert into advisor values('44497', '90449');
insert into advisor values('77254', '1125');
insert into prereq values('909', '121');
insert into prereq values('796', '727');
insert into prereq values('306', '749');
insert into prereq values('291', '607');
insert into prereq values('606', '107');
insert into prereq values('848', '264');
insert into prereq values('354', '737');
insert into prereq values('827', '204');
insert into prereq values('918', '667');
insert into prereq values('719', '492');
insert into prereq values('214', '992');
insert into prereq values('353', '909');
insert into prereq values('796', '851');
insert into prereq values('928', '311');
insert into prereq values('679', '851');
insert into prereq values('797', '263');
insert into prereq values('715', '802');
insert into prereq values('227', '909');
insert into prereq values('351', '827');
insert into prereq values('613', '699');
insert into prereq values('286', '184');
insert into prereq values('742', '948');
insert into prereq values('272', '530');
insert into prereq values('301', '408');
insert into prereq values('289', '541');
insert into prereq values('766', '568');
insert into prereq values('337', '512');
insert into prereq values('902', '566');
insert into prereq values('928', '835');
insert into prereq values('399', '837');
insert into prereq values('934', '873');
insert into prereq values('302', '289');
insert into prereq values('107', '927');
insert into prereq values('313', '305');
insert into prereq values('844', '403');
insert into prereq values('335', '496');
insert into prereq values('512', '973');
insert into prereq values('190', '218');
insert into prereq values('128', '766');
insert into prereq values('551', '204');
insert into prereq values('602', '505');
insert into prereq values('942', '749');
insert into prereq values('302', '263');
insert into prereq values('251', '305');
insert into prereq values('997', '383');
insert into prereq values('338', '699');
insert into prereq values('942', '338');
insert into prereq values('960', '477');
insert into prereq values('801', '218');
insert into prereq values('948', '114');
insert into prereq values('607', '112');
insert into prereq values('441', '589');
insert into prereq values('120', '658');
insert into prereq values('542', '375');
insert into prereq values('403', '658');
insert into prereq values('927', '926');
insert into prereq values('827', '481');
insert into prereq values('766', '187');
insert into prereq values('798', '884');
insert into prereq values('751', '353');
insert into prereq values('475', '302');
insert into prereq values('837', '707');
insert into prereq values('730', '481');
insert into prereq values('512', '450');
insert into prereq values('492', '264');
insert into prereq values('686', '150');
insert into prereq values('366', '390');
insert into prereq values('613', '122');
insert into prereq values('998', '621');
insert into prereq values('530', '390');
insert into prereq values('997', '455');
insert into prereq values('204', '291');
insert into prereq values('607', '289');
insert into prereq values('902', '801');
insert into prereq values('686', '127');
insert into prereq values('286', '958');
insert into prereq values('306', '703');
insert into prereq values('551', '672');
insert into prereq values('311', '109');
insert into prereq values('152', '386');
insert into prereq values('702', '697');
insert into prereq values('560', '272');
insert into prereq values('535', '581');
insert into prereq values('218', '997');
insert into prereq values('777', '251');
insert into prereq values('926', '807');
insert into prereq values('190', '542');
insert into prereq values('104', '504');
insert into prereq values('227', '496');
insert into prereq values('455', '602');
insert into prereq values('315', '107');
insert into prereq values('650', '496');
insert into prereq values('291', '658');
insert into prereq values('403', '715');
insert into prereq values('463', '865');
insert into prereq values('835', '872');
insert into prereq values('934', '998');
insert into prereq values('589', '353');
insert into prereq values('727', '956');
insert into prereq values('907', '699');
