insert into classroom values('C', 357, 13);
insert into classroom values('E', 309, 35);
insert into classroom values('G', 169, 36);
insert into classroom values('H', 338, 45);
insert into classroom values('D', 397, 49);
insert into classroom values('H', 34, 10);
insert into classroom values('I', 94, 96);
insert into classroom values('C', 591, 44);
insert into classroom values('J', 475, 85);
insert into classroom values('D', 573, 30);
insert into department values('FR', 'E', 189564.69);
insert into department values('GT', 'C', 601563.75);
insert into department values('DF', 'G', 840678.21);
insert into department values('EL', 'E', 454944.99);
insert into department values('RR', 'I', 201293.39);
insert into department values('HI', 'F', 813101.07);
insert into department values('MT', 'H', 642306.10);
insert into department values('WW', 'D', 130731.99);
insert into department values('GO', 'A', 902101.03);
insert into department values('DE', 'J', 218589.98);
insert into course values('894', 'IF3030', 'GT', 4);
insert into course values('995', 'IF5555', 'GT', 3);
insert into course values('591', 'IF5555', 'HI', 3);
insert into course values('227', 'IF3031', 'FR', 3);
insert into course values('505', 'IF0230', 'FR', 3);
insert into course values('787', 'IF3333', 'MT', 3);
insert into course values('493', 'IF5555', 'GT', 4);
insert into course values('910', 'IF3031', 'DE', 3);
insert into course values('468', 'IF0230', 'GO', 3);
insert into course values('284', 'IF3333', 'RR', 4);
insert into course values('707', 'IF0230', 'RR', 3);
insert into course values('599', 'IF4041', 'DE', 4);
insert into course values('755', 'IF4041', 'EL', 3);
insert into course values('913', 'IF3030', 'EL', 4);
insert into course values('786', 'IF4041', 'RR', 4);
insert into course values('489', 'IF0230', 'RR', 3);
insert into course values('692', 'IF3031', 'MT', 3);
insert into course values('348', 'IF3120', 'EL', 4);
insert into course values('953', 'IF3211', 'DF', 3);
insert into course values('946', 'IF5555', 'EL', 4);
insert into course values('784', 'IF5555', 'DE', 3);
insert into course values('471', 'IF3030', 'MT', 3);
insert into course values('700', 'IF5555', 'RR', 3);
insert into course values('230', 'IF3022', 'MT', 4);
insert into course values('604', 'IF3211', 'GT', 4);
insert into course values('695', 'IF3211', 'RR', 4);
insert into course values('926', 'IF3030', 'RR', 4);
insert into course values('801', 'IF4041', 'EL', 4);
insert into course values('352', 'IF3333', 'GO', 3);
insert into course values('635', 'IF3022', 'HI', 4);
insert into course values('547', 'IF0230', 'EL', 3);
insert into course values('242', 'IF3030', 'MT', 3);
insert into course values('403', 'IF3031', 'WW', 4);
insert into course values('677', 'IF3120', 'DF', 3);
insert into course values('640', 'IF4041', 'FR', 3);
insert into course values('253', 'IF3022', 'DF', 3);
insert into course values('590', 'IF3022', 'FR', 3);
insert into course values('722', 'IF5555', 'WW', 4);
insert into course values('325', 'IF5555', 'WW', 4);
insert into course values('437', 'IF0230', 'GT', 3);
insert into course values('311', 'IF3022', 'WW', 4);
insert into course values('514', 'IF3211', 'FR', 4);
insert into course values('331', 'IF3211', 'MT', 4);
insert into course values('405', 'IF3022', 'EL', 4);
insert into course values('133', 'IF3211', 'MT', 3);
insert into course values('487', 'IF3031', 'DF', 3);
insert into course values('531', 'IF4041', 'GT', 4);
insert into course values('576', 'IF4321', 'RR', 3);
insert into course values('682', 'IF3030', 'DF', 3);
insert into course values('280', 'IF5555', 'GO', 4);
insert into course values('354', 'IF3031', 'EL', 3);
insert into course values('528', 'IF0230', 'GT', 3);
insert into course values('195', 'IF5555', 'DF', 4);
insert into course values('367', 'IF3030', 'DF', 4);
insert into course values('920', 'IF3333', 'GT', 3);
insert into course values('878', 'IF5555', 'MT', 3);
insert into course values('262', 'IF3120', 'EL', 3);
insert into course values('735', 'IF4041', 'RR', 4);
insert into course values('572', 'IF5555', 'EL', 4);
insert into course values('754', 'IF4321', 'MT', 4);
insert into course values('109', 'IF4321', 'GO', 4);
insert into course values('245', 'IF5555', 'FR', 3);
insert into course values('799', 'IF3120', 'HI', 3);
insert into course values('130', 'IF3333', 'EL', 4);
insert into course values('919', 'IF3120', 'WW', 3);
insert into course values('380', 'IF3022', 'FR', 3);
insert into course values('198', 'IF3022', 'WW', 4);
insert into course values('580', 'IF3211', 'HI', 4);
insert into course values('522', 'IF4321', 'GT', 3);
insert into course values('171', 'IF3031', 'GO', 4);
insert into course values('316', 'IF4321', 'DF', 4);
insert into course values('912', 'IF3120', 'WW', 4);
insert into course values('508', 'IF3030', 'FR', 4);
insert into course values('803', 'IF4321', 'RR', 4);
insert into course values('298', 'IF3030', 'GT', 3);
insert into course values('834', 'IF3031', 'EL', 3);
insert into course values('488', 'IF5555', 'GT', 3);
insert into course values('387', 'IF3333', 'GO', 4);
insert into course values('746', 'IF4041', 'FR', 3);
insert into course values('643', 'IF3022', 'FR', 3);
insert into course values('601', 'IF3030', 'FR', 3);
insert into course values('414', 'IF3120', 'WW', 3);
insert into course values('140', 'IF3211', 'WW', 4);
insert into course values('905', 'IF5555', 'DF', 3);
insert into course values('855', 'IF4321', 'FR', 4);
insert into course values('233', 'IF3031', 'DE', 4);
insert into course values('828', 'IF3333', 'DF', 4);
insert into course values('499', 'IF3211', 'FR', 3);
insert into course values('999', 'IF3120', 'DF', 4);
insert into course values('299', 'IF3211', 'DF', 3);
insert into course values('535', 'IF4321', 'GT', 3);
insert into course values('565', 'IF0230', 'GT', 4);
insert into course values('606', 'IF5555', 'DE', 3);
insert into course values('269', 'IF4321', 'DE', 4);
insert into course values('702', 'IF3022', 'EL', 3);
insert into course values('182', 'IF0230', 'RR', 4);
insert into course values('687', 'IF3120', 'DE', 3);
insert into course values('684', 'IF5555', 'MT', 3);
insert into course values('959', 'IF3120', 'GO', 3);
insert into course values('708', 'IF3030', 'GT', 3);
insert into course values('319', 'IF3120', 'MT', 3);
insert into course values('737', 'IF3022', 'FR', 3);
insert into course values('712', 'IF5555', 'DF', 4);
insert into course values('358', 'IF3333', 'DF', 4);
insert into course values('551', 'IF3120', 'MT', 4);
insert into course values('421', 'IF3333', 'HI', 3);
insert into course values('396', 'IF3120', 'MT', 3);
insert into course values('101', 'IF0230', 'GO', 4);
insert into course values('213', 'IF4321', 'HI', 4);
insert into course values('255', 'IF3030', 'GT', 4);
insert into course values('506', 'IF3333', 'EL', 3);
insert into course values('530', 'IF4041', 'FR', 3);
insert into course values('960', 'IF3120', 'GO', 3);
insert into course values('306', 'IF0230', 'DE', 3);
insert into course values('148', 'IF3022', 'GO', 4);
insert into course values('368', 'IF3031', 'MT', 3);
insert into course values('670', 'IF3120', 'FR', 4);
insert into course values('875', 'IF4041', 'GO', 3);
insert into course values('239', 'IF3333', 'EL', 4);
insert into course values('343', 'IF0230', 'RR', 4);
insert into course values('759', 'IF5555', 'HI', 4);
insert into course values('887', 'IF3211', 'EL', 3);
insert into course values('382', 'IF4321', 'GO', 3);
insert into course values('346', 'IF3333', 'EL', 4);
insert into course values('172', 'IF4041', 'DE', 4);
insert into course values('163', 'IF5555', 'HI', 3);
insert into course values('581', 'IF3022', 'DE', 3);
insert into course values('992', 'IF3120', 'GT', 3);
insert into course values('857', 'IF3031', 'MT', 3);
insert into course values('884', 'IF3031', 'RR', 4);
insert into course values('518', 'IF3022', 'RR', 3);
insert into course values('150', 'IF4041', 'DF', 4);
insert into course values('610', 'IF3333', 'HI', 4);
insert into course values('904', 'IF3333', 'GT', 4);
insert into course values('974', 'IF4041', 'HI', 3);
insert into course values('121', 'IF3022', 'DE', 3);
insert into course values('584', 'IF3022', 'GO', 3);
insert into course values('174', 'IF5555', 'DE', 4);
insert into course values('561', 'IF5555', 'GT', 3);
insert into course values('485', 'IF3333', 'RR', 4);
insert into course values('709', 'IF0230', 'HI', 3);
insert into course values('657', 'IF3030', 'FR', 3);
insert into course values('178', 'IF3022', 'RR', 4);
insert into course values('622', 'IF4321', 'MT', 3);
insert into course values('818', 'IF3031', 'EL', 4);
insert into course values('440', 'IF4321', 'DE', 3);
insert into course values('496', 'IF3120', 'GO', 4);
insert into course values('170', 'IF3030', 'DF', 4);
insert into course values('344', 'IF3031', 'EL', 4);
insert into course values('329', 'IF4041', 'DE', 4);
insert into course values('120', 'IF4321', 'GO', 4);
insert into course values('116', 'IF3031', 'HI', 4);
insert into course values('540', 'IF3333', 'DE', 4);
insert into course values('215', 'IF0230', 'GO', 3);
insert into course values('907', 'IF0230', 'GO', 4);
insert into course values('147', 'IF3333', 'GO', 3);
insert into course values('711', 'IF3022', 'WW', 3);
insert into course values('583', 'IF3022', 'GT', 4);
insert into course values('810', 'IF3031', 'DE', 4);
insert into course values('303', 'IF3211', 'EL', 3);
insert into course values('683', 'IF3031', 'RR', 4);
insert into course values('688', 'IF3031', 'WW', 4);
insert into course values('916', 'IF4041', 'EL', 4);
insert into course values('131', 'IF0230', 'DE', 3);
insert into course values('982', 'IF3030', 'DF', 4);
insert into course values('893', 'IF0230', 'FR', 4);
insert into course values('607', 'IF3031', 'MT', 3);
insert into course values('882', 'IF5555', 'WW', 3);
insert into course values('294', 'IF3333', 'WW', 3);
insert into course values('674', 'IF3022', 'RR', 3);
insert into course values('500', 'IF3211', 'GO', 4);
insert into course values('955', 'IF3031', 'HI', 3);
insert into course values('844', 'IF0230', 'GO', 4);
insert into course values('967', 'IF3030', 'MT', 3);
insert into course values('480', 'IF3031', 'WW', 4);
insert into course values('339', 'IF3022', 'GT', 3);
insert into course values('526', 'IF5555', 'WW', 3);
insert into course values('359', 'IF5555', 'WW', 3);
insert into course values('908', 'IF4041', 'GT', 3);
insert into course values('398', 'IF3211', 'WW', 4);
insert into course values('927', 'IF3031', 'HI', 3);
insert into course values('856', 'IF5555', 'EL', 3);
insert into course values('957', 'IF3333', 'FR', 4);
insert into course values('624', 'IF4041', 'RR', 3);
insert into course values('713', 'IF5555', 'MT', 4);
insert into course values('422', 'IF3333', 'MT', 3);
insert into course values('191', 'IF3031', 'GO', 3);
insert into course values('814', 'IF4321', 'FR', 4);
insert into course values('449', 'IF3031', 'HI', 4);
insert into course values('888', 'IF3022', 'HI', 3);
insert into course values('619', 'IF0230', 'RR', 3);
insert into course values('139', 'IF4321', 'WW', 4);
insert into course values('149', 'IF4321', 'MT', 3);
insert into course values('654', 'IF0230', 'GO', 3);
insert into course values('840', 'IF0230', 'GT', 4);
insert into course values('533', 'IF3030', 'FR', 4);
insert into course values('778', 'IF5555', 'DF', 3);
insert into course values('931', 'IF3030', 'GT', 3);
insert into course values('379', 'IF3333', 'FR', 3);
insert into course values('633', 'IF3120', 'RR', 4);
insert into instructor values('45670', 'Yohan', 'DE', 123371.90);
insert into instructor values('83008', 'Ande', 'GT', 104019.08);
insert into instructor values('12554', 'Johan', 'GT', 111521.71);
insert into instructor values('73806', 'Josu', 'EL', 36787.56);
insert into instructor values('96843', 'Budi', 'HI', 43196.23);
insert into instructor values('40721', 'Kiki', 'GO', 34075.89);
insert into instructor values('20168', 'Kiki', 'GT', 47725.21);
insert into instructor values('38928', 'Ahmad', 'DF', 77145.79);
insert into instructor values('39810', 'Johan', 'HI', 73005.04);
insert into instructor values('15510', 'Ande', 'DE', 71511.58);
insert into instructor values('92862', 'Adri', 'FR', 109968.89);
insert into instructor values('11824', 'rahmat', 'HI', 100703.17);
insert into instructor values('78177', 'Johan', 'MT', 35576.90);
insert into instructor values('70764', 'Ahmad', 'DF', 77951.41);
insert into instructor values('55281', 'rahmat', 'RR', 64112.24);
insert into instructor values('61051', 'Yohan', 'HI', 111997.33);
insert into instructor values('44378', 'Adri', 'DF', 109556.98);
insert into instructor values('42895', 'Yohan', 'WW', 99028.01);
insert into instructor values('11398', 'yuyun', 'DE', 65435.27);
insert into instructor values('45789', 'rahmat', 'EL', 89167.39);
insert into instructor values('72131', 'Yohan', 'DF', 102749.27);
insert into instructor values('19836', 'Josu', 'RR', 53001.06);
insert into instructor values('32097', 'Josu', 'DF', 71496.81);
insert into instructor values('7844', 'Budi', 'FR', 91290.07);
insert into instructor values('32465', 'Ahmad', 'RR', 66747.97);
insert into instructor values('6063', 'Johan', 'DE', 89329.37);
insert into instructor values('43462', 'Ande', 'GO', 86370.95);
insert into instructor values('74619', 'Josu', 'EL', 116332.30);
insert into instructor values('21527', 'Adri', 'GO', 64236.09);
insert into instructor values('518', 'Josu', 'DF', 109773.53);
insert into instructor values('39419', 'Budi', 'DE', 110089.87);
insert into instructor values('1552', 'Johan', 'GO', 64798.36);
insert into instructor values('50474', 'Budi', 'RR', 125279.42);
insert into instructor values('55132', 'Johan', 'RR', 69607.18);
insert into instructor values('59202', 'rahmat', 'DE', 92120.94);
insert into instructor values('92398', 'Budi', 'GT', 89149.82);
insert into instructor values('89472', 'Kiki', 'EL', 53943.96);
insert into instructor values('45677', 'Budi', 'WW', 101515.01);
insert into instructor values('24066', 'Budi', 'GO', 112706.56);
insert into instructor values('16738', 'rahmat', 'DE', 34076.21);
insert into instructor values('37803', 'Yohan', 'MT', 71565.00);
insert into instructor values('33655', 'Adri', 'WW', 29755.70);
insert into instructor values('31871', 'Johan', 'GO', 40894.48);
insert into instructor values('11833', 'yuyun', 'GT', 97694.67);
insert into instructor values('44770', 'Kiki', 'DF', 107995.91);
insert into instructor values('41814', 'rahmat', 'FR', 67167.83);
insert into instructor values('53340', 'Josu', 'MT', 43087.10);
insert into instructor values('61471', 'Ande', 'DE', 68756.75);
insert into instructor values('82615', 'Ahmad', 'EL', 77164.82);
insert into instructor values('45607', 'Josu', 'FR', 112597.04);
insert into section values('437', '1', 'Fall', 2008, 'C', '591', 'C');
insert into section values('684', '1', 'Fall', 2005, 'D', '573', 'A');
insert into section values('299', '1', 'Spring', 2010, 'I', '94', 'J');
insert into section values('368', '1', 'Spring', 2003, 'J', '475', 'C');
insert into section values('485', '1', 'Fall', 2002, 'E', '309', 'G');
insert into section values('449', '1', 'Spring', 2008, 'D', '397', 'G');
insert into section values('344', '1', 'Fall', 2004, 'D', '573', 'J');
insert into section values('643', '1', 'Fall', 2003, 'E', '309', 'J');
insert into section values('294', '1', 'Spring', 2010, 'C', '591', 'K');
insert into section values('894', '1', 'Fall', 2008, 'H', '34', 'C');
insert into section values('493', '1', 'Spring', 2003, 'I', '94', 'I');
insert into section values('120', '1', 'Fall', 2003, 'D', '397', 'L');
insert into section values('894', '2', 'Spring', 2003, 'D', '573', 'A');
insert into section values('640', '1', 'Fall', 2001, 'J', '475', 'H');
insert into section values('387', '1', 'Spring', 2009, 'E', '309', 'F');
insert into section values('508', '1', 'Spring', 2002, 'D', '397', 'I');
insert into section values('471', '1', 'Fall', 2008, 'C', '357', 'L');
insert into section values('778', '1', 'Spring', 2008, 'E', '309', 'G');
insert into section values('116', '1', 'Fall', 2006, 'H', '34', 'B');
insert into section values('633', '1', 'Fall', 2003, 'C', '591', 'C');
insert into section values('955', '1', 'Fall', 2005, 'C', '357', 'L');
insert into section values('778', '2', 'Fall', 2008, 'C', '357', 'A');
insert into section values('352', '1', 'Spring', 2008, 'D', '573', 'A');
insert into section values('919', '1', 'Fall', 2006, 'C', '357', 'F');
insert into section values('635', '1', 'Spring', 2003, 'I', '94', 'B');
insert into section values('346', '1', 'Fall', 2003, 'J', '475', 'I');
insert into section values('163', '1', 'Fall', 2004, 'I', '94', 'I');
insert into section values('488', '1', 'Fall', 2005, 'C', '357', 'P');
insert into section values('547', '1', 'Spring', 2007, 'H', '338', 'K');
insert into section values('121', '1', 'Spring', 2005, 'E', '309', 'C');
insert into section values('352', '2', 'Spring', 2010, 'D', '397', 'J');
insert into section values('147', '1', 'Fall', 2003, 'G', '169', 'D');
insert into section values('683', '1', 'Spring', 2003, 'J', '475', 'I');
insert into section values('893', '1', 'Spring', 2003, 'G', '169', 'I');
insert into section values('844', '1', 'Fall', 2009, 'C', '591', 'E');
insert into section values('700', '1', 'Fall', 2008, 'E', '309', 'O');
insert into section values('907', '1', 'Fall', 2004, 'H', '338', 'O');
insert into section values('786', '1', 'Spring', 2007, 'D', '397', 'F');
insert into section values('840', '1', 'Fall', 2006, 'I', '94', 'F');
insert into section values('622', '1', 'Spring', 2008, 'C', '357', 'F');
insert into section values('708', '1', 'Spring', 2008, 'D', '573', 'D');
insert into section values('172', '1', 'Fall', 2005, 'D', '397', 'H');
insert into section values('640', '2', 'Fall', 2002, 'I', '94', 'I');
insert into section values('624', '1', 'Fall', 2001, 'C', '591', 'K');
insert into section values('784', '1', 'Fall', 2006, 'I', '94', 'C');
insert into section values('174', '1', 'Fall', 2001, 'I', '94', 'J');
insert into section values('888', '1', 'Fall', 2010, 'D', '397', 'I');
insert into section values('147', '2', 'Fall', 2003, 'D', '573', 'K');
insert into section values('500', '1', 'Spring', 2006, 'E', '309', 'D');
insert into section values('367', '1', 'Spring', 2004, 'G', '169', 'G');
insert into section values('531', '1', 'Fall', 2009, 'H', '34', 'D');
insert into section values('670', '1', 'Fall', 2009, 'C', '591', 'N');
insert into section values('591', '1', 'Fall', 2002, 'J', '475', 'A');
insert into section values('916', '1', 'Spring', 2007, 'E', '309', 'J');
insert into section values('255', '1', 'Spring', 2007, 'C', '591', 'F');
insert into section values('354', '1', 'Fall', 2010, 'C', '357', 'G');
insert into section values('239', '1', 'Fall', 2008, 'C', '357', 'E');
insert into section values('856', '1', 'Spring', 2007, 'E', '309', 'L');
insert into section values('253', '1', 'Fall', 2010, 'E', '309', 'I');
insert into section values('905', '1', 'Spring', 2005, 'D', '397', 'E');
insert into section values('844', '2', 'Fall', 2005, 'D', '573', 'F');
insert into section values('561', '1', 'Spring', 2003, 'J', '475', 'O');
insert into section values('635', '2', 'Fall', 2010, 'E', '309', 'K');
insert into section values('367', '2', 'Spring', 2003, 'H', '34', 'M');
insert into section values('828', '1', 'Fall', 2008, 'D', '573', 'I');
insert into section values('711', '1', 'Fall', 2006, 'H', '34', 'C');
insert into section values('387', '2', 'Fall', 2004, 'H', '338', 'J');
insert into section values('547', '2', 'Spring', 2002, 'G', '169', 'F');
insert into section values('269', '1', 'Spring', 2002, 'H', '34', 'B');
insert into section values('584', '1', 'Fall', 2002, 'G', '169', 'K');
insert into section values('101', '1', 'Spring', 2006, 'I', '94', 'O');
insert into section values('982', '1', 'Fall', 2010, 'H', '338', 'B');
insert into section values('403', '1', 'Spring', 2007, 'D', '397', 'O');
insert into section values('329', '1', 'Fall', 2009, 'E', '309', 'G');
insert into section values('348', '1', 'Fall', 2009, 'C', '357', 'F');
insert into section values('607', '1', 'Fall', 2010, 'D', '573', 'A');
insert into section values('514', '1', 'Fall', 2010, 'G', '169', 'G');
insert into section values('561', '2', 'Spring', 2004, 'G', '169', 'F');
insert into section values('488', '2', 'Spring', 2006, 'J', '475', 'N');
insert into section values('487', '1', 'Fall', 2010, 'D', '397', 'J');
insert into section values('339', '1', 'Spring', 2005, 'J', '475', 'N');
insert into section values('253', '2', 'Fall', 2007, 'I', '94', 'B');
insert into section values('120', '2', 'Fall', 2005, 'D', '573', 'G');
insert into section values('894', '3', 'Fall', 2001, 'G', '169', 'C');
insert into section values('712', '1', 'Fall', 2008, 'G', '169', 'J');
insert into section values('306', '1', 'Fall', 2007, 'D', '397', 'M');
insert into section values('298', '1', 'Spring', 2003, 'D', '397', 'J');
insert into section values('814', '1', 'Fall', 2002, 'C', '357', 'B');
insert into section values('814', '2', 'Spring', 2007, 'D', '397', 'H');
insert into section values('367', '3', 'Spring', 2010, 'E', '309', 'J');
insert into section values('687', '1', 'Spring', 2004, 'H', '34', 'E');
insert into section values('198', '1', 'Fall', 2010, 'I', '94', 'E');
insert into section values('505', '1', 'Fall', 2004, 'H', '338', 'G');
insert into section values('215', '1', 'Spring', 2010, 'C', '357', 'E');
insert into section values('624', '2', 'Fall', 2010, 'C', '357', 'F');
insert into section values('857', '1', 'Fall', 2003, 'D', '573', 'L');
insert into section values('904', '1', 'Spring', 2008, 'H', '34', 'K');
insert into section values('101', '2', 'Fall', 2002, 'G', '169', 'C');
insert into section values('674', '1', 'Fall', 2006, 'G', '169', 'J');
insert into section values('828', '2', 'Fall', 2003, 'H', '34', 'C');
insert into section values('624', '3', 'Fall', 2002, 'J', '475', 'D');
insert into section values('178', '1', 'Spring', 2007, 'C', '357', 'N');
insert into section values('654', '1', 'Fall', 2009, 'H', '34', 'J');
insert into section values('535', '1', 'Fall', 2005, 'H', '338', 'K');
insert into section values('148', '1', 'Fall', 2006, 'G', '169', 'I');
insert into section values('239', '2', 'Spring', 2010, 'E', '309', 'D');
insert into section values('403', '2', 'Fall', 2010, 'C', '357', 'B');
insert into section values('702', '1', 'Fall', 2004, 'D', '397', 'L');
insert into section values('382', '1', 'Fall', 2007, 'C', '357', 'D');
insert into section values('468', '1', 'Spring', 2009, 'E', '309', 'M');
insert into section values('737', '1', 'Spring', 2001, 'H', '338', 'N');
insert into section values('907', '2', 'Fall', 2002, 'H', '338', 'K');
insert into section values('233', '1', 'Fall', 2001, 'G', '169', 'P');
insert into section values('449', '2', 'Spring', 2005, 'J', '475', 'L');
insert into section values('319', '1', 'Fall', 2006, 'H', '338', 'G');
insert into section values('920', '1', 'Spring', 2007, 'G', '169', 'L');
insert into section values('101', '3', 'Spring', 2006, 'J', '475', 'C');
insert into section values('230', '1', 'Spring', 2008, 'C', '591', 'G');
insert into section values('920', '2', 'Fall', 2010, 'C', '357', 'D');
insert into section values('437', '2', 'Fall', 2008, 'I', '94', 'E');
insert into section values('343', '1', 'Fall', 2003, 'H', '34', 'J');
insert into section values('440', '1', 'Fall', 2009, 'I', '94', 'N');
insert into section values('242', '1', 'Spring', 2001, 'J', '475', 'L');
insert into section values('856', '2', 'Fall', 2009, 'D', '397', 'O');
insert into section values('599', '1', 'Spring', 2004, 'H', '34', 'O');
insert into section values('437', '3', 'Spring', 2003, 'G', '169', 'C');
insert into section values('245', '1', 'Fall', 2010, 'H', '34', 'I');
insert into section values('116', '2', 'Fall', 2003, 'H', '34', 'J');
insert into section values('684', '2', 'Spring', 2009, 'I', '94', 'A');
insert into section values('607', '2', 'Fall', 2006, 'J', '475', 'O');
insert into section values('171', '1', 'Fall', 2008, 'D', '573', 'P');
insert into section values('610', '1', 'Spring', 2010, 'I', '94', 'I');
insert into section values('778', '3', 'Spring', 2006, 'H', '338', 'I');
insert into section values('875', '1', 'Fall', 2003, 'G', '169', 'O');
insert into section values('692', '1', 'Fall', 2001, 'H', '34', 'N');
insert into section values('746', '1', 'Fall', 2004, 'D', '397', 'C');
insert into section values('506', '1', 'Spring', 2005, 'C', '357', 'K');
insert into section values('913', '1', 'Spring', 2002, 'C', '591', 'C');
insert into section values('814', '3', 'Spring', 2010, 'I', '94', 'C');
insert into section values('657', '1', 'Fall', 2007, 'J', '475', 'F');
insert into section values('485', '2', 'Fall', 2007, 'H', '338', 'P');
insert into section values('643', '2', 'Spring', 2008, 'E', '309', 'K');
insert into section values('657', '2', 'Spring', 2005, 'H', '34', 'C');
insert into section values('856', '3', 'Spring', 2004, 'D', '573', 'L');
insert into section values('346', '2', 'Fall', 2009, 'C', '591', 'I');
insert into section values('953', '1', 'Fall', 2008, 'H', '338', 'H');
insert into section values('140', '1', 'Fall', 2009, 'G', '169', 'C');
insert into section values('344', '2', 'Fall', 2004, 'C', '357', 'M');
insert into section values('255', '2', 'Fall', 2004, 'H', '338', 'I');
insert into section values('230', '2', 'Fall', 2004, 'J', '475', 'E');
insert into section values('171', '2', 'Fall', 2006, 'D', '573', 'C');
insert into section values('346', '3', 'Spring', 2001, 'D', '397', 'J');
insert into section values('584', '2', 'Fall', 2009, 'E', '309', 'B');
insert into section values('599', '2', 'Spring', 2008, 'H', '338', 'F');
insert into section values('398', '1', 'Fall', 2007, 'G', '169', 'G');
insert into section values('601', '1', 'Spring', 2004, 'C', '357', 'D');
insert into section values('505', '2', 'Fall', 2008, 'C', '357', 'C');
insert into section values('508', '2', 'Spring', 2003, 'D', '573', 'A');
insert into section values('709', '1', 'Fall', 2009, 'I', '94', 'A');
insert into section values('622', '2', 'Spring', 2004, 'E', '309', 'P');
insert into section values('493', '2', 'Fall', 2002, 'J', '475', 'G');
insert into section values('584', '3', 'Spring', 2003, 'E', '309', 'H');
insert into section values('708', '2', 'Fall', 2002, 'H', '34', 'O');
insert into section values('101', '4', 'Spring', 2005, 'G', '169', 'M');
insert into section values('174', '2', 'Spring', 2005, 'I', '94', 'G');
insert into section values('912', '1', 'Spring', 2001, 'G', '169', 'J');
insert into section values('255', '3', 'Fall', 2004, 'J', '475', 'F');
insert into section values('565', '1', 'Fall', 2001, 'I', '94', 'L');
insert into section values('584', '4', 'Spring', 2005, 'D', '397', 'P');
insert into section values('147', '3', 'Spring', 2006, 'C', '357', 'K');
insert into section values('810', '1', 'Fall', 2006, 'H', '338', 'E');
insert into section values('856', '4', 'Spring', 2001, 'C', '357', 'O');
insert into section values('403', '3', 'Fall', 2008, 'C', '591', 'E');
insert into section values('599', '3', 'Spring', 2009, 'D', '573', 'K');
insert into section values('992', '1', 'Fall', 2005, 'I', '94', 'I');
insert into section values('953', '2', 'Fall', 2003, 'C', '591', 'M');
insert into section values('927', '1', 'Spring', 2010, 'C', '591', 'N');
insert into section values('348', '2', 'Spring', 2001, 'G', '169', 'K');
insert into section values('583', '1', 'Spring', 2002, 'C', '357', 'M');
insert into section values('855', '1', 'Spring', 2002, 'E', '309', 'A');
insert into section values('215', '2', 'Fall', 2003, 'C', '357', 'F');
insert into section values('163', '2', 'Fall', 2007, 'H', '34', 'H');
insert into section values('213', '1', 'Fall', 2001, 'D', '573', 'D');
insert into section values('227', '1', 'Spring', 2010, 'G', '169', 'E');
insert into section values('692', '2', 'Spring', 2004, 'G', '169', 'D');
insert into section values('910', '1', 'Fall', 2003, 'C', '357', 'F');
insert into section values('496', '1', 'Spring', 2008, 'G', '169', 'B');
insert into section values('878', '1', 'Fall', 2002, 'D', '573', 'F');
insert into section values('533', '1', 'Fall', 2004, 'H', '338', 'D');
insert into section values('294', '2', 'Fall', 2010, 'D', '573', 'E');
insert into section values('116', '3', 'Spring', 2008, 'C', '357', 'C');
insert into section values('640', '3', 'Fall', 2004, 'H', '338', 'L');
insert into section values('643', '3', 'Fall', 2002, 'H', '34', 'C');
insert into section values('619', '1', 'Fall', 2008, 'D', '397', 'N');
insert into section values('551', '1', 'Spring', 2001, 'G', '169', 'F');
insert into section values('480', '1', 'Spring', 2008, 'E', '309', 'I');
insert into section values('803', '1', 'Spring', 2005, 'I', '94', 'E');
insert into section values('908', '1', 'Fall', 2007, 'J', '475', 'E');
insert into section values('346', '4', 'Spring', 2010, 'C', '357', 'C');
insert into section values('974', '1', 'Fall', 2005, 'J', '475', 'C');
insert into section values('801', '1', 'Fall', 2005, 'G', '169', 'K');
insert into section values('339', '2', 'Fall', 2003, 'D', '573', 'K');
insert into section values('255', '4', 'Spring', 2002, 'D', '573', 'G');
insert into section values('533', '2', 'Spring', 2008, 'D', '397', 'N');
insert into section values('920', '3', 'Fall', 2007, 'C', '591', 'K');
insert into section values('688', '1', 'Fall', 2010, 'H', '34', 'C');
insert into section values('713', '1', 'Fall', 2010, 'C', '591', 'H');
insert into section values('233', '2', 'Fall', 2010, 'H', '338', 'L');
insert into section values('599', '4', 'Spring', 2006, 'J', '475', 'O');
insert into section values('120', '3', 'Fall', 2008, 'D', '397', 'C');
insert into section values('959', '1', 'Fall', 2006, 'H', '338', 'M');
insert into section values('755', '1', 'Fall', 2008, 'D', '573', 'H');
insert into section values('496', '2', 'Spring', 2009, 'J', '475', 'A');
insert into section values('387', '3', 'Spring', 2007, 'J', '475', 'D');
insert into section values('992', '2', 'Spring', 2003, 'D', '397', 'C');
insert into section values('591', '2', 'Spring', 2004, 'J', '475', 'P');
insert into section values('319', '2', 'Spring', 2009, 'G', '169', 'A');
insert into section values('946', '1', 'Fall', 2003, 'D', '397', 'O');
insert into section values('912', '2', 'Spring', 2002, 'D', '397', 'O');
insert into section values('480', '2', 'Fall', 2005, 'C', '357', 'B');
insert into section values('319', '3', 'Fall', 2007, 'C', '357', 'J');
insert into section values('195', '1', 'Spring', 2005, 'I', '94', 'I');
insert into section values('707', '1', 'Fall', 2008, 'H', '34', 'A');
insert into section values('576', '1', 'Spring', 2004, 'G', '169', 'C');
insert into section values('306', '2', 'Fall', 2010, 'H', '34', 'M');
insert into section values('565', '2', 'Spring', 2004, 'C', '591', 'P');
insert into section values('299', '2', 'Spring', 2001, 'C', '357', 'C');
insert into section values('907', '3', 'Spring', 2005, 'E', '309', 'G');
insert into section values('604', '1', 'Spring', 2008, 'C', '357', 'K');
insert into section values('359', '1', 'Spring', 2005, 'D', '573', 'O');
insert into section values('622', '3', 'Spring', 2003, 'D', '573', 'O');
insert into section values('198', '2', 'Fall', 2004, 'H', '338', 'K');
insert into section values('387', '4', 'Spring', 2002, 'E', '309', 'E');
insert into section values('528', '1', 'Spring', 2001, 'H', '34', 'J');
insert into section values('967', '1', 'Fall', 2009, 'D', '397', 'M');
insert into section values('927', '2', 'Fall', 2010, 'D', '573', 'L');
insert into section values('584', '5', 'Fall', 2002, 'I', '94', 'J');
insert into section values('253', '3', 'Spring', 2003, 'D', '573', 'K');
insert into section values('982', '2', 'Spring', 2010, 'C', '357', 'J');
insert into section values('150', '1', 'Fall', 2006, 'D', '573', 'O');
insert into section values('329', '2', 'Spring', 2010, 'H', '34', 'K');
insert into section values('233', '3', 'Spring', 2007, 'G', '169', 'D');
insert into section values('368', '2', 'Spring', 2004, 'G', '169', 'L');
insert into section values('379', '1', 'Spring', 2009, 'E', '309', 'P');
insert into section values('505', '3', 'Spring', 2010, 'D', '397', 'I');
insert into section values('778', '4', 'Fall', 2005, 'C', '591', 'J');
insert into section values('887', '1', 'Spring', 2003, 'J', '475', 'E');
insert into section values('213', '2', 'Spring', 2004, 'C', '591', 'J');
insert into section values('713', '2', 'Fall', 2002, 'E', '309', 'L');
insert into section values('857', '2', 'Spring', 2008, 'C', '357', 'D');
insert into section values('493', '3', 'Fall', 2010, 'C', '591', 'F');
insert into section values('684', '3', 'Fall', 2009, 'H', '34', 'M');
insert into section values('109', '1', 'Spring', 2006, 'C', '591', 'O');
insert into section values('506', '2', 'Fall', 2002, 'C', '357', 'C');
insert into section values('405', '1', 'Fall', 2001, 'I', '94', 'K');
insert into section values('530', '1', 'Fall', 2008, 'H', '338', 'K');
insert into section values('919', '2', 'Spring', 2007, 'E', '309', 'E');
insert into section values('635', '3', 'Fall', 2004, 'J', '475', 'O');
insert into section values('692', '3', 'Spring', 2001, 'J', '475', 'M');
insert into section values('505', '4', 'Spring', 2009, 'J', '475', 'C');
insert into section values('382', '2', 'Fall', 2008, 'D', '573', 'F');
insert into section values('919', '3', 'Spring', 2008, 'I', '94', 'B');
insert into section values('367', '4', 'Fall', 2002, 'C', '591', 'E');
insert into section values('488', '3', 'Fall', 2003, 'H', '338', 'O');
insert into section values('149', '1', 'Fall', 2007, 'D', '573', 'E');
insert into section values('844', '3', 'Fall', 2004, 'D', '573', 'B');
insert into section values('759', '1', 'Spring', 2009, 'C', '357', 'H');
insert into section values('191', '1', 'Spring', 2005, 'J', '475', 'I');
insert into section values('955', '2', 'Fall', 2009, 'H', '338', 'N');
insert into section values('343', '2', 'Spring', 2004, 'H', '338', 'E');
insert into section values('178', '2', 'Fall', 2005, 'C', '591', 'L');
insert into section values('551', '2', 'Spring', 2006, 'J', '475', 'L');
insert into section values('178', '3', 'Fall', 2008, 'D', '397', 'J');
insert into section values('140', '2', 'Spring', 2003, 'H', '34', 'J');
insert into section values('493', '4', 'Spring', 2002, 'D', '397', 'K');
insert into section values('230', '3', 'Fall', 2005, 'C', '591', 'E');
insert into section values('711', '2', 'Fall', 2006, 'D', '397', 'L');
insert into section values('784', '2', 'Spring', 2005, 'H', '34', 'J');
insert into section values('912', '3', 'Fall', 2006, 'G', '169', 'K');
insert into section values('974', '2', 'Spring', 2006, 'E', '309', 'B');
insert into section values('403', '4', 'Fall', 2004, 'I', '94', 'A');
insert into section values('875', '2', 'Fall', 2001, 'C', '591', 'F');
insert into section values('754', '1', 'Spring', 2007, 'D', '573', 'J');
insert into section values('955', '3', 'Fall', 2002, 'J', '475', 'E');
insert into section values('120', '4', 'Fall', 2001, 'G', '169', 'B');
insert into section values('855', '2', 'Spring', 2001, 'D', '573', 'B');
insert into section values('227', '2', 'Spring', 2010, 'G', '169', 'D');
insert into section values('684', '4', 'Fall', 2001, 'I', '94', 'D');
insert into section values('692', '4', 'Spring', 2002, 'J', '475', 'K');
insert into section values('746', '2', 'Spring', 2008, 'I', '94', 'G');
insert into section values('253', '4', 'Spring', 2010, 'J', '475', 'E');
insert into section values('746', '3', 'Spring', 2008, 'D', '573', 'I');
insert into section values('505', '5', 'Spring', 2009, 'I', '94', 'B');
insert into section values('955', '4', 'Spring', 2005, 'D', '573', 'I');
insert into section values('403', '5', 'Spring', 2004, 'C', '591', 'E');
insert into section values('786', '2', 'Spring', 2006, 'H', '338', 'K');
insert into section values('348', '3', 'Spring', 2007, 'I', '94', 'B');
insert into section values('875', '3', 'Fall', 2001, 'E', '309', 'E');
insert into section values('905', '2', 'Spring', 2007, 'G', '169', 'A');
insert into section values('354', '2', 'Spring', 2001, 'H', '34', 'K');
insert into section values('421', '1', 'Spring', 2010, 'D', '397', 'I');
insert into section values('882', '1', 'Fall', 2008, 'D', '573', 'H');
insert into section values('331', '1', 'Fall', 2009, 'J', '475', 'G');
insert into section values('624', '4', 'Fall', 2001, 'H', '338', 'K');
insert into section values('414', '1', 'Spring', 2004, 'C', '591', 'I');
insert into section values('857', '3', 'Spring', 2010, 'H', '338', 'F');
insert into section values('233', '4', 'Fall', 2008, 'C', '591', 'O');
insert into section values('755', '2', 'Fall', 2004, 'H', '338', 'E');
insert into section values('583', '2', 'Fall', 2004, 'J', '475', 'A');
insert into section values('834', '1', 'Spring', 2004, 'H', '338', 'O');
insert into section values('344', '3', 'Fall', 2007, 'C', '357', 'I');
insert into section values('946', '2', 'Spring', 2008, 'E', '309', 'B');
insert into section values('437', '4', 'Spring', 2004, 'D', '397', 'E');
insert into section values('711', '3', 'Fall', 2003, 'C', '357', 'E');
insert into section values('414', '2', 'Spring', 2010, 'E', '309', 'P');
insert into section values('535', '2', 'Fall', 2001, 'G', '169', 'L');
insert into section values('619', '2', 'Fall', 2006, 'C', '591', 'G');
insert into section values('684', '5', 'Spring', 2006, 'H', '34', 'C');
insert into section values('284', '1', 'Fall', 2008, 'D', '397', 'C');
insert into section values('239', '3', 'Spring', 2009, 'D', '397', 'B');
insert into section values('319', '4', 'Fall', 2008, 'I', '94', 'L');
insert into section values('572', '1', 'Fall', 2010, 'J', '475', 'K');
insert into section values('213', '3', 'Spring', 2010, 'J', '475', 'D');
insert into section values('856', '5', 'Fall', 2001, 'H', '34', 'D');
insert into section values('884', '1', 'Fall', 2010, 'H', '338', 'H');
insert into section values('619', '3', 'Spring', 2004, 'H', '34', 'M');
insert into section values('172', '2', 'Spring', 2003, 'H', '34', 'K');
insert into section values('116', '4', 'Spring', 2005, 'E', '309', 'P');
insert into section values('195', '2', 'Spring', 2009, 'D', '397', 'M');
insert into section values('580', '1', 'Spring', 2003, 'I', '94', 'M');
insert into section values('150', '2', 'Fall', 2008, 'J', '475', 'C');
insert into section values('584', '6', 'Fall', 2006, 'C', '357', 'F');
insert into section values('713', '3', 'Fall', 2001, 'J', '475', 'C');
insert into section values('514', '2', 'Fall', 2008, 'H', '338', 'F');
insert into section values('967', '2', 'Spring', 2006, 'H', '338', 'K');
insert into section values('213', '4', 'Spring', 2006, 'I', '94', 'F');
insert into section values('709', '2', 'Spring', 2003, 'C', '591', 'K');
insert into section values('855', '3', 'Spring', 2006, 'D', '573', 'B');
insert into section values('920', '4', 'Fall', 2008, 'D', '397', 'E');
insert into section values('530', '2', 'Spring', 2010, 'J', '475', 'J');
insert into section values('533', '3', 'Spring', 2006, 'H', '338', 'A');
insert into section values('488', '4', 'Spring', 2007, 'D', '573', 'J');
insert into section values('367', '5', 'Fall', 2010, 'D', '397', 'G');
insert into section values('116', '5', 'Spring', 2009, 'J', '475', 'K');
insert into section values('500', '2', 'Spring', 2007, 'C', '591', 'N');
insert into section values('707', '2', 'Spring', 2009, 'D', '397', 'N');
insert into section values('619', '4', 'Spring', 2003, 'D', '397', 'G');
insert into section values('919', '4', 'Fall', 2010, 'I', '94', 'G');
insert into section values('887', '2', 'Spring', 2010, 'H', '338', 'I');
insert into section values('887', '3', 'Spring', 2001, 'G', '169', 'F');
insert into section values('239', '4', 'Spring', 2003, 'C', '591', 'H');
insert into section values('670', '2', 'Fall', 2002, 'D', '397', 'F');
insert into section values('995', '1', 'Spring', 2009, 'C', '591', 'D');
insert into section values('547', '3', 'Fall', 2001, 'E', '309', 'I');
insert into section values('414', '3', 'Fall', 2004, 'J', '475', 'A');
insert into section values('329', '3', 'Spring', 2008, 'D', '397', 'K');
insert into section values('487', '2', 'Spring', 2001, 'I', '94', 'P');
insert into section values('379', '2', 'Spring', 2006, 'C', '591', 'A');
insert into section values('379', '3', 'Fall', 2005, 'D', '573', 'I');
insert into section values('403', '6', 'Fall', 2009, 'G', '169', 'O');
insert into section values('255', '5', 'Spring', 2003, 'H', '338', 'C');
insert into section values('298', '2', 'Spring', 2004, 'C', '357', 'A');
insert into section values('640', '4', 'Fall', 2002, 'E', '309', 'B');
insert into section values('584', '7', 'Fall', 2002, 'H', '338', 'B');
insert into section values('905', '3', 'Fall', 2007, 'J', '475', 'H');
insert into section values('682', '1', 'Fall', 2005, 'H', '338', 'K');
insert into section values('147', '4', 'Spring', 2003, 'I', '94', 'N');
insert into section values('485', '3', 'Spring', 2006, 'I', '94', 'M');
insert into section values('348', '4', 'Spring', 2008, 'C', '357', 'L');
insert into section values('884', '2', 'Spring', 2002, 'H', '34', 'D');
insert into section values('814', '4', 'Spring', 2010, 'G', '169', 'A');
insert into section values('856', '6', 'Fall', 2003, 'E', '309', 'O');
insert into section values('331', '2', 'Spring', 2007, 'J', '475', 'O');
insert into section values('227', '3', 'Fall', 2006, 'J', '475', 'B');
insert into section values('255', '6', 'Spring', 2007, 'C', '357', 'L');
insert into section values('489', '1', 'Fall', 2008, 'C', '357', 'B');
insert into section values('269', '2', 'Spring', 2002, 'G', '169', 'E');
insert into section values('227', '4', 'Spring', 2004, 'I', '94', 'F');
insert into section values('269', '3', 'Fall', 2001, 'I', '94', 'N');
insert into section values('908', '2', 'Fall', 2010, 'D', '397', 'M');
insert into section values('354', '3', 'Spring', 2001, 'C', '591', 'G');
insert into section values('604', '2', 'Fall', 2010, 'C', '357', 'F');
insert into section values('421', '2', 'Spring', 2003, 'C', '591', 'F');
insert into section values('581', '1', 'Spring', 2003, 'C', '357', 'D');
insert into section values('449', '3', 'Fall', 2008, 'D', '573', 'E');
insert into section values('974', '3', 'Fall', 2010, 'G', '169', 'B');
insert into section values('855', '4', 'Fall', 2009, 'D', '573', 'P');
insert into section values('382', '3', 'Spring', 2005, 'E', '309', 'O');
insert into section values('893', '2', 'Spring', 2008, 'D', '397', 'I');
insert into section values('583', '3', 'Spring', 2004, 'H', '34', 'A');
insert into section values('535', '3', 'Spring', 2002, 'C', '357', 'O');
insert into section values('910', '2', 'Fall', 2006, 'E', '309', 'N');
insert into section values('912', '4', 'Spring', 2002, 'D', '573', 'A');
insert into section values('245', '2', 'Fall', 2002, 'C', '357', 'L');
insert into section values('957', '1', 'Spring', 2005, 'G', '169', 'I');
insert into section values('888', '2', 'Fall', 2009, 'E', '309', 'A');
insert into section values('643', '4', 'Spring', 2006, 'G', '169', 'F');
insert into section values('674', '2', 'Spring', 2007, 'I', '94', 'P');
insert into section values('116', '6', 'Fall', 2010, 'H', '34', 'G');
insert into section values('884', '3', 'Fall', 2008, 'D', '573', 'O');
insert into teaches values('11833', '437', '3', 'Spring', 2003);
insert into teaches values('82615', '916', '1', 'Spring', 2007);
insert into teaches values('33655', '403', '2', 'Fall', 2010);
insert into teaches values('31871', '496', '2', 'Spring', 2009);
insert into teaches values('45607', '508', '2', 'Spring', 2003);
insert into teaches values('55132', '178', '2', 'Fall', 2005);
insert into teaches values('50474', '485', '1', 'Fall', 2002);
insert into teaches values('33655', '140', '2', 'Spring', 2003);
insert into teaches values('31871', '147', '4', 'Spring', 2003);
insert into teaches values('53340', '857', '1', 'Fall', 2003);
insert into teaches values('45607', '957', '1', 'Spring', 2005);
insert into teaches values('11833', '488', '2', 'Spring', 2006);
insert into teaches values('82615', '913', '1', 'Spring', 2002);
insert into teaches values('31871', '120', '2', 'Fall', 2005);
insert into teaches values('31871', '120', '1', 'Fall', 2003);
insert into teaches values('61471', '599', '2', 'Spring', 2008);
insert into teaches values('11833', '255', '3', 'Fall', 2004);
insert into teaches values('61051', '709', '1', 'Fall', 2009);
insert into teaches values('53340', '471', '1', 'Fall', 2008);
insert into teaches values('31871', '147', '1', 'Fall', 2003);
insert into teaches values('61051', '213', '4', 'Spring', 2006);
insert into teaches values('61051', '449', '3', 'Fall', 2008);
insert into teaches values('44770', '982', '2', 'Spring', 2010);
insert into teaches values('61051', '449', '2', 'Spring', 2005);
insert into teaches values('61051', '213', '2', 'Spring', 2004);
insert into teaches values('31871', '171', '1', 'Fall', 2008);
insert into teaches values('55132', '485', '3', 'Spring', 2006);
insert into teaches values('44770', '367', '5', 'Fall', 2010);
insert into teaches values('61051', '116', '5', 'Spring', 2009);
insert into teaches values('53340', '368', '1', 'Spring', 2003);
insert into teaches values('45607', '505', '2', 'Fall', 2008);
insert into teaches values('92862', '657', '1', 'Fall', 2007);
insert into teaches values('53340', '319', '1', 'Fall', 2006);
insert into teaches values('61051', '927', '2', 'Fall', 2010);
insert into teaches values('61471', '329', '3', 'Spring', 2008);
insert into teaches values('61051', '635', '2', 'Fall', 2010);
insert into teaches values('44770', '828', '2', 'Fall', 2003);
insert into teaches values('61471', '599', '4', 'Spring', 2006);
insert into teaches values('11833', '565', '2', 'Spring', 2004);
insert into teaches values('44770', '253', '4', 'Spring', 2010);
insert into teaches values('31871', '907', '1', 'Fall', 2004);
insert into teaches values('61471', '233', '1', 'Fall', 2001);
insert into teaches values('61471', '174', '2', 'Spring', 2005);
insert into teaches values('89472', '506', '2', 'Fall', 2002);
insert into teaches values('82615', '346', '4', 'Spring', 2010);
insert into teaches values('61051', '116', '6', 'Fall', 2010);
insert into teaches values('33655', '480', '1', 'Spring', 2008);
insert into teaches values('45607', '505', '5', 'Spring', 2009);
insert into teaches values('11833', '904', '1', 'Spring', 2008);
insert into teaches values('50474', '674', '1', 'Fall', 2006);
insert into teaches values('44770', '195', '1', 'Spring', 2005);
insert into teaches values('37803', '551', '2', 'Spring', 2006);
insert into teaches values('92398', '561', '2', 'Spring', 2004);
insert into teaches values('33655', '912', '3', 'Fall', 2006);
insert into teaches values('44770', '778', '4', 'Fall', 2005);
insert into teaches values('61471', '233', '4', 'Fall', 2008);
insert into teaches values('31871', '875', '3', 'Fall', 2001);
insert into teaches values('33655', '414', '3', 'Fall', 2004);
insert into teaches values('44770', '253', '1', 'Fall', 2010);
insert into teaches values('16738', '784', '2', 'Spring', 2005);
insert into teaches values('53340', '692', '2', 'Spring', 2004);
insert into teaches values('61471', '233', '3', 'Spring', 2007);
insert into teaches values('44770', '682', '1', 'Fall', 2005);
insert into teaches values('50474', '178', '3', 'Fall', 2008);
insert into teaches values('55132', '683', '1', 'Spring', 2003);
insert into teaches values('11833', '493', '2', 'Fall', 2002);
insert into teaches values('61471', '174', '1', 'Fall', 2001);
insert into teaches values('37803', '230', '2', 'Fall', 2004);
insert into teaches values('518', '953', '2', 'Fall', 2003);
insert into teaches values('11833', '708', '1', 'Spring', 2008);
insert into teaches values('11833', '488', '1', 'Fall', 2005);
insert into teaches values('37803', '331', '2', 'Spring', 2007);
insert into teaches values('11833', '437', '2', 'Fall', 2008);
insert into teaches values('37803', '230', '3', 'Fall', 2005);
insert into teaches values('82615', '547', '2', 'Spring', 2002);
insert into teaches values('61471', '172', '2', 'Spring', 2003);
insert into teaches values('31871', '496', '1', 'Spring', 2008);
insert into teaches values('11833', '583', '1', 'Spring', 2002);
insert into teaches values('55132', '624', '2', 'Fall', 2010);
insert into teaches values('33655', '198', '2', 'Fall', 2004);
insert into teaches values('45607', '227', '2', 'Spring', 2010);
insert into teaches values('82615', '348', '2', 'Spring', 2001);
insert into teaches values('61051', '955', '1', 'Fall', 2005);
insert into teaches values('31871', '584', '6', 'Fall', 2006);
insert into teaches values('92398', '531', '1', 'Fall', 2009);
insert into teaches values('11833', '298', '2', 'Spring', 2004);
insert into teaches values('61051', '213', '3', 'Spring', 2010);
insert into teaches values('11824', '955', '2', 'Fall', 2009);
insert into teaches values('53340', '692', '3', 'Spring', 2001);
insert into teaches values('50474', '884', '3', 'Fall', 2008);
insert into teaches values('31871', '875', '2', 'Fall', 2001);
insert into teaches values('55132', '619', '1', 'Fall', 2008);
insert into teaches values('82615', '801', '1', 'Fall', 2005);
insert into teaches values('33655', '711', '2', 'Fall', 2006);
insert into teaches values('11833', '604', '1', 'Spring', 2008);
insert into teaches values('92398', '920', '4', 'Fall', 2008);
insert into teaches values('11833', '908', '1', 'Fall', 2007);
insert into teaches values('45607', '640', '2', 'Fall', 2002);
insert into teaches values('53340', '684', '1', 'Fall', 2005);
insert into teaches values('82615', '856', '3', 'Spring', 2004);
insert into student values('2776', 'Adri', 'GO', 104);
insert into student values('21324', 'yuyun', 'HI', 62);
insert into student values('57541', 'yuyun', 'MT', 126);
insert into student values('10554', 'Adri', 'RR', 100);
insert into student values('76546', 'Adri', 'GO', 123);
insert into student values('8131', 'Johan', 'DE', 95);
insert into student values('84679', 'rahmat', 'HI', 0);
insert into student values('21231', 'rahmat', 'DE', 71);
insert into student values('4194', 'Ande', 'HI', 71);
insert into student values('89502', 'Johan', 'GT', 3);
insert into student values('44464', 'Ahmad', 'RR', 66);
insert into student values('43966', 'Ande', 'DF', 34);
insert into student values('27105', 'Kiki', 'DE', 72);
insert into student values('30992', 'Adri', 'DF', 97);
insert into student values('62103', 'Adri', 'HI', 37);
insert into student values('87143', 'Ande', 'WW', 93);
insert into student values('25318', 'rahmat', 'EL', 111);
insert into student values('75655', 'Josu', 'FR', 48);
insert into student values('72501', 'yuyun', 'EL', 18);
insert into student values('53609', 'Yohan', 'GO', 15);
insert into student values('81180', 'Ande', 'HI', 52);
insert into student values('90294', 'Budi', 'DF', 18);
insert into student values('18052', 'Adri', 'GO', 13);
insert into student values('38983', 'Adri', 'HI', 111);
insert into student values('46857', 'rahmat', 'GT', 3);
insert into student values('44203', 'Josu', 'HI', 65);
insert into student values('86778', 'Budi', 'FR', 56);
insert into student values('22593', 'yuyun', 'DE', 61);
insert into student values('50135', 'Johan', 'EL', 22);
insert into student values('96473', 'Yohan', 'MT', 77);
insert into student values('46226', 'Johan', 'GT', 56);
insert into student values('22294', 'Budi', 'MT', 40);
insert into student values('47566', 'Kiki', 'GO', 7);
insert into student values('12974', 'Yohan', 'RR', 63);
insert into student values('52227', 'Adri', 'DF', 0);
insert into student values('26376', 'Ahmad', 'MT', 110);
insert into student values('37687', 'Johan', 'WW', 74);
insert into student values('65500', 'Ande', 'GO', 26);
insert into student values('95173', 'Budi', 'DE', 10);
insert into student values('48310', 'Budi', 'HI', 96);
insert into student values('34266', 'Ande', 'GO', 34);
insert into student values('26963', 'Ande', 'WW', 93);
insert into student values('22994', 'Ande', 'HI', 94);
insert into student values('14114', 'rahmat', 'GT', 106);
insert into student values('86815', 'Adri', 'DF', 10);
insert into student values('67620', 'rahmat', 'GT', 37);
insert into student values('23266', 'Ahmad', 'WW', 45);
insert into student values('47884', 'Josu', 'MT', 98);
insert into student values('57455', 'Ande', 'EL', 101);
insert into student values('31968', 'Ande', 'DE', 129);
insert into student values('85741', 'Johan', 'MT', 48);
insert into student values('7093', 'Josu', 'MT', 18);
insert into student values('32243', 'Ahmad', 'EL', 2);
insert into student values('73910', 'Ahmad', 'GT', 39);
insert into student values('63884', 'Ande', 'GT', 51);
insert into student values('80700', 'Kiki', 'DE', 19);
insert into student values('3411', 'Ande', 'DF', 89);
insert into student values('33303', 'rahmat', 'DF', 117);
insert into student values('49463', 'Yohan', 'GT', 58);
insert into student values('84995', 'Johan', 'HI', 116);
insert into student values('20440', 'Budi', 'HI', 24);
insert into student values('80851', 'Ahmad', 'WW', 41);
insert into student values('91687', 'Ande', 'DE', 17);
insert into student values('35946', 'Josu', 'MT', 62);
insert into student values('93898', 'Ande', 'FR', 7);
insert into student values('1564', 'Johan', 'EL', 121);
insert into student values('74613', 'Josu', 'HI', 86);
insert into student values('87377', 'Yohan', 'GO', 123);
insert into student values('71665', 'Ande', 'WW', 121);
insert into student values('67330', 'Kiki', 'DF', 59);
insert into student values('984', 'Yohan', 'FR', 119);
insert into student values('4634', 'Kiki', 'HI', 10);
insert into student values('62358', 'Kiki', 'FR', 51);
insert into student values('67253', 'Adri', 'DF', 126);
insert into student values('83337', 'Yohan', 'GT', 55);
insert into student values('24995', 'Adri', 'WW', 44);
insert into student values('89410', 'Kiki', 'GO', 116);
insert into student values('95046', 'rahmat', 'FR', 3);
insert into student values('99650', 'Ahmad', 'DE', 65);
insert into student values('12559', 'Johan', 'RR', 69);
insert into student values('50301', 'Ande', 'MT', 42);
insert into student values('95140', 'Kiki', 'DE', 71);
insert into student values('90777', 'rahmat', 'FR', 7);
insert into student values('86205', 'Ahmad', 'GO', 30);
insert into student values('30127', 'Adri', 'WW', 105);
insert into student values('90402', 'yuyun', 'HI', 64);
insert into student values('64201', 'Kiki', 'DE', 3);
insert into student values('70190', 'yuyun', 'DE', 78);
insert into student values('49346', 'Adri', 'EL', 58);
insert into student values('45614', 'Kiki', 'GO', 52);
insert into student values('53961', 'Josu', 'FR', 6);
insert into student values('51330', 'Johan', 'DF', 78);
insert into student values('36701', 'Ande', 'DE', 49);
insert into student values('22651', 'Ande', 'DE', 38);
insert into student values('81489', 'Kiki', 'DE', 31);
insert into student values('70619', 'rahmat', 'DE', 50);
insert into student values('98057', 'Budi', 'HI', 55);
insert into student values('34007', 'Budi', 'HI', 109);
insert into student values('5275', 'Kiki', 'FR', 119);
insert into student values('73176', 'Budi', 'FR', 65);
insert into student values('15855', 'yuyun', 'GT', 10);
insert into student values('12565', 'Yohan', 'DF', 52);
insert into student values('29535', 'Yohan', 'RR', 87);
insert into student values('37145', 'Ahmad', 'GT', 28);
insert into student values('6199', 'Budi', 'MT', 65);
insert into student values('9603', 'Adri', 'GO', 57);
insert into student values('36245', 'Adri', 'EL', 35);
insert into student values('96321', 'Ahmad', 'RR', 15);
insert into student values('12009', 'Yohan', 'DF', 121);
insert into student values('17235', 'Kiki', 'EL', 83);
insert into student values('48758', 'Yohan', 'EL', 15);
insert into student values('686', 'Adri', 'WW', 89);
insert into student values('99183', 'yuyun', 'GT', 110);
insert into student values('48982', 'Yohan', 'EL', 56);
insert into student values('4250', 'yuyun', 'DF', 48);
insert into student values('58913', 'Ande', 'GT', 59);
insert into student values('8720', 'Josu', 'GT', 40);
insert into student values('83771', 'Yohan', 'EL', 125);
insert into student values('17754', 'Budi', 'GO', 124);
insert into student values('77756', 'Ahmad', 'RR', 42);
insert into student values('10069', 'Ahmad', 'RR', 89);
insert into student values('3635', 'yuyun', 'FR', 71);
insert into student values('67535', 'Kiki', 'EL', 117);
insert into student values('35134', 'Ahmad', 'HI', 84);
insert into student values('44807', 'Yohan', 'HI', 90);
insert into student values('44527', 'Josu', 'RR', 43);
insert into student values('17584', 'rahmat', 'DE', 120);
insert into student values('78280', 'Ahmad', 'MT', 63);
insert into student values('71629', 'Yohan', 'EL', 22);
insert into student values('78271', 'Budi', 'GO', 73);
insert into student values('77750', 'Ande', 'FR', 32);
insert into student values('74618', 'Yohan', 'DE', 2);
insert into student values('86994', 'Josu', 'WW', 56);
insert into student values('61108', 'yuyun', 'GO', 82);
insert into student values('6267', 'Josu', 'DE', 93);
insert into student values('13974', 'Josu', 'MT', 127);
insert into student values('57852', 'Josu', 'HI', 101);
insert into student values('61502', 'Kiki', 'WW', 14);
insert into student values('37269', 'Ande', 'GO', 8);
insert into student values('17147', 'Johan', 'GT', 107);
insert into student values('88309', 'Josu', 'GT', 68);
insert into student values('46381', 'Josu', 'DE', 7);
insert into student values('74239', 'Ahmad', 'GO', 112);
insert into student values('3849', 'Adri', 'FR', 89);
insert into student values('9157', 'rahmat', 'DE', 112);
insert into student values('56403', 'Johan', 'DF', 57);
insert into student values('59311', 'Ahmad', 'DF', 31);
insert into student values('55235', 'Johan', 'DF', 72);
insert into student values('70293', 'Adri', 'GO', 40);
insert into student values('2560', 'Josu', 'MT', 87);
insert into student values('48384', 'yuyun', 'WW', 79);
insert into student values('78407', 'Budi', 'EL', 7);
insert into student values('5165', 'Kiki', 'FR', 57);
insert into student values('28868', 'rahmat', 'WW', 41);
insert into student values('80265', 'yuyun', 'GT', 12);
insert into student values('51862', 'Budi', 'MT', 7);
insert into student values('85301', 'Budi', 'DF', 27);
insert into student values('2703', 'Josu', 'HI', 66);
insert into student values('60675', 'Johan', 'RR', 8);
insert into student values('15538', 'Budi', 'DE', 84);
insert into student values('23062', 'Ahmad', 'DE', 29);
insert into student values('88531', 'Budi', 'WW', 109);
insert into student values('72934', 'Josu', 'DF', 30);
insert into student values('77178', 'Ande', 'HI', 35);
insert into student values('90041', 'yuyun', 'GT', 67);
insert into student values('70047', 'Ande', 'WW', 73);
insert into student values('77963', 'Ande', 'MT', 29);
insert into student values('9711', 'Josu', 'DF', 52);
insert into student values('92582', 'Johan', 'WW', 118);
insert into student values('5733', 'rahmat', 'FR', 58);
insert into student values('42794', 'Johan', 'GT', 51);
insert into student values('31153', 'Johan', 'DE', 81);
insert into student values('84742', 'Kiki', 'RR', 120);
insert into student values('69940', 'Ahmad', 'FR', 72);
insert into student values('16508', 'Josu', 'EL', 56);
insert into student values('20033', 'Yohan', 'GO', 14);
insert into student values('36576', 'yuyun', 'GT', 86);
insert into student values('93758', 'Josu', 'WW', 113);
insert into student values('81785', 'Yohan', 'FR', 3);
insert into student values('66976', 'Budi', 'GO', 9);
insert into student values('41534', 'Adri', 'HI', 56);
insert into student values('32306', 'Kiki', 'WW', 73);
insert into student values('50362', 'Yohan', 'MT', 77);
insert into student values('20782', 'Johan', 'GT', 58);
insert into student values('59145', 'Adri', 'WW', 115);
insert into student values('10753', 'Budi', 'EL', 28);
insert into student values('48504', 'Josu', 'MT', 111);
insert into student values('22411', 'Johan', 'DF', 126);
insert into student values('51304', 'yuyun', 'GO', 107);
insert into student values('3068', 'rahmat', 'DF', 46);
insert into student values('4490', 'Adri', 'RR', 104);
insert into student values('96216', 'rahmat', 'EL', 46);
insert into student values('1123', 'Ande', 'DF', 21);
insert into student values('74099', 'Budi', 'MT', 8);
insert into student values('26058', 'Johan', 'FR', 23);
insert into student values('29877', 'Johan', 'GT', 51);
insert into student values('27045', 'Ande', 'FR', 69);
insert into student values('58807', 'rahmat', 'HI', 85);
insert into student values('7151', 'Kiki', 'MT', 110);
insert into student values('37860', 'Ahmad', 'GO', 125);
insert into takes values('71665', '784', '2', 'Spring', 2005, 'C+');
insert into takes values('62358', '640', '2', 'Fall', 2002, 'C+');
insert into takes values('35134', '992', '1', 'Fall', 2005, 'B-');
insert into takes values('27045', '633', '1', 'Fall', 2003, 'A ');
insert into takes values('7093', '239', '4', 'Spring', 2003, 'C ');
insert into takes values('38983', '437', '3', 'Spring', 2003, 'C ');
insert into takes values('30992', '306', '1', 'Fall', 2007, 'C+');
insert into takes values('17754', '974', '2', 'Spring', 2006, 'A ');
insert into takes values('9157', '352', '2', 'Spring', 2010, 'A ');
insert into takes values('37687', '919', '1', 'Fall', 2006, 'C-');
insert into takes values('13974', '561', '1', 'Spring', 2003, 'A-');
insert into takes values('72501', '884', '2', 'Spring', 2002, 'A ');
insert into takes values('27045', '828', '2', 'Fall', 2003, 'C ');
insert into takes values('25318', '367', '2', 'Spring', 2003, 'C+');
insert into takes values('95140', '352', '1', 'Spring', 2008, 'B-');
insert into takes values('28868', '149', '1', 'Fall', 2007, 'B+');
insert into takes values('3635', '856', '2', 'Fall', 2009, 'B+');
insert into takes values('53609', '624', '1', 'Fall', 2001, 'C ');
insert into takes values('55235', '116', '6', 'Fall', 2010, 'C-');
insert into takes values('71665', '583', '1', 'Spring', 2002, 'B+');
insert into takes values('87143', '346', '4', 'Spring', 2010, 'A ');
insert into takes values('63884', '920', '4', 'Fall', 2008, 'A ');
insert into takes values('7151', '856', '6', 'Fall', 2003, 'B-');
insert into takes values('51862', '354', '1', 'Fall', 2010, 'B+');
insert into takes values('90294', '684', '1', 'Fall', 2005, 'B+');
insert into takes values('99183', '905', '2', 'Spring', 2007, 'B+');
insert into takes values('53961', '584', '1', 'Fall', 2002, 'A-');
insert into takes values('23266', '109', '1', 'Spring', 2006, 'C+');
insert into takes values('8131', '619', '2', 'Fall', 2006, 'C+');
insert into takes values('86994', '687', '1', 'Spring', 2004, 'C+');
insert into takes values('36576', '414', '1', 'Spring', 2004, 'A ');
insert into takes values('17754', '294', '1', 'Spring', 2010, 'A+');
insert into takes values('77756', '505', '3', 'Spring', 2010, 'B+');
insert into takes values('75655', '713', '2', 'Fall', 2002, 'C+');
insert into takes values('5733', '379', '2', 'Spring', 2006, 'B-');
insert into takes values('66976', '493', '4', 'Spring', 2002, 'B-');
insert into takes values('36701', '875', '2', 'Fall', 2001, 'C+');
insert into takes values('20782', '919', '4', 'Fall', 2010, 'A-');
insert into takes values('88309', '120', '3', 'Fall', 2008, 'B-');
insert into takes values('686', '339', '1', 'Spring', 2005, 'A ');
insert into takes values('51304', '239', '1', 'Fall', 2008, 'B-');
insert into takes values('2776', '910', '1', 'Fall', 2003, 'A+');
insert into takes values('67535', '855', '1', 'Spring', 2002, 'B ');
insert into takes values('75655', '403', '1', 'Spring', 2007, 'A ');
insert into takes values('4634', '346', '2', 'Fall', 2009, 'C-');
insert into takes values('53609', '528', '1', 'Spring', 2001, 'B+');
insert into takes values('36701', '856', '1', 'Spring', 2007, 'B-');
insert into takes values('9603', '140', '1', 'Fall', 2009, 'C+');
insert into takes values('17754', '471', '1', 'Fall', 2008, 'A+');
insert into takes values('33303', '531', '1', 'Fall', 2009, 'A-');
insert into takes values('14114', '855', '4', 'Fall', 2009, 'B ');
insert into takes values('57541', '633', '1', 'Fall', 2003, 'C-');
insert into takes values('53961', '367', '4', 'Fall', 2002, 'A-');
insert into takes values('74618', '910', '1', 'Fall', 2003, 'A ');
insert into takes values('91687', '688', '1', 'Fall', 2010, 'B+');
insert into takes values('59311', '171', '1', 'Fall', 2008, 'A ');
insert into takes values('53609', '893', '1', 'Spring', 2003, 'B ');
insert into takes values('81785', '163', '2', 'Fall', 2007, 'A-');
insert into takes values('9711', '227', '1', 'Spring', 2010, 'B ');
insert into takes values('29877', '230', '1', 'Spring', 2008, 'A-');
insert into takes values('22994', '530', '1', 'Fall', 2008, 'C ');
insert into takes values('95046', '437', '3', 'Spring', 2003, 'C ');
insert into takes values('62103', '306', '2', 'Fall', 2010, 'A+');
insert into takes values('81180', '496', '2', 'Spring', 2009, 'C-');
insert into takes values('48310', '421', '2', 'Spring', 2003, 'A ');
insert into takes values('96473', '437', '4', 'Spring', 2004, 'B+');
insert into takes values('73176', '344', '3', 'Fall', 2007, 'C ');
insert into takes values('686', '331', '2', 'Spring', 2007, 'B-');
insert into takes values('49463', '982', '2', 'Spring', 2010, 'B-');
insert into takes values('51862', '878', '1', 'Fall', 2002, 'B+');
insert into takes values('64201', '591', '2', 'Spring', 2004, 'C ');
insert into takes values('27045', '643', '4', 'Spring', 2006, 'A-');
insert into takes values('81180', '403', '3', 'Fall', 2008, 'B-');
insert into takes values('38983', '178', '2', 'Fall', 2005, 'A-');
insert into takes values('44203', '692', '3', 'Spring', 2001, 'C-');
insert into takes values('50135', '894', '3', 'Fall', 2001, 'A+');
insert into takes values('74239', '506', '1', 'Spring', 2005, 'C-');
insert into takes values('22994', '346', '4', 'Spring', 2010, 'A ');
insert into takes values('36701', '887', '1', 'Spring', 2003, 'A ');
insert into takes values('6267', '178', '2', 'Fall', 2005, 'B-');
insert into takes values('59145', '485', '3', 'Spring', 2006, 'A-');
insert into takes values('84742', '856', '4', 'Spring', 2001, 'C-');
insert into takes values('686', '253', '2', 'Fall', 2007, 'B+');
insert into takes values('86815', '403', '5', 'Spring', 2004, 'B+');
insert into takes values('10554', '857', '3', 'Spring', 2010, 'C ');
insert into takes values('7151', '855', '4', 'Fall', 2009, 'C+');
insert into takes values('43966', '927', '1', 'Spring', 2010, 'B+');
insert into takes values('17754', '508', '1', 'Spring', 2002, 'A-');
insert into takes values('81489', '856', '2', 'Fall', 2009, 'A+');
insert into takes values('99183', '907', '3', 'Spring', 2005, 'B-');
insert into takes values('45614', '533', '3', 'Spring', 2006, 'A-');
insert into takes values('90041', '101', '2', 'Fall', 2002, 'B+');
insert into takes values('51862', '784', '1', 'Fall', 2006, 'A-');
insert into takes values('22994', '487', '2', 'Spring', 2001, 'B ');
insert into takes values('71629', '535', '2', 'Fall', 2001, 'C ');
insert into takes values('78280', '368', '2', 'Spring', 2004, 'A-');
insert into takes values('37269', '633', '1', 'Fall', 2003, 'A+');
insert into takes values('17584', '624', '1', 'Fall', 2001, 'A-');
insert into takes values('33303', '814', '4', 'Spring', 2010, 'A+');
insert into takes values('57852', '348', '3', 'Spring', 2007, 'B ');
insert into takes values('88309', '992', '1', 'Fall', 2005, 'B ');
insert into takes values('15855', '737', '1', 'Spring', 2001, 'A ');
insert into takes values('77963', '912', '4', 'Spring', 2002, 'B-');
insert into takes values('48758', '584', '7', 'Fall', 2002, 'A-');
insert into takes values('21324', '784', '1', 'Fall', 2006, 'C ');
insert into takes values('30127', '583', '3', 'Spring', 2004, 'B+');
insert into takes values('2560', '674', '2', 'Spring', 2007, 'B+');
insert into takes values('51862', '904', '1', 'Spring', 2008, 'A ');
insert into takes values('74613', '624', '1', 'Fall', 2001, 'A+');
insert into takes values('48758', '992', '2', 'Spring', 2003, 'C ');
insert into takes values('44203', '888', '1', 'Fall', 2010, 'B-');
insert into takes values('38983', '387', '1', 'Spring', 2009, 'A+');
insert into takes values('60675', '913', '1', 'Spring', 2002, 'A ');
insert into takes values('8720', '116', '5', 'Spring', 2009, 'C+');
insert into takes values('5165', '957', '1', 'Spring', 2005, 'B-');
insert into takes values('81785', '120', '1', 'Fall', 2003, 'A ');
insert into takes values('37860', '344', '1', 'Fall', 2004, 'A+');
insert into takes values('67330', '857', '1', 'Fall', 2003, 'A-');
insert into takes values('73910', '856', '3', 'Spring', 2004, 'C+');
insert into takes values('50362', '508', '1', 'Spring', 2002, 'A+');
insert into takes values('73910', '640', '3', 'Fall', 2004, 'A ');
insert into takes values('67535', '955', '1', 'Fall', 2005, 'B-');
insert into takes values('70619', '713', '3', 'Fall', 2001, 'C-');
insert into takes values('80265', '581', '1', 'Spring', 2003, 'A-');
insert into takes values('10753', '711', '2', 'Fall', 2006, 'B-');
insert into takes values('90294', '120', '4', 'Fall', 2001, 'A-');
insert into takes values('74239', '953', '2', 'Fall', 2003, 'C-');
insert into takes values('60675', '253', '4', 'Spring', 2010, 'A+');
insert into takes values('55235', '844', '1', 'Fall', 2009, 'A+');
insert into takes values('71665', '306', '2', 'Fall', 2010, 'B-');
insert into takes values('41534', '195', '2', 'Spring', 2009, 'A+');
insert into takes values('71665', '367', '2', 'Spring', 2003, 'A-');
insert into takes values('26376', '255', '5', 'Spring', 2003, 'A-');
insert into takes values('95140', '487', '2', 'Spring', 2001, 'C+');
insert into takes values('95140', '624', '3', 'Fall', 2002, 'B-');
insert into takes values('67620', '619', '2', 'Fall', 2006, 'C ');
insert into takes values('7093', '908', '1', 'Fall', 2007, 'C ');
insert into takes values('86815', '953', '2', 'Fall', 2003, 'B+');
insert into takes values('67620', '855', '4', 'Fall', 2009, 'C ');
insert into takes values('70190', '684', '4', 'Fall', 2001, 'B+');
insert into takes values('74613', '713', '2', 'Fall', 2002, 'A+');
insert into takes values('99650', '814', '2', 'Spring', 2007, 'A-');
insert into takes values('26963', '329', '2', 'Spring', 2010, 'B+');
insert into takes values('46381', '150', '1', 'Fall', 2006, 'A ');
insert into takes values('95140', '561', '1', 'Spring', 2003, 'A-');
insert into takes values('20033', '778', '2', 'Fall', 2008, 'B ');
insert into takes values('62103', '561', '1', 'Spring', 2003, 'A-');
insert into takes values('95173', '907', '3', 'Spring', 2005, 'B-');
insert into takes values('10069', '916', '1', 'Spring', 2007, 'C+');
insert into takes values('99183', '604', '2', 'Fall', 2010, 'C ');
insert into takes values('17147', '801', '1', 'Fall', 2005, 'A-');
insert into takes values('72934', '449', '2', 'Spring', 2005, 'B ');
insert into takes values('21324', '284', '1', 'Fall', 2008, 'A-');
insert into takes values('28868', '255', '6', 'Spring', 2007, 'C+');
insert into takes values('44203', '709', '1', 'Fall', 2009, 'C-');
insert into takes values('50135', '213', '4', 'Spring', 2006, 'A+');
insert into takes values('17147', '255', '1', 'Spring', 2007, 'A-');
insert into takes values('66976', '319', '2', 'Spring', 2009, 'B ');
insert into takes values('21324', '233', '2', 'Fall', 2010, 'C-');
insert into takes values('53961', '919', '3', 'Spring', 2008, 'B+');
insert into takes values('49346', '354', '3', 'Spring', 2001, 'C+');
insert into takes values('23266', '591', '2', 'Spring', 2004, 'B+');
insert into takes values('12009', '227', '4', 'Spring', 2004, 'C ');
insert into takes values('4490', '584', '4', 'Spring', 2005, 'B-');
insert into takes values('4634', '561', '2', 'Spring', 2004, 'C-');
insert into takes values('87377', '908', '2', 'Fall', 2010, 'C ');
insert into takes values('10753', '905', '2', 'Spring', 2007, 'A-');
insert into takes values('46857', '670', '2', 'Fall', 2002, 'A-');
insert into takes values('67253', '253', '1', 'Fall', 2010, 'C+');
insert into takes values('21324', '919', '4', 'Fall', 2010, 'B+');
insert into takes values('42794', '233', '3', 'Spring', 2007, 'C+');
insert into takes values('34266', '746', '2', 'Spring', 2008, 'A ');
insert into takes values('62103', '150', '1', 'Fall', 2006, 'B+');
insert into takes values('35134', '319', '3', 'Fall', 2007, 'C ');
insert into takes values('22294', '121', '1', 'Spring', 2005, 'C ');
insert into takes values('12559', '505', '4', 'Spring', 2009, 'A-');
insert into takes values('99183', '920', '3', 'Fall', 2007, 'A-');
insert into takes values('62358', '654', '1', 'Fall', 2009, 'B+');
insert into takes values('6199', '927', '2', 'Fall', 2010, 'C-');
insert into takes values('3068', '682', '1', 'Fall', 2005, 'A ');
insert into takes values('77963', '709', '2', 'Spring', 2003, 'C-');
insert into takes values('49346', '888', '1', 'Fall', 2010, 'A+');
insert into takes values('90294', '584', '7', 'Fall', 2002, 'A ');
insert into takes values('70293', '213', '1', 'Fall', 2001, 'A+');
insert into takes values('34007', '403', '1', 'Spring', 2007, 'C+');
insert into takes values('69940', '533', '1', 'Fall', 2004, 'B ');
insert into takes values('47566', '535', '2', 'Fall', 2001, 'B-');
insert into takes values('86205', '253', '4', 'Spring', 2010, 'C+');
insert into takes values('22994', '547', '2', 'Spring', 2002, 'B-');
insert into takes values('48384', '449', '1', 'Spring', 2008, 'A+');
insert into takes values('12974', '245', '2', 'Fall', 2002, 'C-');
insert into takes values('53961', '814', '3', 'Spring', 2010, 'C+');
insert into takes values('44203', '471', '1', 'Fall', 2008, 'C-');
insert into takes values('90294', '572', '1', 'Fall', 2010, 'A+');
insert into takes values('9157', '712', '1', 'Fall', 2008, 'A+');
insert into takes values('37687', '505', '3', 'Spring', 2010, 'B-');
insert into takes values('84679', '294', '2', 'Fall', 2010, 'A ');
insert into takes values('88531', '622', '3', 'Spring', 2003, 'A ');
insert into takes values('4490', '640', '2', 'Fall', 2002, 'A ');
insert into takes values('78407', '875', '1', 'Fall', 2003, 'C ');
insert into takes values('10554', '195', '2', 'Spring', 2009, 'B-');
insert into takes values('87377', '759', '1', 'Spring', 2009, 'C ');
insert into takes values('10554', '919', '4', 'Fall', 2010, 'A-');
insert into takes values('90402', '163', '2', 'Fall', 2007, 'B ');
insert into takes values('20782', '746', '2', 'Spring', 2008, 'C+');
insert into takes values('41534', '610', '1', 'Spring', 2010, 'C-');
insert into takes values('92582', '583', '2', 'Fall', 2004, 'A ');
insert into takes values('46381', '619', '4', 'Spring', 2003, 'C ');
insert into takes values('29877', '255', '6', 'Spring', 2007, 'C ');
insert into takes values('32306', '946', '1', 'Fall', 2003, 'B+');
insert into takes values('63884', '755', '2', 'Fall', 2004, 'B ');
insert into takes values('3635', '640', '4', 'Fall', 2002, 'C+');
insert into takes values('6199', '269', '1', 'Spring', 2002, 'B ');
insert into takes values('67620', '171', '1', 'Fall', 2008, 'C-');
insert into takes values('50135', '599', '2', 'Spring', 2008, 'B-');
insert into takes values('75655', '294', '2', 'Fall', 2010, 'A+');
insert into takes values('46226', '533', '1', 'Fall', 2004, 'B-');
insert into takes values('17235', '583', '2', 'Fall', 2004, 'C-');
insert into takes values('15855', '213', '3', 'Spring', 2010, 'B-');
insert into takes values('84679', '319', '2', 'Spring', 2009, 'A+');
insert into takes values('8131', '496', '1', 'Spring', 2008, 'B ');
insert into takes values('16508', '213', '1', 'Fall', 2001, 'A ');
insert into takes values('30992', '599', '3', 'Spring', 2009, 'C+');
insert into takes values('15538', '368', '2', 'Spring', 2004, 'C ');
insert into takes values('48310', '888', '1', 'Fall', 2010, 'C+');
insert into takes values('92582', '982', '2', 'Spring', 2010, 'B+');
insert into takes values('78271', '163', '1', 'Fall', 2004, 'C+');
insert into takes values('46226', '299', '2', 'Spring', 2001, 'C+');
insert into takes values('77178', '298', '1', 'Spring', 2003, 'B+');
insert into takes values('29877', '530', '2', 'Spring', 2010, 'C-');
insert into takes values('48310', '379', '2', 'Spring', 2006, 'A ');
insert into takes values('29877', '624', '2', 'Fall', 2010, 'C-');
insert into takes values('53961', '348', '2', 'Spring', 2001, 'C+');
insert into takes values('89502', '878', '1', 'Fall', 2002, 'A+');
insert into takes values('89502', '576', '1', 'Spring', 2004, 'C ');
insert into takes values('48384', '844', '2', 'Fall', 2005, 'C+');
insert into takes values('67330', '352', '2', 'Spring', 2010, 'B-');
insert into takes values('22994', '506', '2', 'Fall', 2002, 'B ');
insert into takes values('70190', '230', '2', 'Fall', 2004, 'A-');
insert into takes values('47566', '907', '3', 'Spring', 2005, 'B-');
insert into takes values('87377', '894', '1', 'Fall', 2008, 'C+');
insert into takes values('74239', '530', '1', 'Fall', 2008, 'B+');
insert into takes values('45614', '255', '1', 'Spring', 2007, 'C ');
insert into takes values('77750', '687', '1', 'Spring', 2004, 'B+');
insert into takes values('96216', '855', '1', 'Spring', 2002, 'B ');
insert into takes values('23266', '149', '1', 'Fall', 2007, 'C+');
insert into takes values('10069', '253', '2', 'Fall', 2007, 'C ');
insert into takes values('51304', '535', '1', 'Fall', 2005, 'B+');
insert into takes values('9711', '253', '1', 'Fall', 2010, 'C+');
insert into takes values('56403', '488', '2', 'Spring', 2006, 'B-');
insert into takes values('32243', '547', '2', 'Spring', 2002, 'B ');
insert into takes values('29535', '927', '1', 'Spring', 2010, 'C+');
insert into takes values('67620', '584', '5', 'Fall', 2002, 'A+');
insert into takes values('52227', '814', '2', 'Spring', 2007, 'C ');
insert into takes values('6267', '485', '2', 'Fall', 2007, 'A-');
insert into takes values('1564', '514', '2', 'Fall', 2008, 'B-');
insert into takes values('74099', '213', '2', 'Spring', 2004, 'C-');
insert into takes values('80700', '640', '1', 'Fall', 2001, 'C-');
insert into takes values('23266', '269', '3', 'Fall', 2001, 'C+');
insert into takes values('32306', '329', '3', 'Spring', 2008, 'B ');
insert into takes values('84742', '601', '1', 'Spring', 2004, 'C-');
insert into takes values('35134', '253', '4', 'Spring', 2010, 'A-');
insert into takes values('83771', '856', '4', 'Spring', 2001, 'C ');
insert into takes values('66976', '239', '2', 'Spring', 2010, 'C ');
insert into takes values('67620', '230', '1', 'Spring', 2008, 'A-');
insert into takes values('70293', '707', '1', 'Fall', 2008, 'A+');
insert into takes values('10554', '707', '1', 'Fall', 2008, 'A-');
insert into takes values('85301', '955', '4', 'Spring', 2005, 'B ');
insert into takes values('3849', '230', '2', 'Fall', 2004, 'A-');
insert into takes values('41534', '707', '2', 'Spring', 2009, 'A ');
insert into takes values('37269', '551', '1', 'Spring', 2001, 'B+');
insert into takes values('9157', '907', '2', 'Fall', 2002, 'B ');
insert into takes values('46857', '343', '1', 'Fall', 2003, 'C-');
insert into takes values('30127', '403', '6', 'Fall', 2009, 'A+');
insert into takes values('50301', '591', '1', 'Fall', 2002, 'C+');
insert into takes values('9711', '643', '4', 'Spring', 2006, 'C-');
insert into takes values('90777', '174', '1', 'Fall', 2001, 'A-');
insert into takes values('53609', '683', '1', 'Spring', 2003, 'C-');
insert into takes values('4194', '711', '2', 'Fall', 2006, 'C+');
insert into takes values('5275', '329', '3', 'Spring', 2008, 'A+');
insert into takes values('61108', '755', '1', 'Fall', 2008, 'C+');
insert into takes values('36245', '601', '1', 'Spring', 2004, 'B-');
insert into takes values('62358', '576', '1', 'Spring', 2004, 'C+');
insert into takes values('48504', '908', '2', 'Fall', 2010, 'C+');
insert into takes values('45614', '387', '4', 'Spring', 2002, 'C ');
insert into takes values('59311', '239', '4', 'Spring', 2003, 'A ');
insert into takes values('77178', '367', '4', 'Fall', 2002, 'B+');
insert into takes values('50362', '946', '1', 'Fall', 2003, 'B+');
insert into takes values('49346', '533', '2', 'Spring', 2008, 'C-');
insert into takes values('29877', '635', '2', 'Fall', 2010, 'B-');
insert into takes values('34266', '583', '3', 'Spring', 2004, 'A-');
insert into takes values('92582', '213', '1', 'Fall', 2001, 'B-');
insert into takes values('34007', '269', '3', 'Fall', 2001, 'C+');
insert into takes values('74239', '884', '1', 'Fall', 2010, 'C-');
insert into takes values('15538', '888', '2', 'Fall', 2009, 'B+');
insert into takes values('10069', '352', '1', 'Spring', 2008, 'A ');
insert into takes values('83771', '700', '1', 'Fall', 2008, 'A+');
insert into takes values('86205', '255', '2', 'Fall', 2004, 'C+');
insert into takes values('49463', '354', '1', 'Fall', 2010, 'C+');
insert into takes values('37860', '140', '2', 'Spring', 2003, 'B ');
insert into takes values('32306', '992', '2', 'Spring', 2003, 'C-');
insert into takes values('10554', '213', '2', 'Spring', 2004, 'C+');
insert into takes values('9603', '403', '1', 'Spring', 2007, 'B-');
insert into takes values('15855', '561', '2', 'Spring', 2004, 'B ');
insert into takes values('26963', '449', '2', 'Spring', 2005, 'A-');
insert into takes values('17754', '855', '4', 'Fall', 2009, 'B+');
insert into takes values('89410', '547', '1', 'Spring', 2007, 'B+');
insert into takes values('67253', '927', '1', 'Spring', 2010, 'B+');
insert into takes values('22994', '449', '2', 'Spring', 2005, 'C ');
insert into takes values('67620', '120', '4', 'Fall', 2001, 'A-');
insert into takes values('90041', '572', '1', 'Fall', 2010, 'C+');
insert into takes values('73910', '551', '1', 'Spring', 2001, 'C ');
insert into takes values('9711', '367', '5', 'Fall', 2010, 'A+');
insert into takes values('1123', '120', '1', 'Fall', 2003, 'C+');
insert into takes values('89502', '887', '1', 'Spring', 2003, 'A ');
insert into takes values('24995', '708', '1', 'Spring', 2008, 'B-');
insert into takes values('5275', '367', '2', 'Spring', 2003, 'A ');
insert into takes values('78407', '359', '1', 'Spring', 2005, 'B ');
insert into takes values('12009', '844', '3', 'Fall', 2004, 'C ');
insert into takes values('26963', '440', '1', 'Fall', 2009, 'A+');
insert into takes values('66976', '913', '1', 'Spring', 2002, 'B-');
insert into takes values('44807', '116', '1', 'Fall', 2006, 'A-');
insert into takes values('46226', '414', '2', 'Spring', 2010, 'A ');
insert into takes values('36576', '955', '3', 'Fall', 2002, 'A ');
insert into takes values('51862', '480', '1', 'Spring', 2008, 'C ');
insert into takes values('80700', '912', '4', 'Spring', 2002, 'B+');
insert into takes values('17584', '992', '2', 'Spring', 2003, 'A ');
insert into takes values('42794', '171', '2', 'Fall', 2006, 'B+');
insert into takes values('57541', '713', '3', 'Fall', 2001, 'B+');
insert into takes values('96216', '561', '1', 'Spring', 2003, 'A ');
insert into takes values('61108', '607', '1', 'Fall', 2010, 'A-');
insert into takes values('23266', '487', '1', 'Fall', 2010, 'C-');
insert into takes values('10069', '692', '3', 'Spring', 2001, 'C-');
insert into takes values('78280', '348', '3', 'Spring', 2007, 'A-');
insert into takes values('95046', '172', '1', 'Fall', 2005, 'B-');
insert into takes values('3068', '674', '2', 'Spring', 2007, 'B+');
insert into takes values('20033', '711', '2', 'Fall', 2006, 'B ');
insert into takes values('96473', '239', '3', 'Spring', 2009, 'A-');
insert into takes values('86815', '352', '2', 'Spring', 2010, 'A ');
insert into takes values('87143', '116', '4', 'Spring', 2005, 'A ');
insert into takes values('17754', '500', '1', 'Spring', 2006, 'B-');
insert into takes values('22411', '875', '2', 'Fall', 2001, 'B-');
insert into takes values('90402', '528', '1', 'Spring', 2001, 'B+');
insert into takes values('80851', '480', '1', 'Spring', 2008, 'B ');
insert into takes values('50362', '591', '1', 'Fall', 2002, 'A ');
insert into takes values('81785', '643', '4', 'Spring', 2006, 'A ');
insert into takes values('78407', '786', '2', 'Spring', 2006, 'A-');
insert into takes values('10069', '786', '2', 'Spring', 2006, 'A-');
insert into takes values('46857', '684', '2', 'Spring', 2009, 'B ');
insert into takes values('56403', '147', '1', 'Fall', 2003, 'B-');
insert into takes values('90777', '635', '1', 'Spring', 2003, 'C-');
insert into takes values('5165', '488', '1', 'Fall', 2005, 'B+');
insert into takes values('55235', '953', '1', 'Fall', 2008, 'B ');
insert into takes values('56403', '367', '3', 'Spring', 2010, 'A-');
insert into takes values('62358', '398', '1', 'Fall', 2007, 'B ');
insert into takes values('22651', '174', '2', 'Spring', 2005, 'C+');
insert into takes values('44464', '643', '1', 'Fall', 2003, 'B ');
insert into takes values('14114', '576', '1', 'Spring', 2004, 'A ');
insert into takes values('88531', '191', '1', 'Spring', 2005, 'A+');
insert into takes values('57455', '599', '2', 'Spring', 2008, 'B+');
insert into takes values('7093', '624', '4', 'Fall', 2001, 'B+');
insert into takes values('686', '708', '1', 'Spring', 2008, 'B+');
insert into takes values('44527', '493', '1', 'Spring', 2003, 'B+');
insert into takes values('67253', '692', '4', 'Spring', 2002, 'B-');
insert into takes values('10069', '298', '2', 'Spring', 2004, 'C+');
insert into takes values('46226', '856', '2', 'Fall', 2009, 'A+');
insert into takes values('2560', '619', '3', 'Spring', 2004, 'C ');
insert into takes values('36245', '974', '3', 'Fall', 2010, 'B ');
insert into takes values('61502', '959', '1', 'Fall', 2006, 'C-');
insert into takes values('4194', '576', '1', 'Spring', 2004, 'C-');
insert into takes values('89502', '191', '1', 'Spring', 2005, 'C-');
insert into takes values('52227', '684', '1', 'Fall', 2005, 'C ');
insert into takes values('81489', '339', '2', 'Fall', 2003, 'B+');
insert into takes values('81489', '298', '2', 'Spring', 2004, 'C ');
insert into takes values('44464', '684', '3', 'Fall', 2009, 'A+');
insert into takes values('75655', '982', '1', 'Fall', 2010, 'C-');
insert into takes values('26963', '599', '3', 'Spring', 2009, 'B ');
insert into takes values('34266', '619', '1', 'Fall', 2008, 'C+');
insert into takes values('12974', '230', '3', 'Fall', 2005, 'C-');
insert into takes values('36245', '875', '3', 'Fall', 2001, 'C-');
insert into takes values('44203', '844', '2', 'Fall', 2005, 'B-');
insert into takes values('22294', '955', '2', 'Fall', 2009, 'A-');
insert into takes values('90294', '233', '3', 'Spring', 2007, 'B+');
insert into takes values('51862', '640', '3', 'Fall', 2004, 'B ');
insert into takes values('5165', '306', '1', 'Fall', 2007, 'C+');
insert into takes values('58913', '116', '1', 'Fall', 2006, 'C ');
insert into takes values('20033', '907', '1', 'Fall', 2004, 'B-');
insert into takes values('4490', '147', '4', 'Spring', 2003, 'C-');
insert into takes values('85301', '778', '4', 'Fall', 2005, 'B-');
insert into takes values('90041', '343', '1', 'Fall', 2003, 'A+');
insert into takes values('21324', '348', '1', 'Fall', 2009, 'C ');
insert into takes values('22994', '239', '4', 'Spring', 2003, 'A+');
insert into takes values('57455', '684', '5', 'Spring', 2006, 'C+');
insert into takes values('37687', '346', '4', 'Spring', 2010, 'B ');
insert into takes values('12974', '344', '2', 'Fall', 2004, 'C+');
insert into takes values('9603', '856', '6', 'Fall', 2003, 'B ');
insert into takes values('41534', '150', '2', 'Fall', 2008, 'A ');
insert into takes values('26376', '778', '1', 'Spring', 2008, 'A ');
insert into takes values('26058', '878', '1', 'Fall', 2002, 'B+');
insert into takes values('29877', '379', '3', 'Fall', 2005, 'A ');
insert into advisor values('2776', '38928');
insert into advisor values('21324', '78177');
insert into advisor values('57541', '24066');
insert into advisor values('10554', '53340');
insert into advisor values('76546', '96843');
insert into advisor values('8131', '45607');
insert into advisor values('84679', '73806');
insert into advisor values('21231', '55281');
insert into advisor values('4194', '11833');
insert into advisor values('89502', '33655');
insert into advisor values('44464', '37803');
insert into advisor values('43966', '11824');
insert into advisor values('27105', '45789');
insert into advisor values('30992', '61051');
insert into advisor values('62103', '43462');
insert into advisor values('87143', '37803');
insert into advisor values('25318', '44378');
insert into advisor values('75655', '40721');
insert into advisor values('72501', '1552');
insert into advisor values('53609', '31871');
insert into advisor values('81180', '21527');
insert into advisor values('90294', '12554');
insert into advisor values('18052', '20168');
insert into advisor values('38983', '39810');
insert into advisor values('46857', '89472');
insert into advisor values('44203', '55281');
insert into advisor values('86778', '42895');
insert into advisor values('22593', '42895');
insert into advisor values('50135', '12554');
insert into advisor values('96473', '45789');
insert into advisor values('46226', '53340');
insert into advisor values('22294', '518');
insert into advisor values('47566', '11824');
insert into advisor values('12974', '39810');
insert into advisor values('52227', '73806');
insert into advisor values('26376', '7844');
insert into advisor values('37687', '38928');
insert into advisor values('65500', '32097');
insert into advisor values('95173', '1552');
insert into advisor values('48310', '45670');
insert into advisor values('34266', '73806');
insert into advisor values('26963', '11824');
insert into advisor values('22994', '72131');
insert into advisor values('14114', '44770');
insert into advisor values('86815', '39419');
insert into advisor values('67620', '59202');
insert into advisor values('23266', '55281');
insert into advisor values('47884', '73806');
insert into advisor values('57455', '89472');
insert into advisor values('31968', '55281');
insert into advisor values('85741', '518');
insert into advisor values('7093', '38928');
insert into advisor values('32243', '45607');
insert into advisor values('73910', '15510');
insert into advisor values('63884', '32465');
insert into advisor values('80700', '44378');
insert into advisor values('3411', '37803');
insert into advisor values('33303', '32097');
insert into advisor values('49463', '15510');
insert into advisor values('84995', '61471');
insert into advisor values('20440', '40721');
insert into advisor values('80851', '39810');
insert into advisor values('91687', '39419');
insert into advisor values('35946', '45789');
insert into advisor values('93898', '20168');
insert into advisor values('1564', '37803');
insert into advisor values('74613', '41814');
insert into advisor values('87377', '19836');
insert into advisor values('71665', '45677');
insert into advisor values('67330', '11833');
insert into advisor values('984', '31871');
insert into advisor values('4634', '44770');
insert into advisor values('62358', '42895');
insert into advisor values('67253', '33655');
insert into advisor values('83337', '37803');
insert into advisor values('24995', '518');
insert into advisor values('89410', '42895');
insert into advisor values('95046', '7844');
insert into advisor values('99650', '43462');
insert into advisor values('12559', '45607');
insert into advisor values('50301', '21527');
insert into advisor values('95140', '78177');
insert into advisor values('90777', '72131');
insert into advisor values('86205', '92398');
insert into advisor values('30127', '39419');
insert into advisor values('90402', '39419');
insert into advisor values('64201', '45607');
insert into advisor values('70190', '19836');
insert into advisor values('49346', '83008');
insert into advisor values('45614', '32465');
insert into advisor values('53961', '42895');
insert into advisor values('51330', '12554');
insert into advisor values('36701', '55132');
insert into advisor values('22651', '45677');
insert into advisor values('81489', '11398');
insert into advisor values('70619', '50474');
insert into advisor values('98057', '92862');
insert into advisor values('34007', '83008');
insert into advisor values('5275', '24066');
insert into advisor values('73176', '31871');
insert into advisor values('15855', '83008');
insert into advisor values('12565', '31871');
insert into advisor values('29535', '42895');
insert into advisor values('37145', '45789');
insert into advisor values('6199', '50474');
insert into advisor values('9603', '92862');
insert into advisor values('36245', '7844');
insert into advisor values('96321', '43462');
insert into advisor values('12009', '82615');
insert into advisor values('17235', '45789');
insert into advisor values('48758', '55132');
insert into advisor values('686', '45789');
insert into advisor values('99183', '12554');
insert into advisor values('48982', '11833');
insert into advisor values('4250', '6063');
insert into advisor values('58913', '92398');
insert into advisor values('8720', '41814');
insert into advisor values('83771', '59202');
insert into advisor values('17754', '31871');
insert into advisor values('77756', '59202');
insert into advisor values('10069', '7844');
insert into advisor values('3635', '44378');
insert into advisor values('67535', '44378');
insert into advisor values('35134', '11398');
insert into advisor values('44807', '92398');
insert into advisor values('44527', '53340');
insert into advisor values('17584', '7844');
insert into advisor values('78280', '518');
insert into advisor values('71629', '41814');
insert into advisor values('78271', '61051');
insert into advisor values('77750', '45607');
insert into advisor values('74618', '39419');
insert into advisor values('86994', '83008');
insert into advisor values('61108', '53340');
insert into advisor values('6267', '20168');
insert into advisor values('13974', '72131');
insert into advisor values('57852', '83008');
insert into advisor values('61502', '7844');
insert into advisor values('37269', '45607');
insert into advisor values('17147', '45677');
insert into advisor values('88309', '78177');
insert into advisor values('46381', '61051');
insert into advisor values('74239', '44378');
insert into advisor values('3849', '50474');
insert into advisor values('9157', '16738');
insert into advisor values('56403', '83008');
insert into advisor values('59311', '92862');
insert into advisor values('55235', '83008');
insert into advisor values('70293', '20168');
insert into advisor values('2560', '42895');
insert into advisor values('48384', '31871');
insert into advisor values('78407', '16738');
insert into advisor values('5165', '6063');
insert into advisor values('28868', '41814');
insert into advisor values('80265', '39419');
insert into advisor values('51862', '16738');
insert into advisor values('85301', '70764');
insert into advisor values('2703', '53340');
insert into advisor values('60675', '53340');
insert into advisor values('15538', '89472');
insert into advisor values('23062', '518');
insert into advisor values('88531', '15510');
insert into advisor values('72934', '43462');
insert into advisor values('77178', '32465');
insert into advisor values('90041', '41814');
insert into advisor values('70047', '40721');
insert into advisor values('77963', '7844');
insert into advisor values('9711', '20168');
insert into advisor values('92582', '24066');
insert into advisor values('5733', '16738');
insert into advisor values('42794', '45607');
insert into advisor values('31153', '44378');
insert into advisor values('84742', '41814');
insert into advisor values('69940', '74619');
insert into advisor values('16508', '73806');
insert into advisor values('20033', '20168');
insert into advisor values('36576', '11398');
insert into advisor values('93758', '73806');
insert into advisor values('81785', '11398');
insert into advisor values('66976', '518');
insert into advisor values('41534', '11398');
insert into advisor values('32306', '11833');
insert into advisor values('50362', '45789');
insert into advisor values('20782', '45789');
insert into advisor values('59145', '96843');
insert into advisor values('10753', '43462');
insert into advisor values('48504', '53340');
insert into advisor values('22411', '38928');
insert into advisor values('51304', '70764');
insert into advisor values('3068', '73806');
insert into advisor values('4490', '11824');
insert into advisor values('96216', '44378');
insert into advisor values('1123', '21527');
insert into advisor values('74099', '39419');
insert into advisor values('26058', '43462');
insert into advisor values('29877', '31871');
insert into advisor values('27045', '45607');
insert into advisor values('58807', '40721');
insert into advisor values('7151', '24066');
insert into advisor values('37860', '78177');
insert into prereq values('227', '311');
insert into prereq values('960', '227');
insert into prereq values('722', '398');
insert into prereq values('624', '280');
insert into prereq values('551', '396');
insert into prereq values('255', '624');
insert into prereq values('755', '191');
insert into prereq values('687', '576');
insert into prereq values('619', '688');
insert into prereq values('172', '191');
insert into prereq values('269', '437');
insert into prereq values('905', '493');
insert into prereq values('380', '403');
insert into prereq values('682', '610');
insert into prereq values('955', '174');
insert into prereq values('875', '735');
insert into prereq values('643', '195');
insert into prereq values('387', '178');
insert into prereq values('437', '884');
insert into prereq values('670', '607');
insert into prereq values('688', '580');
insert into prereq values('140', '253');
insert into prereq values('514', '329');
insert into prereq values('547', '239');
insert into prereq values('284', '303');
insert into prereq values('182', '514');
insert into prereq values('172', '514');
insert into prereq values('712', '535');
insert into prereq values('354', '396');
insert into prereq values('910', '489');
insert into prereq values('787', '171');
insert into prereq values('643', '380');
insert into prereq values('955', '654');
insert into prereq values('910', '242');
insert into prereq values('449', '488');
insert into prereq values('506', '303');
insert into prereq values('599', '580');
insert into prereq values('163', '916');
insert into prereq values('331', '674');
insert into prereq values('834', '722');
insert into prereq values('700', '422');
insert into prereq values('299', '468');
insert into prereq values('284', '735');
insert into prereq values('584', '856');
insert into prereq values('316', '245');
insert into prereq values('239', '121');
insert into prereq values('499', '967');
insert into prereq values('584', '329');
insert into prereq values('354', '233');
insert into prereq values('440', '995');
insert into prereq values('907', '576');
insert into prereq values('440', '884');
insert into prereq values('331', '581');
insert into prereq values('421', '348');
insert into prereq values('844', '299');
insert into prereq values('191', '298');
insert into prereq values('713', '801');
insert into prereq values('888', '528');
insert into prereq values('601', '101');
insert into prereq values('583', '528');
insert into prereq values('508', '875');
insert into prereq values('284', '894');
insert into prereq values('754', '344');
insert into prereq values('487', '682');
insert into prereq values('601', '640');
insert into prereq values('713', '174');
insert into prereq values('346', '856');
insert into prereq values('414', '489');
insert into prereq values('713', '683');
insert into prereq values('572', '191');
insert into prereq values('946', '814');
insert into prereq values('910', '540');
insert into prereq values('150', '551');
insert into prereq values('713', '547');
insert into prereq values('163', '522');
insert into prereq values('440', '242');
insert into prereq values('344', '329');
insert into prereq values('572', '619');
insert into prereq values('387', '920');
insert into prereq values('955', '607');
insert into prereq values('695', '610');
insert into prereq values('818', '784');
insert into prereq values('172', '610');
insert into prereq values('926', '657');
insert into prereq values('147', '195');
insert into prereq values('233', '572');
insert into prereq values('148', '953');
insert into prereq values('920', '213');
insert into prereq values('150', '245');
insert into prereq values('583', '487');
insert into prereq values('801', '316');
insert into prereq values('311', '635');
insert into prereq values('974', '926');
insert into prereq values('262', '487');
insert into prereq values('708', '624');
insert into prereq values('670', '590');
insert into prereq values('331', '604');
insert into prereq values('147', '505');
insert into prereq values('684', '530');
insert into prereq values('759', '960');
