-- phpMyAdmin SQL Dump
-- version 4.9.1
-- https://www.phpmyadmin.net/
--
-- Host: 127.0.0.1
-- Generation Time: Dec 22, 2019 at 07:26 AM
-- Server version: 10.4.8-MariaDB
-- PHP Version: 7.1.33

SET SQL_MODE = "NO_AUTO_VALUE_ON_ZERO";
SET AUTOCOMMIT = 0;
START TRANSACTION;
SET time_zone = "+00:00";


/*!40101 SET @OLD_CHARACTER_SET_CLIENT=@@CHARACTER_SET_CLIENT */;
/*!40101 SET @OLD_CHARACTER_SET_RESULTS=@@CHARACTER_SET_RESULTS */;
/*!40101 SET @OLD_COLLATION_CONNECTION=@@COLLATION_CONNECTION */;
/*!40101 SET NAMES utf8mb4 */;

--
-- Database: `mbd`
--

-- --------------------------------------------------------

--
-- Table structure for table `advisor`
--

CREATE TABLE `advisor` (
  `s_ID` varchar(5) NOT NULL,
  `i_ID` varchar(5) DEFAULT NULL
) ENGINE=InnoDB DEFAULT CHARSET=utf8mb4;

--
-- Dumping data for table `advisor`
--

INSERT INTO `advisor` (`s_ID`, `i_ID`) VALUES
('15758', '10479'),
('3832', '10479'),
('47539', '10479'),
('54746', '10479'),
('70837', '10479'),
('92662', '10479'),
('11149', '11367'),
('35489', '11367'),
('92139', '16901'),
('15217', '17201'),
('39857', '17201'),
('51182', '17201'),
('62746', '2804'),
('63109', '2804'),
('31109', '2835'),
('31211', '2835'),
('42213', '2835'),
('92718', '2835'),
('95256', '2835'),
('29618', '33101'),
('16048', '34358'),
('23033', '34358'),
('248', '34358'),
('77336', '34358'),
('25151', '34801'),
('51254', '34801'),
('84730', '34801'),
('16880', '34854'),
('1853', '38472'),
('24732', '38472'),
('51074', '40498'),
('67532', '40498'),
('26730', '41751'),
('64329', '41751'),
('74544', '41751'),
('48653', '42525'),
('84581', '42525'),
('30595', '43657'),
('81281', '43976'),
('67351', '47090'),
('68263', '47090'),
('13833', '48742'),
('47720', '52716'),
('52863', '52716'),
('23103', '59824'),
('59371', '60182'),
('33216', '60643'),
('76618', '60643'),
('2090', '65174'),
('36082', '65174'),
('30245', '66724'),
('64993', '66724'),
('70194', '66724'),
('83298', '66724'),
('85931', '66724'),
('49645', '67759'),
('98073', '67759'),
('83829', '68892'),
('26033', '76906'),
('41535', '76906'),
('57880', '76906'),
('1046', '78871'),
('72665', '78871'),
('78651', '78871'),
('10325', '79272'),
('23873', '79272'),
('48648', '79272'),
('76023', '79272'),
('10809', '79432'),
('84369', '79432'),
('96256', '79432'),
('51933', '83702'),
('76160', '83702'),
('21562', '83813'),
('36283', '83813'),
('69632', '83813'),
('73582', '83813'),
('88266', '83813'),
('21989', '85736'),
('16033', '88771'),
('23042', '88771'),
('46399', '88771'),
('38352', '89643'),
('37146', '90645'),
('93878', '90645'),
('22117', '93894'),
('42582', '93946'),
('5690', '93946'),
('14025', '95399'),
('20909', '95399'),
('29183', '95399'),
('38125', '95399'),
('51776', '95399'),
('88581', '95399'),
('22070', '95509'),
('81154', '95509'),
('96842', '95509'),
('9924', '96618'),
('6434', '96859'),
('42106', '97828');

-- --------------------------------------------------------

--
-- Table structure for table `classroom`
--

CREATE TABLE `classroom` (
  `building` varchar(15) NOT NULL,
  `room_number` varchar(7) NOT NULL,
  `capacity` decimal(4,0) DEFAULT NULL
) ENGINE=InnoDB DEFAULT CHARSET=utf8mb4;

--
-- Dumping data for table `classroom`
--

INSERT INTO `classroom` (`building`, `room_number`, `capacity`) VALUES
('A', '397', '19'),
('A', '613', '205'),
('B', '537', '18'),
('B', '547', '10'),
('B', '95', '41'),
('E', '268', '155'),
('F', '376', '11'),
('G', '190', '103'),
('I', '436', '15'),
('I', '963', '127');

-- --------------------------------------------------------

--
-- Table structure for table `course`
--

CREATE TABLE `course` (
  `course_id` varchar(8) NOT NULL,
  `title` varchar(50) DEFAULT NULL,
  `dept_name` varchar(20) DEFAULT NULL,
  `credits` decimal(2,0) DEFAULT NULL
) ;

--
-- Dumping data for table `course`
--

INSERT INTO `course` (`course_id`, `title`, `dept_name`, `credits`) VALUES
('102', 'IF4321', 'WW', '4'),
('116', 'IF3211', 'DK', '3'),
('121', 'IF3030', 'BN', '4'),
('124', 'IF5555', 'DE', '3'),
('126', 'IF3211', 'BN', '4'),
('129', 'IF3030', 'HH', '3'),
('135', 'IF5555', 'SS', '3'),
('144', 'IF0230', 'GT', '3'),
('146', 'IF0230', 'BN', '4'),
('154', 'IF0230', 'HI', '3'),
('157', 'IF4321', 'WW', '4'),
('160', 'IF3211', 'WW', '3'),
('162', 'IF3333', 'DK', '3'),
('167', 'IF3022', 'GT', '4'),
('168', 'IF5555', 'SS', '4'),
('171', 'IF3333', 'EL', '3'),
('172', 'IF3022', 'EL', '4'),
('183', 'IF0230', 'BN', '3'),
('188', 'IF3211', 'WW', '4'),
('189', 'IF3120', 'WW', '3'),
('191', 'IF4321', 'SS', '3'),
('192', 'IF3022', 'GF', '4'),
('199', 'IF3030', 'HI', '4'),
('204', 'IF4041', 'DE', '4'),
('205', 'IF3022', 'HH', '4'),
('208', 'IF3333', 'WW', '3'),
('209', 'IF3120', 'HI', '3'),
('231', 'IF3022', 'HI', '3'),
('238', 'IF3030', 'SS', '4'),
('239', 'IF3211', 'DE', '3'),
('246', 'IF0230', 'HI', '3'),
('249', 'IF3120', 'GT', '4'),
('250', 'IF3211', 'WW', '3'),
('258', 'IF3030', 'WW', '4'),
('259', 'IF0230', 'DK', '4'),
('260', 'IF3120', 'HI', '4'),
('261', 'IF3030', 'DK', '3'),
('262', 'IF3120', 'HI', '3'),
('269', 'IF3031', 'DK', '3'),
('270', 'IF4041', 'HH', '4'),
('282', 'IF5555', 'HH', '4'),
('286', 'IF4041', 'HH', '3'),
('287', 'IF3031', 'BN', '3'),
('288', 'IF3211', 'GF', '3'),
('297', 'IF3211', 'DK', '4'),
('300', 'IF3022', 'HH', '3'),
('311', 'IF3022', 'SS', '3'),
('312', 'IF4321', 'DK', '4'),
('324', 'IF0230', 'BN', '3'),
('325', 'IF3030', 'GT', '4'),
('332', 'IF3031', 'SS', '4'),
('340', 'IF3211', 'GT', '3'),
('345', 'IF0230', 'GF', '4'),
('346', 'IF4321', 'SS', '3'),
('352', 'IF3030', 'SS', '4'),
('359', 'IF5555', 'GF', '4'),
('362', 'IF3333', 'WW', '3'),
('367', 'IF3120', 'DK', '3'),
('371', 'IF3120', 'DE', '3'),
('374', 'IF5555', 'GF', '4'),
('382', 'IF5555', 'HI', '4'),
('383', 'IF3211', 'HH', '4'),
('387', 'IF4041', 'GT', '4'),
('391', 'IF3022', 'HI', '3'),
('398', 'IF5555', 'HI', '4'),
('400', 'IF3333', 'GF', '4'),
('409', 'IF3211', 'WW', '4'),
('417', 'IF3030', 'SS', '3'),
('418', 'IF0230', 'HH', '3'),
('424', 'IF3211', 'BN', '4'),
('425', 'IF4321', 'SS', '4'),
('429', 'IF4321', 'EL', '3'),
('446', 'IF3031', 'GT', '4'),
('448', 'IF0230', 'BN', '3'),
('450', 'IF3031', 'HI', '3'),
('451', 'IF4321', 'BN', '3'),
('455', 'IF4041', 'GT', '3'),
('460', 'IF3030', 'BN', '3'),
('461', 'IF3022', 'GF', '3'),
('468', 'IF0230', 'DE', '3'),
('472', 'IF3120', 'EL', '3'),
('473', 'IF3030', 'BN', '4'),
('474', 'IF5555', 'WW', '3'),
('476', 'IF3120', 'WW', '3'),
('478', 'IF5555', 'BN', '4'),
('479', 'IF3031', 'WW', '3'),
('482', 'IF4041', 'DE', '3'),
('492', 'IF4321', 'HI', '3'),
('497', 'IF3022', 'HI', '3'),
('505', 'IF4041', 'EL', '3'),
('512', 'IF0230', 'HH', '4'),
('517', 'IF3022', 'DE', '4'),
('522', 'IF0230', 'EL', '4'),
('524', 'IF3333', 'DK', '3'),
('526', 'IF5555', 'EL', '4'),
('533', 'IF0230', 'WW', '3'),
('545', 'IF3120', 'HI', '4'),
('548', 'IF0230', 'DK', '4'),
('549', 'IF0230', 'DE', '3'),
('563', 'IF3120', 'BN', '4'),
('569', 'IF3031', 'DE', '4'),
('575', 'IF4321', 'WW', '4'),
('579', 'IF4041', 'HI', '3'),
('582', 'IF3120', 'HH', '3'),
('583', 'IF3120', 'WW', '3'),
('584', 'IF0230', 'WW', '3'),
('591', 'IF3022', 'GF', '3'),
('597', 'IF5555', 'WW', '3'),
('599', 'IF0230', 'EL', '3'),
('603', 'IF3030', 'HI', '4'),
('605', 'IF3031', 'HH', '3'),
('607', 'IF3022', 'DK', '4'),
('610', 'IF3031', 'BN', '3'),
('612', 'IF5555', 'HH', '4'),
('614', 'IF3022', 'GF', '4'),
('615', 'IF4041', 'DE', '4'),
('617', 'IF0230', 'DK', '4'),
('618', 'IF3022', 'DK', '3'),
('621', 'IF3030', 'DK', '4'),
('624', 'IF3120', 'GT', '3'),
('628', 'IF3030', 'HI', '4'),
('637', 'IF3022', 'GT', '4'),
('638', 'IF3333', 'GT', '4'),
('640', 'IF3030', 'WW', '4'),
('648', 'IF3120', 'HI', '3'),
('658', 'IF3022', 'HI', '4'),
('660', 'IF3022', 'HI', '4'),
('661', 'IF3333', 'GT', '3'),
('668', 'IF3030', 'GT', '3'),
('675', 'IF3031', 'GT', '3'),
('676', 'IF3120', 'DK', '4'),
('678', 'IF3022', 'WW', '4'),
('679', 'IF3030', 'EL', '3'),
('681', 'IF5555', 'EL', '4'),
('682', 'IF5555', 'HI', '3'),
('683', 'IF4321', 'EL', '4'),
('689', 'IF4041', 'GT', '4'),
('690', 'IF0230', 'GF', '4'),
('699', 'IF3030', 'SS', '4'),
('701', 'IF3022', 'EL', '4'),
('709', 'IF4321', 'SS', '3'),
('710', 'IF3211', 'HI', '4'),
('721', 'IF3211', 'DK', '4'),
('722', 'IF4041', 'GF', '3'),
('734', 'IF3030', 'BN', '3'),
('735', 'IF4321', 'EL', '3'),
('740', 'IF0230', 'HH', '4'),
('745', 'IF0230', 'HH', '4'),
('749', 'IF3120', 'DK', '4'),
('753', 'IF3022', 'EL', '4'),
('759', 'IF4041', 'GF', '3'),
('763', 'IF5555', 'HI', '3'),
('770', 'IF4321', 'SS', '3'),
('779', 'IF3211', 'GF', '3'),
('783', 'IF3120', 'WW', '4'),
('788', 'IF3120', 'SS', '3'),
('790', 'IF4321', 'BN', '4'),
('797', 'IF4321', 'HH', '4'),
('798', 'IF0230', 'GT', '4'),
('800', 'IF3211', 'GT', '4'),
('805', 'IF0230', 'GF', '3'),
('807', 'IF4041', 'WW', '4'),
('820', 'IF3022', 'SS', '4'),
('825', 'IF3022', 'GF', '4'),
('827', 'IF4041', 'HI', '3'),
('830', 'IF4041', 'GF', '3'),
('838', 'IF4041', 'BN', '3'),
('839', 'IF4041', 'GT', '3'),
('842', 'IF3022', 'HI', '4'),
('847', 'IF3333', 'GF', '4'),
('852', 'IF3211', 'EL', '4'),
('855', 'IF4321', 'HH', '3'),
('860', 'IF3022', 'SS', '4'),
('862', 'IF4321', 'HI', '3'),
('864', 'IF4321', 'GT', '3'),
('865', 'IF4321', 'DK', '4'),
('890', 'IF3022', 'DK', '3'),
('894', 'IF4041', 'DK', '4'),
('895', 'IF4321', 'EL', '3'),
('898', 'IF3333', 'WW', '3'),
('903', 'IF4041', 'WW', '4'),
('908', 'IF4321', 'DE', '4'),
('911', 'IF0230', 'EL', '3'),
('917', 'IF3031', 'WW', '4'),
('921', 'IF4041', 'HI', '4'),
('922', 'IF3031', 'SS', '3'),
('924', 'IF3031', 'GF', '4'),
('929', 'IF3211', 'WW', '4'),
('935', 'IF3120', 'BN', '4'),
('939', 'IF4321', 'WW', '3'),
('953', 'IF4041', 'HI', '4'),
('958', 'IF3333', 'DK', '3'),
('962', 'IF3022', 'SS', '4'),
('966', 'IF3333', 'WW', '3'),
('968', 'IF3120', 'SS', '4'),
('974', 'IF3211', 'DK', '4'),
('976', 'IF3030', 'DK', '4'),
('980', 'IF3211', 'WW', '3'),
('981', 'IF3022', 'BN', '4'),
('995', 'IF3031', 'WW', '3');

-- --------------------------------------------------------

--
-- Table structure for table `department`
--

CREATE TABLE `department` (
  `dept_name` varchar(20) NOT NULL,
  `building` varchar(15) DEFAULT NULL,
  `budget` decimal(12,2) DEFAULT NULL
) ;

--
-- Dumping data for table `department`
--

INSERT INTO `department` (`dept_name`, `building`, `budget`) VALUES
('BN', 'F', '681241.84'),
('DE', 'H', '430856.27'),
('DK', 'D', '518177.23'),
('EL', 'D', '612241.43'),
('GF', 'C', '197273.18'),
('GT', 'A', '657669.78'),
('HH', 'E', '187389.96'),
('HI', 'G', '335775.52'),
('SS', 'I', '518637.38'),
('WW', 'H', '609278.31');

-- --------------------------------------------------------

--
-- Table structure for table `instructor`
--

CREATE TABLE `instructor` (
  `ID` varchar(5) NOT NULL,
  `name` varchar(20) NOT NULL,
  `dept_name` varchar(20) DEFAULT NULL,
  `salary` decimal(8,2) DEFAULT NULL
) ;

--
-- Dumping data for table `instructor`
--

INSERT INTO `instructor` (`ID`, `name`, `dept_name`, `salary`) VALUES
('10479', 'rahmat', 'GT', '70883.04'),
('11367', 'rahmat', 'DK', '97785.94'),
('16901', 'Yohan', 'HI', '36563.70'),
('17201', 'Josu', 'HI', '68325.15'),
('2804', 'Ande', 'BN', '75107.01'),
('2835', 'Ande', 'SS', '45325.67'),
('33101', 'Kiki', 'BN', '66599.13'),
('34358', 'Ande', 'HI', '44203.37'),
('34801', 'Ande', 'DE', '78472.30'),
('34854', 'rahmat', 'SS', '104442.14'),
('38472', 'Johan', 'GF', '73815.18'),
('40498', 'rahmat', 'EL', '46841.05'),
('41751', 'Budi', 'GT', '70446.00'),
('42525', 'Johan', 'DE', '41992.73'),
('43657', 'Josu', 'EL', '118456.40'),
('43976', 'rahmat', 'HI', '77498.11'),
('45519', 'Josu', 'HH', '103417.75'),
('47090', 'Yohan', 'HH', '37738.98'),
('48742', 'Josu', 'WW', '105294.33'),
('49675', 'Josu', 'EL', '100523.61'),
('51347', 'Kiki', 'HH', '90248.81'),
('52716', 'rahmat', 'DE', '36535.61'),
('57484', 'Budi', 'DK', '66597.73'),
('59824', 'Ande', 'EL', '42958.70'),
('60182', 'Johan', 'SS', '117475.28'),
('60643', 'yuyun', 'BN', '31973.96'),
('65174', 'yuyun', 'HI', '49290.26'),
('66724', 'Ahmad', 'GF', '62840.13'),
('67759', 'yuyun', 'GF', '107729.32'),
('68892', 'Yohan', 'GT', '123981.36'),
('72010', 'Ahmad', 'HH', '52266.82'),
('74193', 'Yohan', 'WW', '49438.59'),
('76906', 'Ande', 'HI', '80475.17'),
('78871', 'Budi', 'EL', '71351.07'),
('79272', 'Ande', 'HH', '32127.26'),
('79432', 'Kiki', 'HH', '78063.64'),
('83702', 'Adri', 'WW', '52839.65'),
('83813', 'Johan', 'SS', '117726.67'),
('85736', 'Adri', 'DE', '45934.18'),
('88771', 'Kiki', 'DE', '108582.77'),
('89643', 'Johan', 'SS', '124193.57'),
('90645', 'Ahmad', 'DE', '100228.98'),
('93894', 'Ahmad', 'DK', '120020.35'),
('93946', 'Kiki', 'GT', '84240.08'),
('95399', 'Budi', 'GF', '71721.64'),
('95509', 'Yohan', 'GF', '65824.02'),
('96618', 'rahmat', 'GF', '64221.69'),
('96859', 'Ahmad', 'BN', '58383.45'),
('97828', 'Yohan', 'EL', '118873.40'),
('98724', 'Ahmad', 'HH', '97691.73');

-- --------------------------------------------------------

--
-- Table structure for table `prereq`
--

CREATE TABLE `prereq` (
  `course_id` varchar(8) NOT NULL,
  `prereq_id` varchar(8) NOT NULL
) ENGINE=InnoDB DEFAULT CHARSET=utf8mb4;

--
-- Dumping data for table `prereq`
--

INSERT INTO `prereq` (`course_id`, `prereq_id`) VALUES
('135', '614'),
('146', '617'),
('162', '468'),
('167', '548'),
('172', '460'),
('172', '658'),
('189', '258'),
('189', '721'),
('192', '126'),
('204', '890'),
('205', '839'),
('208', '157'),
('208', '847'),
('209', '710'),
('231', '974'),
('238', '852'),
('249', '603'),
('258', '492'),
('311', '569'),
('312', '288'),
('324', '682'),
('359', '842'),
('362', '367'),
('362', '929'),
('367', '953'),
('374', '461'),
('383', '258'),
('400', '311'),
('417', '953'),
('418', '167'),
('418', '300'),
('418', '474'),
('446', '605'),
('450', '144'),
('450', '699'),
('451', '183'),
('455', '417'),
('460', '929'),
('461', '362'),
('476', '637'),
('478', '409'),
('482', '533'),
('482', '800'),
('492', '894'),
('497', '346'),
('512', '612'),
('522', '917'),
('524', '690'),
('545', '648'),
('563', '621'),
('569', '102'),
('582', '894'),
('584', '548'),
('599', '911'),
('599', '935'),
('612', '749'),
('614', '473'),
('614', '958'),
('621', '287'),
('624', '476'),
('624', '689'),
('624', '779'),
('628', '995'),
('638', '116'),
('658', '424'),
('675', '995'),
('676', '482'),
('678', '612'),
('681', '855'),
('699', '798'),
('735', '683'),
('753', '238'),
('788', '710'),
('798', '569'),
('798', '610'),
('805', '346'),
('805', '770'),
('805', '807'),
('807', '935'),
('820', '352'),
('820', '995'),
('827', '340'),
('827', '658'),
('838', '425'),
('842', '783'),
('855', '628'),
('895', '231'),
('898', '160'),
('908', '689'),
('911', '129'),
('911', '259'),
('911', '591'),
('921', '582'),
('929', '976'),
('935', '839'),
('939', '981'),
('953', '962'),
('962', '478'),
('966', '261'),
('995', '599');

-- --------------------------------------------------------

--
-- Table structure for table `section`
--

CREATE TABLE `section` (
  `course_id` varchar(8) NOT NULL,
  `sec_id` varchar(8) NOT NULL,
  `semester` varchar(6) NOT NULL
) ;

--
-- Dumping data for table `section`
--

INSERT INTO `section` (`course_id`, `sec_id`, `semester`, `year`, `building`, `room_number`, `time_slot_id`) VALUES
('116', '1', 'Fall', '2009', 'B', '95', 'A'),
('121', '1', 'Spring', '2004', 'A', '397', 'A'),
('124', '1', 'Spring', '2008', 'G', '190', 'C'),
('124', '2', 'Spring', '2002', 'B', '95', 'L'),
('126', '1', 'Spring', '2007', 'A', '613', 'E'),
('126', '2', 'Spring', '2007', 'E', '268', 'B'),
('129', '1', 'Fall', '2001', 'I', '963', 'D'),
('135', '1', 'Spring', '2007', 'E', '268', 'G'),
('144', '1', 'Spring', '2010', 'B', '547', 'H'),
('146', '1', 'Fall', '2005', 'I', '963', 'K'),
('146', '2', 'Spring', '2002', 'B', '537', 'B'),
('157', '1', 'Spring', '2003', 'A', '397', 'N'),
('157', '2', 'Spring', '2003', 'G', '190', 'L'),
('162', '1', 'Fall', '2010', 'B', '95', 'P'),
('162', '2', 'Spring', '2004', 'B', '547', 'B'),
('171', '1', 'Fall', '2004', 'B', '537', 'E'),
('183', '1', 'Spring', '2003', 'E', '268', 'M'),
('188', '1', 'Spring', '2009', 'B', '537', 'A'),
('188', '2', 'Fall', '2001', 'I', '963', 'D'),
('189', '1', 'Spring', '2001', 'A', '397', 'N'),
('189', '2', 'Spring', '2007', 'B', '547', 'M'),
('189', '3', 'Spring', '2010', 'I', '963', 'G'),
('191', '1', 'Fall', '2008', 'F', '376', 'C'),
('191', '2', 'Fall', '2005', 'G', '190', 'N'),
('192', '1', 'Fall', '2002', 'E', '268', 'P'),
('199', '1', 'Fall', '2008', 'G', '190', 'C'),
('208', '1', 'Spring', '2002', 'F', '376', 'H'),
('209', '1', 'Spring', '2001', 'I', '436', 'I'),
('231', '1', 'Fall', '2004', 'I', '436', 'I'),
('231', '2', 'Fall', '2004', 'I', '963', 'A'),
('238', '1', 'Fall', '2006', 'G', '190', 'J'),
('239', '1', 'Spring', '2009', 'A', '613', 'A'),
('239', '2', 'Spring', '2005', 'G', '190', 'G'),
('249', '1', 'Spring', '2009', 'A', '613', 'E'),
('258', '1', 'Spring', '2008', 'A', '613', 'G'),
('260', '1', 'Fall', '2005', 'B', '95', 'H'),
('260', '2', 'Spring', '2002', 'A', '613', 'P'),
('261', '1', 'Spring', '2002', 'I', '963', 'C'),
('261', '2', 'Spring', '2008', 'E', '268', 'C'),
('270', '1', 'Spring', '2003', 'A', '397', 'L'),
('270', '2', 'Spring', '2010', 'I', '436', 'M'),
('270', '3', 'Fall', '2004', 'E', '268', 'F'),
('282', '1', 'Spring', '2004', 'I', '963', 'N'),
('287', '1', 'Spring', '2010', 'I', '963', 'M'),
('287', '2', 'Fall', '2007', 'I', '436', 'N'),
('287', '3', 'Spring', '2004', 'G', '190', 'C'),
('300', '1', 'Fall', '2006', 'A', '613', 'D'),
('311', '1', 'Fall', '2007', 'B', '547', 'L'),
('312', '1', 'Spring', '2005', 'E', '268', 'G'),
('312', '2', 'Fall', '2001', 'B', '547', 'A'),
('325', '1', 'Fall', '2003', 'G', '190', 'O'),
('325', '2', 'Spring', '2001', 'I', '963', 'B'),
('332', '1', 'Spring', '2006', 'I', '436', 'D'),
('332', '2', 'Fall', '2005', 'B', '95', 'D'),
('340', '1', 'Spring', '2006', 'A', '613', 'B'),
('345', '1', 'Spring', '2009', 'I', '436', 'D'),
('346', '1', 'Fall', '2004', 'F', '376', 'A'),
('346', '2', 'Spring', '2005', 'B', '537', 'A'),
('346', '3', 'Spring', '2004', 'B', '547', 'G'),
('346', '4', 'Spring', '2002', 'G', '190', 'D'),
('346', '5', 'Spring', '2004', 'B', '547', 'E'),
('352', '1', 'Spring', '2008', 'A', '397', 'E'),
('352', '2', 'Spring', '2010', 'I', '436', 'C'),
('362', '1', 'Fall', '2007', 'B', '537', 'J'),
('367', '1', 'Spring', '2002', 'I', '963', 'K'),
('367', '2', 'Fall', '2004', 'I', '963', 'P'),
('371', '1', 'Fall', '2009', 'B', '547', 'B'),
('374', '1', 'Spring', '2010', 'I', '963', 'B'),
('374', '2', 'Spring', '2008', 'G', '190', 'I'),
('383', '1', 'Spring', '2006', 'F', '376', 'J'),
('387', '1', 'Spring', '2007', 'F', '376', 'J'),
('391', '1', 'Fall', '2001', 'B', '547', 'F'),
('398', '1', 'Fall', '2010', 'B', '547', 'C'),
('400', '1', 'Spring', '2003', 'I', '436', 'F'),
('418', '1', 'Spring', '2009', 'A', '397', 'B'),
('424', '1', 'Fall', '2007', 'B', '537', 'H'),
('425', '1', 'Spring', '2004', 'A', '613', 'P'),
('429', '1', 'Spring', '2009', 'F', '376', 'M'),
('446', '1', 'Spring', '2003', 'E', '268', 'E'),
('448', '1', 'Spring', '2010', 'F', '376', 'I'),
('450', '1', 'Spring', '2002', 'A', '613', 'A'),
('451', '1', 'Fall', '2005', 'G', '190', 'I'),
('455', '1', 'Fall', '2010', 'F', '376', 'P'),
('474', '1', 'Fall', '2002', 'F', '376', 'O'),
('476', '1', 'Spring', '2004', 'B', '95', 'J'),
('478', '1', 'Spring', '2001', 'I', '436', 'H'),
('482', '1', 'Spring', '2010', 'F', '376', 'O'),
('492', '1', 'Fall', '2003', 'I', '436', 'O'),
('492', '2', 'Spring', '2001', 'E', '268', 'E'),
('492', '3', 'Spring', '2002', 'E', '268', 'M'),
('497', '1', 'Fall', '2008', 'A', '397', 'B'),
('517', '1', 'Spring', '2002', 'A', '613', 'G'),
('517', '2', 'Fall', '2004', 'A', '613', 'K'),
('517', '3', 'Fall', '2008', 'A', '613', 'F'),
('522', '1', 'Fall', '2008', 'F', '376', 'K'),
('522', '2', 'Fall', '2006', 'A', '397', 'B'),
('545', '1', 'Fall', '2001', 'A', '397', 'F'),
('545', '2', 'Fall', '2002', 'A', '613', 'P'),
('545', '3', 'Spring', '2003', 'G', '190', 'E'),
('548', '1', 'Spring', '2007', 'I', '963', 'C'),
('548', '2', 'Fall', '2003', 'B', '95', 'G'),
('548', '3', 'Fall', '2005', 'A', '613', 'H'),
('549', '1', 'Spring', '2003', 'G', '190', 'C'),
('549', '2', 'Spring', '2009', 'A', '613', 'O'),
('569', '1', 'Fall', '2006', 'A', '613', 'E'),
('575', '1', 'Spring', '2010', 'I', '436', 'B'),
('582', '1', 'Fall', '2007', 'F', '376', 'B'),
('582', '2', 'Spring', '2009', 'A', '613', 'J'),
('582', '3', 'Spring', '2009', 'A', '613', 'H'),
('583', '1', 'Spring', '2007', 'A', '397', 'F'),
('584', '1', 'Spring', '2007', 'A', '397', 'B'),
('591', '1', 'Spring', '2008', 'A', '397', 'E'),
('599', '1', 'Fall', '2005', 'F', '376', 'A'),
('603', '1', 'Fall', '2004', 'I', '436', 'J'),
('603', '2', 'Spring', '2004', 'B', '95', 'E'),
('607', '1', 'Spring', '2010', 'B', '547', 'I'),
('610', '1', 'Fall', '2002', 'I', '436', 'N'),
('610', '2', 'Fall', '2009', 'G', '190', 'I'),
('612', '1', 'Fall', '2005', 'B', '95', 'H'),
('612', '2', 'Spring', '2010', 'I', '963', 'G'),
('614', '1', 'Fall', '2008', 'E', '268', 'F'),
('615', '1', 'Fall', '2009', 'B', '547', 'J'),
('617', '1', 'Spring', '2005', 'A', '613', 'L'),
('617', '2', 'Spring', '2010', 'A', '613', 'G'),
('618', '1', 'Fall', '2008', 'F', '376', 'P'),
('618', '2', 'Spring', '2007', 'B', '95', 'O'),
('618', '3', 'Fall', '2009', 'G', '190', 'J'),
('621', '1', 'Fall', '2009', 'B', '547', 'K'),
('628', '1', 'Fall', '2009', 'B', '95', 'I'),
('628', '2', 'Spring', '2010', 'A', '397', 'C'),
('658', '1', 'Fall', '2003', 'I', '963', 'F'),
('660', '1', 'Fall', '2001', 'G', '190', 'E'),
('661', '1', 'Spring', '2002', 'A', '613', 'F'),
('676', '1', 'Spring', '2004', 'B', '95', 'M'),
('678', '1', 'Spring', '2001', 'G', '190', 'O'),
('681', '1', 'Spring', '2003', 'A', '613', 'M'),
('683', '1', 'Spring', '2010', 'I', '436', 'E'),
('683', '2', 'Spring', '2001', 'B', '547', 'E'),
('690', '1', 'Fall', '2003', 'G', '190', 'N'),
('690', '2', 'Fall', '2006', 'A', '397', 'K'),
('690', '3', 'Spring', '2001', 'F', '376', 'G'),
('701', '1', 'Fall', '2004', 'B', '95', 'K'),
('701', '2', 'Spring', '2001', 'I', '963', 'B'),
('709', '1', 'Fall', '2006', 'B', '547', 'A'),
('710', '1', 'Fall', '2009', 'E', '268', 'K'),
('721', '1', 'Fall', '2003', 'A', '613', 'P'),
('721', '2', 'Spring', '2004', 'B', '547', 'E'),
('721', '3', 'Spring', '2008', 'E', '268', 'O'),
('722', '1', 'Spring', '2005', 'G', '190', 'L'),
('735', '1', 'Fall', '2009', 'B', '547', 'L'),
('740', '1', 'Spring', '2001', 'I', '436', 'M'),
('753', '1', 'Spring', '2009', 'E', '268', 'F'),
('759', '1', 'Spring', '2002', 'A', '397', 'P'),
('759', '2', 'Spring', '2002', 'B', '547', 'J'),
('759', '3', 'Fall', '2008', 'I', '436', 'F'),
('763', '1', 'Spring', '2006', 'I', '963', 'G'),
('770', '1', 'Fall', '2002', 'G', '190', 'G'),
('783', '1', 'Fall', '2001', 'A', '397', 'F'),
('800', '1', 'Spring', '2009', 'B', '95', 'D'),
('800', '2', 'Spring', '2005', 'A', '397', 'L'),
('805', '1', 'Fall', '2005', 'B', '537', 'H'),
('807', '1', 'Spring', '2007', 'I', '436', 'A'),
('820', '1', 'Spring', '2007', 'A', '613', 'C'),
('825', '1', 'Fall', '2002', 'E', '268', 'K'),
('827', '1', 'Fall', '2003', 'G', '190', 'C'),
('830', '1', 'Spring', '2007', 'I', '963', 'D'),
('838', '1', 'Spring', '2001', 'A', '613', 'L'),
('838', '2', 'Fall', '2009', 'I', '436', 'L'),
('842', '1', 'Fall', '2009', 'I', '963', 'J'),
('842', '2', 'Fall', '2004', 'G', '190', 'D'),
('847', '1', 'Fall', '2003', 'E', '268', 'E'),
('855', '1', 'Spring', '2003', 'F', '376', 'I'),
('855', '2', 'Spring', '2010', 'G', '190', 'C'),
('860', '1', 'Spring', '2006', 'A', '397', 'B'),
('862', '1', 'Spring', '2005', 'I', '963', 'J'),
('862', '2', 'Fall', '2004', 'B', '95', 'J'),
('865', '1', 'Fall', '2004', 'B', '537', 'E'),
('890', '1', 'Spring', '2010', 'B', '547', 'N'),
('890', '2', 'Fall', '2009', 'B', '547', 'K'),
('894', '1', 'Fall', '2003', 'E', '268', 'P'),
('894', '2', 'Spring', '2004', 'G', '190', 'C'),
('894', '3', 'Spring', '2006', 'B', '95', 'P'),
('895', '1', 'Fall', '2009', 'B', '547', 'J'),
('911', '1', 'Spring', '2004', 'G', '190', 'I'),
('917', '1', 'Spring', '2001', 'B', '95', 'L'),
('921', '1', 'Fall', '2001', 'B', '547', 'L'),
('922', '1', 'Spring', '2009', 'I', '963', 'C'),
('924', '1', 'Fall', '2006', 'B', '547', 'B'),
('924', '2', 'Spring', '2002', 'B', '537', 'F'),
('924', '3', 'Spring', '2002', 'F', '376', 'N'),
('935', '1', 'Spring', '2005', 'I', '436', 'I'),
('935', '2', 'Spring', '2005', 'G', '190', 'C'),
('935', '3', 'Spring', '2003', 'B', '537', 'G'),
('935', '4', 'Fall', '2006', 'A', '397', 'N'),
('939', '1', 'Fall', '2007', 'I', '963', 'P'),
('968', '1', 'Fall', '2010', 'G', '190', 'M'),
('974', '1', 'Fall', '2008', 'B', '537', 'E'),
('976', '1', 'Fall', '2001', 'B', '547', 'E'),
('980', '1', 'Fall', '2002', 'G', '190', 'F'),
('981', '1', 'Fall', '2008', 'A', '613', 'G');

-- --------------------------------------------------------

--
-- Table structure for table `student`
--

CREATE TABLE `student` (
  `ID` varchar(5) NOT NULL,
  `name` varchar(20) NOT NULL,
  `dept_name` varchar(20) DEFAULT NULL,
  `tot_cred` decimal(3,0) DEFAULT NULL
) ;

--
-- Dumping data for table `student`
--

INSERT INTO `student` (`ID`, `name`, `dept_name`, `tot_cred`) VALUES
('10325', 'Yohan', 'SS', '59'),
('1046', 'Adri', 'HI', '36'),
('10809', 'Budi', 'DK', '106'),
('11149', 'Ahmad', 'GF', '26'),
('13833', 'yuyun', 'DE', '116'),
('14025', 'rahmat', 'DK', '126'),
('15217', 'Budi', 'BN', '128'),
('15758', 'yuyun', 'EL', '125'),
('16033', 'Ande', 'SS', '3'),
('16048', 'Yohan', 'GF', '96'),
('16880', 'Johan', 'WW', '120'),
('1853', 'Ahmad', 'SS', '72'),
('2090', 'Adri', 'BN', '105'),
('20909', 'Adri', 'EL', '11'),
('21562', 'Johan', 'WW', '125'),
('21989', 'Kiki', 'BN', '77'),
('22070', 'Ahmad', 'HH', '102'),
('22117', 'yuyun', 'HI', '101'),
('23033', 'Johan', 'HH', '96'),
('23042', 'rahmat', 'EL', '28'),
('23103', 'Ahmad', 'GT', '60'),
('23873', 'rahmat', 'DE', '79'),
('24732', 'rahmat', 'DE', '55'),
('248', 'yuyun', 'DK', '53'),
('25151', 'yuyun', 'DE', '21'),
('26033', 'Johan', 'DK', '60'),
('26730', 'Johan', 'HH', '128'),
('29183', 'Josu', 'HH', '111'),
('29618', 'rahmat', 'HH', '112'),
('30245', 'Kiki', 'DE', '61'),
('30595', 'Ahmad', 'HH', '28'),
('31109', 'rahmat', 'WW', '100'),
('31211', 'Ande', 'HI', '15'),
('33216', 'Budi', 'HH', '120'),
('35489', 'Johan', 'GT', '77'),
('36082', 'Adri', 'GT', '59'),
('36283', 'Budi', 'HH', '72'),
('37146', 'yuyun', 'HI', '74'),
('38125', 'Josu', 'DK', '16'),
('3832', 'Josu', 'HI', '7'),
('38352', 'Kiki', 'BN', '46'),
('39857', 'Ahmad', 'GT', '113'),
('41535', 'Adri', 'EL', '98'),
('42106', 'Kiki', 'WW', '45'),
('42213', 'rahmat', 'GT', '90'),
('42582', 'Yohan', 'WW', '16'),
('46399', 'Budi', 'GF', '59'),
('47539', 'Ahmad', 'HI', '80'),
('47720', 'Ande', 'EL', '88'),
('48648', 'Budi', 'DK', '6'),
('48653', 'Josu', 'DK', '93'),
('49645', 'Josu', 'BN', '36'),
('51074', 'Ande', 'DE', '29'),
('51182', 'Ahmad', 'GT', '24'),
('51254', 'rahmat', 'DK', '24'),
('51776', 'Ande', 'SS', '73'),
('51933', 'Yohan', 'HH', '61'),
('52863', 'Johan', 'DK', '92'),
('54746', 'Ande', 'GF', '18'),
('5690', 'Josu', 'EL', '0'),
('57880', 'Ahmad', 'DE', '11'),
('59371', 'Ahmad', 'GT', '64'),
('62746', 'Yohan', 'HH', '78'),
('63109', 'Kiki', 'BN', '40'),
('64329', 'Ande', 'DE', '63'),
('6434', 'Kiki', 'DK', '16'),
('64993', 'Johan', 'DK', '47'),
('67351', 'Josu', 'BN', '112'),
('67532', 'Kiki', 'EL', '63'),
('68263', 'Johan', 'DE', '40'),
('69632', 'yuyun', 'GF', '62'),
('70194', 'Ahmad', 'SS', '122'),
('70837', 'Budi', 'GF', '70'),
('72665', 'Johan', 'BN', '50'),
('73582', 'rahmat', 'SS', '109'),
('74544', 'Kiki', 'DK', '70'),
('76023', 'rahmat', 'GF', '87'),
('76160', 'Ahmad', 'GT', '91'),
('76618', 'Ahmad', 'SS', '16'),
('77336', 'yuyun', 'GF', '62'),
('78651', 'Ahmad', 'EL', '62'),
('81154', 'Kiki', 'SS', '33'),
('81281', 'Adri', 'WW', '29'),
('83298', 'Kiki', 'EL', '128'),
('83829', 'Kiki', 'DK', '42'),
('84369', 'Budi', 'WW', '41'),
('84581', 'Ahmad', 'EL', '42'),
('84730', 'yuyun', 'BN', '107'),
('85931', 'Kiki', 'HH', '129'),
('88266', 'Adri', 'HI', '21'),
('88581', 'yuyun', 'DK', '77'),
('92139', 'Yohan', 'DK', '84'),
('92662', 'Ahmad', 'HI', '60'),
('92718', 'Kiki', 'DK', '100'),
('93878', 'Ande', 'DK', '11'),
('95256', 'Kiki', 'DK', '6'),
('96256', 'rahmat', 'SS', '129'),
('96842', 'Johan', 'HH', '7'),
('98073', 'Kiki', 'EL', '66'),
('9924', 'rahmat', 'DE', '5');

-- --------------------------------------------------------

--
-- Table structure for table `takes`
--

CREATE TABLE `takes` (
  `ID` varchar(5) NOT NULL,
  `course_id` varchar(8) NOT NULL,
  `sec_id` varchar(8) NOT NULL,
  `semester` varchar(6) NOT NULL,
  `year` decimal(4,0) NOT NULL,
  `grade` varchar(2) DEFAULT NULL
) ENGINE=InnoDB DEFAULT CHARSET=utf8mb4;

--
-- Dumping data for table `takes`
--

INSERT INTO `takes` (`ID`, `course_id`, `sec_id`, `semester`, `year`, `grade`) VALUES
('1046', '135', '1', 'Spring', '2007', 'B '),
('1046', '800', '1', 'Spring', '2009', 'A '),
('1046', '924', '2', 'Spring', '2002', 'B+'),
('10809', '391', '1', 'Fall', '2001', 'B+'),
('10809', '582', '2', 'Spring', '2009', 'B+'),
('11149', '287', '3', 'Spring', '2004', 'A '),
('11149', '346', '4', 'Spring', '2002', 'B-'),
('11149', '450', '1', 'Spring', '2002', 'B '),
('11149', '612', '2', 'Spring', '2010', 'A-'),
('14025', '325', '1', 'Fall', '2003', 'C '),
('14025', '346', '1', 'Fall', '2004', 'A-'),
('14025', '974', '1', 'Fall', '2008', 'B-'),
('15758', '231', '2', 'Fall', '2004', 'A+'),
('15758', '497', '1', 'Fall', '2008', 'C '),
('15758', '911', '1', 'Spring', '2004', 'C '),
('16033', '492', '2', 'Spring', '2001', 'A+'),
('16033', '890', '2', 'Fall', '2009', 'B-'),
('16048', '681', '1', 'Spring', '2003', 'B+'),
('16880', '146', '2', 'Spring', '2002', 'B '),
('16880', '387', '1', 'Spring', '2007', 'C+'),
('16880', '800', '2', 'Spring', '2005', 'C-'),
('16880', '924', '3', 'Spring', '2002', 'B '),
('16880', '974', '1', 'Fall', '2008', 'B+'),
('1853', '612', '1', 'Fall', '2005', 'B '),
('2090', '522', '1', 'Fall', '2008', 'B-'),
('2090', '678', '1', 'Spring', '2001', 'C-'),
('20909', '446', '1', 'Spring', '2003', 'A '),
('21562', '476', '1', 'Spring', '2004', 'B '),
('21989', '126', '2', 'Spring', '2007', 'C '),
('21989', '239', '2', 'Spring', '2005', 'A '),
('21989', '911', '1', 'Spring', '2004', 'B-'),
('22070', '191', '1', 'Fall', '2008', 'C-'),
('22070', '209', '1', 'Spring', '2001', 'B-'),
('22117', '424', '1', 'Fall', '2007', 'B '),
('22117', '924', '1', 'Fall', '2006', 'A '),
('23033', '189', '2', 'Spring', '2007', 'C '),
('23033', '189', '3', 'Spring', '2010', 'A+'),
('23033', '261', '1', 'Spring', '2002', 'B-'),
('23033', '710', '1', 'Fall', '2009', 'A+'),
('23033', '721', '1', 'Fall', '2003', 'B+'),
('23033', '862', '1', 'Spring', '2005', 'B+'),
('23042', '191', '1', 'Fall', '2008', 'A+'),
('23042', '690', '3', 'Spring', '2001', 'A '),
('23103', '191', '2', 'Fall', '2005', 'B '),
('23103', '346', '5', 'Spring', '2004', 'C-'),
('23103', '446', '1', 'Spring', '2003', 'B+'),
('23873', '374', '2', 'Spring', '2008', 'B+'),
('24732', '270', '3', 'Fall', '2004', 'A '),
('24732', '371', '1', 'Fall', '2009', 'C+'),
('24732', '862', '2', 'Fall', '2004', 'C-'),
('24732', '894', '3', 'Spring', '2006', 'A+'),
('248', '545', '3', 'Spring', '2003', 'C+'),
('248', '603', '2', 'Spring', '2004', 'A-'),
('248', '924', '3', 'Spring', '2002', 'B-'),
('25151', '162', '2', 'Spring', '2004', 'C+'),
('26033', '116', '1', 'Fall', '2009', 'C-'),
('26033', '332', '2', 'Fall', '2005', 'C '),
('26033', '838', '1', 'Spring', '2001', 'C+'),
('29183', '325', '2', 'Spring', '2001', 'B+'),
('29183', '735', '1', 'Fall', '2009', 'C+'),
('30245', '621', '1', 'Fall', '2009', 'B '),
('30595', '249', '1', 'Spring', '2009', 'B '),
('30595', '429', '1', 'Spring', '2009', 'C '),
('30595', '701', '2', 'Spring', '2001', 'C '),
('31109', '603', '1', 'Fall', '2004', 'B '),
('31211', '352', '1', 'Spring', '2008', 'A-'),
('33216', '346', '3', 'Spring', '2004', 'B+'),
('33216', '690', '2', 'Fall', '2006', 'C '),
('33216', '895', '1', 'Fall', '2009', 'B '),
('35489', '862', '2', 'Fall', '2004', 'B-'),
('36082', '425', '1', 'Spring', '2004', 'C '),
('36082', '582', '1', 'Fall', '2007', 'B-'),
('36082', '582', '3', 'Spring', '2009', 'C-'),
('36082', '890', '1', 'Spring', '2010', 'A+'),
('36283', '261', '2', 'Spring', '2008', 'C '),
('37146', '612', '2', 'Spring', '2010', 'B+'),
('37146', '895', '1', 'Fall', '2009', 'B-'),
('38125', '451', '1', 'Fall', '2005', 'A-'),
('38125', '492', '1', 'Fall', '2003', 'C-'),
('38125', '701', '2', 'Spring', '2001', 'C+'),
('38125', '968', '1', 'Fall', '2010', 'C-'),
('3832', '476', '1', 'Spring', '2004', 'C+'),
('3832', '800', '2', 'Spring', '2005', 'B-'),
('38352', '162', '1', 'Fall', '2010', 'C '),
('38352', '429', '1', 'Spring', '2009', 'C '),
('38352', '569', '1', 'Fall', '2006', 'A-'),
('38352', '980', '1', 'Fall', '2002', 'A-'),
('39857', '721', '1', 'Fall', '2003', 'C+'),
('41535', '424', '1', 'Fall', '2007', 'C '),
('42106', '157', '2', 'Spring', '2003', 'C-'),
('42106', '183', '1', 'Spring', '2003', 'A+'),
('42582', '300', '1', 'Fall', '2006', 'A '),
('42582', '446', '1', 'Spring', '2003', 'C-'),
('42582', '924', '2', 'Spring', '2002', 'A-'),
('46399', '171', '1', 'Fall', '2004', 'A-'),
('46399', '270', '3', 'Fall', '2004', 'B-'),
('46399', '807', '1', 'Spring', '2007', 'C-'),
('46399', '895', '1', 'Fall', '2009', 'B+'),
('47720', '135', '1', 'Spring', '2007', 'C '),
('47720', '144', '1', 'Spring', '2010', 'A-'),
('47720', '311', '1', 'Fall', '2007', 'B '),
('47720', '367', '1', 'Spring', '2002', 'A '),
('48648', '270', '1', 'Spring', '2003', 'B-'),
('48648', '548', '1', 'Spring', '2007', 'C+'),
('48648', '582', '2', 'Spring', '2009', 'A-'),
('48653', '208', '1', 'Spring', '2002', 'A+'),
('48653', '676', '1', 'Spring', '2004', 'B '),
('48653', '974', '1', 'Fall', '2008', 'C+'),
('49645', '618', '1', 'Fall', '2008', 'B '),
('49645', '783', '1', 'Fall', '2001', 'B+'),
('51074', '607', '1', 'Spring', '2010', 'A-'),
('51074', '701', '2', 'Spring', '2001', 'C-'),
('51074', '807', '1', 'Spring', '2007', 'B '),
('51074', '820', '1', 'Spring', '2007', 'C-'),
('51074', '935', '3', 'Spring', '2003', 'C-'),
('51182', '545', '2', 'Fall', '2002', 'B+'),
('51182', '607', '1', 'Spring', '2010', 'A '),
('51254', '191', '2', 'Fall', '2005', 'C '),
('51254', '311', '1', 'Fall', '2007', 'C-'),
('51254', '549', '1', 'Spring', '2003', 'A+'),
('51254', '842', '2', 'Fall', '2004', 'B-'),
('51776', '129', '1', 'Fall', '2001', 'B-'),
('51776', '862', '2', 'Fall', '2004', 'A '),
('52863', '287', '3', 'Spring', '2004', 'A '),
('52863', '455', '1', 'Fall', '2010', 'C-'),
('52863', '548', '3', 'Fall', '2005', 'A-'),
('52863', '855', '1', 'Spring', '2003', 'B+'),
('5690', '312', '2', 'Fall', '2001', 'A '),
('5690', '575', '1', 'Spring', '2010', 'C-'),
('5690', '690', '1', 'Fall', '2003', 'C '),
('57880', '146', '1', 'Fall', '2005', 'B-'),
('59371', '517', '2', 'Fall', '2004', 'C-'),
('59371', '548', '3', 'Fall', '2005', 'A+'),
('59371', '735', '1', 'Fall', '2009', 'C '),
('62746', '129', '1', 'Fall', '2001', 'A+'),
('62746', '400', '1', 'Spring', '2003', 'C '),
('62746', '759', '2', 'Spring', '2002', 'A '),
('62746', '917', '1', 'Spring', '2001', 'C '),
('62746', '924', '2', 'Spring', '2002', 'B+'),
('63109', '569', '1', 'Fall', '2006', 'B '),
('63109', '618', '1', 'Fall', '2008', 'B '),
('64329', '676', '1', 'Spring', '2004', 'A-'),
('6434', '162', '2', 'Spring', '2004', 'C+'),
('6434', '287', '1', 'Spring', '2010', 'C '),
('6434', '618', '1', 'Fall', '2008', 'C+'),
('67351', '346', '2', 'Spring', '2005', 'A-'),
('67532', '146', '1', 'Fall', '2005', 'A '),
('67532', '282', '1', 'Spring', '2004', 'A+'),
('67532', '448', '1', 'Spring', '2010', 'A+'),
('67532', '617', '2', 'Spring', '2010', 'C+'),
('67532', '678', '1', 'Spring', '2001', 'C+'),
('67532', '911', '1', 'Spring', '2004', 'B-'),
('67532', '935', '1', 'Spring', '2005', 'A '),
('69632', '398', '1', 'Fall', '2010', 'B '),
('69632', '770', '1', 'Fall', '2002', 'C-'),
('70194', '450', '1', 'Spring', '2002', 'B '),
('70837', '129', '1', 'Fall', '2001', 'B-'),
('70837', '352', '2', 'Spring', '2010', 'B '),
('70837', '924', '2', 'Spring', '2002', 'C-'),
('72665', '332', '1', 'Spring', '2006', 'A-'),
('72665', '446', '1', 'Spring', '2003', 'B '),
('76023', '191', '2', 'Fall', '2005', 'B+'),
('76023', '862', '1', 'Spring', '2005', 'A-'),
('76160', '208', '1', 'Spring', '2002', 'A '),
('76160', '548', '1', 'Spring', '2007', 'A-'),
('77336', '346', '2', 'Spring', '2005', 'B '),
('78651', '935', '1', 'Spring', '2005', 'C-'),
('81154', '387', '1', 'Spring', '2007', 'B-'),
('81281', '191', '1', 'Fall', '2008', 'A+'),
('81281', '582', '3', 'Spring', '2009', 'A '),
('83298', '451', '1', 'Fall', '2005', 'C+'),
('83829', '545', '1', 'Fall', '2001', 'B-'),
('83829', '860', '1', 'Spring', '2006', 'A+'),
('84369', '129', '1', 'Fall', '2001', 'A+'),
('84369', '800', '2', 'Spring', '2005', 'B+'),
('84581', '362', '1', 'Fall', '2007', 'C-'),
('84581', '425', '1', 'Spring', '2004', 'A+'),
('84581', '894', '2', 'Spring', '2004', 'A '),
('84581', '935', '2', 'Spring', '2005', 'A '),
('84730', '157', '1', 'Spring', '2003', 'A-'),
('84730', '383', '1', 'Spring', '2006', 'B '),
('84730', '890', '2', 'Fall', '2009', 'B+'),
('85931', '690', '1', 'Fall', '2003', 'B-'),
('88266', '895', '1', 'Fall', '2009', 'B '),
('92139', '183', '1', 'Spring', '2003', 'A '),
('92662', '374', '2', 'Spring', '2008', 'A+'),
('92662', '676', '1', 'Spring', '2004', 'B-'),
('92662', '922', '1', 'Spring', '2009', 'B-'),
('92662', '976', '1', 'Fall', '2001', 'B+'),
('92718', '548', '3', 'Fall', '2005', 'A+'),
('95256', '325', '2', 'Spring', '2001', 'B+'),
('96256', '374', '2', 'Spring', '2008', 'C+'),
('96256', '922', '1', 'Spring', '2009', 'B-'),
('96842', '610', '1', 'Fall', '2002', 'C-'),
('96842', '935', '4', 'Fall', '2006', 'A-'),
('98073', '312', '2', 'Fall', '2001', 'A-'),
('98073', '545', '1', 'Fall', '2001', 'C+'),
('9924', '157', '2', 'Spring', '2003', 'B-'),
('9924', '325', '1', 'Fall', '2003', 'A '),
('9924', '690', '3', 'Spring', '2001', 'A-');

-- --------------------------------------------------------

--
-- Table structure for table `teaches`
--

CREATE TABLE `teaches` (
  `ID` varchar(5) NOT NULL,
  `course_id` varchar(8) NOT NULL,
  `sec_id` varchar(8) NOT NULL,
  `semester` varchar(6) NOT NULL,
  `year` decimal(4,0) NOT NULL
) ENGINE=InnoDB DEFAULT CHARSET=utf8mb4;

--
-- Dumping data for table `teaches`
--

INSERT INTO `teaches` (`ID`, `course_id`, `sec_id`, `semester`, `year`) VALUES
('10479', '249', '1', 'Spring', '2009'),
('11367', '617', '1', 'Spring', '2005'),
('16901', '398', '1', 'Fall', '2010'),
('16901', '660', '1', 'Fall', '2001'),
('17201', '231', '1', 'Fall', '2004'),
('17201', '260', '2', 'Spring', '2002'),
('17201', '492', '2', 'Spring', '2001'),
('17201', '492', '3', 'Spring', '2002'),
('17201', '497', '1', 'Fall', '2008'),
('17201', '545', '2', 'Fall', '2002'),
('17201', '603', '1', 'Fall', '2004'),
('17201', '603', '2', 'Spring', '2004'),
('17201', '628', '2', 'Spring', '2010'),
('17201', '658', '1', 'Fall', '2003'),
('17201', '827', '1', 'Fall', '2003'),
('17201', '842', '1', 'Fall', '2009'),
('17201', '842', '2', 'Fall', '2004'),
('2804', '121', '1', 'Spring', '2004'),
('2804', '126', '1', 'Spring', '2007'),
('2804', '126', '2', 'Spring', '2007'),
('2804', '287', '1', 'Spring', '2010'),
('2804', '287', '2', 'Fall', '2007'),
('2804', '478', '1', 'Spring', '2001'),
('2804', '610', '2', 'Fall', '2009'),
('2804', '838', '1', 'Spring', '2001'),
('2804', '838', '2', 'Fall', '2009'),
('2804', '935', '1', 'Spring', '2005'),
('2804', '935', '2', 'Spring', '2005'),
('2835', '332', '1', 'Spring', '2006'),
('41751', '325', '1', 'Fall', '2003'),
('41751', '325', '2', 'Spring', '2001'),
('41751', '340', '1', 'Spring', '2006'),
('41751', '446', '1', 'Spring', '2003'),
('41751', '800', '2', 'Spring', '2005'),
('48742', '678', '1', 'Spring', '2001'),
('52716', '124', '1', 'Spring', '2008'),
('52716', '239', '2', 'Spring', '2005'),
('52716', '482', '1', 'Spring', '2010'),
('52716', '517', '2', 'Fall', '2004'),
('52716', '517', '3', 'Fall', '2008'),
('52716', '549', '1', 'Spring', '2003'),
('52716', '549', '2', 'Spring', '2009'),
('57484', '890', '1', 'Spring', '2010'),
('60182', '191', '1', 'Fall', '2008'),
('60182', '311', '1', 'Fall', '2007'),
('60182', '425', '1', 'Spring', '2004'),
('60643', '146', '1', 'Fall', '2005'),
('66724', '192', '1', 'Fall', '2002'),
('66724', '345', '1', 'Spring', '2009'),
('66724', '400', '1', 'Spring', '2003'),
('66724', '690', '2', 'Fall', '2006'),
('66724', '722', '1', 'Spring', '2005'),
('66724', '759', '1', 'Spring', '2002'),
('66724', '759', '2', 'Spring', '2002'),
('66724', '924', '2', 'Spring', '2002'),
('78871', '683', '2', 'Spring', '2001'),
('78871', '701', '1', 'Fall', '2004'),
('78871', '895', '1', 'Fall', '2009'),
('78871', '911', '1', 'Spring', '2004'),
('79272', '855', '2', 'Spring', '2010'),
('83702', '188', '2', 'Fall', '2001'),
('83702', '189', '2', 'Spring', '2007'),
('83702', '189', '3', 'Spring', '2010'),
('83702', '208', '1', 'Spring', '2002'),
('83702', '258', '1', 'Spring', '2008'),
('83702', '362', '1', 'Fall', '2007'),
('83702', '584', '1', 'Spring', '2007'),
('83702', '783', '1', 'Fall', '2001'),
('83702', '807', '1', 'Spring', '2007'),
('83702', '939', '1', 'Fall', '2007'),
('83702', '980', '1', 'Fall', '2002'),
('83813', '332', '2', 'Fall', '2005'),
('83813', '352', '2', 'Spring', '2010'),
('83813', '709', '1', 'Fall', '2006'),
('83813', '820', '1', 'Spring', '2007'),
('83813', '922', '1', 'Spring', '2009'),
('93894', '116', '1', 'Fall', '2009'),
('93894', '261', '1', 'Spring', '2002'),
('93894', '261', '2', 'Spring', '2008'),
('93894', '548', '1', 'Spring', '2007'),
('93894', '548', '2', 'Fall', '2003'),
('93894', '617', '2', 'Spring', '2010'),
('93894', '618', '3', 'Fall', '2009'),
('93894', '676', '1', 'Spring', '2004'),
('93894', '721', '3', 'Spring', '2008'),
('93894', '865', '1', 'Fall', '2004'),
('93894', '974', '1', 'Fall', '2008'),
('93894', '976', '1', 'Fall', '2001'),
('95399', '591', '1', 'Spring', '2008'),
('95399', '614', '1', 'Fall', '2008'),
('95509', '690', '3', 'Spring', '2001'),
('96859', '451', '1', 'Fall', '2005'),
('96859', '935', '3', 'Spring', '2003'),
('97828', '735', '1', 'Fall', '2009'),
('98724', '270', '1', 'Spring', '2003'),
('98724', '282', '1', 'Spring', '2004'),
('98724', '300', '1', 'Fall', '2006'),
('98724', '418', '1', 'Spring', '2009'),
('98724', '582', '1', 'Fall', '2007'),
('98724', '582', '3', 'Spring', '2009');

--
-- Indexes for dumped tables
--

--
-- Indexes for table `advisor`
--
ALTER TABLE `advisor`
  ADD PRIMARY KEY (`s_ID`),
  ADD KEY `i_ID` (`i_ID`);

--
-- Indexes for table `classroom`
--
ALTER TABLE `classroom`
  ADD PRIMARY KEY (`building`,`room_number`);

--
-- Indexes for table `prereq`
--
ALTER TABLE `prereq`
  ADD PRIMARY KEY (`course_id`,`prereq_id`),
  ADD KEY `prereq_id` (`prereq_id`);

--
-- Indexes for table `takes`
--
ALTER TABLE `takes`
  ADD PRIMARY KEY (`ID`,`course_id`,`sec_id`,`semester`,`year`),
  ADD KEY `course_id` (`course_id`,`sec_id`,`semester`,`year`),
  ADD KEY `ind_takes` (`ID`) USING BTREE,
  ADD KEY `ind_takes2` (`ID`,`course_id`) USING BTREE,
  ADD KEY `index_takes_course_id` (`course_id`) USING BTREE,
  ADD KEY `ind_takes3` (`ID`,`course_id`) USING BTREE;

--
-- Indexes for table `teaches`
--
ALTER TABLE `teaches`
  ADD PRIMARY KEY (`ID`,`course_id`,`sec_id`,`semester`,`year`),
  ADD KEY `course_id` (`course_id`,`sec_id`,`semester`,`year`);

--
-- Constraints for dumped tables
--

--
-- Constraints for table `advisor`
--
ALTER TABLE `advisor`
  ADD CONSTRAINT `advisor_ibfk_1` FOREIGN KEY (`i_ID`) REFERENCES `instructor` (`ID`) ON DELETE SET NULL,
  ADD CONSTRAINT `advisor_ibfk_2` FOREIGN KEY (`s_ID`) REFERENCES `student` (`ID`) ON DELETE CASCADE;

--
-- Constraints for table `prereq`
--
ALTER TABLE `prereq`
  ADD CONSTRAINT `prereq_ibfk_1` FOREIGN KEY (`course_id`) REFERENCES `course` (`course_id`) ON DELETE CASCADE,
  ADD CONSTRAINT `prereq_ibfk_2` FOREIGN KEY (`prereq_id`) REFERENCES `course` (`course_id`);

--
-- Constraints for table `takes`
--
ALTER TABLE `takes`
  ADD CONSTRAINT `takes_ibfk_1` FOREIGN KEY (`course_id`,`sec_id`,`semester`,`year`) REFERENCES `section` (`course_id`, `sec_id`, `semester`, `year`) ON DELETE CASCADE,
  ADD CONSTRAINT `takes_ibfk_2` FOREIGN KEY (`ID`) REFERENCES `student` (`ID`) ON DELETE CASCADE;

--
-- Constraints for table `teaches`
--
ALTER TABLE `teaches`
  ADD CONSTRAINT `teaches_ibfk_1` FOREIGN KEY (`course_id`,`sec_id`,`semester`,`year`) REFERENCES `section` (`course_id`, `sec_id`, `semester`, `year`) ON DELETE CASCADE,
  ADD CONSTRAINT `teaches_ibfk_2` FOREIGN KEY (`ID`) REFERENCES `instructor` (`ID`) ON DELETE CASCADE;
COMMIT;

/*!40101 SET CHARACTER_SET_CLIENT=@OLD_CHARACTER_SET_CLIENT */;
/*!40101 SET CHARACTER_SET_RESULTS=@OLD_CHARACTER_SET_RESULTS */;
/*!40101 SET COLLATION_CONNECTION=@OLD_COLLATION_CONNECTION */;
