insert into classroom values('E', 449, 11);
insert into classroom values('F', 354, 12);
insert into classroom values('C', 36, 11);
insert into classroom values('J', 185, 165);
insert into classroom values('B', 268, 12);
insert into classroom values('H', 859, 116);
insert into classroom values('E', 539, 10);
insert into classroom values('C', 446, 151);
insert into classroom values('J', 547, 30);
insert into classroom values('I', 723, 48);
insert into department values('RR', 'H', 616478.96);
insert into department values('DE', 'F', 682296.55);
insert into department values('RQ', 'A', 437247.67);
insert into department values('GT', 'D', 746173.35);
insert into department values('ED', 'D', 840936.65);
insert into department values('FR', 'F', 589214.63);
insert into department values('WW', 'J', 553035.54);
insert into department values('EL', 'D', 923202.84);
insert into department values('SS', 'G', 393833.06);
insert into department values('GF', 'I', 96260.99);
insert into course values('653', 'IF3120', 'GT', 4);
insert into course values('226', 'IF3120', 'ED', 3);
insert into course values('246', 'IF4041', 'ED', 4);
insert into course values('837', 'IF5555', 'FR', 3);
insert into course values('191', 'IF3022', 'ED', 3);
insert into course values('388', 'IF3211', 'GT', 4);
insert into course values('576', 'IF3120', 'RQ', 4);
insert into course values('322', 'IF5555', 'RR', 4);
insert into course values('973', 'IF0230', 'RQ', 4);
insert into course values('950', 'IF3211', 'RQ', 3);
insert into course values('756', 'IF0230', 'ED', 3);
insert into course values('989', 'IF5555', 'DE', 3);
insert into course values('684', 'IF3211', 'GT', 3);
insert into course values('834', 'IF0230', 'FR', 4);
insert into course values('921', 'IF3211', 'SS', 3);
insert into course values('384', 'IF4041', 'DE', 3);
insert into course values('633', 'IF0230', 'DE', 4);
insert into course values('999', 'IF5555', 'RR', 3);
insert into course values('844', 'IF4321', 'RR', 4);
insert into course values('434', 'IF3211', 'SS', 4);
insert into course values('248', 'IF4321', 'FR', 3);
insert into course values('507', 'IF3030', 'FR', 3);
insert into course values('535', 'IF3211', 'GF', 4);
insert into course values('861', 'IF4321', 'ED', 4);
insert into course values('783', 'IF3120', 'GF', 3);
insert into course values('513', 'IF3211', 'DE', 4);
insert into course values('394', 'IF3031', 'GT', 4);
insert into course values('498', 'IF0230', 'DE', 3);
insert into course values('137', 'IF3120', 'RQ', 3);
insert into course values('846', 'IF3031', 'EL', 4);
insert into course values('903', 'IF0230', 'RQ', 4);
insert into course values('542', 'IF3211', 'EL', 4);
insert into course values('644', 'IF3030', 'RQ', 3);
insert into course values('466', 'IF3333', 'WW', 3);
insert into course values('611', 'IF3333', 'GF', 4);
insert into course values('334', 'IF3030', 'FR', 3);
insert into course values('495', 'IF3030', 'FR', 4);
insert into course values('549', 'IF4321', 'RR', 4);
insert into course values('764', 'IF3022', 'EL', 3);
insert into course values('265', 'IF4321', 'GT', 3);
insert into course values('579', 'IF5555', 'DE', 4);
insert into course values('309', 'IF3120', 'GT', 3);
insert into course values('297', 'IF3120', 'WW', 4);
insert into course values('362', 'IF4321', 'GF', 3);
insert into course values('142', 'IF4041', 'DE', 4);
insert into course values('939', 'IF4321', 'RR', 4);
insert into course values('895', 'IF3120', 'DE', 3);
insert into course values('929', 'IF4321', 'EL', 4);
insert into course values('151', 'IF4321', 'DE', 4);
insert into course values('502', 'IF3030', 'DE', 4);
insert into course values('251', 'IF4321', 'RR', 3);
insert into course values('650', 'IF4041', 'WW', 3);
insert into course values('522', 'IF3030', 'EL', 3);
insert into course values('214', 'IF3333', 'ED', 3);
insert into course values('386', 'IF3120', 'SS', 3);
insert into course values('318', 'IF3333', 'DE', 4);
insert into course values('703', 'IF3333', 'RQ', 3);
insert into course values('552', 'IF4041', 'GF', 4);
insert into course values('267', 'IF3211', 'DE', 3);
insert into course values('499', 'IF4321', 'GF', 3);
insert into course values('862', 'IF4321', 'GF', 3);
insert into course values('863', 'IF3022', 'EL', 4);
insert into course values('628', 'IF3031', 'SS', 3);
insert into course values('181', 'IF3211', 'RR', 4);
insert into course values('143', 'IF3022', 'RR', 4);
insert into course values('796', 'IF5555', 'EL', 3);
insert into course values('590', 'IF3211', 'GT', 4);
insert into course values('490', 'IF3022', 'RR', 4);
insert into course values('802', 'IF4041', 'DE', 3);
insert into course values('741', 'IF3211', 'DE', 4);
insert into course values('537', 'IF3030', 'RQ', 3);
insert into course values('988', 'IF3211', 'RR', 4);
insert into course values('515', 'IF5555', 'DE', 3);
insert into course values('390', 'IF3022', 'ED', 3);
insert into course values('964', 'IF3030', 'ED', 3);
insert into course values('533', 'IF3030', 'GF', 4);
insert into course values('357', 'IF0230', 'WW', 3);
insert into course values('725', 'IF3211', 'RQ', 4);
insert into course values('957', 'IF3211', 'RQ', 4);
insert into course values('728', 'IF0230', 'ED', 4);
insert into course values('439', 'IF4041', 'FR', 3);
insert into course values('506', 'IF4041', 'GT', 4);
insert into course values('956', 'IF3333', 'FR', 4);
insert into course values('835', 'IF3031', 'FR', 3);
insert into course values('900', 'IF3031', 'RR', 4);
insert into course values('182', 'IF3120', 'ED', 4);
insert into course values('454', 'IF3333', 'GT', 3);
insert into course values('598', 'IF0230', 'WW', 3);
insert into course values('358', 'IF4321', 'GF', 4);
insert into course values('990', 'IF0230', 'DE', 3);
insert into course values('413', 'IF4041', 'SS', 4);
insert into course values('685', 'IF4321', 'RQ', 4);
insert into course values('857', 'IF3030', 'RR', 4);
insert into course values('376', 'IF4321', 'EL', 3);
insert into course values('329', 'IF3120', 'SS', 4);
insert into course values('925', 'IF3333', 'GT', 3);
insert into course values('784', 'IF3022', 'WW', 3);
insert into course values('638', 'IF3022', 'DE', 4);
insert into course values('962', 'IF4041', 'WW', 4);
insert into course values('902', 'IF4321', 'FR', 4);
insert into course values('892', 'IF3031', 'ED', 4);
insert into course values('600', 'IF3333', 'RQ', 4);
insert into course values('663', 'IF3333', 'WW', 3);
insert into course values('310', 'IF0230', 'GF', 3);
insert into course values('327', 'IF3030', 'DE', 3);
insert into course values('604', 'IF4321', 'FR', 3);
insert into course values('915', 'IF3022', 'RR', 3);
insert into course values('505', 'IF0230', 'ED', 3);
insert into course values('239', 'IF3211', 'EL', 3);
insert into course values('766', 'IF5555', 'SS', 4);
insert into course values('500', 'IF3333', 'GT', 4);
insert into course values('655', 'IF3211', 'DE', 3);
insert into course values('666', 'IF3030', 'GF', 3);
insert into course values('676', 'IF3120', 'WW', 3);
insert into course values('511', 'IF0230', 'GF', 4);
insert into course values('623', 'IF3031', 'RR', 4);
insert into course values('445', 'IF3333', 'SS', 3);
insert into course values('458', 'IF3022', 'EL', 4);
insert into course values('392', 'IF3211', 'SS', 3);
insert into course values('727', 'IF3120', 'RR', 4);
insert into course values('935', 'IF4041', 'EL', 3);
insert into course values('160', 'IF3211', 'DE', 4);
insert into course values('996', 'IF5555', 'DE', 4);
insert into course values('682', 'IF3211', 'DE', 4);
insert into course values('985', 'IF4321', 'RR', 4);
insert into course values('274', 'IF3022', 'DE', 3);
insert into course values('569', 'IF3022', 'EL', 4);
insert into course values('231', 'IF0230', 'GF', 3);
insert into course values('674', 'IF3022', 'FR', 3);
insert into course values('932', 'IF0230', 'GT', 3);
insert into course values('270', 'IF3120', 'FR', 4);
insert into course values('524', 'IF3022', 'GT', 4);
insert into course values('485', 'IF0230', 'GF', 4);
insert into course values('385', 'IF3333', 'GT', 4);
insert into course values('223', 'IF5555', 'RR', 3);
insert into course values('612', 'IF4041', 'SS', 4);
insert into course values('841', 'IF3031', 'RQ', 3);
insert into course values('872', 'IF3030', 'ED', 3);
insert into course values('345', 'IF4041', 'RR', 4);
insert into course values('967', 'IF3211', 'FR', 3);
insert into course values('822', 'IF5555', 'RQ', 3);
insert into course values('936', 'IF0230', 'ED', 3);
insert into course values('280', 'IF5555', 'GF', 4);
insert into course values('532', 'IF3333', 'GF', 3);
insert into course values('242', 'IF5555', 'ED', 3);
insert into course values('349', 'IF0230', 'WW', 4);
insert into course values('827', 'IF5555', 'RQ', 3);
insert into course values('409', 'IF3211', 'FR', 3);
insert into course values('940', 'IF3031', 'DE', 4);
insert into course values('625', 'IF3211', 'RR', 4);
insert into course values('867', 'IF5555', 'RR', 3);
insert into course values('583', 'IF5555', 'EL', 3);
insert into course values('302', 'IF3030', 'RR', 4);
insert into course values('599', 'IF3022', 'ED', 3);
insert into course values('324', 'IF3120', 'EL', 3);
insert into course values('913', 'IF3031', 'EL', 3);
insert into course values('147', 'IF3022', 'WW', 3);
insert into course values('387', 'IF3211', 'RR', 3);
insert into course values('825', 'IF3333', 'GT', 3);
insert into course values('635', 'IF3120', 'ED', 3);
insert into course values('339', 'IF4041', 'EL', 3);
insert into course values('381', 'IF3333', 'EL', 4);
insert into course values('494', 'IF3333', 'DE', 3);
insert into course values('982', 'IF4041', 'ED', 3);
insert into course values('101', 'IF5555', 'GT', 4);
insert into course values('271', 'IF4041', 'RQ', 3);
insert into course values('130', 'IF3030', 'RR', 4);
insert into course values('564', 'IF3211', 'FR', 3);
insert into course values('553', 'IF3120', 'FR', 3);
insert into course values('560', 'IF3022', 'DE', 4);
insert into course values('168', 'IF3030', 'EL', 4);
insert into course values('483', 'IF3333', 'ED', 3);
insert into course values('292', 'IF4041', 'ED', 4);
insert into course values('715', 'IF4321', 'ED', 3);
insert into course values('139', 'IF3333', 'GT', 4);
insert into course values('150', 'IF3030', 'SS', 3);
insert into course values('258', 'IF3333', 'DE', 4);
insert into course values('459', 'IF4321', 'SS', 4);
insert into course values('473', 'IF3022', 'ED', 3);
insert into course values('572', 'IF3022', 'ED', 3);
insert into course values('128', 'IF4321', 'RR', 3);
insert into course values('699', 'IF3211', 'DE', 4);
insert into course values('790', 'IF3030', 'SS', 3);
insert into course values('803', 'IF4321', 'ED', 4);
insert into course values('252', 'IF5555', 'GF', 4);
insert into course values('372', 'IF3022', 'GT', 4);
insert into course values('937', 'IF3120', 'WW', 3);
insert into course values('529', 'IF3031', 'WW', 4);
insert into course values('285', 'IF3211', 'EL', 3);
insert into course values('993', 'IF3031', 'DE', 3);
insert into course values('451', 'IF5555', 'GF', 4);
insert into course values('402', 'IF3211', 'WW', 3);
insert into course values('864', 'IF0230', 'RQ', 4);
insert into course values('430', 'IF3120', 'GT', 3);
insert into course values('509', 'IF3030', 'ED', 4);
insert into course values('595', 'IF4041', 'RQ', 4);
insert into course values('927', 'IF4041', 'ED', 4);
insert into course values('673', 'IF0230', 'DE', 4);
insert into course values('979', 'IF3022', 'GF', 4);
insert into course values('306', 'IF3030', 'DE', 4);
insert into instructor values('39853', 'Ande', 'DE', 126526.20);
insert into instructor values('89300', 'yuyun', 'FR', 30467.84);
insert into instructor values('77602', 'yuyun', 'RQ', 61478.66);
insert into instructor values('85675', 'Ahmad', 'WW', 70581.52);
insert into instructor values('32063', 'Kiki', 'RR', 63995.79);
insert into instructor values('13024', 'Josu', 'RQ', 51331.55);
insert into instructor values('97086', 'Ahmad', 'GT', 112146.88);
insert into instructor values('15056', 'Ande', 'GT', 38795.23);
insert into instructor values('53617', 'yuyun', 'FR', 92854.22);
insert into instructor values('84053', 'rahmat', 'DE', 103711.85);
insert into instructor values('35335', 'Josu', 'DE', 30250.80);
insert into instructor values('92736', 'Yohan', 'FR', 90739.67);
insert into instructor values('90950', 'rahmat', 'RR', 59295.66);
insert into instructor values('31903', 'Josu', 'GF', 98475.16);
insert into instructor values('53008', 'Yohan', 'SS', 92086.58);
insert into instructor values('61494', 'Budi', 'RQ', 107175.75);
insert into instructor values('9760', 'Ande', 'GF', 122844.64);
insert into instructor values('74183', 'Budi', 'DE', 41225.51);
insert into instructor values('19084', 'Ahmad', 'WW', 44205.66);
insert into instructor values('49324', 'Budi', 'FR', 81605.45);
insert into instructor values('77570', 'Ande', 'EL', 102238.61);
insert into instructor values('13017', 'rahmat', 'GF', 49978.05);
insert into instructor values('2764', 'Ande', 'ED', 100520.98);
insert into instructor values('44061', 'Yohan', 'GT', 70468.02);
insert into instructor values('31726', 'Ahmad', 'DE', 74636.83);
insert into instructor values('75743', 'Josu', 'RQ', 77819.29);
insert into instructor values('79492', 'Ahmad', 'GF', 97622.51);
insert into instructor values('85026', 'Kiki', 'RR', 81330.53);
insert into instructor values('89575', 'Ahmad', 'DE', 44171.36);
insert into instructor values('61379', 'Johan', 'SS', 112819.42);
insert into instructor values('54022', 'Johan', 'EL', 36817.58);
insert into instructor values('32471', 'rahmat', 'GF', 83838.42);
insert into instructor values('1167', 'yuyun', 'GF', 120855.72);
insert into instructor values('83728', 'Johan', 'RR', 52462.48);
insert into instructor values('80069', 'Budi', 'GF', 66411.70);
insert into instructor values('32023', 'Ahmad', 'DE', 53191.73);
insert into instructor values('46568', 'rahmat', 'WW', 75866.73);
insert into instructor values('50896', 'Josu', 'ED', 74860.01);
insert into instructor values('4946', 'Johan', 'RQ', 82745.53);
insert into instructor values('72955', 'Ahmad', 'EL', 80912.52);
insert into instructor values('69014', 'Johan', 'GT', 64215.46);
insert into instructor values('30286', 'Budi', 'SS', 54013.74);
insert into instructor values('56769', 'Josu', 'RQ', 53503.48);
insert into instructor values('82973', 'rahmat', 'WW', 112669.26);
insert into instructor values('6043', 'rahmat', 'DE', 30822.54);
insert into instructor values('64309', 'Josu', 'EL', 91392.99);
insert into instructor values('80932', 'Ahmad', 'GT', 91809.79);
insert into instructor values('52986', 'Ahmad', 'FR', 97923.65);
insert into instructor values('51673', 'rahmat', 'GF', 41013.70);
insert into instructor values('40270', 'yuyun', 'RR', 61092.37);
insert into section values('663', '1', 'Fall', 2004, 'J', '547', 'N');
insert into section values('862', '1', 'Spring', 2009, 'J', '185', 'O');
insert into section values('552', '1', 'Fall', 2009, 'E', '449', 'B');
insert into section values('985', '1', 'Fall', 2001, 'E', '449', 'L');
insert into section values('267', '1', 'Spring', 2005, 'F', '354', 'C');
insert into section values('500', '1', 'Spring', 2004, 'J', '547', 'M');
insert into section values('302', '1', 'Spring', 2003, 'I', '723', 'F');
insert into section values('939', '1', 'Fall', 2010, 'E', '449', 'H');
insert into section values('524', '1', 'Spring', 2010, 'F', '354', 'N');
insert into section values('515', '1', 'Spring', 2007, 'J', '185', 'F');
insert into section values('583', '1', 'Fall', 2003, 'I', '723', 'D');
insert into section values('985', '2', 'Spring', 2005, 'C', '36', 'C');
insert into section values('962', '1', 'Spring', 2003, 'C', '36', 'G');
insert into section values('784', '1', 'Fall', 2010, 'C', '446', 'I');
insert into section values('921', '1', 'Spring', 2001, 'J', '547', 'O');
insert into section values('251', '1', 'Fall', 2003, 'F', '354', 'J');
insert into section values('846', '1', 'Fall', 2008, 'E', '539', 'H');
insert into section values('957', '1', 'Spring', 2005, 'I', '723', 'A');
insert into section values('872', '1', 'Fall', 2001, 'C', '36', 'N');
insert into section values('324', '1', 'Fall', 2002, 'C', '36', 'F');
insert into section values('950', '1', 'Spring', 2005, 'F', '354', 'F');
insert into section values('402', '1', 'Fall', 2006, 'C', '36', 'M');
insert into section values('837', '1', 'Fall', 2005, 'E', '539', 'E');
insert into section values('835', '1', 'Fall', 2002, 'J', '547', 'J');
insert into section values('841', '1', 'Fall', 2005, 'H', '859', 'I');
insert into section values('101', '1', 'Fall', 2003, 'B', '268', 'I');
insert into section values('784', '2', 'Spring', 2001, 'J', '185', 'K');
insert into section values('270', '1', 'Spring', 2001, 'F', '354', 'B');
insert into section values('803', '1', 'Spring', 2004, 'H', '859', 'E');
insert into section values('362', '1', 'Spring', 2003, 'E', '449', 'L');
insert into section values('542', '1', 'Fall', 2006, 'E', '539', 'H');
insert into section values('766', '1', 'Fall', 2010, 'E', '449', 'M');
insert into section values('663', '2', 'Spring', 2001, 'J', '185', 'D');
insert into section values('604', '1', 'Spring', 2004, 'F', '354', 'A');
insert into section values('345', '1', 'Fall', 2001, 'I', '723', 'I');
insert into section values('844', '1', 'Fall', 2008, 'C', '36', 'D');
insert into section values('522', '1', 'Spring', 2005, 'F', '354', 'H');
insert into section values('329', '1', 'Spring', 2005, 'C', '36', 'D');
insert into section values('967', '1', 'Spring', 2001, 'E', '539', 'L');
insert into section values('318', '1', 'Spring', 2002, 'H', '859', 'J');
insert into section values('535', '1', 'Spring', 2007, 'F', '354', 'A');
insert into section values('139', '1', 'Fall', 2008, 'B', '268', 'D');
insert into section values('357', '1', 'Spring', 2006, 'E', '539', 'G');
insert into section values('802', '1', 'Fall', 2007, 'C', '36', 'C');
insert into section values('239', '1', 'Spring', 2009, 'J', '185', 'P');
insert into section values('513', '1', 'Fall', 2008, 'E', '539', 'B');
insert into section values('142', '1', 'Fall', 2008, 'J', '185', 'H');
insert into section values('483', '1', 'Fall', 2005, 'C', '36', 'G');
insert into section values('841', '2', 'Spring', 2009, 'C', '446', 'H');
insert into section values('552', '2', 'Fall', 2003, 'C', '36', 'F');
insert into section values('950', '2', 'Fall', 2003, 'H', '859', 'G');
insert into section values('653', '1', 'Fall', 2010, 'F', '354', 'M');
insert into section values('940', '1', 'Spring', 2006, 'J', '547', 'D');
insert into section values('413', '1', 'Fall', 2010, 'J', '185', 'C');
insert into section values('182', '1', 'Fall', 2007, 'E', '449', 'J');
insert into section values('495', '1', 'Spring', 2004, 'I', '723', 'N');
insert into section values('392', '1', 'Fall', 2006, 'E', '539', 'G');
insert into section values('569', '1', 'Spring', 2008, 'C', '446', 'D');
insert into section values('513', '2', 'Fall', 2009, 'C', '36', 'H');
insert into section values('985', '3', 'Spring', 2005, 'E', '449', 'D');
insert into section values('267', '2', 'Spring', 2001, 'E', '539', 'D');
insert into section values('988', '1', 'Fall', 2001, 'H', '859', 'I');
insert into section values('644', '1', 'Spring', 2007, 'C', '36', 'G');
insert into section values('783', '1', 'Spring', 2010, 'J', '185', 'M');
insert into section values('495', '2', 'Spring', 2003, 'H', '859', 'B');
insert into section values('921', '2', 'Fall', 2002, 'I', '723', 'E');
insert into section values('962', '2', 'Fall', 2008, 'F', '354', 'C');
insert into section values('392', '2', 'Spring', 2004, 'H', '859', 'G');
insert into section values('864', '1', 'Fall', 2001, 'C', '36', 'H');
insert into section values('381', '1', 'Fall', 2002, 'B', '268', 'L');
insert into section values('576', '1', 'Fall', 2008, 'J', '547', 'C');
insert into section values('673', '1', 'Fall', 2001, 'E', '449', 'N');
insert into section values('638', '1', 'Spring', 2001, 'J', '547', 'N');
insert into section values('246', '1', 'Spring', 2001, 'H', '859', 'D');
insert into section values('590', '1', 'Spring', 2008, 'I', '723', 'C');
insert into section values('280', '1', 'Spring', 2006, 'B', '268', 'O');
insert into section values('599', '1', 'Spring', 2010, 'H', '859', 'J');
insert into section values('989', '1', 'Spring', 2009, 'H', '859', 'E');
insert into section values('390', '1', 'Spring', 2010, 'H', '859', 'M');
insert into section values('834', '1', 'Spring', 2004, 'C', '36', 'E');
insert into section values('505', '1', 'Spring', 2003, 'F', '354', 'K');
insert into section values('310', '1', 'Spring', 2003, 'C', '446', 'J');
insert into section values('932', '1', 'Fall', 2003, 'E', '449', 'G');
insert into section values('764', '1', 'Spring', 2004, 'J', '547', 'A');
insert into section values('962', '3', 'Fall', 2009, 'H', '859', 'A');
insert into section values('494', '1', 'Fall', 2010, 'E', '449', 'I');
insert into section values('459', '1', 'Spring', 2004, 'B', '268', 'I');
insert into section values('822', '1', 'Spring', 2010, 'I', '723', 'M');
insert into section values('834', '2', 'Spring', 2008, 'B', '268', 'P');
insert into section values('796', '1', 'Spring', 2010, 'E', '539', 'I');
insert into section values('334', '1', 'Fall', 2002, 'B', '268', 'C');
insert into section values('982', '1', 'Spring', 2006, 'E', '449', 'F');
insert into section values('590', '2', 'Spring', 2005, 'F', '354', 'D');
insert into section values('357', '2', 'Fall', 2008, 'J', '185', 'L');
insert into section values('248', '1', 'Fall', 2003, 'J', '185', 'A');
insert into section values('329', '2', 'Spring', 2005, 'J', '547', 'G');
insert into section values('137', '1', 'Spring', 2002, 'B', '268', 'B');
insert into section values('226', '1', 'Fall', 2002, 'J', '547', 'P');
insert into section values('191', '1', 'Spring', 2006, 'C', '446', 'O');
insert into section values('837', '2', 'Spring', 2007, 'J', '547', 'F');
insert into section values('685', '1', 'Spring', 2002, 'C', '446', 'E');
insert into section values('334', '2', 'Spring', 2007, 'C', '36', 'N');
insert into section values('529', '1', 'Spring', 2002, 'E', '539', 'B');
insert into section values('529', '2', 'Spring', 2007, 'H', '859', 'C');
insert into section values('376', '1', 'Fall', 2009, 'J', '547', 'F');
insert into section values('935', '1', 'Spring', 2004, 'J', '547', 'I');
insert into section values('505', '2', 'Fall', 2009, 'H', '859', 'K');
insert into section values('537', '1', 'Fall', 2002, 'E', '449', 'I');
insert into section values('223', '1', 'Fall', 2002, 'C', '36', 'P');
insert into section values('226', '2', 'Spring', 2002, 'J', '547', 'M');
insert into section values('913', '1', 'Fall', 2004, 'C', '446', 'F');
insert into section values('292', '1', 'Spring', 2007, 'E', '449', 'K');
insert into section values('604', '2', 'Fall', 2006, 'I', '723', 'M');
insert into section values('685', '2', 'Spring', 2010, 'E', '449', 'L');
insert into section values('861', '1', 'Spring', 2001, 'C', '36', 'C');
insert into section values('150', '1', 'Spring', 2010, 'F', '354', 'K');
insert into section values('372', '1', 'Fall', 2010, 'C', '36', 'D');
insert into section values('483', '2', 'Fall', 2004, 'E', '539', 'A');
insert into section values('246', '2', 'Spring', 2003, 'F', '354', 'K');
insert into section values('940', '2', 'Fall', 2002, 'H', '859', 'D');
insert into section values('466', '1', 'Spring', 2004, 'B', '268', 'L');
insert into section values('150', '2', 'Fall', 2002, 'F', '354', 'N');
insert into section values('857', '1', 'Fall', 2006, 'I', '723', 'E');
insert into section values('297', '1', 'Spring', 2002, 'F', '354', 'I');
insert into section values('495', '3', 'Fall', 2003, 'E', '539', 'O');
insert into section values('666', '1', 'Fall', 2008, 'J', '547', 'H');
insert into section values('715', '1', 'Spring', 2005, 'J', '185', 'A');
insert into section values('590', '3', 'Spring', 2006, 'C', '446', 'E');
insert into section values('756', '1', 'Fall', 2006, 'F', '354', 'B');
insert into section values('927', '1', 'Spring', 2005, 'E', '539', 'M');
insert into section values('386', '1', 'Spring', 2004, 'E', '449', 'O');
insert into section values('936', '1', 'Spring', 2009, 'F', '354', 'K');
insert into section values('310', '2', 'Fall', 2009, 'E', '539', 'O');
insert into section values('160', '1', 'Fall', 2006, 'I', '723', 'G');
insert into section values('841', '3', 'Spring', 2004, 'F', '354', 'P');
insert into section values('485', '1', 'Spring', 2009, 'J', '547', 'J');
insert into section values('502', '1', 'Fall', 2007, 'F', '354', 'B');
insert into section values('128', '1', 'Fall', 2004, 'I', '723', 'G');
insert into section values('900', '1', 'Spring', 2009, 'E', '539', 'G');
insert into section values('160', '2', 'Fall', 2009, 'C', '36', 'C');
insert into section values('867', '1', 'Spring', 2006, 'J', '547', 'P');
insert into section values('703', '1', 'Fall', 2003, 'I', '723', 'J');
insert into section values('957', '2', 'Fall', 2001, 'J', '185', 'D');
insert into section values('498', '1', 'Fall', 2001, 'C', '446', 'K');
insert into section values('384', '1', 'Spring', 2002, 'B', '268', 'H');
insert into section values('835', '2', 'Fall', 2010, 'E', '449', 'A');
insert into section values('500', '2', 'Fall', 2005, 'F', '354', 'D');
insert into section values('265', '1', 'Fall', 2002, 'I', '723', 'O');
insert into section values('822', '2', 'Fall', 2002, 'E', '449', 'C');
insert into section values('913', '2', 'Spring', 2006, 'C', '446', 'B');
insert into section values('940', '3', 'Spring', 2001, 'F', '354', 'M');
insert into section values('490', '1', 'Spring', 2003, 'E', '449', 'M');
insert into section values('725', '1', 'Fall', 2005, 'C', '36', 'L');
insert into section values('535', '2', 'Fall', 2008, 'J', '185', 'F');
insert into section values('979', '1', 'Fall', 2007, 'J', '185', 'E');
insert into section values('625', '1', 'Fall', 2003, 'B', '268', 'B');
insert into section values('524', '2', 'Fall', 2001, 'J', '185', 'I');
insert into section values('655', '1', 'Fall', 2009, 'E', '539', 'C');
insert into section values('956', '1', 'Fall', 2001, 'B', '268', 'B');
insert into section values('552', '3', 'Fall', 2004, 'J', '547', 'D');
insert into section values('513', '3', 'Spring', 2002, 'H', '859', 'J');
insert into section values('387', '1', 'Spring', 2007, 'C', '446', 'H');
insert into section values('902', '1', 'Fall', 2003, 'E', '449', 'P');
insert into section values('381', '2', 'Fall', 2007, 'E', '539', 'L');
insert into section values('345', '2', 'Spring', 2006, 'E', '539', 'J');
insert into section values('537', '2', 'Spring', 2002, 'J', '185', 'M');
insert into section values('430', '1', 'Fall', 2010, 'E', '539', 'J');
insert into section values('388', '1', 'Fall', 2006, 'H', '859', 'M');
insert into section values('384', '2', 'Fall', 2005, 'C', '36', 'P');
insert into section values('297', '2', 'Fall', 2010, 'C', '36', 'O');
insert into section values('999', '1', 'Spring', 2007, 'E', '449', 'O');
insert into section values('267', '3', 'Spring', 2004, 'E', '449', 'B');
insert into section values('802', '2', 'Fall', 2001, 'J', '547', 'N');
insert into section values('892', '1', 'Spring', 2008, 'E', '539', 'P');
insert into section values('274', '1', 'Spring', 2002, 'F', '354', 'K');
insert into section values('929', '1', 'Spring', 2004, 'H', '859', 'D');
insert into section values('327', '1', 'Fall', 2003, 'B', '268', 'D');
insert into section values('246', '3', 'Fall', 2009, 'B', '268', 'O');
insert into section values('506', '1', 'Spring', 2004, 'J', '185', 'C');
insert into section values('483', '3', 'Spring', 2003, 'B', '268', 'K');
insert into section values('258', '1', 'Spring', 2010, 'C', '446', 'H');
insert into section values('685', '3', 'Fall', 2005, 'C', '446', 'E');
insert into section values('137', '2', 'Fall', 2007, 'C', '36', 'K');
insert into section values('128', '2', 'Spring', 2001, 'J', '185', 'A');
insert into section values('764', '2', 'Spring', 2001, 'C', '446', 'A');
insert into section values('358', '1', 'Spring', 2005, 'E', '449', 'G');
insert into section values('310', '3', 'Spring', 2004, 'J', '547', 'M');
insert into section values('390', '2', 'Fall', 2007, 'C', '36', 'D');
insert into section values('490', '2', 'Fall', 2002, 'F', '354', 'J');
insert into section values('248', '2', 'Spring', 2003, 'H', '859', 'H');
insert into section values('191', '2', 'Spring', 2008, 'C', '36', 'H');
insert into section values('655', '2', 'Spring', 2004, 'C', '36', 'L');
insert into section values('790', '1', 'Fall', 2005, 'I', '723', 'C');
insert into section values('583', '2', 'Fall', 2007, 'C', '446', 'A');
insert into section values('867', '2', 'Fall', 2003, 'E', '449', 'H');
insert into section values('381', '3', 'Fall', 2005, 'C', '36', 'K');
insert into section values('542', '2', 'Spring', 2004, 'H', '859', 'B');
insert into section values('925', '1', 'Fall', 2008, 'E', '449', 'E');
insert into section values('506', '2', 'Fall', 2003, 'J', '185', 'D');
insert into section values('844', '2', 'Spring', 2007, 'E', '539', 'I');
insert into teaches values('19084', '962', '3', 'Fall', 2009);
insert into teaches values('50896', '715', '1', 'Spring', 2005);
insert into teaches values('40270', '387', '1', 'Spring', 2007);
insert into teaches values('51673', '979', '1', 'Fall', 2007);
insert into teaches values('56769', '822', '2', 'Fall', 2002);
insert into teaches values('2764', '505', '1', 'Spring', 2003);
insert into teaches values('6043', '142', '1', 'Fall', 2008);
insert into teaches values('6043', '258', '1', 'Spring', 2010);
insert into teaches values('52986', '270', '1', 'Spring', 2001);
insert into teaches values('46568', '529', '2', 'Spring', 2007);
insert into teaches values('6043', '515', '1', 'Spring', 2007);
insert into teaches values('40270', '844', '2', 'Spring', 2007);
insert into teaches values('51673', '552', '2', 'Fall', 2003);
insert into teaches values('40270', '985', '2', 'Spring', 2005);
insert into teaches values('4946', '685', '2', 'Spring', 2010);
insert into teaches values('32023', '267', '1', 'Spring', 2005);
insert into teaches values('4946', '950', '2', 'Fall', 2003);
insert into teaches values('50896', '246', '2', 'Spring', 2003);
insert into teaches values('32023', '384', '1', 'Spring', 2002);
insert into teaches values('2764', '390', '2', 'Fall', 2007);
insert into teaches values('80069', '310', '1', 'Spring', 2003);
insert into teaches values('64309', '913', '1', 'Fall', 2004);
insert into teaches values('56769', '841', '3', 'Spring', 2004);
insert into teaches values('83728', '985', '3', 'Spring', 2005);
insert into teaches values('46568', '357', '1', 'Spring', 2006);
insert into teaches values('50896', '246', '3', 'Fall', 2009);
insert into teaches values('52986', '967', '1', 'Spring', 2001);
insert into teaches values('4946', '685', '1', 'Spring', 2002);
insert into teaches values('50896', '191', '2', 'Spring', 2008);
insert into teaches values('6043', '274', '1', 'Spring', 2002);
insert into teaches values('30286', '392', '1', 'Fall', 2006);
insert into teaches values('64309', '583', '1', 'Fall', 2003);
insert into teaches values('52986', '604', '2', 'Fall', 2006);
insert into teaches values('4946', '537', '1', 'Fall', 2002);
insert into teaches values('32023', '513', '1', 'Fall', 2008);
insert into teaches values('30286', '386', '1', 'Spring', 2004);
insert into teaches values('82973', '466', '1', 'Spring', 2004);
insert into teaches values('56769', '644', '1', 'Spring', 2007);
insert into teaches values('52986', '956', '1', 'Fall', 2001);
insert into teaches values('64309', '239', '1', 'Spring', 2009);
insert into teaches values('82973', '297', '1', 'Spring', 2002);
insert into teaches values('50896', '226', '1', 'Fall', 2002);
insert into teaches values('56769', '950', '1', 'Spring', 2005);
insert into teaches values('83728', '985', '1', 'Fall', 2001);
insert into teaches values('52986', '834', '2', 'Spring', 2008);
insert into teaches values('40270', '867', '2', 'Fall', 2003);
insert into teaches values('50896', '390', '1', 'Spring', 2010);
insert into teaches values('50896', '191', '1', 'Spring', 2006);
insert into teaches values('50896', '872', '1', 'Fall', 2001);
insert into teaches values('72955', '913', '2', 'Spring', 2006);
insert into teaches values('52986', '902', '1', 'Fall', 2003);
insert into teaches values('40270', '128', '1', 'Fall', 2004);
insert into teaches values('32023', '638', '1', 'Spring', 2001);
insert into teaches values('51673', '362', '1', 'Spring', 2003);
insert into teaches values('80932', '590', '1', 'Spring', 2008);
insert into teaches values('6043', '673', '1', 'Fall', 2001);
insert into teaches values('64309', '542', '1', 'Fall', 2006);
insert into teaches values('52986', '334', '2', 'Spring', 2007);
insert into teaches values('6043', '513', '3', 'Spring', 2002);
insert into teaches values('61379', '150', '1', 'Spring', 2010);
insert into teaches values('50896', '226', '2', 'Spring', 2002);
insert into teaches values('64309', '381', '3', 'Fall', 2005);
insert into teaches values('80932', '500', '2', 'Fall', 2005);
insert into teaches values('2764', '246', '1', 'Spring', 2001);
insert into teaches values('80932', '590', '2', 'Spring', 2005);
insert into teaches values('83728', '625', '1', 'Fall', 2003);
insert into teaches values('64309', '324', '1', 'Fall', 2002);
insert into teaches values('51673', '485', '1', 'Spring', 2009);
insert into teaches values('6043', '267', '2', 'Spring', 2001);
insert into teaches values('6043', '494', '1', 'Fall', 2010);
insert into teaches values('2764', '927', '1', 'Spring', 2005);
insert into teaches values('6043', '502', '1', 'Fall', 2007);
insert into teaches values('82973', '529', '1', 'Spring', 2002);
insert into teaches values('64309', '764', '1', 'Spring', 2004);
insert into teaches values('56769', '841', '1', 'Fall', 2005);
insert into teaches values('46568', '663', '1', 'Fall', 2004);
insert into teaches values('56769', '725', '1', 'Fall', 2005);
insert into teaches values('64309', '764', '2', 'Spring', 2001);
insert into teaches values('56769', '537', '2', 'Spring', 2002);
insert into teaches values('64309', '381', '2', 'Fall', 2007);
insert into teaches values('80932', '653', '1', 'Fall', 2010);
insert into teaches values('50896', '483', '3', 'Spring', 2003);
insert into teaches values('80932', '590', '3', 'Spring', 2006);
insert into teaches values('64309', '381', '1', 'Fall', 2002);
insert into teaches values('6043', '160', '2', 'Fall', 2009);
insert into teaches values('40270', '490', '1', 'Spring', 2003);
insert into teaches values('50896', '861', '1', 'Spring', 2001);
insert into teaches values('72955', '542', '2', 'Spring', 2004);
insert into teaches values('30286', '790', '1', 'Fall', 2005);
insert into teaches values('82973', '784', '1', 'Fall', 2010);
insert into teaches values('6043', '318', '1', 'Spring', 2002);
insert into teaches values('61379', '413', '1', 'Fall', 2010);
insert into teaches values('50896', '483', '1', 'Fall', 2005);
insert into teaches values('40270', '251', '1', 'Fall', 2003);
insert into teaches values('56769', '864', '1', 'Fall', 2001);
insert into teaches values('32023', '267', '3', 'Spring', 2004);
insert into teaches values('80932', '388', '1', 'Fall', 2006);
insert into teaches values('6043', '655', '1', 'Fall', 2009);
insert into teaches values('64309', '583', '2', 'Fall', 2007);
insert into teaches values('6043', '160', '1', 'Fall', 2006);
insert into student values('74630', 'Ahmad', 'RR', 102);
insert into student values('61627', 'Johan', 'ED', 128);
insert into student values('45778', 'Yohan', 'DE', 44);
insert into student values('66748', 'Ahmad', 'EL', 76);
insert into student values('87494', 'Adri', 'RR', 40);
insert into student values('19935', 'Ahmad', 'GT', 49);
insert into student values('4311', 'Kiki', 'SS', 53);
insert into student values('57699', 'Budi', 'GT', 29);
insert into student values('72381', 'Budi', 'EL', 114);
insert into student values('58345', 'yuyun', 'RR', 85);
insert into student values('31922', 'Kiki', 'SS', 28);
insert into student values('12018', 'Adri', 'SS', 10);
insert into student values('56048', 'Ande', 'SS', 18);
insert into student values('65892', 'rahmat', 'ED', 5);
insert into student values('90614', 'Josu', 'GF', 71);
insert into student values('85285', 'Kiki', 'SS', 120);
insert into student values('675', 'Kiki', 'ED', 23);
insert into student values('41469', 'Josu', 'GF', 61);
insert into student values('43481', 'Josu', 'RQ', 41);
insert into student values('73752', 'Johan', 'GT', 105);
insert into student values('84667', 'Ande', 'GT', 8);
insert into student values('51969', 'Josu', 'SS', 22);
insert into student values('99918', 'Adri', 'GT', 23);
insert into student values('83944', 'Johan', 'GT', 18);
insert into student values('4731', 'Josu', 'RR', 54);
insert into student values('10301', 'Kiki', 'RQ', 83);
insert into student values('43179', 'rahmat', 'RR', 68);
insert into student values('39698', 'Yohan', 'GT', 32);
insert into student values('79337', 'Yohan', 'DE', 23);
insert into student values('26139', 'Ahmad', 'EL', 16);
insert into student values('96067', 'Johan', 'RR', 31);
insert into student values('36337', 'Kiki', 'ED', 36);
insert into student values('4553', 'Ahmad', 'GF', 5);
insert into student values('46890', 'Kiki', 'GF', 127);
insert into student values('76652', 'rahmat', 'ED', 122);
insert into student values('38947', 'Josu', 'RQ', 11);
insert into student values('8096', 'Adri', 'GF', 69);
insert into student values('65302', 'Josu', 'DE', 18);
insert into student values('23386', 'Kiki', 'RQ', 70);
insert into student values('65571', 'Johan', 'GF', 84);
insert into student values('78065', 'yuyun', 'RR', 28);
insert into student values('44235', 'yuyun', 'GF', 1);
insert into student values('17920', 'Johan', 'GT', 20);
insert into student values('6703', 'Ande', 'WW', 128);
insert into student values('48354', 'Yohan', 'EL', 115);
insert into student values('18357', 'Kiki', 'RQ', 27);
insert into student values('26837', 'rahmat', 'RQ', 93);
insert into student values('29123', 'Kiki', 'RR', 102);
insert into student values('30103', 'yuyun', 'ED', 94);
insert into student values('19809', 'Adri', 'SS', 19);
insert into student values('32395', 'Budi', 'SS', 22);
insert into student values('93755', 'Budi', 'RQ', 10);
insert into student values('78421', 'Kiki', 'EL', 55);
insert into student values('60253', 'Ahmad', 'RQ', 34);
insert into student values('29817', 'Adri', 'GF', 82);
insert into student values('40948', 'Ande', 'GF', 95);
insert into student values('40031', 'Budi', 'FR', 26);
insert into student values('60051', 'Kiki', 'WW', 64);
insert into student values('23154', 'Adri', 'DE', 23);
insert into student values('2091', 'Ahmad', 'FR', 89);
insert into student values('83963', 'Kiki', 'EL', 2);
insert into student values('46001', 'Budi', 'EL', 31);
insert into student values('17066', 'Kiki', 'FR', 21);
insert into student values('59835', 'Kiki', 'FR', 120);
insert into student values('29805', 'Yohan', 'GT', 27);
insert into student values('52067', 'yuyun', 'RQ', 114);
insert into student values('65815', 'Josu', 'SS', 118);
insert into student values('79682', 'Ande', 'EL', 119);
insert into student values('72186', 'Ahmad', 'EL', 95);
insert into student values('37301', 'Johan', 'GT', 82);
insert into student values('4140', 'Ande', 'EL', 86);
insert into student values('24188', 'Adri', 'SS', 129);
insert into student values('57829', 'Josu', 'GF', 70);
insert into student values('26165', 'Budi', 'FR', 55);
insert into student values('4671', 'Kiki', 'ED', 99);
insert into student values('79781', 'Adri', 'RR', 63);
insert into student values('33653', 'Ahmad', 'FR', 93);
insert into student values('81966', 'Johan', 'FR', 112);
insert into student values('15780', 'Budi', 'DE', 73);
insert into student values('3993', 'yuyun', 'SS', 25);
insert into student values('69740', 'Kiki', 'RQ', 63);
insert into student values('22094', 'Ande', 'GT', 56);
insert into student values('22958', 'Yohan', 'SS', 73);
insert into student values('91959', 'rahmat', 'RQ', 23);
insert into student values('30063', 'Budi', 'WW', 41);
insert into student values('16896', 'Ande', 'GT', 129);
insert into student values('99892', 'yuyun', 'WW', 96);
insert into student values('48281', 'Yohan', 'WW', 105);
insert into student values('40388', 'yuyun', 'ED', 54);
insert into student values('66097', 'Josu', 'RQ', 83);
insert into student values('76265', 'Ande', 'ED', 20);
insert into student values('55900', 'Ande', 'RR', 111);
insert into student values('46030', 'yuyun', 'EL', 95);
insert into student values('5614', 'rahmat', 'GT', 73);
insert into student values('63009', 'Johan', 'DE', 13);
insert into student values('82462', 'Budi', 'DE', 2);
insert into student values('38162', 'Yohan', 'WW', 6);
insert into student values('67907', 'Budi', 'DE', 122);
insert into student values('30898', 'Kiki', 'DE', 75);
insert into student values('95994', 'Johan', 'GT', 122);
insert into takes values('46001', '655', '2', 'Spring', 2004, 'A+');
insert into takes values('46001', '529', '2', 'Spring', 2007, 'A+');
insert into takes values('56048', '935', '1', 'Spring', 2004, 'C-');
insert into takes values('29805', '590', '3', 'Spring', 2006, 'B+');
insert into takes values('76265', '835', '2', 'Fall', 2010, 'C-');
insert into takes values('72186', '685', '1', 'Spring', 2002, 'C+');
insert into takes values('23386', '653', '1', 'Fall', 2010, 'B ');
insert into takes values('4311', '685', '3', 'Fall', 2005, 'B+');
insert into takes values('65571', '334', '1', 'Fall', 2002, 'B ');
insert into takes values('30063', '844', '1', 'Fall', 2008, 'A-');
insert into takes values('12018', '655', '1', 'Fall', 2009, 'A+');
insert into takes values('46030', '357', '1', 'Spring', 2006, 'A+');
insert into takes values('18357', '267', '2', 'Spring', 2001, 'A ');
insert into takes values('79682', '822', '1', 'Spring', 2010, 'B-');
insert into takes values('26837', '500', '2', 'Fall', 2005, 'A+');
insert into takes values('65571', '226', '1', 'Fall', 2002, 'A ');
insert into takes values('45778', '386', '1', 'Spring', 2004, 'A+');
insert into takes values('40388', '552', '2', 'Fall', 2003, 'C-');
insert into takes values('55900', '297', '1', 'Spring', 2002, 'C-');
insert into takes values('96067', '280', '1', 'Spring', 2006, 'A+');
insert into takes values('51969', '483', '2', 'Fall', 2004, 'A-');
insert into takes values('61627', '513', '1', 'Fall', 2008, 'C ');
insert into takes values('78421', '483', '3', 'Spring', 2003, 'C+');
insert into takes values('29123', '784', '1', 'Fall', 2010, 'C ');
insert into takes values('22094', '524', '1', 'Spring', 2010, 'C ');
insert into takes values('66097', '892', '1', 'Spring', 2008, 'A+');
insert into takes values('46001', '962', '3', 'Fall', 2009, 'B+');
insert into takes values('10301', '524', '1', 'Spring', 2010, 'C ');
insert into takes values('39698', '939', '1', 'Fall', 2010, 'A+');
insert into takes values('46890', '381', '2', 'Fall', 2007, 'A+');
insert into takes values('29817', '552', '1', 'Fall', 2009, 'A-');
insert into takes values('4671', '483', '1', 'Fall', 2005, 'C-');
insert into takes values('40388', '334', '1', 'Fall', 2002, 'B+');
insert into takes values('37301', '267', '3', 'Spring', 2004, 'B+');
insert into takes values('40948', '459', '1', 'Spring', 2004, 'B ');
insert into takes values('4140', '324', '1', 'Fall', 2002, 'A-');
insert into takes values('30063', '182', '1', 'Fall', 2007, 'B+');
insert into takes values('29123', '182', '1', 'Fall', 2007, 'B+');
insert into takes values('23154', '590', '2', 'Spring', 2005, 'C ');
insert into takes values('67907', '128', '1', 'Fall', 2004, 'C+');
insert into takes values('93755', '345', '2', 'Spring', 2006, 'B-');
insert into takes values('40948', '940', '2', 'Fall', 2002, 'A+');
insert into takes values('82462', '483', '2', 'Fall', 2004, 'B ');
insert into takes values('30103', '583', '1', 'Fall', 2003, 'A+');
insert into takes values('23386', '715', '1', 'Spring', 2005, 'C-');
insert into takes values('5614', '495', '2', 'Spring', 2003, 'A ');
insert into takes values('23154', '685', '1', 'Spring', 2002, 'B+');
insert into takes values('65571', '663', '2', 'Spring', 2001, 'B ');
insert into takes values('4311', '552', '2', 'Fall', 2003, 'C-');
insert into takes values('65892', '267', '2', 'Spring', 2001, 'C ');
insert into takes values('79781', '381', '3', 'Fall', 2005, 'A-');
insert into takes values('74630', '844', '2', 'Spring', 2007, 'A-');
insert into takes values('4311', '258', '1', 'Spring', 2010, 'B+');
insert into takes values('72186', '302', '1', 'Spring', 2003, 'B ');
insert into takes values('84667', '191', '2', 'Spring', 2008, 'C ');
insert into takes values('52067', '552', '2', 'Fall', 2003, 'A-');
insert into takes values('16896', '988', '1', 'Fall', 2001, 'A ');
insert into takes values('6703', '725', '1', 'Fall', 2005, 'A+');
insert into takes values('46890', '388', '1', 'Fall', 2006, 'C ');
insert into takes values('26139', '251', '1', 'Fall', 2003, 'A-');
insert into takes values('58345', '239', '1', 'Spring', 2009, 'C-');
insert into takes values('57699', '239', '1', 'Spring', 2009, 'B ');
insert into takes values('29817', '251', '1', 'Fall', 2003, 'B ');
insert into takes values('29123', '956', '1', 'Fall', 2001, 'C-');
insert into takes values('72186', '490', '2', 'Fall', 2002, 'B-');
insert into takes values('32395', '362', '1', 'Spring', 2003, 'A-');
insert into takes values('8096', '962', '2', 'Fall', 2008, 'C-');
insert into takes values('48354', '246', '2', 'Spring', 2003, 'A ');
insert into takes values('16896', '569', '1', 'Spring', 2008, 'C+');
insert into takes values('65571', '246', '2', 'Spring', 2003, 'A+');
insert into takes values('22958', '857', '1', 'Fall', 2006, 'A-');
insert into takes values('74630', '542', '2', 'Spring', 2004, 'A+');
insert into takes values('24188', '844', '1', 'Fall', 2008, 'C-');
insert into takes values('43179', '297', '2', 'Fall', 2010, 'A ');
insert into takes values('38947', '872', '1', 'Fall', 2001, 'C+');
insert into takes values('48354', '663', '2', 'Spring', 2001, 'B-');
insert into takes values('72186', '940', '2', 'Fall', 2002, 'A ');
insert into takes values('12018', '505', '1', 'Spring', 2003, 'A+');
insert into takes values('65815', '822', '2', 'Fall', 2002, 'C+');
insert into takes values('48354', '251', '1', 'Fall', 2003, 'B-');
insert into takes values('63009', '182', '1', 'Fall', 2007, 'C-');
insert into takes values('96067', '576', '1', 'Fall', 2008, 'C-');
insert into takes values('84667', '265', '1', 'Fall', 2002, 'C ');
insert into takes values('43179', '310', '1', 'Spring', 2003, 'B+');
insert into takes values('4731', '381', '3', 'Fall', 2005, 'A+');
insert into takes values('46030', '506', '2', 'Fall', 2003, 'B-');
insert into takes values('60253', '392', '1', 'Fall', 2006, 'C+');
insert into takes values('61627', '386', '1', 'Spring', 2004, 'C-');
insert into takes values('26165', '790', '1', 'Fall', 2005, 'B+');
insert into takes values('40948', '150', '2', 'Fall', 2002, 'A-');
insert into takes values('4140', '783', '1', 'Spring', 2010, 'B+');
insert into takes values('5614', '513', '1', 'Fall', 2008, 'B ');
insert into takes values('95994', '392', '1', 'Fall', 2006, 'C-');
insert into takes values('26165', '764', '1', 'Spring', 2004, 'C-');
insert into takes values('82462', '160', '2', 'Fall', 2009, 'A-');
insert into takes values('46030', '483', '3', 'Spring', 2003, 'A-');
insert into takes values('69740', '666', '1', 'Fall', 2008, 'B+');
insert into takes values('30103', '956', '1', 'Fall', 2001, 'C ');
insert into takes values('78065', '494', '1', 'Fall', 2010, 'B-');
insert into takes values('96067', '663', '2', 'Spring', 2001, 'C-');
insert into takes values('38162', '552', '1', 'Fall', 2009, 'B-');
insert into takes values('40031', '494', '1', 'Fall', 2010, 'C+');
insert into takes values('29123', '505', '1', 'Spring', 2003, 'C-');
insert into takes values('79781', '381', '1', 'Fall', 2002, 'A+');
insert into takes values('24188', '357', '1', 'Spring', 2006, 'B ');
insert into takes values('46890', '583', '2', 'Fall', 2007, 'B-');
insert into takes values('79337', '302', '1', 'Spring', 2003, 'C ');
insert into takes values('30103', '537', '2', 'Spring', 2002, 'A+');
insert into takes values('63009', '956', '1', 'Fall', 2001, 'C+');
insert into takes values('22094', '182', '1', 'Fall', 2007, 'A+');
insert into takes values('79682', '936', '1', 'Spring', 2009, 'C+');
insert into takes values('4311', '982', '1', 'Spring', 2006, 'C ');
insert into takes values('26837', '357', '1', 'Spring', 2006, 'C+');
insert into takes values('72381', '459', '1', 'Spring', 2004, 'C-');
insert into takes values('37301', '638', '1', 'Spring', 2001, 'B+');
insert into takes values('675', '857', '1', 'Fall', 2006, 'C ');
insert into takes values('12018', '292', '1', 'Spring', 2007, 'A ');
insert into takes values('37301', '310', '2', 'Fall', 2009, 'C+');
insert into takes values('4311', '139', '1', 'Fall', 2008, 'C+');
insert into takes values('675', '324', '1', 'Fall', 2002, 'A ');
insert into takes values('61627', '957', '1', 'Spring', 2005, 'C+');
insert into takes values('17066', '310', '1', 'Spring', 2003, 'B+');
insert into takes values('73752', '318', '1', 'Spring', 2002, 'A ');
insert into takes values('23386', '835', '2', 'Fall', 2010, 'C+');
insert into takes values('17920', '513', '2', 'Fall', 2009, 'C ');
insert into takes values('4731', '535', '2', 'Fall', 2008, 'C+');
insert into takes values('74630', '226', '2', 'Spring', 2002, 'A+');
insert into takes values('65815', '673', '1', 'Fall', 2001, 'A ');
insert into takes values('40388', '490', '2', 'Fall', 2002, 'C+');
insert into takes values('76265', '940', '3', 'Spring', 2001, 'A+');
insert into takes values('43179', '191', '2', 'Spring', 2008, 'A ');
insert into takes values('19935', '835', '1', 'Fall', 2002, 'A-');
insert into takes values('32395', '191', '1', 'Spring', 2006, 'B-');
insert into takes values('19809', '999', '1', 'Spring', 2007, 'C ');
insert into takes values('60051', '267', '3', 'Spring', 2004, 'B+');
insert into takes values('79781', '372', '1', 'Fall', 2010, 'B ');
insert into takes values('4731', '940', '3', 'Spring', 2001, 'C ');
insert into takes values('51969', '384', '1', 'Spring', 2002, 'A+');
insert into takes values('52067', '569', '1', 'Spring', 2008, 'C ');
insert into takes values('16896', '150', '2', 'Fall', 2002, 'C+');
insert into takes values('61627', '267', '1', 'Spring', 2005, 'A+');
insert into takes values('30103', '802', '1', 'Fall', 2007, 'B ');
insert into takes values('4553', '790', '1', 'Fall', 2005, 'C ');
insert into takes values('4731', '485', '1', 'Spring', 2009, 'B ');
insert into takes values('95994', '223', '1', 'Fall', 2002, 'B ');
insert into takes values('99892', '913', '2', 'Spring', 2006, 'A-');
insert into takes values('23386', '402', '1', 'Fall', 2006, 'A+');
insert into takes values('72186', '101', '1', 'Fall', 2003, 'B ');
insert into takes values('90614', '950', '2', 'Fall', 2003, 'C+');
insert into takes values('15780', '846', '1', 'Fall', 2008, 'B ');
insert into takes values('2091', '604', '2', 'Fall', 2006, 'A+');
insert into takes values('79337', '506', '1', 'Spring', 2004, 'C ');
insert into takes values('63009', '862', '1', 'Spring', 2009, 'A+');
insert into takes values('57699', '490', '1', 'Spring', 2003, 'C-');
insert into takes values('72186', '892', '1', 'Spring', 2008, 'A ');
insert into takes values('2091', '495', '3', 'Fall', 2003, 'C-');
insert into takes values('26165', '985', '3', 'Spring', 2005, 'C+');
insert into takes values('79781', '494', '1', 'Fall', 2010, 'A ');
insert into takes values('52067', '940', '3', 'Spring', 2001, 'C-');
insert into takes values('40388', '590', '1', 'Spring', 2008, 'A-');
insert into takes values('63009', '962', '2', 'Fall', 2008, 'A-');
insert into takes values('69740', '267', '1', 'Spring', 2005, 'A-');
insert into takes values('12018', '402', '1', 'Fall', 2006, 'A ');
insert into takes values('48354', '430', '1', 'Fall', 2010, 'B+');
insert into takes values('99918', '834', '2', 'Spring', 2008, 'B-');
insert into takes values('17920', '913', '1', 'Fall', 2004, 'A+');
insert into takes values('63009', '248', '1', 'Fall', 2003, 'A ');
insert into takes values('29805', '625', '1', 'Fall', 2003, 'B-');
insert into takes values('19809', '979', '1', 'Fall', 2007, 'B+');
insert into takes values('4671', '430', '1', 'Fall', 2010, 'C+');
insert into takes values('91959', '950', '2', 'Fall', 2003, 'A+');
insert into takes values('39698', '392', '2', 'Spring', 2004, 'C+');
insert into takes values('18357', '638', '1', 'Spring', 2001, 'B-');
insert into takes values('57829', '191', '2', 'Spring', 2008, 'B-');
insert into takes values('17066', '267', '2', 'Spring', 2001, 'C+');
insert into takes values('85285', '841', '2', 'Spring', 2009, 'A-');
insert into takes values('60253', '402', '1', 'Fall', 2006, 'C-');
insert into takes values('675', '506', '1', 'Spring', 2004, 'A+');
insert into takes values('56048', '783', '1', 'Spring', 2010, 'A+');
insert into takes values('29123', '529', '1', 'Spring', 2002, 'C ');
insert into takes values('66097', '495', '3', 'Fall', 2003, 'C ');
insert into takes values('72381', '653', '1', 'Fall', 2010, 'A+');
insert into takes values('26165', '413', '1', 'Fall', 2010, 'A-');
insert into takes values('87494', '867', '1', 'Spring', 2006, 'C+');
insert into takes values('76265', '703', '1', 'Fall', 2003, 'A ');
insert into takes values('12018', '844', '2', 'Spring', 2007, 'A+');
insert into takes values('81966', '384', '1', 'Spring', 2002, 'A-');
insert into takes values('16896', '495', '3', 'Fall', 2003, 'C-');
insert into takes values('38947', '932', '1', 'Fall', 2003, 'A-');
insert into takes values('4671', '552', '2', 'Fall', 2003, 'A-');
insert into takes values('46030', '913', '2', 'Spring', 2006, 'C ');
insert into takes values('40388', '239', '1', 'Spring', 2009, 'A ');
insert into takes values('48281', '764', '2', 'Spring', 2001, 'C+');
insert into takes values('67907', '796', '1', 'Spring', 2010, 'C ');
insert into takes values('29123', '495', '2', 'Spring', 2003, 'B ');
insert into takes values('4671', '932', '1', 'Fall', 2003, 'B ');
insert into takes values('29817', '292', '1', 'Spring', 2007, 'A-');
insert into takes values('23386', '529', '1', 'Spring', 2002, 'A ');
insert into takes values('17066', '529', '2', 'Spring', 2007, 'A+');
insert into takes values('91959', '864', '1', 'Fall', 2001, 'B-');
insert into advisor values('74630', '54022');
insert into advisor values('61627', '92736');
insert into advisor values('45778', '32023');
insert into advisor values('66748', '80932');
insert into advisor values('87494', '85026');
insert into advisor values('19935', '92736');
insert into advisor values('4311', '53008');
insert into advisor values('57699', '69014');
insert into advisor values('72381', '85675');
insert into advisor values('58345', '35335');
insert into advisor values('31922', '52986');
insert into advisor values('12018', '75743');
insert into advisor values('56048', '84053');
insert into advisor values('65892', '49324');
insert into advisor values('90614', '32063');
insert into advisor values('85285', '35335');
insert into advisor values('675', '92736');
insert into advisor values('41469', '69014');
insert into advisor values('43481', '97086');
insert into advisor values('73752', '97086');
insert into advisor values('84667', '85675');
insert into advisor values('51969', '92736');
insert into advisor values('99918', '50896');
insert into advisor values('83944', '31903');
insert into advisor values('4731', '64309');
insert into advisor values('10301', '30286');
insert into advisor values('43179', '51673');
insert into advisor values('39698', '52986');
insert into advisor values('79337', '2764');
insert into advisor values('26139', '89300');
insert into advisor values('96067', '90950');
insert into advisor values('36337', '1167');
insert into advisor values('4553', '89300');
insert into advisor values('46890', '64309');
insert into advisor values('76652', '32471');
insert into advisor values('38947', '2764');
insert into advisor values('8096', '80932');
insert into advisor values('65302', '15056');
insert into advisor values('23386', '89300');
insert into advisor values('65571', '84053');
insert into advisor values('78065', '32471');
insert into advisor values('44235', '31726');
insert into advisor values('17920', '61494');
insert into advisor values('6703', '90950');
insert into advisor values('48354', '77602');
insert into advisor values('18357', '52986');
insert into advisor values('26837', '84053');
insert into advisor values('29123', '77602');
insert into advisor values('30103', '75743');
insert into advisor values('19809', '61379');
insert into advisor values('32395', '1167');
insert into advisor values('93755', '75743');
insert into advisor values('78421', '39853');
insert into advisor values('60253', '75743');
insert into advisor values('29817', '69014');
insert into advisor values('40948', '13024');
insert into advisor values('40031', '4946');
insert into advisor values('60051', '97086');
insert into advisor values('23154', '2764');
insert into advisor values('2091', '32023');
insert into advisor values('83963', '54022');
insert into advisor values('46001', '44061');
insert into advisor values('17066', '51673');
insert into advisor values('59835', '30286');
insert into advisor values('29805', '19084');
insert into advisor values('52067', '31726');
insert into advisor values('65815', '79492');
insert into advisor values('79682', '49324');
insert into advisor values('72186', '51673');
insert into advisor values('37301', '83728');
insert into advisor values('4140', '13024');
insert into advisor values('24188', '53008');
insert into advisor values('57829', '32063');
insert into advisor values('26165', '15056');
insert into advisor values('4671', '75743');
insert into advisor values('79781', '32471');
insert into advisor values('33653', '82973');
insert into advisor values('81966', '77570');
insert into advisor values('15780', '85675');
insert into advisor values('3993', '77570');
insert into advisor values('69740', '72955');
insert into advisor values('22094', '35335');
insert into advisor values('22958', '40270');
insert into advisor values('91959', '92736');
insert into advisor values('30063', '83728');
insert into advisor values('16896', '90950');
insert into advisor values('99892', '9760');
insert into advisor values('48281', '84053');
insert into advisor values('40388', '80069');
insert into advisor values('66097', '51673');
insert into advisor values('76265', '51673');
insert into advisor values('55900', '53617');
insert into advisor values('46030', '32471');
insert into advisor values('5614', '13017');
insert into advisor values('63009', '9760');
insert into advisor values('82462', '56769');
insert into advisor values('38162', '83728');
insert into advisor values('67907', '13017');
insert into advisor values('30898', '80932');
insert into advisor values('95994', '84053');
insert into prereq values('524', '309');
insert into prereq values('684', '553');
insert into prereq values('214', '280');
insert into prereq values('160', '223');
insert into prereq values('387', '214');
insert into prereq values('964', '676');
insert into prereq values('962', '937');
insert into prereq values('251', '560');
insert into prereq values('611', '143');
insert into prereq values('439', '500');
insert into prereq values('434', '285');
insert into prereq values('827', '324');
insert into prereq values('381', '362');
insert into prereq values('506', '802');
insert into prereq values('921', '999');
insert into prereq values('285', '522');
insert into prereq values('339', '564');
insert into prereq values('939', '515');
insert into prereq values('274', '143');
insert into prereq values('384', '915');
insert into prereq values('990', '439');
insert into prereq values('872', '490');
insert into prereq values('579', '756');
insert into prereq values('248', '932');
insert into prereq values('384', '137');
insert into prereq values('666', '653');
insert into prereq values('142', '676');
insert into prereq values('271', '322');
insert into prereq values('764', '967');
insert into prereq values('388', '324');
insert into prereq values('392', '345');
insert into prereq values('861', '242');
insert into prereq values('625', '957');
insert into prereq values('764', '644');
insert into prereq values('242', '385');
insert into prereq values('703', '388');
insert into prereq values('306', '599');
insert into prereq values('324', '529');
insert into prereq values('499', '513');
insert into prereq values('990', '147');
insert into prereq values('766', '915');
insert into prereq values('498', '684');
insert into prereq values('572', '996');
insert into prereq values('900', '715');
insert into prereq values('385', '502');
insert into prereq values('699', '783');
insert into prereq values('329', '725');
insert into prereq values('392', '160');
insert into prereq values('280', '258');
insert into prereq values('862', '388');
insert into prereq values('142', '653');
insert into prereq values('130', '989');
insert into prereq values('990', '483');
insert into prereq values('390', '128');
insert into prereq values('358', '292');
insert into prereq values('900', '633');
insert into prereq values('506', '895');
insert into prereq values('939', '929');
insert into prereq values('900', '822');
insert into prereq values('246', '784');
insert into prereq values('989', '505');
insert into prereq values('445', '349');
insert into prereq values('381', '271');
insert into prereq values('867', '191');
insert into prereq values('569', '434');
insert into prereq values('685', '483');
insert into prereq values('862', '451');
insert into prereq values('846', '358');
insert into prereq values('248', '844');
insert into prereq values('611', '505');
insert into prereq values('950', '265');
insert into prereq values('552', '143');
insert into prereq values('384', '274');
insert into prereq values('595', '248');
insert into prereq values('128', '334');
insert into prereq values('495', '142');
insert into prereq values('522', '857');
insert into prereq values('258', '246');
insert into prereq values('529', '861');
insert into prereq values('345', '549');
insert into prereq values('334', '956');
insert into prereq values('703', '862');
insert into prereq values('600', '902');
insert into prereq values('434', '143');
insert into prereq values('239', '590');
insert into prereq values('964', '989');
insert into prereq values('699', '458');
insert into prereq values('846', '666');
insert into prereq values('964', '160');
insert into prereq values('542', '181');
insert into prereq values('392', '837');
insert into prereq values('863', '507');
insert into prereq values('101', '160');
insert into prereq values('445', '957');
insert into prereq values('151', '542');
insert into prereq values('564', '506');
insert into prereq values('764', '599');
insert into prereq values('385', '265');
insert into prereq values('381', '956');
insert into prereq values('226', '139');
