insert into classroom values('I', 825, 34);
insert into classroom values('G', 395, 10);
insert into classroom values('F', 206, 22);
insert into classroom values('B', 694, 10);
insert into classroom values('A', 500, 11);
insert into classroom values('J', 659, 66);
insert into classroom values('H', 56, 104);
insert into classroom values('E', 642, 13);
insert into classroom values('J', 25, 80);
insert into classroom values('D', 556, 135);
insert into department values('RR', 'E', 771170.08);
insert into department values('SS', 'A', 497906.19);
insert into department values('HH', 'H', 722186.44);
insert into department values('GT', 'A', 108966.78);
insert into department values('DK', 'G', 770914.98);
insert into department values('GF', 'E', 734832.68);
insert into department values('DF', 'F', 46773.21);
insert into department values('HI', 'F', 111961.73);
insert into department values('BN', 'J', 844256.63);
insert into department values('DE', 'E', 436367.19);
insert into course values('751', 'IF5555', 'BN', 3);
insert into course values('247', 'IF3031', 'DK', 3);
insert into course values('816', 'IF3022', 'DK', 3);
insert into course values('901', 'IF3022', 'SS', 4);
insert into course values('329', 'IF5555', 'BN', 3);
insert into course values('762', 'IF4041', 'GT', 4);
insert into course values('507', 'IF4321', 'DK', 3);
insert into course values('573', 'IF3120', 'HI', 3);
insert into course values('241', 'IF5555', 'GT', 3);
insert into course values('352', 'IF3031', 'GF', 4);
insert into course values('132', 'IF4321', 'HI', 3);
insert into course values('484', 'IF3120', 'HI', 4);
insert into course values('413', 'IF5555', 'DF', 4);
insert into course values('233', 'IF4321', 'GT', 4);
insert into course values('220', 'IF0230', 'HI', 3);
insert into course values('460', 'IF3022', 'GT', 4);
insert into course values('812', 'IF4041', 'BN', 3);
insert into course values('572', 'IF4321', 'HH', 4);
insert into course values('890', 'IF3211', 'GT', 4);
insert into course values('497', 'IF3022', 'GF', 4);
insert into course values('877', 'IF3031', 'GT', 3);
insert into course values('356', 'IF4321', 'DF', 4);
insert into course values('446', 'IF3333', 'SS', 4);
insert into course values('186', 'IF4041', 'DE', 3);
insert into course values('510', 'IF0230', 'HI', 3);
insert into course values('161', 'IF3211', 'DK', 3);
insert into course values('375', 'IF3031', 'RR', 3);
insert into course values('834', 'IF4041', 'HH', 4);
insert into course values('237', 'IF3031', 'DK', 4);
insert into course values('229', 'IF4041', 'DE', 3);
insert into course values('114', 'IF3333', 'BN', 3);
insert into course values('481', 'IF5555', 'BN', 3);
insert into course values('470', 'IF4321', 'SS', 4);
insert into course values('264', 'IF4041', 'SS', 3);
insert into course values('506', 'IF5555', 'RR', 3);
insert into course values('333', 'IF3031', 'HH', 4);
insert into course values('450', 'IF3120', 'DF', 3);
insert into course values('813', 'IF3120', 'SS', 4);
insert into course values('549', 'IF3022', 'DK', 3);
insert into course values('732', 'IF3031', 'HH', 3);
insert into course values('579', 'IF5555', 'GF', 4);
insert into course values('593', 'IF4321', 'HI', 3);
insert into course values('906', 'IF3030', 'GT', 4);
insert into course values('756', 'IF3333', 'GT', 3);
insert into course values('585', 'IF3030', 'GT', 3);
insert into course values('440', 'IF0230', 'GT', 3);
insert into course values('695', 'IF3022', 'RR', 4);
insert into course values('945', 'IF3030', 'HH', 3);
insert into course values('852', 'IF3030', 'GF', 4);
insert into course values('899', 'IF3031', 'GT', 4);
insert into course values('181', 'IF3022', 'SS', 4);
insert into course values('332', 'IF3120', 'GF', 4);
insert into course values('518', 'IF3030', 'DK', 4);
insert into course values('556', 'IF4041', 'BN', 4);
insert into course values('846', 'IF3211', 'RR', 3);
insert into course values('192', 'IF3031', 'HI', 3);
insert into course values('854', 'IF5555', 'BN', 4);
insert into course values('826', 'IF5555', 'HI', 4);
insert into course values('841', 'IF5555', 'HH', 4);
insert into course values('364', 'IF3333', 'GF', 4);
insert into course values('701', 'IF3211', 'DF', 3);
insert into course values('918', 'IF3333', 'RR', 3);
insert into course values('432', 'IF3211', 'BN', 3);
insert into course values('654', 'IF4041', 'DK', 4);
insert into course values('439', 'IF3030', 'GF', 3);
insert into course values('214', 'IF3120', 'GT', 3);
insert into course values('859', 'IF3022', 'DE', 4);
insert into course values('649', 'IF5555', 'BN', 4);
insert into course values('879', 'IF3333', 'HI', 3);
insert into course values('997', 'IF3022', 'HI', 3);
insert into course values('804', 'IF3030', 'SS', 4);
insert into course values('346', 'IF3120', 'HI', 3);
insert into course values('566', 'IF0230', 'DE', 3);
insert into course values('900', 'IF4041', 'BN', 4);
insert into course values('296', 'IF3022', 'DF', 3);
insert into course values('535', 'IF3031', 'DK', 3);
insert into course values('903', 'IF3030', 'DE', 4);
insert into course values('551', 'IF3022', 'HH', 3);
insert into course values('744', 'IF3211', 'DE', 3);
insert into course values('809', 'IF5555', 'DK', 3);
insert into course values('347', 'IF3333', 'RR', 3);
insert into course values('855', 'IF3030', 'RR', 3);
insert into course values('658', 'IF3211', 'RR', 4);
insert into course values('910', 'IF3120', 'BN', 4);
insert into course values('483', 'IF3211', 'BN', 4);
insert into course values('620', 'IF3022', 'HH', 3);
insert into course values('707', 'IF3333', 'GF', 4);
insert into course values('662', 'IF3211', 'DF', 4);
insert into course values('463', 'IF3333', 'SS', 4);
insert into course values('236', 'IF4321', 'GT', 4);
insert into course values('307', 'IF3030', 'BN', 4);
insert into course values('198', 'IF4041', 'DK', 3);
insert into course values('474', 'IF4321', 'DF', 3);
insert into course values('118', 'IF3120', 'DK', 3);
insert into course values('373', 'IF4041', 'GF', 3);
insert into course values('727', 'IF3031', 'RR', 4);
insert into course values('705', 'IF3030', 'RR', 4);
insert into course values('672', 'IF4041', 'DK', 4);
insert into course values('651', 'IF3030', 'DF', 4);
insert into course values('232', 'IF3120', 'DK', 3);
insert into course values('563', 'IF4041', 'SS', 3);
insert into course values('120', 'IF5555', 'SS', 4);
insert into course values('958', 'IF4321', 'HH', 4);
insert into course values('796', 'IF0230', 'HH', 3);
insert into course values('325', 'IF3030', 'HH', 3);
insert into course values('279', 'IF3120', 'DE', 4);
insert into course values('857', 'IF3333', 'RR', 4);
insert into course values('577', 'IF3120', 'DK', 3);
insert into course values('101', 'IF3031', 'HI', 4);
insert into course values('604', 'IF3333', 'HI', 3);
insert into course values('716', 'IF5555', 'GT', 3);
insert into course values('805', 'IF4321', 'SS', 4);
insert into course values('466', 'IF3030', 'HH', 3);
insert into course values('784', 'IF5555', 'DK', 3);
insert into course values('250', 'IF3211', 'DF', 4);
insert into course values('406', 'IF5555', 'GT', 3);
insert into course values('973', 'IF3031', 'GF', 3);
insert into course values('217', 'IF3211', 'DF', 3);
insert into course values('689', 'IF5555', 'HH', 3);
insert into course values('656', 'IF3120', 'HI', 3);
insert into course values('811', 'IF3211', 'HH', 3);
insert into course values('622', 'IF3120', 'DF', 3);
insert into course values('411', 'IF3022', 'BN', 4);
insert into course values('225', 'IF3211', 'GF', 4);
insert into course values('512', 'IF0230', 'HI', 3);
insert into course values('133', 'IF4041', 'DF', 3);
insert into course values('106', 'IF4041', 'GT', 4);
insert into course values('324', 'IF4321', 'HI', 3);
insert into course values('931', 'IF0230', 'SS', 3);
insert into course values('777', 'IF4041', 'GF', 3);
insert into course values('303', 'IF4041', 'BN', 4);
insert into course values('849', 'IF5555', 'RR', 3);
insert into course values('539', 'IF3030', 'DE', 4);
insert into course values('807', 'IF3333', 'DE', 3);
insert into course values('508', 'IF3022', 'HH', 4);
insert into course values('810', 'IF3030', 'RR', 3);
insert into course values('313', 'IF4321', 'HH', 4);
insert into course values('272', 'IF3030', 'DK', 4);
insert into course values('697', 'IF3030', 'GT', 4);
insert into course values('557', 'IF4321', 'HH', 4);
insert into course values('991', 'IF4321', 'GT', 4);
insert into course values('321', 'IF0230', 'RR', 4);
insert into course values('298', 'IF4041', 'HI', 4);
insert into course values('808', 'IF0230', 'GF', 4);
insert into course values('172', 'IF5555', 'GF', 4);
insert into course values('548', 'IF3333', 'RR', 3);
insert into course values('979', 'IF3120', 'HI', 3);
insert into course values('273', 'IF3333', 'RR', 3);
insert into course values('596', 'IF5555', 'BN', 3);
insert into course values('713', 'IF3022', 'DF', 4);
insert into course values('489', 'IF3022', 'DK', 3);
insert into course values('434', 'IF4321', 'RR', 4);
insert into course values('374', 'IF4041', 'GF', 3);
insert into course values('451', 'IF3030', 'GF', 3);
insert into course values('387', 'IF5555', 'DF', 4);
insert into course values('415', 'IF4321', 'HI', 4);
insert into course values('295', 'IF3333', 'SS', 3);
insert into course values('884', 'IF3031', 'GF', 4);
insert into course values('361', 'IF3031', 'GF', 4);
insert into course values('608', 'IF5555', 'DF', 4);
insert into course values('141', 'IF3031', 'RR', 4);
insert into course values('176', 'IF0230', 'SS', 3);
insert into course values('965', 'IF5555', 'RR', 3);
insert into course values('454', 'IF0230', 'DE', 3);
insert into course values('850', 'IF3022', 'BN', 4);
insert into course values('856', 'IF4321', 'DE', 4);
insert into course values('467', 'IF3031', 'GT', 3);
insert into course values('147', 'IF3120', 'BN', 3);
insert into course values('357', 'IF3333', 'GT', 4);
insert into course values('692', 'IF3030', 'DE', 4);
insert into course values('195', 'IF5555', 'SS', 4);
insert into course values('281', 'IF4321', 'HH', 4);
insert into course values('138', 'IF0230', 'SS', 3);
insert into course values('738', 'IF4321', 'HI', 3);
insert into course values('875', 'IF3022', 'DK', 3);
insert into course values('871', 'IF3022', 'BN', 3);
insert into course values('562', 'IF3022', 'DK', 3);
insert into course values('783', 'IF5555', 'SS', 3);
insert into course values('554', 'IF0230', 'BN', 3);
insert into course values('998', 'IF3022', 'HH', 3);
insert into course values('136', 'IF4321', 'DE', 3);
insert into course values('970', 'IF0230', 'HI', 3);
insert into course values('791', 'IF3022', 'GF', 4);
insert into course values('274', 'IF3211', 'GF', 4);
insert into course values('723', 'IF3022', 'DE', 3);
insert into course values('148', 'IF0230', 'GT', 4);
insert into course values('380', 'IF0230', 'BN', 3);
insert into course values('278', 'IF3022', 'SS', 4);
insert into course values('576', 'IF3211', 'SS', 4);
insert into course values('915', 'IF3333', 'DK', 4);
insert into course values('555', 'IF3333', 'GF', 3);
insert into course values('597', 'IF3022', 'RR', 4);
insert into course values('485', 'IF4321', 'RR', 3);
insert into course values('754', 'IF3022', 'SS', 3);
insert into course values('938', 'IF3120', 'GF', 3);
insert into course values('524', 'IF4041', 'RR', 3);
insert into course values('327', 'IF3031', 'GF', 3);
insert into course values('574', 'IF3333', 'GF', 3);
insert into course values('587', 'IF3030', 'GT', 4);
insert into course values('226', 'IF3022', 'DE', 4);
insert into instructor values('59926', 'Adri', 'BN', 56027.67);
insert into instructor values('17073', 'Budi', 'GT', 76856.81);
insert into instructor values('44841', 'Johan', 'SS', 115066.60);
insert into instructor values('8574', 'rahmat', 'DK', 113453.33);
insert into instructor values('9542', 'Ahmad', 'DE', 86811.97);
insert into instructor values('72733', 'Adri', 'DF', 83512.20);
insert into instructor values('79610', 'Budi', 'DF', 29953.54);
insert into instructor values('13086', 'rahmat', 'GF', 30843.19);
insert into instructor values('27909', 'Josu', 'DE', 43185.04);
insert into instructor values('55102', 'Johan', 'DE', 71853.84);
insert into instructor values('34903', 'Budi', 'GF', 89986.44);
insert into instructor values('43922', 'rahmat', 'SS', 128796.09);
insert into instructor values('95444', 'Johan', 'HI', 114765.02);
insert into instructor values('92220', 'Johan', 'RR', 33761.53);
insert into instructor values('20625', 'Josu', 'SS', 43046.00);
insert into instructor values('65139', 'rahmat', 'DE', 125266.68);
insert into instructor values('14740', 'Yohan', 'DF', 120611.09);
insert into instructor values('85184', 'Yohan', 'HI', 91789.29);
insert into instructor values('23767', 'yuyun', 'DF', 74314.76);
insert into instructor values('30075', 'Josu', 'DE', 64761.15);
insert into instructor values('43076', 'Ande', 'DF', 70765.68);
insert into instructor values('6513', 'Ande', 'DK', 127292.39);
insert into instructor values('89850', 'Johan', 'DK', 108142.18);
insert into instructor values('41537', 'Yohan', 'HH', 84296.91);
insert into instructor values('47142', 'Johan', 'DK', 101118.22);
insert into instructor values('48281', 'Ande', 'HI', 34707.91);
insert into instructor values('66059', 'Ande', 'DE', 109207.82);
insert into instructor values('10109', 'Ahmad', 'DE', 97117.31);
insert into instructor values('87674', 'yuyun', 'DE', 114793.52);
insert into instructor values('96385', 'Johan', 'HI', 66441.99);
insert into instructor values('51130', 'Kiki', 'GF', 78685.80);
insert into instructor values('77129', 'yuyun', 'GT', 121114.72);
insert into instructor values('28992', 'yuyun', 'DE', 88268.08);
insert into instructor values('92719', 'Adri', 'DF', 57816.90);
insert into instructor values('15127', 'Budi', 'GT', 66113.52);
insert into instructor values('22813', 'Kiki', 'BN', 103914.87);
insert into instructor values('90266', 'Budi', 'RR', 125417.04);
insert into instructor values('83342', 'Yohan', 'DF', 46531.07);
insert into instructor values('72212', 'Kiki', 'DE', 42667.92);
insert into instructor values('8177', 'Ahmad', 'RR', 121575.82);
insert into instructor values('38822', 'yuyun', 'GF', 67695.47);
insert into instructor values('94565', 'Yohan', 'SS', 126085.15);
insert into instructor values('98785', 'Josu', 'SS', 106552.31);
insert into instructor values('27518', 'rahmat', 'BN', 52854.42);
insert into instructor values('86055', 'Budi', 'RR', 93656.59);
insert into instructor values('58654', 'Adri', 'GF', 97627.26);
insert into instructor values('67214', 'Kiki', 'DF', 116196.91);
insert into instructor values('92732', 'Johan', 'GF', 55993.64);
insert into instructor values('28060', 'Kiki', 'GF', 66010.34);
insert into instructor values('18176', 'Ande', 'GT', 109670.61);
insert into section values('756', '1', 'Spring', 2008, 'G', '395', 'I');
insert into section values('877', '1', 'Fall', 2005, 'E', '642', 'H');
insert into section values('697', '1', 'Fall', 2006, 'A', '500', 'H');
insert into section values('692', '1', 'Spring', 2003, 'J', '25', 'K');
insert into section values('958', '1', 'Fall', 2010, 'B', '694', 'N');
insert into section values('281', '1', 'Fall', 2002, 'J', '659', 'E');
insert into section values('549', '1', 'Fall', 2004, 'D', '556', 'P');
insert into section values('346', '1', 'Spring', 2005, 'G', '395', 'D');
insert into section values('406', '1', 'Fall', 2002, 'B', '694', 'P');
insert into section values('321', '1', 'Fall', 2006, 'D', '556', 'N');
insert into section values('859', '1', 'Fall', 2004, 'D', '556', 'B');
insert into section values('415', '1', 'Spring', 2003, 'D', '556', 'E');
insert into section values('307', '1', 'Spring', 2001, 'J', '659', 'M');
insert into section values('364', '1', 'Fall', 2003, 'A', '500', 'M');
insert into section values('415', '2', 'Fall', 2007, 'D', '556', 'E');
insert into section values('346', '2', 'Fall', 2008, 'G', '395', 'C');
insert into section values('910', '1', 'Fall', 2007, 'E', '642', 'L');
insert into section values('141', '1', 'Fall', 2001, 'D', '556', 'B');
insert into section values('998', '1', 'Fall', 2010, 'D', '556', 'K');
insert into section values('879', '1', 'Fall', 2006, 'B', '694', 'F');
insert into section values('875', '1', 'Fall', 2001, 'D', '556', 'L');
insert into section values('585', '1', 'Spring', 2005, 'H', '56', 'N');
insert into section values('347', '1', 'Fall', 2004, 'E', '642', 'J');
insert into section values('856', '1', 'Spring', 2009, 'E', '642', 'M');
insert into section values('672', '1', 'Fall', 2002, 'F', '206', 'J');
insert into section values('508', '1', 'Spring', 2005, 'E', '642', 'E');
insert into section values('816', '1', 'Fall', 2009, 'J', '25', 'K');
insert into section values('566', '1', 'Fall', 2004, 'A', '500', 'P');
insert into section values('198', '1', 'Fall', 2002, 'G', '395', 'L');
insert into section values('585', '2', 'Fall', 2005, 'J', '659', 'E');
insert into section values('535', '1', 'Spring', 2010, 'D', '556', 'M');
insert into section values('296', '1', 'Spring', 2002, 'G', '395', 'M');
insert into section values('467', '1', 'Spring', 2008, 'D', '556', 'D');
insert into section values('656', '1', 'Spring', 2003, 'B', '694', 'N');
insert into section values('510', '1', 'Spring', 2005, 'J', '25', 'M');
insert into section values('555', '1', 'Spring', 2001, 'B', '694', 'P');
insert into section values('281', '2', 'Fall', 2007, 'B', '694', 'O');
insert into section values('656', '2', 'Spring', 2006, 'I', '825', 'B');
insert into section values('884', '1', 'Spring', 2001, 'F', '206', 'O');
insert into section values('236', '1', 'Spring', 2007, 'H', '56', 'O');
insert into section values('298', '1', 'Spring', 2010, 'E', '642', 'O');
insert into section values('485', '1', 'Spring', 2008, 'G', '395', 'O');
insert into section values('973', '1', 'Spring', 2002, 'B', '694', 'N');
insert into section values('118', '1', 'Fall', 2005, 'F', '206', 'H');
insert into section values('451', '1', 'Spring', 2004, 'I', '825', 'F');
insert into section values('470', '1', 'Fall', 2008, 'A', '500', 'G');
insert into section values('689', '1', 'Spring', 2005, 'G', '395', 'B');
insert into section values('852', '1', 'Spring', 2003, 'B', '694', 'L');
insert into section values('813', '1', 'Spring', 2002, 'B', '694', 'P');
insert into section values('508', '2', 'Spring', 2009, 'J', '25', 'D');
insert into section values('406', '2', 'Fall', 2006, 'G', '395', 'D');
insert into section values('562', '1', 'Fall', 2002, 'J', '25', 'P');
insert into section values('585', '3', 'Spring', 2010, 'J', '659', 'G');
insert into section values('723', '1', 'Fall', 2002, 'J', '659', 'K');
insert into section values('604', '1', 'Spring', 2001, 'A', '500', 'K');
insert into section values('620', '1', 'Spring', 2010, 'B', '694', 'E');
insert into section values('303', '1', 'Fall', 2001, 'E', '642', 'N');
insert into section values('672', '2', 'Spring', 2008, 'A', '500', 'H');
insert into section values('195', '1', 'Fall', 2001, 'A', '500', 'E');
insert into section values('890', '1', 'Spring', 2002, 'H', '56', 'J');
insert into section values('816', '2', 'Fall', 2010, 'B', '694', 'M');
insert into section values('229', '1', 'Spring', 2002, 'F', '206', 'B');
insert into section values('460', '1', 'Spring', 2005, 'F', '206', 'O');
insert into section values('264', '1', 'Spring', 2007, 'I', '825', 'G');
insert into section values('620', '2', 'Fall', 2001, 'D', '556', 'B');
insert into section values('132', '1', 'Spring', 2002, 'F', '206', 'E');
insert into section values('777', '1', 'Fall', 2005, 'E', '642', 'J');
insert into section values('859', '2', 'Spring', 2004, 'J', '659', 'F');
insert into section values('373', '1', 'Spring', 2008, 'J', '25', 'O');
insert into section values('596', '1', 'Spring', 2001, 'H', '56', 'M');
insert into section values('118', '2', 'Spring', 2007, 'J', '659', 'G');
insert into section values('485', '2', 'Spring', 2009, 'E', '642', 'G');
insert into section values('841', '1', 'Fall', 2003, 'G', '395', 'G');
insert into section values('136', '1', 'Spring', 2009, 'B', '694', 'A');
insert into section values('805', '1', 'Fall', 2001, 'F', '206', 'E');
insert into section values('460', '2', 'Fall', 2006, 'I', '825', 'G');
insert into section values('585', '4', 'Spring', 2007, 'E', '642', 'L');
insert into section values('373', '2', 'Spring', 2007, 'B', '694', 'M');
insert into section values('236', '2', 'Fall', 2006, 'I', '825', 'C');
insert into section values('551', '1', 'Spring', 2003, 'A', '500', 'O');
insert into section values('440', '1', 'Spring', 2004, 'J', '659', 'C');
insert into section values('689', '2', 'Fall', 2002, 'A', '500', 'H');
insert into section values('965', '1', 'Spring', 2002, 'A', '500', 'I');
insert into section values('356', '1', 'Fall', 2009, 'J', '25', 'D');
insert into section values('622', '1', 'Spring', 2008, 'F', '206', 'H');
insert into section values('744', '1', 'Spring', 2002, 'D', '556', 'I');
insert into section values('508', '3', 'Fall', 2007, 'F', '206', 'M');
insert into section values('938', '1', 'Fall', 2001, 'E', '642', 'L');
insert into section values('713', '1', 'Spring', 2004, 'E', '642', 'L');
insert into section values('727', '1', 'Fall', 2002, 'A', '500', 'B');
insert into section values('489', '1', 'Spring', 2003, 'E', '642', 'P');
insert into section values('744', '2', 'Fall', 2008, 'D', '556', 'K');
insert into section values('918', '1', 'Fall', 2006, 'D', '556', 'J');
insert into section values('451', '2', 'Fall', 2002, 'D', '556', 'K');
insert into section values('738', '1', 'Spring', 2003, 'J', '659', 'O');
insert into section values('432', '1', 'Spring', 2008, 'E', '642', 'D');
insert into section values('512', '1', 'Spring', 2009, 'B', '694', 'D');
insert into section values('466', '1', 'Spring', 2008, 'F', '206', 'L');
insert into section values('506', '1', 'Spring', 2002, 'H', '56', 'O');
insert into section values('593', '1', 'Fall', 2008, 'E', '642', 'J');
insert into section values('524', '1', 'Fall', 2008, 'I', '825', 'N');
insert into section values('903', '1', 'Fall', 2009, 'I', '825', 'B');
insert into section values('850', '1', 'Spring', 2006, 'J', '25', 'I');
insert into section values('884', '2', 'Spring', 2010, 'B', '694', 'I');
insert into section values('387', '1', 'Fall', 2007, 'J', '25', 'L');
insert into section values('118', '3', 'Fall', 2002, 'J', '659', 'I');
insert into section values('192', '1', 'Fall', 2002, 'F', '206', 'J');
insert into section values('997', '1', 'Fall', 2006, 'A', '500', 'J');
insert into section values('233', '1', 'Spring', 2005, 'F', '206', 'A');
insert into section values('672', '3', 'Spring', 2004, 'F', '206', 'E');
insert into section values('508', '4', 'Fall', 2009, 'H', '56', 'H');
insert into section values('406', '3', 'Fall', 2009, 'D', '556', 'G');
insert into section values('808', '1', 'Fall', 2004, 'D', '556', 'F');
insert into section values('577', '1', 'Spring', 2005, 'J', '25', 'M');
insert into section values('979', '1', 'Spring', 2003, 'H', '56', 'D');
insert into section values('846', '1', 'Fall', 2005, 'J', '25', 'N');
insert into section values('841', '2', 'Fall', 2003, 'J', '659', 'F');
insert into section values('132', '2', 'Fall', 2002, 'F', '206', 'I');
insert into section values('463', '1', 'Fall', 2004, 'J', '25', 'F');
insert into section values('357', '1', 'Spring', 2005, 'E', '642', 'J');
insert into section values('945', '1', 'Spring', 2001, 'F', '206', 'P');
insert into section values('557', '1', 'Fall', 2008, 'J', '25', 'N');
insert into section values('945', '2', 'Spring', 2006, 'D', '556', 'F');
insert into section values('192', '2', 'Spring', 2006, 'A', '500', 'P');
insert into section values('195', '2', 'Spring', 2008, 'G', '395', 'L');
insert into section values('701', '1', 'Fall', 2009, 'J', '25', 'H');
insert into section values('346', '3', 'Spring', 2006, 'B', '694', 'L');
insert into section values('229', '2', 'Fall', 2008, 'E', '642', 'M');
insert into section values('997', '2', 'Spring', 2004, 'J', '659', 'M');
insert into section values('807', '1', 'Fall', 2010, 'D', '556', 'P');
insert into section values('432', '2', 'Spring', 2006, 'H', '56', 'E');
insert into section values('846', '2', 'Fall', 2001, 'F', '206', 'H');
insert into section values('298', '2', 'Spring', 2008, 'H', '56', 'D');
insert into section values('101', '1', 'Fall', 2008, 'I', '825', 'B');
insert into section values('918', '2', 'Fall', 2010, 'E', '642', 'F');
insert into section values('604', '2', 'Spring', 2008, 'I', '825', 'D');
insert into section values('524', '2', 'Fall', 2004, 'A', '500', 'G');
insert into section values('713', '2', 'Spring', 2007, 'I', '825', 'C');
insert into section values('313', '1', 'Spring', 2002, 'J', '25', 'F');
insert into section values('273', '1', 'Fall', 2005, 'E', '642', 'H');
insert into section values('658', '1', 'Spring', 2001, 'J', '25', 'K');
insert into section values('807', '2', 'Fall', 2009, 'D', '556', 'F');
insert into section values('834', '1', 'Fall', 2002, 'H', '56', 'L');
insert into section values('997', '3', 'Fall', 2009, 'J', '25', 'D');
insert into section values('875', '2', 'Fall', 2004, 'J', '659', 'G');
insert into section values('195', '3', 'Spring', 2001, 'I', '825', 'L');
insert into section values('812', '1', 'Spring', 2004, 'E', '642', 'I');
insert into section values('705', '1', 'Fall', 2005, 'F', '206', 'B');
insert into section values('512', '2', 'Spring', 2009, 'E', '642', 'E');
insert into section values('812', '2', 'Fall', 2006, 'A', '500', 'L');
insert into section values('508', '5', 'Spring', 2006, 'B', '694', 'O');
insert into section values('576', '1', 'Fall', 2001, 'J', '659', 'O');
insert into section values('879', '2', 'Fall', 2010, 'E', '642', 'M');
insert into section values('148', '1', 'Fall', 2002, 'I', '825', 'L');
insert into section values('327', '1', 'Spring', 2004, 'J', '659', 'H');
insert into section values('296', '2', 'Spring', 2005, 'H', '56', 'H');
insert into section values('596', '2', 'Spring', 2004, 'E', '642', 'B');
insert into section values('784', '1', 'Fall', 2006, 'B', '694', 'C');
insert into section values('273', '2', 'Fall', 2003, 'B', '694', 'L');
insert into section values('225', '1', 'Spring', 2003, 'A', '500', 'K');
insert into section values('460', '3', 'Fall', 2003, 'J', '25', 'F');
insert into section values('361', '1', 'Fall', 2004, 'J', '25', 'C');
insert into section values('497', '1', 'Spring', 2010, 'J', '25', 'F');
insert into section values('587', '1', 'Fall', 2002, 'J', '659', 'G');
insert into section values('333', '1', 'Spring', 2002, 'G', '395', 'G');
insert into section values('705', '2', 'Fall', 2002, 'D', '556', 'L');
insert into section values('329', '1', 'Fall', 2001, 'H', '56', 'L');
insert into section values('813', '2', 'Spring', 2009, 'G', '395', 'O');
insert into section values('161', '1', 'Spring', 2004, 'I', '825', 'O');
insert into section values('364', '2', 'Fall', 2004, 'I', '825', 'M');
insert into section values('846', '3', 'Spring', 2002, 'J', '25', 'L');
insert into section values('450', '1', 'Spring', 2009, 'J', '25', 'F');
insert into section values('875', '3', 'Fall', 2001, 'J', '659', 'G');
insert into section values('707', '1', 'Spring', 2010, 'J', '25', 'N');
insert into section values('225', '2', 'Spring', 2006, 'J', '659', 'M');
insert into section values('460', '4', 'Fall', 2005, 'J', '25', 'B');
insert into section values('871', '1', 'Fall', 2008, 'J', '25', 'L');
insert into section values('716', '1', 'Fall', 2003, 'I', '825', 'I');
insert into section values('357', '2', 'Fall', 2004, 'H', '56', 'J');
insert into section values('573', '1', 'Spring', 2009, 'D', '556', 'M');
insert into section values('593', '2', 'Spring', 2010, 'J', '25', 'L');
insert into section values('406', '4', 'Fall', 2009, 'J', '25', 'I');
insert into section values('327', '2', 'Spring', 2001, 'H', '56', 'K');
insert into section values('313', '2', 'Fall', 2005, 'A', '500', 'N');
insert into section values('796', '1', 'Spring', 2004, 'E', '642', 'O');
insert into section values('432', '3', 'Fall', 2009, 'A', '500', 'C');
insert into section values('566', '2', 'Fall', 2008, 'B', '694', 'F');
insert into section values('411', '1', 'Fall', 2006, 'H', '56', 'D');
insert into section values('587', '2', 'Spring', 2010, 'F', '206', 'N');
insert into section values('467', '2', 'Fall', 2010, 'E', '642', 'J');
insert into section values('997', '4', 'Spring', 2003, 'G', '395', 'O');
insert into section values('906', '1', 'Fall', 2001, 'H', '56', 'G');
insert into section values('295', '1', 'Fall', 2004, 'J', '25', 'P');
insert into section values('220', '1', 'Fall', 2009, 'I', '825', 'I');
insert into section values('232', '1', 'Fall', 2006, 'A', '500', 'J');
insert into section values('518', '1', 'Fall', 2009, 'B', '694', 'N');
insert into section values('549', '2', 'Spring', 2003, 'H', '56', 'M');
insert into section values('973', '2', 'Fall', 2008, 'E', '642', 'P');
insert into section values('958', '2', 'Fall', 2005, 'G', '395', 'M');
insert into section values('810', '1', 'Fall', 2006, 'E', '642', 'D');
insert into teaches values('48281', '346', '1', 'Spring', 2005);
insert into teaches values('47142', '118', '2', 'Spring', 2007);
insert into teaches values('96385', '298', '1', 'Spring', 2010);
insert into teaches values('18176', '357', '2', 'Fall', 2004);
insert into teaches values('47142', '672', '1', 'Fall', 2002);
insert into teaches values('96385', '298', '2', 'Spring', 2008);
insert into teaches values('96385', '510', '1', 'Spring', 2005);
insert into teaches values('86055', '347', '1', 'Fall', 2004);
insert into teaches values('28060', '808', '1', 'Fall', 2004);
insert into teaches values('72212', '723', '1', 'Fall', 2002);
insert into teaches values('92732', '884', '1', 'Spring', 2001);
insert into teaches values('41537', '508', '1', 'Spring', 2005);
insert into teaches values('15127', '587', '2', 'Spring', 2010);
insert into teaches values('27518', '596', '2', 'Spring', 2004);
insert into teaches values('41537', '689', '2', 'Fall', 2002);
insert into teaches values('27518', '871', '1', 'Fall', 2008);
insert into teaches values('86055', '727', '1', 'Fall', 2002);
insert into teaches values('67214', '622', '1', 'Spring', 2008);
insert into teaches values('28060', '777', '1', 'Fall', 2005);
insert into teaches values('28992', '807', '1', 'Fall', 2010);
insert into teaches values('67214', '450', '1', 'Spring', 2009);
insert into teaches values('27518', '812', '1', 'Spring', 2004);
insert into teaches values('28060', '884', '2', 'Spring', 2010);
insert into teaches values('41537', '841', '2', 'Fall', 2003);
insert into teaches values('41537', '281', '1', 'Fall', 2002);
insert into teaches values('27518', '850', '1', 'Spring', 2006);
insert into teaches values('18176', '236', '2', 'Fall', 2006);
insert into teaches values('27518', '307', '1', 'Spring', 2001);
insert into teaches values('67214', '296', '2', 'Spring', 2005);
insert into teaches values('28060', '938', '1', 'Fall', 2001);
insert into teaches values('47142', '198', '1', 'Fall', 2002);
insert into teaches values('95444', '346', '3', 'Spring', 2006);
insert into teaches values('94565', '264', '1', 'Spring', 2007);
insert into teaches values('28060', '361', '1', 'Fall', 2004);
insert into teaches values('96385', '192', '1', 'Fall', 2002);
insert into teaches values('28060', '225', '1', 'Spring', 2003);
insert into teaches values('85184', '512', '2', 'Spring', 2009);
insert into teaches values('86055', '918', '2', 'Fall', 2010);
insert into teaches values('41537', '958', '2', 'Fall', 2005);
insert into teaches values('96385', '346', '2', 'Fall', 2008);
insert into teaches values('87674', '744', '2', 'Fall', 2008);
insert into teaches values('18176', '585', '1', 'Spring', 2005);
insert into teaches values('18176', '585', '3', 'Spring', 2010);
insert into teaches values('41537', '508', '3', 'Fall', 2007);
insert into teaches values('47142', '489', '1', 'Spring', 2003);
insert into teaches values('22813', '432', '2', 'Spring', 2006);
insert into teaches values('72212', '859', '2', 'Spring', 2004);
insert into teaches values('18176', '406', '4', 'Fall', 2009);
insert into teaches values('96385', '415', '1', 'Spring', 2003);
insert into teaches values('92732', '707', '1', 'Spring', 2010);
insert into teaches values('28060', '451', '2', 'Fall', 2002);
insert into teaches values('59926', '303', '1', 'Fall', 2001);
insert into teaches values('67214', '713', '2', 'Spring', 2007);
insert into teaches values('96385', '573', '1', 'Spring', 2009);
insert into teaches values('8177', '846', '3', 'Spring', 2002);
insert into teaches values('96385', '879', '2', 'Fall', 2010);
insert into teaches values('86055', '485', '2', 'Spring', 2009);
insert into teaches values('86055', '273', '1', 'Fall', 2005);
insert into teaches values('86055', '506', '1', 'Spring', 2002);
insert into teaches values('41537', '796', '1', 'Spring', 2004);
insert into teaches values('18176', '406', '3', 'Fall', 2009);
insert into teaches values('48281', '656', '2', 'Spring', 2006);
insert into teaches values('67214', '296', '1', 'Spring', 2002);
insert into teaches values('27518', '411', '1', 'Fall', 2006);
insert into teaches values('98785', '813', '1', 'Spring', 2002);
insert into teaches values('41537', '689', '1', 'Spring', 2005);
insert into teaches values('96385', '593', '1', 'Fall', 2008);
insert into teaches values('96385', '879', '1', 'Fall', 2006);
insert into teaches values('47142', '875', '3', 'Fall', 2001);
insert into teaches values('47142', '875', '2', 'Fall', 2004);
insert into teaches values('41537', '958', '1', 'Fall', 2010);
insert into teaches values('86055', '273', '2', 'Fall', 2003);
insert into teaches values('85184', '604', '2', 'Spring', 2008);
insert into teaches values('48281', '604', '1', 'Spring', 2001);
insert into teaches values('18176', '716', '1', 'Fall', 2003);
insert into teaches values('96385', '132', '2', 'Fall', 2002);
insert into teaches values('28060', '973', '2', 'Fall', 2008);
insert into teaches values('41537', '281', '2', 'Fall', 2007);
insert into teaches values('47142', '518', '1', 'Fall', 2009);
insert into teaches values('96385', '192', '2', 'Spring', 2006);
insert into teaches values('96385', '512', '1', 'Spring', 2009);
insert into teaches values('72212', '136', '1', 'Spring', 2009);
insert into teaches values('72212', '229', '1', 'Spring', 2002);
insert into teaches values('96385', '132', '1', 'Spring', 2002);
insert into teaches values('96385', '997', '1', 'Fall', 2006);
insert into teaches values('41537', '620', '2', 'Fall', 2001);
insert into teaches values('72212', '566', '1', 'Fall', 2004);
insert into teaches values('96385', '415', '2', 'Fall', 2007);
insert into teaches values('27518', '812', '2', 'Fall', 2006);
insert into teaches values('86055', '321', '1', 'Fall', 2006);
insert into teaches values('47142', '118', '1', 'Fall', 2005);
insert into teaches values('96385', '738', '1', 'Spring', 2003);
insert into teaches values('72212', '229', '2', 'Fall', 2008);
insert into teaches values('98785', '295', '1', 'Fall', 2004);
insert into teaches values('18176', '877', '1', 'Fall', 2005);
insert into teaches values('41537', '998', '1', 'Fall', 2010);
insert into teaches values('86055', '846', '2', 'Fall', 2001);
insert into teaches values('96385', '220', '1', 'Fall', 2009);
insert into teaches values('47142', '549', '1', 'Fall', 2004);
insert into teaches values('41537', '508', '5', 'Spring', 2006);
insert into student values('94776', 'Adri', 'DE', 55);
insert into student values('25443', 'Kiki', 'HI', 109);
insert into student values('45626', 'yuyun', 'HI', 101);
insert into student values('15073', 'Budi', 'DF', 92);
insert into student values('9260', 'Ande', 'DF', 65);
insert into student values('5686', 'Yohan', 'HI', 16);
insert into student values('38482', 'Josu', 'HI', 11);
insert into student values('99416', 'Adri', 'SS', 66);
insert into student values('83457', 'Budi', 'SS', 97);
insert into student values('68078', 'Kiki', 'HH', 79);
insert into student values('78466', 'Kiki', 'GT', 96);
insert into student values('34193', 'Kiki', 'HI', 76);
insert into student values('35920', 'Ahmad', 'RR', 53);
insert into student values('29355', 'Josu', 'HH', 24);
insert into student values('2901', 'Josu', 'DE', 83);
insert into student values('44058', 'Josu', 'DF', 34);
insert into student values('12177', 'Adri', 'SS', 6);
insert into student values('89901', 'Ande', 'DF', 40);
insert into student values('34771', 'Kiki', 'BN', 104);
insert into student values('94437', 'Ande', 'DE', 115);
insert into student values('59517', 'Yohan', 'SS', 91);
insert into student values('13717', 'Ahmad', 'GF', 59);
insert into student values('71971', 'Yohan', 'BN', 11);
insert into student values('38851', 'Ande', 'HI', 91);
insert into student values('37964', 'Ahmad', 'DF', 61);
insert into student values('46628', 'Yohan', 'DF', 40);
insert into student values('86927', 'yuyun', 'GT', 87);
insert into student values('49475', 'Johan', 'RR', 104);
insert into student values('42647', 'Ahmad', 'GT', 20);
insert into student values('73210', 'Josu', 'HH', 108);
insert into student values('22079', 'Ahmad', 'RR', 29);
insert into student values('52406', 'Ahmad', 'DF', 126);
insert into student values('96886', 'Josu', 'HH', 6);
insert into student values('67479', 'yuyun', 'HH', 73);
insert into student values('50236', 'Yohan', 'BN', 8);
insert into student values('52461', 'Adri', 'HI', 41);
insert into student values('16674', 'rahmat', 'HI', 34);
insert into student values('8572', 'yuyun', 'RR', 53);
insert into student values('25230', 'Ahmad', 'DK', 68);
insert into student values('43512', 'Kiki', 'HH', 128);
insert into student values('58388', 'Johan', 'BN', 103);
insert into student values('7337', 'Johan', 'GT', 51);
insert into student values('86525', 'yuyun', 'DF', 33);
insert into student values('31016', 'Budi', 'GF', 7);
insert into student values('18019', 'Yohan', 'DE', 69);
insert into student values('11615', 'Johan', 'GT', 91);
insert into student values('50451', 'Adri', 'DF', 47);
insert into student values('6445', 'Adri', 'HI', 10);
insert into student values('60745', 'Ande', 'HI', 108);
insert into student values('55935', 'Johan', 'GT', 0);
insert into student values('24343', 'rahmat', 'HI', 64);
insert into student values('54679', 'Yohan', 'DF', 33);
insert into student values('92829', 'Josu', 'HI', 24);
insert into student values('16169', 'Ahmad', 'HI', 21);
insert into student values('54578', 'Josu', 'RR', 33);
insert into student values('12376', 'yuyun', 'RR', 52);
insert into student values('18521', 'yuyun', 'BN', 42);
insert into student values('96829', 'Yohan', 'GT', 65);
insert into student values('35660', 'Johan', 'RR', 85);
insert into student values('67488', 'rahmat', 'DE', 29);
insert into student values('42677', 'Budi', 'RR', 96);
insert into student values('98652', 'Ande', 'RR', 47);
insert into student values('98575', 'Adri', 'GT', 57);
insert into student values('21407', 'rahmat', 'SS', 81);
insert into student values('62089', 'Adri', 'HH', 43);
insert into student values('21511', 'rahmat', 'GT', 104);
insert into student values('80098', 'yuyun', 'HI', 60);
insert into student values('33157', 'Yohan', 'DF', 129);
insert into student values('75117', 'Budi', 'DF', 117);
insert into student values('75773', 'Ande', 'HI', 38);
insert into student values('85935', 'Johan', 'RR', 71);
insert into student values('25284', 'Josu', 'DF', 66);
insert into student values('65499', 'Adri', 'DF', 49);
insert into student values('95200', 'rahmat', 'DK', 9);
insert into student values('22012', 'Adri', 'GF', 32);
insert into student values('43499', 'Josu', 'BN', 38);
insert into student values('95275', 'Adri', 'DF', 50);
insert into student values('37392', 'Johan', 'DF', 56);
insert into student values('30388', 'Ande', 'HI', 106);
insert into student values('77100', 'Johan', 'HH', 88);
insert into student values('4534', 'Ahmad', 'GF', 20);
insert into student values('90350', 'Ande', 'RR', 124);
insert into student values('49695', 'rahmat', 'HH', 15);
insert into student values('72150', 'Adri', 'DE', 116);
insert into student values('82163', 'Ahmad', 'DE', 11);
insert into student values('72729', 'Johan', 'RR', 104);
insert into student values('25573', 'yuyun', 'DF', 20);
insert into student values('86267', 'Ande', 'GT', 28);
insert into student values('88635', 'Yohan', 'SS', 86);
insert into student values('42899', 'Josu', 'DE', 30);
insert into student values('32846', 'Budi', 'DF', 85);
insert into student values('44362', 'Johan', 'DK', 8);
insert into student values('28039', 'Adri', 'BN', 1);
insert into student values('66331', 'Kiki', 'GF', 0);
insert into student values('44003', 'Kiki', 'RR', 105);
insert into student values('82228', 'Budi', 'HI', 90);
insert into student values('72080', 'Yohan', 'DE', 98);
insert into student values('74355', 'Ahmad', 'SS', 77);
insert into student values('14861', 'Ahmad', 'DK', 16);
insert into student values('48330', 'Ahmad', 'GT', 81);
insert into takes values('8572', '812', '2', 'Fall', 2006, 'C+');
insert into takes values('33157', '118', '3', 'Fall', 2002, 'A+');
insert into takes values('42647', '229', '1', 'Spring', 2002, 'A+');
insert into takes values('42677', '450', '1', 'Spring', 2009, 'B ');
insert into takes values('52406', '281', '2', 'Fall', 2007, 'A+');
insert into takes values('82163', '264', '1', 'Spring', 2007, 'C+');
insert into takes values('37964', '846', '2', 'Fall', 2001, 'B-');
insert into takes values('94437', '805', '1', 'Fall', 2001, 'B+');
insert into takes values('62089', '566', '2', 'Fall', 2008, 'A-');
insert into takes values('96829', '460', '3', 'Fall', 2003, 'A ');
insert into takes values('49475', '555', '1', 'Spring', 2001, 'B-');
insert into takes values('52406', '846', '2', 'Fall', 2001, 'A-');
insert into takes values('77100', '281', '2', 'Fall', 2007, 'C+');
insert into takes values('60745', '859', '2', 'Spring', 2004, 'C+');
insert into takes values('82163', '460', '2', 'Fall', 2006, 'B ');
insert into takes values('37392', '596', '2', 'Spring', 2004, 'B-');
insert into takes values('65499', '497', '1', 'Spring', 2010, 'A-');
insert into takes values('21511', '903', '1', 'Fall', 2009, 'B ');
insert into takes values('62089', '859', '1', 'Fall', 2004, 'B ');
insert into takes values('29355', '585', '1', 'Spring', 2005, 'A-');
insert into takes values('68078', '656', '1', 'Spring', 2003, 'C ');
insert into takes values('66331', '347', '1', 'Fall', 2004, 'B ');
insert into takes values('95275', '689', '1', 'Spring', 2005, 'C ');
insert into takes values('72080', '958', '1', 'Fall', 2010, 'C-');
insert into takes values('45626', '727', '1', 'Fall', 2002, 'C ');
insert into takes values('94437', '524', '1', 'Fall', 2008, 'B+');
insert into takes values('58388', '723', '1', 'Fall', 2002, 'A ');
insert into takes values('85935', '810', '1', 'Fall', 2006, 'B+');
insert into takes values('44058', '997', '2', 'Spring', 2004, 'C ');
insert into takes values('7337', '460', '1', 'Spring', 2005, 'C ');
insert into takes values('82163', '357', '1', 'Spring', 2005, 'C ');
insert into takes values('65499', '406', '4', 'Fall', 2009, 'B ');
insert into takes values('74355', '333', '1', 'Spring', 2002, 'A-');
insert into takes values('85935', '566', '2', 'Fall', 2008, 'B ');
insert into takes values('98652', '816', '1', 'Fall', 2009, 'A ');
insert into takes values('95200', '816', '2', 'Fall', 2010, 'C ');
insert into takes values('88635', '373', '1', 'Spring', 2008, 'C-');
insert into takes values('75117', '118', '2', 'Spring', 2007, 'B-');
insert into takes values('88635', '573', '1', 'Spring', 2009, 'B+');
insert into takes values('60745', '356', '1', 'Fall', 2009, 'A ');
insert into takes values('11615', '346', '2', 'Fall', 2008, 'C ');
insert into takes values('12376', '672', '2', 'Spring', 2008, 'B+');
insert into takes values('50236', '692', '1', 'Spring', 2003, 'A ');
insert into takes values('60745', '295', '1', 'Fall', 2004, 'A-');
insert into takes values('58388', '296', '2', 'Spring', 2005, 'C+');
insert into takes values('65499', '192', '1', 'Fall', 2002, 'B ');
insert into takes values('98652', '508', '5', 'Spring', 2006, 'C-');
insert into takes values('98652', '859', '1', 'Fall', 2004, 'A+');
insert into takes values('22079', '225', '2', 'Spring', 2006, 'C+');
insert into takes values('14861', '620', '1', 'Spring', 2010, 'C-');
insert into takes values('18521', '451', '1', 'Spring', 2004, 'C ');
insert into takes values('98652', '229', '2', 'Fall', 2008, 'A+');
insert into takes values('42647', '850', '1', 'Spring', 2006, 'B ');
insert into takes values('99416', '460', '1', 'Spring', 2005, 'B ');
insert into takes values('45626', '460', '2', 'Fall', 2006, 'A-');
insert into takes values('52406', '460', '1', 'Spring', 2005, 'A-');
insert into takes values('46628', '281', '2', 'Fall', 2007, 'C ');
insert into takes values('86267', '118', '2', 'Spring', 2007, 'A-');
insert into takes values('98652', '313', '1', 'Spring', 2002, 'C+');
insert into takes values('37964', '997', '4', 'Spring', 2003, 'A-');
insert into takes values('52461', '281', '2', 'Fall', 2007, 'B+');
insert into takes values('24343', '834', '1', 'Fall', 2002, 'C-');
insert into takes values('92829', '620', '1', 'Spring', 2010, 'A+');
insert into takes values('25573', '512', '2', 'Spring', 2009, 'A-');
insert into takes values('72729', '604', '1', 'Spring', 2001, 'B-');
insert into takes values('95200', '524', '1', 'Fall', 2008, 'C-');
insert into takes values('83457', '195', '3', 'Spring', 2001, 'A-');
insert into takes values('82228', '576', '1', 'Fall', 2001, 'B+');
insert into takes values('5686', '997', '3', 'Fall', 2009, 'B+');
insert into takes values('5686', '852', '1', 'Spring', 2003, 'A+');
insert into takes values('95200', '508', '3', 'Fall', 2007, 'A+');
insert into takes values('42899', '852', '1', 'Spring', 2003, 'C+');
insert into takes values('72150', '432', '1', 'Spring', 2008, 'B-');
insert into takes values('25573', '596', '2', 'Spring', 2004, 'C+');
insert into takes values('74355', '229', '1', 'Spring', 2002, 'A ');
insert into takes values('94776', '295', '1', 'Fall', 2004, 'C-');
insert into takes values('2901', '512', '2', 'Spring', 2009, 'A+');
insert into takes values('42647', '373', '1', 'Spring', 2008, 'B+');
insert into takes values('43512', '846', '2', 'Fall', 2001, 'B ');
insert into takes values('68078', '195', '1', 'Fall', 2001, 'B-');
insert into takes values('66331', '512', '2', 'Spring', 2009, 'C ');
insert into takes values('60745', '879', '1', 'Fall', 2006, 'A+');
insert into takes values('35920', '713', '2', 'Spring', 2007, 'B+');
insert into takes values('16674', '596', '2', 'Spring', 2004, 'C ');
insert into takes values('21407', '273', '2', 'Fall', 2003, 'B-');
insert into takes values('86927', '997', '2', 'Spring', 2004, 'A ');
insert into takes values('74355', '846', '1', 'Fall', 2005, 'C ');
insert into takes values('25573', '744', '2', 'Fall', 2008, 'A-');
insert into takes values('67479', '877', '1', 'Fall', 2005, 'A+');
insert into takes values('82163', '859', '2', 'Spring', 2004, 'A+');
insert into takes values('22079', '805', '1', 'Fall', 2001, 'A+');
insert into takes values('33157', '485', '2', 'Spring', 2009, 'B ');
insert into takes values('33157', '846', '3', 'Spring', 2002, 'B ');
insert into takes values('18521', '364', '2', 'Fall', 2004, 'A+');
insert into takes values('58388', '232', '1', 'Fall', 2006, 'B+');
insert into takes values('42647', '834', '1', 'Fall', 2002, 'C-');
insert into takes values('22079', '508', '2', 'Spring', 2009, 'C ');
insert into takes values('73210', '406', '2', 'Fall', 2006, 'C+');
insert into takes values('25573', '997', '1', 'Fall', 2006, 'C+');
insert into takes values('72729', '973', '2', 'Fall', 2008, 'A+');
insert into takes values('34771', '512', '2', 'Spring', 2009, 'A ');
insert into takes values('25230', '313', '1', 'Spring', 2002, 'A ');
insert into takes values('48330', '705', '1', 'Fall', 2005, 'C ');
insert into takes values('38851', '585', '1', 'Spring', 2005, 'B-');
insert into takes values('98652', '485', '1', 'Spring', 2008, 'A+');
insert into takes values('9260', '506', '1', 'Spring', 2002, 'B ');
insert into takes values('8572', '136', '1', 'Spring', 2009, 'A ');
insert into takes values('21511', '450', '1', 'Spring', 2009, 'A ');
insert into takes values('66331', '997', '2', 'Spring', 2004, 'A+');
insert into takes values('16674', '295', '1', 'Fall', 2004, 'B+');
insert into takes values('14861', '593', '1', 'Fall', 2008, 'B ');
insert into takes values('22012', '812', '2', 'Fall', 2006, 'B ');
insert into takes values('35920', '470', '1', 'Fall', 2008, 'C ');
insert into takes values('80098', '807', '1', 'Fall', 2010, 'A-');
insert into takes values('75773', '997', '2', 'Spring', 2004, 'A ');
insert into takes values('55935', '705', '1', 'Fall', 2005, 'C+');
insert into takes values('44362', '557', '1', 'Fall', 2008, 'B ');
insert into takes values('14861', '132', '2', 'Fall', 2002, 'B ');
insert into takes values('46628', '604', '1', 'Spring', 2001, 'A ');
insert into takes values('50451', '879', '1', 'Fall', 2006, 'C+');
insert into takes values('75773', '672', '2', 'Spring', 2008, 'A ');
insert into takes values('95200', '777', '1', 'Fall', 2005, 'A+');
insert into takes values('16674', '846', '2', 'Fall', 2001, 'C+');
insert into takes values('54679', '118', '1', 'Fall', 2005, 'C+');
insert into takes values('9260', '997', '1', 'Fall', 2006, 'B-');
insert into takes values('67488', '997', '3', 'Fall', 2009, 'B+');
insert into takes values('4534', '460', '4', 'Fall', 2005, 'A ');
insert into takes values('82228', '432', '2', 'Spring', 2006, 'A-');
insert into takes values('42677', '841', '1', 'Fall', 2003, 'C+');
insert into takes values('55935', '689', '2', 'Fall', 2002, 'B-');
insert into takes values('71971', '295', '1', 'Fall', 2004, 'A ');
insert into takes values('33157', '508', '5', 'Spring', 2006, 'B-');
insert into takes values('95275', '281', '2', 'Fall', 2007, 'A ');
insert into takes values('83457', '672', '1', 'Fall', 2002, 'B-');
insert into takes values('35920', '415', '1', 'Spring', 2003, 'C ');
insert into takes values('7337', '463', '1', 'Fall', 2004, 'B-');
insert into takes values('44362', '415', '2', 'Fall', 2007, 'B+');
insert into takes values('92829', '692', '1', 'Spring', 2003, 'B+');
insert into takes values('89901', '910', '1', 'Fall', 2007, 'A-');
insert into takes values('43512', '945', '1', 'Spring', 2001, 'B+');
insert into takes values('28039', '508', '3', 'Fall', 2007, 'A-');
insert into takes values('75773', '236', '2', 'Fall', 2006, 'B+');
insert into takes values('9260', '225', '2', 'Spring', 2006, 'A+');
insert into takes values('44362', '192', '2', 'Spring', 2006, 'A ');
insert into takes values('92829', '508', '1', 'Spring', 2005, 'B ');
insert into takes values('42647', '697', '1', 'Fall', 2006, 'A-');
insert into takes values('15073', '313', '1', 'Spring', 2002, 'B+');
insert into takes values('29355', '656', '2', 'Spring', 2006, 'A ');
insert into takes values('99416', '118', '2', 'Spring', 2007, 'A ');
insert into takes values('25573', '622', '1', 'Spring', 2008, 'B ');
insert into takes values('25443', '879', '1', 'Fall', 2006, 'C+');
insert into takes values('35660', '723', '1', 'Fall', 2002, 'B ');
insert into takes values('85935', '566', '1', 'Fall', 2004, 'A+');
insert into takes values('22079', '585', '3', 'Spring', 2010, 'C+');
insert into takes values('31016', '875', '2', 'Fall', 2004, 'C-');
insert into takes values('25230', '577', '1', 'Spring', 2005, 'A+');
insert into takes values('5686', '485', '2', 'Spring', 2009, 'B+');
insert into takes values('50236', '906', '1', 'Fall', 2001, 'A-');
insert into takes values('80098', '856', '1', 'Spring', 2009, 'A ');
insert into takes values('98575', '997', '2', 'Spring', 2004, 'A ');
insert into takes values('71971', '813', '1', 'Spring', 2002, 'A-');
insert into takes values('50236', '918', '1', 'Fall', 2006, 'A-');
insert into takes values('5686', '406', '3', 'Fall', 2009, 'C ');
insert into takes values('22079', '361', '1', 'Fall', 2004, 'A-');
insert into takes values('48330', '918', '2', 'Fall', 2010, 'A-');
insert into takes values('50236', '716', '1', 'Fall', 2003, 'A ');
insert into takes values('86267', '784', '1', 'Fall', 2006, 'B-');
insert into takes values('43512', '689', '2', 'Fall', 2002, 'B ');
insert into takes values('25230', '738', '1', 'Spring', 2003, 'C+');
insert into takes values('60745', '884', '1', 'Spring', 2001, 'C ');
insert into takes values('2901', '945', '2', 'Spring', 2006, 'A-');
insert into takes values('95200', '313', '2', 'Fall', 2005, 'B ');
insert into takes values('60745', '997', '3', 'Fall', 2009, 'B-');
insert into takes values('50236', '672', '1', 'Fall', 2002, 'C-');
insert into takes values('42647', '890', '1', 'Spring', 2002, 'B+');
insert into takes values('46628', '846', '3', 'Spring', 2002, 'A+');
insert into takes values('72080', '357', '1', 'Spring', 2005, 'B+');
insert into takes values('38851', '997', '4', 'Spring', 2003, 'B ');
insert into takes values('7337', '329', '1', 'Fall', 2001, 'C+');
insert into takes values('67488', '136', '1', 'Spring', 2009, 'B+');
insert into takes values('88635', '973', '2', 'Fall', 2008, 'C+');
insert into takes values('14861', '273', '2', 'Fall', 2003, 'B ');
insert into takes values('5686', '777', '1', 'Fall', 2005, 'A-');
insert into takes values('21407', '141', '1', 'Fall', 2001, 'B+');
insert into takes values('43499', '296', '1', 'Spring', 2002, 'C+');
insert into takes values('82163', '524', '2', 'Fall', 2004, 'B ');
insert into takes values('54578', '604', '2', 'Spring', 2008, 'A-');
insert into takes values('31016', '812', '1', 'Spring', 2004, 'A-');
insert into takes values('94437', '373', '2', 'Spring', 2007, 'A+');
insert into takes values('78466', '807', '1', 'Fall', 2010, 'A-');
insert into takes values('49475', '485', '1', 'Spring', 2008, 'B ');
insert into takes values('30388', '118', '3', 'Fall', 2002, 'B+');
insert into takes values('72080', '233', '1', 'Spring', 2005, 'A-');
insert into takes values('25284', '512', '1', 'Spring', 2009, 'A ');
insert into takes values('2901', '875', '2', 'Fall', 2004, 'C-');
insert into takes values('35660', '834', '1', 'Fall', 2002, 'C+');
insert into takes values('50451', '812', '1', 'Spring', 2004, 'B ');
insert into takes values('25443', '875', '1', 'Fall', 2001, 'A-');
insert into takes values('16169', '510', '1', 'Spring', 2005, 'B+');
insert into takes values('24343', '236', '2', 'Fall', 2006, 'A+');
insert into advisor values('94776', '23767');
insert into advisor values('25443', '95444');
insert into advisor values('45626', '59926');
insert into advisor values('15073', '55102');
insert into advisor values('9260', '66059');
insert into advisor values('5686', '6513');
insert into advisor values('38482', '6513');
insert into advisor values('99416', '43922');
insert into advisor values('83457', '77129');
insert into advisor values('68078', '44841');
insert into advisor values('78466', '67214');
insert into advisor values('34193', '72212');
insert into advisor values('35920', '23767');
insert into advisor values('29355', '6513');
insert into advisor values('2901', '17073');
insert into advisor values('44058', '6513');
insert into advisor values('12177', '86055');
insert into advisor values('89901', '14740');
insert into advisor values('34771', '43922');
insert into advisor values('94437', '28992');
insert into advisor values('59517', '43076');
insert into advisor values('13717', '18176');
insert into advisor values('71971', '86055');
insert into advisor values('38851', '85184');
insert into advisor values('37964', '28060');
insert into advisor values('46628', '23767');
insert into advisor values('86927', '65139');
insert into advisor values('49475', '38822');
insert into advisor values('42647', '18176');
insert into advisor values('73210', '94565');
insert into advisor values('22079', '65139');
insert into advisor values('52406', '27909');
insert into advisor values('96886', '30075');
insert into advisor values('67479', '92719');
insert into advisor values('50236', '34903');
insert into advisor values('52461', '65139');
insert into advisor values('16674', '27518');
insert into advisor values('8572', '28992');
insert into advisor values('25230', '27909');
insert into advisor values('43512', '86055');
insert into advisor values('58388', '10109');
insert into advisor values('7337', '43922');
insert into advisor values('86525', '94565');
insert into advisor values('31016', '90266');
insert into advisor values('18019', '28060');
insert into advisor values('11615', '95444');
insert into advisor values('50451', '89850');
insert into advisor values('6445', '27518');
insert into advisor values('60745', '72733');
insert into advisor values('55935', '96385');
insert into advisor values('24343', '13086');
insert into advisor values('54679', '59926');
insert into advisor values('92829', '77129');
insert into advisor values('16169', '92732');
insert into advisor values('54578', '96385');
insert into advisor values('12376', '83342');
insert into advisor values('18521', '59926');
insert into advisor values('96829', '27909');
insert into advisor values('35660', '92732');
insert into advisor values('67488', '92719');
insert into advisor values('42677', '72212');
insert into advisor values('98652', '28992');
insert into advisor values('98575', '30075');
insert into advisor values('21407', '96385');
insert into advisor values('62089', '8177');
insert into advisor values('21511', '13086');
insert into advisor values('80098', '95444');
insert into advisor values('33157', '51130');
insert into advisor values('75117', '8177');
insert into advisor values('75773', '55102');
insert into advisor values('85935', '9542');
insert into advisor values('25284', '67214');
insert into advisor values('65499', '15127');
insert into advisor values('95200', '59926');
insert into advisor values('22012', '10109');
insert into advisor values('43499', '23767');
insert into advisor values('95275', '89850');
insert into advisor values('37392', '6513');
insert into advisor values('30388', '51130');
insert into advisor values('77100', '43922');
insert into advisor values('4534', '38822');
insert into advisor values('90350', '13086');
insert into advisor values('49695', '28060');
insert into advisor values('72150', '27518');
insert into advisor values('82163', '23767');
insert into advisor values('72729', '14740');
insert into advisor values('25573', '66059');
insert into advisor values('86267', '92719');
insert into advisor values('88635', '27518');
insert into advisor values('42899', '51130');
insert into advisor values('32846', '8574');
insert into advisor values('44362', '10109');
insert into advisor values('28039', '94565');
insert into advisor values('66331', '8177');
insert into advisor values('44003', '8574');
insert into advisor values('82228', '92732');
insert into advisor values('72080', '13086');
insert into advisor values('74355', '27909');
insert into advisor values('14861', '79610');
insert into advisor values('48330', '28060');
insert into prereq values('856', '562');
insert into prereq values('346', '890');
insert into prereq values('446', '701');
insert into prereq values('484', '784');
insert into prereq values('804', '114');
insert into prereq values('563', '556');
insert into prereq values('148', '303');
insert into prereq values('573', '332');
insert into prereq values('518', '380');
insert into prereq values('816', '298');
insert into prereq values('548', '754');
insert into prereq values('325', '364');
insert into prereq values('938', '186');
insert into prereq values('899', '901');
insert into prereq values('744', '585');
insert into prereq values('918', '446');
insert into prereq values('264', '998');
insert into prereq values('272', '470');
insert into prereq values('604', '915');
insert into prereq values('979', '901');
insert into prereq values('192', '220');
insert into prereq values('871', '214');
insert into prereq values('997', '241');
insert into prereq values('497', '295');
insert into prereq values('849', '754');
insert into prereq values('346', '217');
insert into prereq values('237', '879');
insert into prereq values('508', '233');
insert into prereq values('373', '181');
insert into prereq values('857', '890');
insert into prereq values('489', '965');
insert into prereq values('918', '622');
insert into prereq values('890', '850');
insert into prereq values('387', '856');
insert into prereq values('114', '220');
insert into prereq values('572', '411');
insert into prereq values('707', '236');
insert into prereq values('672', '593');
insert into prereq values('273', '415');
insert into prereq values('808', '751');
insert into prereq values('176', '754');
insert into prereq values('574', '903');
insert into prereq values('991', '899');
insert into prereq values('226', '298');
insert into prereq values('506', '181');
insert into prereq values('791', '810');
insert into prereq values('596', '485');
insert into prereq values('654', '754');
insert into prereq values('114', '852');
insert into prereq values('106', '136');
insert into prereq values('467', '518');
insert into prereq values('497', '554');
insert into prereq values('279', '756');
insert into prereq values('945', '854');
insert into prereq values('855', '705');
insert into prereq values('811', '352');
insert into prereq values('281', '918');
insert into prereq values('325', '854');
insert into prereq values('585', '229');
insert into prereq values('991', '672');
insert into prereq values('329', '910');
insert into prereq values('325', '556');
insert into prereq values('697', '859');
insert into prereq values('470', '692');
insert into prereq values('274', '593');
insert into prereq values('264', '506');
insert into prereq values('656', '841');
insert into prereq values('915', '808');
insert into prereq values('195', '723');
insert into prereq values('114', '506');
insert into prereq values('651', '225');
insert into prereq values('506', '701');
insert into prereq values('237', '296');
insert into prereq values('518', '518');
insert into prereq values('562', '454');
insert into prereq values('998', '539');
insert into prereq values('846', '572');
insert into prereq values('701', '161');
insert into prereq values('587', '910');
insert into prereq values('998', '604');
insert into prereq values('387', '604');
insert into prereq values('346', '658');
insert into prereq values('485', '432');
insert into prereq values('225', '512');
insert into prereq values('555', '997');
insert into prereq values('439', '295');
insert into prereq values('506', '705');
insert into prereq values('172', '118');
insert into prereq values('554', '554');
insert into prereq values('762', '233');
insert into prereq values('217', '705');
insert into prereq values('723', '859');
insert into prereq values('133', '264');
insert into prereq values('744', '587');
insert into prereq values('539', '470');
insert into prereq values('620', '374');
insert into prereq values('364', '662');
insert into prereq values('973', '854');
insert into prereq values('195', '554');
insert into prereq values('241', '608');
