insert into classroom values('B', 872, 94);
insert into classroom values('D', 919, 34);
insert into classroom values('D', 806, 15);
insert into classroom values('C', 656, 10);
insert into classroom values('A', 717, 59);
insert into classroom values('A', 164, 17);
insert into classroom values('H', 864, 127);
insert into classroom values('I', 194, 26);
insert into classroom values('C', 939, 13);
insert into classroom values('D', 51, 56);
insert into department values('FR', 'J', 749864.13);
insert into department values('DK', 'A', 675967.73);
insert into department values('DE', 'J', 55808.07);
insert into department values('DF', 'B', 45060.35);
insert into department values('BN', 'E', 463590.40);
insert into department values('EL', 'J', 14531.96);
insert into department values('KL', 'A', 286356.52);
insert into department values('HI', 'H', 910056.87);
insert into department values('WW', 'I', 426817.88);
insert into department values('RQ', 'J', 688009.17);
insert into course values('551', 'IF3211', 'RQ', 4);
insert into course values('125', 'IF3031', 'DF', 3);
insert into course values('176', 'IF3022', 'HI', 4);
insert into course values('587', 'IF3211', 'DE', 3);
insert into course values('113', 'IF3211', 'HI', 4);
insert into course values('157', 'IF3030', 'FR', 3);
insert into course values('122', 'IF4041', 'BN', 4);
insert into course values('179', 'IF3211', 'HI', 4);
insert into course values('441', 'IF3031', 'KL', 4);
insert into course values('965', 'IF5555', 'DE', 4);
insert into course values('699', 'IF4041', 'DK', 4);
insert into course values('289', 'IF3211', 'DK', 3);
insert into course values('410', 'IF3022', 'KL', 4);
insert into course values('183', 'IF5555', 'HI', 4);
insert into course values('894', 'IF3030', 'EL', 3);
insert into course values('504', 'IF0230', 'DE', 3);
insert into course values('574', 'IF4041', 'EL', 3);
insert into course values('362', 'IF0230', 'FR', 4);
insert into course values('355', 'IF3030', 'WW', 4);
insert into course values('571', 'IF5555', 'DE', 4);
insert into course values('281', 'IF3333', 'HI', 4);
insert into course values('918', 'IF4041', 'FR', 4);
insert into course values('167', 'IF3031', 'FR', 4);
insert into course values('680', 'IF3333', 'RQ', 3);
insert into course values('841', 'IF3120', 'WW', 4);
insert into course values('589', 'IF3022', 'HI', 4);
insert into course values('231', 'IF3211', 'KL', 3);
insert into course values('999', 'IF4321', 'EL', 3);
insert into course values('219', 'IF5555', 'DF', 4);
insert into course values('394', 'IF4041', 'DE', 3);
insert into course values('425', 'IF3022', 'BN', 3);
insert into course values('480', 'IF3211', 'FR', 3);
insert into course values('951', 'IF3120', 'EL', 4);
insert into course values('600', 'IF3022', 'DF', 4);
insert into course values('647', 'IF3333', 'RQ', 3);
insert into course values('290', 'IF3031', 'DF', 4);
insert into course values('855', 'IF3022', 'EL', 4);
insert into course values('505', 'IF3333', 'BN', 4);
insert into course values('305', 'IF4041', 'HI', 3);
insert into course values('933', 'IF0230', 'RQ', 3);
insert into course values('862', 'IF3333', 'KL', 4);
insert into course values('194', 'IF0230', 'KL', 4);
insert into course values('335', 'IF0230', 'DF', 3);
insert into course values('648', 'IF3022', 'RQ', 3);
insert into course values('913', 'IF0230', 'DE', 4);
insert into course values('882', 'IF4041', 'DE', 4);
insert into course values('812', 'IF5555', 'WW', 4);
insert into course values('312', 'IF4321', 'DE', 4);
insert into course values('224', 'IF4321', 'FR', 3);
insert into course values('386', 'IF3030', 'DE', 3);
insert into course values('616', 'IF5555', 'HI', 4);
insert into course values('798', 'IF3333', 'FR', 4);
insert into course values('346', 'IF3030', 'DE', 3);
insert into course values('349', 'IF4041', 'DF', 3);
insert into course values('319', 'IF3333', 'KL', 4);
insert into course values('134', 'IF3031', 'DK', 4);
insert into course values('682', 'IF3022', 'DE', 3);
insert into course values('877', 'IF4041', 'FR', 3);
insert into course values('369', 'IF4041', 'FR', 4);
insert into course values('421', 'IF4321', 'HI', 3);
insert into course values('645', 'IF4041', 'DK', 4);
insert into course values('339', 'IF3022', 'BN', 4);
insert into course values('732', 'IF5555', 'RQ', 4);
insert into course values('500', 'IF3031', 'FR', 4);
insert into course values('977', 'IF3120', 'KL', 3);
insert into course values('356', 'IF3031', 'DF', 3);
insert into course values('744', 'IF5555', 'KL', 4);
insert into course values('565', 'IF5555', 'FR', 3);
insert into course values('550', 'IF3031', 'DF', 4);
insert into course values('519', 'IF3031', 'DF', 3);
insert into course values('496', 'IF4041', 'FR', 4);
insert into course values('417', 'IF3031', 'EL', 4);
insert into course values('629', 'IF3211', 'BN', 4);
insert into course values('237', 'IF0230', 'DK', 3);
insert into course values('777', 'IF3022', 'BN', 4);
insert into course values('321', 'IF3211', 'WW', 3);
insert into course values('119', 'IF3333', 'DE', 3);
insert into course values('333', 'IF5555', 'KL', 3);
insert into course values('313', 'IF3120', 'DF', 3);
insert into course values('354', 'IF4041', 'BN', 3);
insert into course values('446', 'IF3022', 'HI', 4);
insert into course values('666', 'IF4321', 'HI', 4);
insert into course values('971', 'IF3211', 'DK', 3);
insert into course values('896', 'IF3120', 'HI', 4);
insert into course values('998', 'IF3120', 'DE', 4);
insert into course values('246', 'IF3333', 'DE', 3);
insert into course values('943', 'IF4041', 'DK', 3);
insert into course values('706', 'IF3120', 'DE', 3);
insert into course values('218', 'IF4041', 'DE', 3);
insert into course values('618', 'IF4041', 'RQ', 4);
insert into course values('800', 'IF3333', 'DE', 3);
insert into course values('442', 'IF0230', 'HI', 3);
insert into course values('220', 'IF5555', 'HI', 3);
insert into course values('287', 'IF5555', 'BN', 3);
insert into course values('450', 'IF0230', 'KL', 3);
insert into course values('617', 'IF0230', 'KL', 4);
insert into course values('784', 'IF4041', 'DF', 3);
insert into course values('742', 'IF3333', 'BN', 3);
insert into course values('823', 'IF4321', 'DK', 4);
insert into course values('646', 'IF3030', 'DF', 4);
insert into course values('532', 'IF4321', 'KL', 3);
insert into course values('603', 'IF4321', 'DE', 3);
insert into course values('353', 'IF5555', 'BN', 3);
insert into course values('459', 'IF3211', 'KL', 4);
insert into course values('897', 'IF3022', 'EL', 3);
insert into course values('819', 'IF3031', 'KL', 3);
insert into course values('707', 'IF3030', 'FR', 3);
insert into course values('204', 'IF3211', 'BN', 3);
insert into course values('453', 'IF3031', 'FR', 3);
insert into course values('769', 'IF3031', 'DF', 4);
insert into course values('984', 'IF4041', 'FR', 4);
insert into course values('383', 'IF4321', 'RQ', 3);
insert into course values('722', 'IF3333', 'RQ', 4);
insert into course values('994', 'IF4041', 'HI', 3);
insert into course values('634', 'IF3211', 'HI', 3);
insert into course values('779', 'IF3211', 'WW', 4);
insert into course values('801', 'IF3031', 'WW', 4);
insert into course values('586', 'IF3031', 'HI', 4);
insert into course values('701', 'IF3211', 'DE', 4);
insert into course values('540', 'IF3333', 'EL', 4);
insert into course values('573', 'IF3031', 'BN', 4);
insert into course values('494', 'IF5555', 'RQ', 3);
insert into course values('326', 'IF3211', 'FR', 3);
insert into course values('831', 'IF3333', 'BN', 3);
insert into course values('240', 'IF3211', 'DE', 4);
insert into course values('293', 'IF0230', 'HI', 4);
insert into course values('415', 'IF3022', 'KL', 3);
insert into course values('640', 'IF3031', 'BN', 4);
insert into course values('757', 'IF3031', 'EL', 3);
insert into course values('329', 'IF5555', 'DE', 3);
insert into course values('887', 'IF4321', 'RQ', 4);
insert into course values('925', 'IF4041', 'BN', 3);
insert into course values('985', 'IF0230', 'RQ', 3);
insert into course values('475', 'IF0230', 'WW', 4);
insert into course values('928', 'IF0230', 'FR', 3);
insert into course values('826', 'IF3211', 'DF', 3);
insert into course values('448', 'IF4041', 'DF', 3);
insert into course values('196', 'IF3333', 'HI', 4);
insert into course values('320', 'IF3211', 'DF', 3);
insert into course values('413', 'IF5555', 'EL', 4);
insert into course values('684', 'IF3031', 'DF', 3);
insert into course values('175', 'IF4321', 'RQ', 4);
insert into course values('908', 'IF3211', 'EL', 4);
insert into course values('375', 'IF3022', 'DF', 3);
insert into course values('104', 'IF3022', 'KL', 3);
insert into course values('487', 'IF5555', 'HI', 4);
insert into course values('761', 'IF3333', 'EL', 3);
insert into course values('756', 'IF3031', 'HI', 4);
insert into course values('155', 'IF3120', 'EL', 3);
insert into course values('541', 'IF3031', 'BN', 3);
insert into course values('923', 'IF3022', 'BN', 4);
insert into course values('878', 'IF3031', 'EL', 3);
insert into course values('605', 'IF3022', 'DF', 4);
insert into course values('917', 'IF3022', 'RQ', 4);
insert into course values('650', 'IF3333', 'FR', 4);
insert into course values('922', 'IF5555', 'DK', 4);
insert into course values('755', 'IF3030', 'BN', 4);
insert into course values('387', 'IF3333', 'DK', 3);
insert into course values('525', 'IF3030', 'HI', 3);
insert into course values('535', 'IF3333', 'FR', 4);
insert into course values('844', 'IF3031', 'EL', 4);
insert into course values('508', 'IF0230', 'BN', 3);
insert into course values('681', 'IF3211', 'KL', 4);
insert into course values('727', 'IF3031', 'FR', 4);
insert into course values('804', 'IF3333', 'WW', 3);
insert into course values('712', 'IF0230', 'FR', 3);
insert into course values('120', 'IF4041', 'FR', 4);
insert into course values('195', 'IF3030', 'DK', 4);
insert into course values('619', 'IF3030', 'DF', 4);
insert into course values('243', 'IF3120', 'KL', 3);
insert into course values('961', 'IF5555', 'EL', 4);
insert into course values('924', 'IF3211', 'RQ', 3);
insert into course values('338', 'IF3031', 'DF', 4);
insert into course values('270', 'IF3211', 'WW', 4);
insert into course values('770', 'IF4321', 'EL', 4);
insert into course values('538', 'IF3030', 'WW', 4);
insert into course values('759', 'IF4041', 'FR', 3);
insert into course values('576', 'IF3030', 'DK', 3);
insert into course values('548', 'IF3120', 'KL', 3);
insert into course values('700', 'IF0230', 'DE', 4);
insert into course values('265', 'IF4321', 'BN', 3);
insert into course values('112', 'IF4041', 'WW', 4);
insert into course values('498', 'IF4321', 'RQ', 4);
insert into course values('768', 'IF3120', 'DK', 4);
insert into course values('698', 'IF3333', 'KL', 4);
insert into course values('205', 'IF0230', 'FR', 3);
insert into course values('263', 'IF5555', 'HI', 4);
insert into course values('690', 'IF3120', 'RQ', 3);
insert into course values('693', 'IF3211', 'FR', 4);
insert into course values('900', 'IF3030', 'DK', 3);
insert into course values('229', 'IF4041', 'DE', 4);
insert into course values('875', 'IF3333', 'DE', 3);
insert into course values('582', 'IF4321', 'DE', 4);
insert into course values('815', 'IF3022', 'RQ', 4);
insert into course values('351', 'IF3120', 'RQ', 4);
insert into course values('471', 'IF4041', 'EL', 4);
insert into course values('235', 'IF3120', 'RQ', 3);
insert into course values('253', 'IF3120', 'WW', 4);
insert into course values('612', 'IF3022', 'HI', 4);
insert into course values('740', 'IF4041', 'DK', 4);
insert into instructor values('8728', 'Ande', 'DK', 58315.60);
insert into instructor values('2406', 'Johan', 'BN', 58639.09);
insert into instructor values('79917', 'Ahmad', 'BN', 121239.77);
insert into instructor values('72783', 'Yohan', 'EL', 82390.82);
insert into instructor values('36369', 'Josu', 'RQ', 62967.36);
insert into instructor values('80616', 'yuyun', 'DE', 65598.84);
insert into instructor values('21952', 'yuyun', 'KL', 38081.62);
insert into instructor values('48329', 'Johan', 'DF', 123989.75);
insert into instructor values('43134', 'Budi', 'KL', 85963.66);
insert into instructor values('38899', 'Ande', 'WW', 45992.16);
insert into instructor values('72922', 'Yohan', 'DK', 59760.17);
insert into instructor values('76338', 'Josu', 'DF', 37505.55);
insert into instructor values('79821', 'rahmat', 'HI', 64566.73);
insert into instructor values('10749', 'Yohan', 'BN', 122724.88);
insert into instructor values('66170', 'Johan', 'DK', 94429.42);
insert into instructor values('80274', 'Johan', 'BN', 60984.50);
insert into instructor values('3629', 'Yohan', 'EL', 111771.27);
insert into instructor values('47388', 'Adri', 'FR', 32652.24);
insert into instructor values('67550', 'Yohan', 'RQ', 69979.15);
insert into instructor values('17871', 'yuyun', 'WW', 93295.05);
insert into instructor values('49229', 'yuyun', 'HI', 40140.25);
insert into instructor values('10184', 'Johan', 'FR', 94654.61);
insert into instructor values('36773', 'Yohan', 'WW', 66296.68);
insert into instructor values('80431', 'Kiki', 'BN', 123412.60);
insert into instructor values('50459', 'Adri', 'HI', 40090.22);
insert into instructor values('54518', 'Johan', 'DK', 114291.42);
insert into instructor values('51213', 'Ahmad', 'HI', 55298.39);
insert into instructor values('83288', 'Ande', 'RQ', 52727.97);
insert into instructor values('61444', 'Adri', 'FR', 75516.76);
insert into instructor values('78717', 'Budi', 'BN', 94174.26);
insert into instructor values('3796', 'Adri', 'DK', 124121.63);
insert into instructor values('71282', 'yuyun', 'DE', 92020.11);
insert into instructor values('11321', 'Yohan', 'RQ', 84650.55);
insert into instructor values('26579', 'Josu', 'BN', 44199.51);
insert into instructor values('99002', 'Yohan', 'BN', 81867.73);
insert into instructor values('15747', 'Ahmad', 'RQ', 39733.82);
insert into instructor values('81288', 'Adri', 'FR', 99034.82);
insert into instructor values('20560', 'yuyun', 'DE', 110781.18);
insert into instructor values('49468', 'Ahmad', 'DK', 75286.54);
insert into instructor values('26545', 'Kiki', 'BN', 73202.97);
insert into instructor values('61758', 'Ahmad', 'WW', 118514.79);
insert into instructor values('72329', 'rahmat', 'FR', 69224.70);
insert into instructor values('73658', 'Ande', 'EL', 63793.35);
insert into instructor values('33955', 'Adri', 'WW', 109459.90);
insert into instructor values('52874', 'Johan', 'EL', 105129.66);
insert into instructor values('40533', 'Budi', 'BN', 48382.16);
insert into instructor values('529', 'rahmat', 'FR', 29208.65);
insert into instructor values('44127', 'Josu', 'DE', 117271.72);
insert into instructor values('79036', 'Josu', 'FR', 83797.82);
insert into instructor values('7947', 'Adri', 'DE', 81729.67);
insert into section values('386', '1', 'Fall', 2002, 'D', '919', 'P');
insert into section values('240', '1', 'Fall', 2010, 'C', '656', 'I');
insert into section values('922', '1', 'Fall', 2010, 'D', '51', 'B');
insert into section values('923', '1', 'Spring', 2004, 'D', '919', 'E');
insert into section values('619', '1', 'Spring', 2009, 'D', '806', 'O');
insert into section values('812', '1', 'Fall', 2010, 'C', '939', 'D');
insert into section values('784', '1', 'Spring', 2008, 'D', '806', 'C');
insert into section values('977', '1', 'Fall', 2010, 'C', '939', 'I');
insert into section values('354', '1', 'Fall', 2010, 'C', '939', 'J');
insert into section values('684', '1', 'Spring', 2006, 'I', '194', 'I');
insert into section values('894', '1', 'Fall', 2001, 'A', '717', 'G');
insert into section values('355', '1', 'Fall', 2007, 'D', '51', 'L');
insert into section values('565', '1', 'Spring', 2002, 'H', '864', 'M');
insert into section values('744', '1', 'Fall', 2003, 'H', '864', 'K');
insert into section values('985', '1', 'Spring', 2007, 'B', '872', 'K');
insert into section values('270', '1', 'Spring', 2003, 'A', '717', 'I');
insert into section values('571', '1', 'Spring', 2009, 'H', '864', 'D');
insert into section values('984', '1', 'Spring', 2007, 'C', '656', 'O');
insert into section values('684', '2', 'Spring', 2007, 'I', '194', 'N');
insert into section values('446', '1', 'Spring', 2007, 'H', '864', 'C');
insert into section values('525', '1', 'Spring', 2004, 'A', '717', 'K');
insert into section values('387', '1', 'Fall', 2001, 'C', '656', 'D');
insert into section values('541', '1', 'Spring', 2004, 'I', '194', 'N');
insert into section values('618', '1', 'Fall', 2005, 'D', '51', 'I');
insert into section values('235', '1', 'Fall', 2010, 'D', '51', 'G');
insert into section values('900', '1', 'Fall', 2008, 'C', '939', 'L');
insert into section values('375', '1', 'Spring', 2009, 'D', '919', 'M');
insert into section values('540', '1', 'Spring', 2005, 'A', '164', 'I');
insert into section values('913', '1', 'Spring', 2007, 'D', '51', 'A');
insert into section values('219', '1', 'Spring', 2007, 'D', '919', 'K');
insert into section values('320', '1', 'Spring', 2004, 'A', '717', 'C');
insert into section values('421', '1', 'Fall', 2007, 'D', '51', 'I');
insert into section values('815', '1', 'Fall', 2002, 'C', '656', 'H');
insert into section values('120', '1', 'Spring', 2004, 'B', '872', 'C');
insert into section values('548', '1', 'Spring', 2004, 'D', '51', 'D');
insert into section values('167', '1', 'Fall', 2002, 'C', '939', 'A');
insert into section values('125', '1', 'Fall', 2009, 'A', '717', 'G');
insert into section values('550', '1', 'Spring', 2005, 'D', '806', 'L');
insert into section values('571', '2', 'Spring', 2006, 'D', '919', 'F');
insert into section values('265', '1', 'Spring', 2004, 'D', '51', 'J');
insert into section values('220', '1', 'Spring', 2001, 'A', '164', 'F');
insert into section values('573', '1', 'Spring', 2002, 'D', '919', 'A');
insert into section values('882', '1', 'Spring', 2010, 'A', '717', 'E');
insert into section values('933', '1', 'Fall', 2001, 'C', '939', 'H');
insert into section values('287', '1', 'Fall', 2004, 'D', '919', 'A');
insert into section values('586', '1', 'Fall', 2001, 'I', '194', 'L');
insert into section values('804', '1', 'Spring', 2003, 'C', '939', 'F');
insert into section values('383', '1', 'Spring', 2005, 'I', '194', 'G');
insert into section values('504', '1', 'Spring', 2009, 'I', '194', 'A');
insert into section values('541', '2', 'Spring', 2001, 'A', '164', 'K');
insert into section values('319', '1', 'Fall', 2003, 'D', '51', 'H');
insert into section values('394', '1', 'Fall', 2010, 'I', '194', 'A');
insert into section values('908', '1', 'Spring', 2008, 'C', '656', 'M');
insert into section values('922', '2', 'Fall', 2009, 'A', '717', 'F');
insert into section values('194', '1', 'Fall', 2009, 'I', '194', 'K');
insert into section values('551', '1', 'Spring', 2004, 'I', '194', 'K');
insert into section values('994', '1', 'Spring', 2003, 'D', '919', 'H');
insert into section values('446', '2', 'Fall', 2010, 'I', '194', 'F');
insert into section values('218', '1', 'Spring', 2001, 'D', '806', 'D');
insert into section values('218', '2', 'Fall', 2009, 'B', '872', 'F');
insert into section values('742', '1', 'Fall', 2008, 'A', '717', 'H');
insert into section values('335', '1', 'Fall', 2010, 'A', '164', 'L');
insert into section values('681', '1', 'Spring', 2005, 'A', '717', 'P');
insert into section values('535', '1', 'Spring', 2001, 'C', '939', 'E');
insert into section values('722', '1', 'Fall', 2010, 'H', '864', 'C');
insert into section values('415', '1', 'Fall', 2006, 'C', '656', 'K');
insert into section values('574', '1', 'Spring', 2010, 'C', '939', 'N');
insert into section values('305', '1', 'Spring', 2009, 'D', '51', 'M');
insert into section values('194', '2', 'Spring', 2003, 'C', '656', 'D');
insert into section values('500', '1', 'Spring', 2007, 'D', '919', 'O');
insert into section values('446', '3', 'Fall', 2008, 'B', '872', 'I');
insert into section values('220', '2', 'Spring', 2008, 'C', '939', 'K');
insert into section values('951', '1', 'Spring', 2005, 'I', '194', 'L');
insert into section values('383', '2', 'Fall', 2006, 'D', '919', 'N');
insert into section values('355', '2', 'Spring', 2007, 'D', '51', 'L');
insert into section values('666', '1', 'Spring', 2009, 'C', '656', 'O');
insert into section values('612', '1', 'Fall', 2009, 'A', '164', 'D');
insert into section values('289', '1', 'Spring', 2010, 'A', '717', 'F');
insert into section values('812', '2', 'Spring', 2006, 'D', '51', 'J');
insert into section values('819', '1', 'Fall', 2009, 'C', '656', 'C');
insert into section values('831', '1', 'Spring', 2002, 'D', '806', 'G');
insert into section values('235', '2', 'Fall', 2006, 'C', '656', 'A');
insert into section values('841', '1', 'Fall', 2006, 'D', '806', 'I');
insert into section values('122', '1', 'Fall', 2006, 'C', '939', 'A');
insert into section values('480', '1', 'Fall', 2007, 'H', '864', 'G');
insert into section values('618', '2', 'Fall', 2007, 'D', '51', 'F');
insert into section values('618', '3', 'Spring', 2005, 'A', '164', 'A');
insert into section values('287', '2', 'Spring', 2010, 'C', '939', 'M');
insert into section values('612', '2', 'Spring', 2003, 'D', '806', 'K');
insert into section values('104', '1', 'Fall', 2003, 'I', '194', 'K');
insert into section values('413', '1', 'Spring', 2008, 'D', '806', 'F');
insert into section values('815', '2', 'Fall', 2006, 'D', '806', 'F');
insert into section values('844', '1', 'Fall', 2006, 'C', '656', 'B');
insert into section values('453', '1', 'Fall', 2009, 'C', '939', 'H');
insert into section values('446', '4', 'Fall', 2001, 'A', '717', 'B');
insert into section values('339', '1', 'Spring', 2008, 'B', '872', 'E');
insert into section values('887', '1', 'Spring', 2009, 'D', '806', 'D');
insert into section values('917', '1', 'Spring', 2008, 'C', '939', 'B');
insert into section values('826', '1', 'Fall', 2002, 'D', '51', 'E');
insert into section values('321', '1', 'Spring', 2001, 'C', '656', 'A');
insert into section values('855', '1', 'Fall', 2003, 'D', '919', 'G');
insert into section values('119', '1', 'Spring', 2002, 'C', '656', 'M');
insert into section values('985', '2', 'Fall', 2002, 'A', '164', 'F');
insert into section values('798', '1', 'Fall', 2010, 'C', '939', 'K');
insert into section values('573', '2', 'Spring', 2005, 'C', '939', 'C');
insert into section values('319', '2', 'Fall', 2009, 'D', '919', 'F');
insert into section values('231', '1', 'Fall', 2007, 'C', '656', 'M');
insert into section values('928', '1', 'Fall', 2007, 'B', '872', 'L');
insert into section values('924', '1', 'Spring', 2001, 'A', '717', 'F');
insert into section values('617', '1', 'Fall', 2008, 'A', '717', 'J');
insert into section values('551', '2', 'Fall', 2006, 'A', '164', 'E');
insert into section values('329', '1', 'Fall', 2003, 'A', '717', 'N');
insert into section values('471', '1', 'Fall', 2002, 'A', '164', 'H');
insert into section values('977', '2', 'Fall', 2005, 'C', '656', 'A');
insert into section values('394', '2', 'Spring', 2006, 'I', '194', 'P');
insert into section values('183', '1', 'Fall', 2010, 'D', '51', 'A');
insert into section values('475', '1', 'Fall', 2008, 'D', '51', 'O');
insert into section values('971', '1', 'Fall', 2005, 'I', '194', 'A');
insert into section values('600', '1', 'Fall', 2006, 'D', '919', 'C');
insert into section values('204', '1', 'Spring', 2008, 'A', '164', 'A');
insert into section values('877', '1', 'Spring', 2006, 'D', '919', 'A');
insert into section values('587', '1', 'Spring', 2005, 'A', '717', 'I');
insert into section values('508', '1', 'Spring', 2002, 'C', '939', 'C');
insert into section values('928', '2', 'Fall', 2005, 'B', '872', 'O');
insert into section values('801', '1', 'Fall', 2007, 'C', '939', 'C');
insert into section values('740', '1', 'Spring', 2007, 'D', '51', 'N');
insert into section values('167', '2', 'Fall', 2010, 'H', '864', 'M');
insert into section values('369', '1', 'Fall', 2004, 'C', '939', 'I');
insert into section values('548', '2', 'Fall', 2001, 'C', '656', 'I');
insert into section values('219', '2', 'Spring', 2005, 'C', '656', 'D');
insert into section values('587', '2', 'Spring', 2006, 'C', '656', 'H');
insert into section values('576', '1', 'Spring', 2003, 'D', '51', 'C');
insert into section values('732', '1', 'Fall', 2005, 'A', '717', 'O');
insert into section values('603', '1', 'Fall', 2008, 'D', '919', 'F');
insert into section values('196', '1', 'Spring', 2005, 'C', '939', 'L');
insert into section values('157', '1', 'Spring', 2004, 'D', '806', 'M');
insert into section values('480', '2', 'Spring', 2006, 'I', '194', 'L');
insert into section values('994', '2', 'Fall', 2009, 'D', '51', 'B');
insert into section values('487', '1', 'Spring', 2002, 'C', '656', 'M');
insert into section values('619', '2', 'Fall', 2003, 'H', '864', 'N');
insert into section values('844', '2', 'Fall', 2005, 'H', '864', 'H');
insert into section values('450', '1', 'Fall', 2003, 'A', '717', 'N');
insert into section values('235', '3', 'Fall', 2001, 'C', '656', 'A');
insert into section values('218', '3', 'Fall', 2007, 'D', '919', 'A');
insert into section values('645', '1', 'Spring', 2010, 'I', '194', 'B');
insert into section values('287', '3', 'Fall', 2003, 'I', '194', 'O');
insert into section values('231', '2', 'Spring', 2005, 'A', '717', 'D');
insert into section values('875', '1', 'Spring', 2005, 'A', '164', 'O');
insert into section values('453', '2', 'Spring', 2005, 'D', '806', 'B');
insert into section values('548', '3', 'Spring', 2009, 'D', '806', 'O');
insert into section values('519', '1', 'Fall', 2004, 'D', '919', 'N');
insert into section values('933', '2', 'Spring', 2009, 'B', '872', 'L');
insert into section values('923', '2', 'Fall', 2001, 'I', '194', 'A');
insert into section values('831', '2', 'Spring', 2002, 'D', '806', 'M');
insert into section values('243', '1', 'Spring', 2005, 'C', '656', 'E');
insert into section values('587', '3', 'Spring', 2008, 'C', '939', 'B');
insert into section values('924', '2', 'Spring', 2009, 'B', '872', 'B');
insert into section values('496', '1', 'Spring', 2004, 'D', '806', 'H');
insert into section values('681', '2', 'Fall', 2006, 'C', '939', 'M');
insert into section values('205', '1', 'Fall', 2003, 'D', '51', 'I');
insert into section values('346', '1', 'Fall', 2002, 'D', '919', 'J');
insert into section values('844', '3', 'Fall', 2009, 'D', '51', 'L');
insert into section values('176', '1', 'Spring', 2005, 'C', '656', 'O');
insert into section values('287', '4', 'Fall', 2004, 'A', '164', 'N');
insert into section values('587', '4', 'Fall', 2008, 'D', '806', 'L');
insert into section values('243', '2', 'Spring', 2006, 'D', '919', 'P');
insert into section values('519', '2', 'Spring', 2008, 'I', '194', 'N');
insert into section values('826', '2', 'Fall', 2009, 'C', '939', 'K');
insert into section values('231', '3', 'Fall', 2001, 'C', '656', 'F');
insert into section values('155', '1', 'Spring', 2009, 'I', '194', 'L');
insert into section values('634', '1', 'Spring', 2005, 'D', '919', 'G');
insert into section values('270', '2', 'Fall', 2002, 'I', '194', 'A');
insert into section values('600', '2', 'Spring', 2003, 'D', '919', 'N');
insert into section values('351', '1', 'Fall', 2007, 'D', '51', 'B');
insert into section values('841', '2', 'Fall', 2004, 'B', '872', 'G');
insert into section values('645', '2', 'Spring', 2005, 'A', '717', 'O');
insert into section values('356', '1', 'Spring', 2003, 'A', '164', 'J');
insert into section values('535', '2', 'Fall', 2004, 'D', '806', 'L');
insert into section values('204', '2', 'Spring', 2002, 'B', '872', 'G');
insert into section values('841', '3', 'Fall', 2003, 'D', '51', 'O');
insert into section values('878', '1', 'Fall', 2003, 'D', '919', 'P');
insert into section values('769', '1', 'Fall', 2003, 'A', '164', 'B');
insert into section values('494', '1', 'Spring', 2001, 'D', '51', 'M');
insert into section values('801', '2', 'Spring', 2007, 'A', '717', 'A');
insert into section values('706', '1', 'Spring', 2010, 'A', '717', 'B');
insert into section values('394', '3', 'Fall', 2006, 'H', '864', 'M');
insert into section values('505', '1', 'Fall', 2001, 'D', '806', 'J');
insert into section values('240', '2', 'Fall', 2006, 'C', '939', 'G');
insert into section values('448', '1', 'Fall', 2004, 'D', '806', 'J');
insert into section values('157', '2', 'Fall', 2003, 'D', '919', 'J');
insert into section values('195', '1', 'Fall', 2002, 'C', '939', 'F');
insert into section values('500', '2', 'Spring', 2007, 'C', '656', 'C');
insert into section values('603', '2', 'Spring', 2003, 'C', '939', 'O');
insert into section values('453', '3', 'Fall', 2005, 'A', '717', 'I');
insert into section values('943', '1', 'Fall', 2005, 'B', '872', 'K');
insert into section values('815', '3', 'Spring', 2005, 'H', '864', 'A');
insert into section values('943', '2', 'Fall', 2010, 'H', '864', 'F');
insert into section values('589', '1', 'Fall', 2004, 'D', '806', 'D');
insert into section values('290', '1', 'Fall', 2005, 'H', '864', 'D');
insert into section values('287', '5', 'Spring', 2009, 'D', '51', 'C');
insert into teaches values('15747', '924', '1', 'Spring', 2001);
insert into teaches values('43134', '243', '1', 'Spring', 2005);
insert into teaches values('44127', '587', '1', 'Spring', 2005);
insert into teaches values('51213', '994', '2', 'Fall', 2009);
insert into teaches values('49468', '645', '1', 'Spring', 2010);
insert into teaches values('48329', '600', '1', 'Fall', 2006);
insert into teaches values('43134', '194', '1', 'Fall', 2009);
insert into teaches values('7947', '240', '1', 'Fall', 2010);
insert into teaches values('40533', '541', '1', 'Spring', 2004);
insert into teaches values('43134', '819', '1', 'Fall', 2009);
insert into teaches values('43134', '415', '1', 'Fall', 2006);
insert into teaches values('76338', '684', '2', 'Spring', 2007);
insert into teaches values('26545', '742', '1', 'Fall', 2008);
insert into teaches values('51213', '220', '1', 'Spring', 2001);
insert into teaches values('79036', '480', '1', 'Fall', 2007);
insert into teaches values('52874', '844', '3', 'Fall', 2009);
insert into teaches values('43134', '744', '1', 'Fall', 2003);
insert into teaches values('79036', '496', '1', 'Spring', 2004);
insert into teaches values('49468', '195', '1', 'Fall', 2002);
insert into teaches values('76338', '448', '1', 'Fall', 2004);
insert into teaches values('33955', '355', '2', 'Spring', 2007);
insert into teaches values('33955', '801', '2', 'Spring', 2007);
insert into teaches values('79036', '453', '2', 'Spring', 2005);
insert into teaches values('15747', '722', '1', 'Fall', 2010);
insert into teaches values('73658', '908', '1', 'Spring', 2008);
insert into teaches values('7947', '218', '1', 'Spring', 2001);
insert into teaches values('40533', '831', '1', 'Spring', 2002);
insert into teaches values('7947', '587', '3', 'Spring', 2008);
insert into teaches values('7947', '587', '4', 'Fall', 2008);
insert into teaches values('3796', '576', '1', 'Spring', 2003);
insert into teaches values('79036', '500', '2', 'Spring', 2007);
insert into teaches values('40533', '541', '2', 'Spring', 2001);
insert into teaches values('51213', '446', '3', 'Fall', 2008);
insert into teaches values('21952', '548', '2', 'Fall', 2001);
insert into teaches values('52874', '155', '1', 'Spring', 2009);
insert into teaches values('73658', '844', '1', 'Fall', 2006);
insert into teaches values('33955', '475', '1', 'Fall', 2008);
insert into teaches values('79036', '157', '2', 'Fall', 2003);
insert into teaches values('48329', '375', '1', 'Spring', 2009);
insert into teaches values('49468', '289', '1', 'Spring', 2010);
insert into teaches values('52874', '878', '1', 'Fall', 2003);
insert into teaches values('15747', '618', '2', 'Fall', 2007);
insert into teaches values('51213', '305', '1', 'Spring', 2009);
insert into teaches values('51213', '220', '2', 'Spring', 2008);
insert into teaches values('76338', '335', '1', 'Fall', 2010);
insert into teaches values('40533', '923', '2', 'Fall', 2001);
insert into teaches values('79036', '157', '1', 'Spring', 2004);
insert into teaches values('43134', '231', '2', 'Spring', 2005);
insert into teaches values('79036', '798', '1', 'Fall', 2010);
insert into teaches values('51213', '612', '1', 'Fall', 2009);
insert into teaches values('49468', '971', '1', 'Fall', 2005);
insert into teaches values('67550', '815', '1', 'Fall', 2002);
insert into teaches values('79036', '205', '1', 'Fall', 2003);
insert into teaches values('79036', '167', '2', 'Fall', 2010);
insert into teaches values('33955', '355', '1', 'Fall', 2007);
insert into teaches values('40533', '923', '1', 'Spring', 2004);
insert into teaches values('21952', '319', '2', 'Fall', 2009);
insert into teaches values('11321', '235', '1', 'Fall', 2010);
insert into teaches values('40533', '265', '1', 'Spring', 2004);
insert into teaches values('48329', '320', '1', 'Spring', 2004);
insert into teaches values('52874', '951', '1', 'Spring', 2005);
insert into teaches values('33955', '270', '2', 'Fall', 2002);
insert into teaches values('79036', '453', '1', 'Fall', 2009);
insert into teaches values('73658', '471', '1', 'Fall', 2002);
insert into teaches values('51213', '196', '1', 'Spring', 2005);
insert into teaches values('7947', '329', '1', 'Fall', 2003);
insert into teaches values('76338', '684', '1', 'Spring', 2006);
insert into teaches values('7947', '882', '1', 'Spring', 2010);
insert into teaches values('51213', '612', '2', 'Spring', 2003);
insert into teaches values('51213', '994', '1', 'Spring', 2003);
insert into teaches values('40533', '204', '2', 'Spring', 2002);
insert into teaches values('15747', '887', '1', 'Spring', 2009);
insert into teaches values('76338', '519', '2', 'Spring', 2008);
insert into teaches values('76338', '519', '1', 'Fall', 2004);
insert into teaches values('44127', '394', '3', 'Fall', 2006);
insert into teaches values('79036', '928', '1', 'Fall', 2007);
insert into teaches values('49468', '922', '2', 'Fall', 2009);
insert into teaches values('40533', '204', '1', 'Spring', 2008);
insert into teaches values('40533', '831', '2', 'Spring', 2002);
insert into teaches values('79036', '928', '2', 'Fall', 2005);
insert into teaches values('79036', '565', '1', 'Spring', 2002);
insert into teaches values('40533', '287', '4', 'Fall', 2004);
insert into teaches values('61758', '801', '1', 'Fall', 2007);
insert into teaches values('43134', '548', '3', 'Spring', 2009);
insert into teaches values('40533', '573', '2', 'Spring', 2005);
insert into teaches values('33955', '841', '3', 'Fall', 2003);
insert into teaches values('43134', '194', '2', 'Spring', 2003);
insert into teaches values('76338', '826', '1', 'Fall', 2002);
insert into teaches values('11321', '732', '1', 'Fall', 2005);
insert into teaches values('79036', '984', '1', 'Spring', 2007);
insert into teaches values('51213', '586', '1', 'Fall', 2001);
insert into teaches values('51213', '634', '1', 'Spring', 2005);
insert into teaches values('43134', '977', '1', 'Fall', 2010);
insert into teaches values('44127', '386', '1', 'Fall', 2002);
insert into teaches values('3796', '740', '1', 'Spring', 2007);
insert into teaches values('15747', '383', '2', 'Fall', 2006);
insert into teaches values('7947', '875', '1', 'Spring', 2005);
insert into teaches values('76338', '550', '1', 'Spring', 2005);
insert into teaches values('33955', '812', '2', 'Spring', 2006);
insert into teaches values('44127', '240', '2', 'Fall', 2006);
insert into student values('56468', 'Budi', 'FR', 17);
insert into student values('59332', 'Josu', 'EL', 46);
insert into student values('29345', 'Ande', 'RQ', 25);
insert into student values('17854', 'Ande', 'BN', 96);
insert into student values('80851', 'yuyun', 'RQ', 120);
insert into student values('17148', 'Adri', 'DK', 76);
insert into student values('44305', 'Kiki', 'DE', 62);
insert into student values('58686', 'Adri', 'DK', 75);
insert into student values('36766', 'Josu', 'FR', 129);
insert into student values('70393', 'Ande', 'HI', 1);
insert into student values('52215', 'Budi', 'KL', 67);
insert into student values('84575', 'Yohan', 'DF', 110);
insert into student values('24977', 'Ahmad', 'WW', 77);
insert into student values('27133', 'Ahmad', 'DE', 109);
insert into student values('89950', 'Ahmad', 'HI', 44);
insert into student values('34454', 'Ahmad', 'KL', 25);
insert into student values('56134', 'rahmat', 'KL', 16);
insert into student values('66986', 'Kiki', 'KL', 117);
insert into student values('86096', 'rahmat', 'BN', 85);
insert into student values('58963', 'Ande', 'DF', 119);
insert into student values('77688', 'Josu', 'KL', 59);
insert into student values('79364', 'rahmat', 'DE', 116);
insert into student values('33048', 'Budi', 'DE', 92);
insert into student values('42090', 'Yohan', 'DK', 46);
insert into student values('45057', 'Josu', 'EL', 100);
insert into student values('42029', 'Budi', 'FR', 48);
insert into student values('30144', 'rahmat', 'BN', 25);
insert into student values('30765', 'Adri', 'HI', 107);
insert into student values('63228', 'Kiki', 'DF', 39);
insert into student values('36550', 'Ande', 'HI', 107);
insert into student values('41555', 'yuyun', 'DE', 9);
insert into student values('95342', 'Kiki', 'RQ', 36);
insert into student values('44930', 'Josu', 'DE', 3);
insert into student values('20980', 'Johan', 'RQ', 32);
insert into student values('75996', 'Yohan', 'FR', 34);
insert into student values('38689', 'yuyun', 'HI', 10);
insert into student values('42703', 'yuyun', 'BN', 13);
insert into student values('85560', 'yuyun', 'HI', 102);
insert into student values('31652', 'Budi', 'BN', 61);
insert into student values('84022', 'rahmat', 'RQ', 10);
insert into student values('39038', 'Ahmad', 'KL', 112);
insert into student values('2676', 'Ande', 'BN', 61);
insert into student values('79127', 'rahmat', 'KL', 50);
insert into student values('84706', 'Kiki', 'DE', 65);
insert into student values('93735', 'Ande', 'DK', 54);
insert into student values('34924', 'Johan', 'EL', 13);
insert into student values('61951', 'Adri', 'WW', 46);
insert into student values('13494', 'Johan', 'HI', 50);
insert into student values('92743', 'Josu', 'EL', 13);
insert into student values('74433', 'Adri', 'DK', 89);
insert into student values('49414', 'yuyun', 'DK', 25);
insert into student values('28837', 'yuyun', 'BN', 114);
insert into student values('53880', 'rahmat', 'RQ', 108);
insert into student values('53751', 'Yohan', 'EL', 42);
insert into student values('46743', 'yuyun', 'DE', 57);
insert into student values('84866', 'Johan', 'HI', 23);
insert into student values('10132', 'Johan', 'DF', 58);
insert into student values('70287', 'yuyun', 'FR', 3);
insert into student values('17180', 'rahmat', 'DK', 88);
insert into student values('60959', 'Kiki', 'EL', 34);
insert into student values('469', 'Kiki', 'RQ', 0);
insert into student values('63053', 'Yohan', 'EL', 9);
insert into student values('35776', 'Adri', 'DF', 46);
insert into student values('99214', 'Yohan', 'RQ', 68);
insert into student values('47030', 'Ahmad', 'DK', 72);
insert into student values('70802', 'Johan', 'BN', 128);
insert into student values('51149', 'yuyun', 'KL', 48);
insert into student values('34850', 'rahmat', 'DE', 12);
insert into student values('8690', 'Budi', 'RQ', 98);
insert into student values('3073', 'Budi', 'FR', 127);
insert into student values('65902', 'Kiki', 'WW', 55);
insert into student values('16974', 'yuyun', 'HI', 49);
insert into student values('9667', 'Josu', 'BN', 46);
insert into student values('64254', 'rahmat', 'HI', 78);
insert into student values('55662', 'Yohan', 'FR', 106);
insert into student values('44675', 'Yohan', 'DK', 126);
insert into student values('98916', 'yuyun', 'EL', 85);
insert into student values('49257', 'rahmat', 'DE', 14);
insert into student values('28310', 'Ahmad', 'KL', 21);
insert into student values('10549', 'Budi', 'KL', 39);
insert into student values('26063', 'rahmat', 'HI', 15);
insert into student values('80198', 'Budi', 'DF', 52);
insert into student values('34258', 'Kiki', 'BN', 29);
insert into student values('81942', 'Johan', 'FR', 43);
insert into student values('78622', 'Budi', 'BN', 111);
insert into student values('73400', 'Budi', 'DE', 101);
insert into student values('73036', 'yuyun', 'KL', 0);
insert into student values('4793', 'rahmat', 'RQ', 45);
insert into student values('84813', 'Yohan', 'EL', 120);
insert into student values('2656', 'rahmat', 'RQ', 122);
insert into student values('96046', 'Ande', 'HI', 53);
insert into student values('18543', 'Adri', 'HI', 86);
insert into student values('88021', 'Johan', 'WW', 35);
insert into student values('69793', 'Kiki', 'DE', 99);
insert into student values('45411', 'Ahmad', 'DE', 81);
insert into student values('10700', 'yuyun', 'WW', 91);
insert into student values('15793', 'Yohan', 'BN', 125);
insert into student values('39326', 'Johan', 'RQ', 128);
insert into student values('66805', 'Josu', 'BN', 84);
insert into student values('86626', 'Josu', 'HI', 101);
insert into takes values('78622', '287', '2', 'Spring', 2010, 'A+');
insert into takes values('46743', '120', '1', 'Spring', 2004, 'A-');
insert into takes values('99214', '415', '1', 'Fall', 2006, 'A+');
insert into takes values('4793', '618', '2', 'Fall', 2007, 'A-');
insert into takes values('56134', '541', '2', 'Spring', 2001, 'C-');
insert into takes values('41555', '600', '2', 'Spring', 2003, 'B-');
insert into takes values('95342', '383', '1', 'Spring', 2005, 'A+');
insert into takes values('34454', '235', '3', 'Fall', 2001, 'C ');
insert into takes values('86626', '287', '3', 'Fall', 2003, 'A ');
insert into takes values('85560', '924', '1', 'Spring', 2001, 'B-');
insert into takes values('42703', '535', '2', 'Fall', 2004, 'A+');
insert into takes values('86096', '831', '1', 'Spring', 2002, 'C ');
insert into takes values('63053', '550', '1', 'Spring', 2005, 'C+');
insert into takes values('86096', '421', '1', 'Fall', 2007, 'A-');
insert into takes values('34924', '415', '1', 'Fall', 2006, 'A-');
insert into takes values('36550', '984', '1', 'Spring', 2007, 'B+');
insert into takes values('84866', '600', '1', 'Fall', 2006, 'B-');
insert into takes values('84866', '204', '1', 'Spring', 2008, 'A ');
insert into takes values('86626', '535', '1', 'Spring', 2001, 'B-');
insert into takes values('30144', '913', '1', 'Spring', 2007, 'B+');
insert into takes values('92743', '985', '1', 'Spring', 2007, 'B+');
insert into takes values('10549', '589', '1', 'Fall', 2004, 'A-');
insert into takes values('66805', '666', '1', 'Spring', 2009, 'B-');
insert into takes values('28310', '923', '2', 'Fall', 2001, 'C-');
insert into takes values('13494', '351', '1', 'Fall', 2007, 'C ');
insert into takes values('27133', '504', '1', 'Spring', 2009, 'C-');
insert into takes values('8690', '195', '1', 'Fall', 2002, 'A-');
insert into takes values('73400', '194', '1', 'Fall', 2009, 'C ');
insert into takes values('96046', '548', '1', 'Spring', 2004, 'A+');
insert into takes values('69793', '994', '2', 'Fall', 2009, 'C+');
insert into takes values('58963', '994', '1', 'Spring', 2003, 'C-');
insert into takes values('39038', '287', '5', 'Spring', 2009, 'A ');
insert into takes values('84813', '645', '2', 'Spring', 2005, 'A+');
insert into takes values('74433', '535', '2', 'Fall', 2004, 'A-');
insert into takes values('55662', '634', '1', 'Spring', 2005, 'C ');
insert into takes values('53880', '231', '1', 'Fall', 2007, 'B-');
insert into takes values('38689', '732', '1', 'Fall', 2005, 'B ');
insert into takes values('26063', '480', '2', 'Spring', 2006, 'C-');
insert into takes values('16974', '878', '1', 'Fall', 2003, 'A-');
insert into takes values('79364', '587', '1', 'Spring', 2005, 'C ');
insert into takes values('42029', '204', '2', 'Spring', 2002, 'A ');
insert into takes values('80851', '500', '2', 'Spring', 2007, 'B+');
insert into takes values('39326', '157', '1', 'Spring', 2004, 'A-');
insert into takes values('66805', '855', '1', 'Fall', 2003, 'C+');
insert into takes values('20980', '645', '1', 'Spring', 2010, 'C-');
insert into takes values('98916', '784', '1', 'Spring', 2008, 'B ');
insert into takes values('44305', '943', '2', 'Fall', 2010, 'B ');
insert into takes values('84866', '844', '2', 'Fall', 2005, 'C ');
insert into takes values('49414', '587', '1', 'Spring', 2005, 'B ');
insert into takes values('85560', '551', '2', 'Fall', 2006, 'B+');
insert into takes values('45411', '943', '1', 'Fall', 2005, 'A+');
insert into takes values('73400', '571', '1', 'Spring', 2009, 'C+');
insert into takes values('35776', '815', '2', 'Fall', 2006, 'B+');
insert into takes values('3073', '220', '2', 'Spring', 2008, 'B-');
insert into takes values('3073', '413', '1', 'Spring', 2008, 'B+');
insert into takes values('34454', '894', '1', 'Fall', 2001, 'C-');
insert into takes values('56468', '346', '1', 'Fall', 2002, 'A+');
insert into takes values('65902', '535', '2', 'Fall', 2004, 'B-');
insert into takes values('26063', '784', '1', 'Spring', 2008, 'B+');
insert into takes values('45057', '844', '3', 'Fall', 2009, 'C ');
insert into takes values('86096', '386', '1', 'Fall', 2002, 'A-');
insert into takes values('95342', '804', '1', 'Spring', 2003, 'B-');
insert into takes values('38689', '855', '1', 'Fall', 2003, 'B-');
insert into takes values('69793', '339', '1', 'Spring', 2008, 'A ');
insert into takes values('86096', '321', '1', 'Spring', 2001, 'C ');
insert into takes values('41555', '571', '2', 'Spring', 2006, 'B ');
insert into takes values('44675', '369', '1', 'Fall', 2004, 'A ');
insert into takes values('44305', '335', '1', 'Fall', 2010, 'C-');
insert into takes values('84813', '321', '1', 'Spring', 2001, 'A+');
insert into takes values('17180', '120', '1', 'Spring', 2004, 'C+');
insert into takes values('69793', '571', '2', 'Spring', 2006, 'C ');
insert into takes values('27133', '844', '3', 'Fall', 2009, 'A-');
insert into takes values('17148', '339', '1', 'Spring', 2008, 'C ');
insert into takes values('79364', '551', '1', 'Spring', 2004, 'C-');
insert into takes values('93735', '548', '1', 'Spring', 2004, 'B-');
insert into takes values('39326', '446', '3', 'Fall', 2008, 'B+');
insert into takes values('26063', '831', '2', 'Spring', 2002, 'A+');
insert into takes values('59332', '243', '1', 'Spring', 2005, 'B ');
insert into takes values('86096', '183', '1', 'Fall', 2010, 'C-');
insert into takes values('44675', '587', '2', 'Spring', 2006, 'C-');
insert into takes values('469', '535', '1', 'Spring', 2001, 'B ');
insert into takes values('61951', '219', '2', 'Spring', 2005, 'B-');
insert into takes values('79127', '684', '1', 'Spring', 2006, 'A-');
insert into takes values('17854', '571', '1', 'Spring', 2009, 'C ');
insert into takes values('44675', '908', '1', 'Spring', 2008, 'B-');
insert into takes values('52215', '289', '1', 'Spring', 2010, 'B ');
insert into takes values('84022', '784', '1', 'Spring', 2008, 'C+');
insert into takes values('86626', '923', '2', 'Fall', 2001, 'A ');
insert into takes values('13494', '480', '2', 'Spring', 2006, 'A-');
insert into takes values('44305', '354', '1', 'Fall', 2010, 'A ');
insert into takes values('65902', '574', '1', 'Spring', 2010, 'B ');
insert into takes values('17148', '844', '3', 'Fall', 2009, 'A ');
insert into takes values('92743', '218', '1', 'Spring', 2001, 'A+');
insert into takes values('34454', '573', '2', 'Spring', 2005, 'C+');
insert into takes values('79127', '320', '1', 'Spring', 2004, 'A ');
insert into takes values('63053', '913', '1', 'Spring', 2007, 'A+');
insert into takes values('42090', '603', '1', 'Fall', 2008, 'C-');
insert into takes values('45411', '500', '2', 'Spring', 2007, 'A-');
insert into takes values('30765', '415', '1', 'Fall', 2006, 'B ');
insert into takes values('77688', '875', '1', 'Spring', 2005, 'A-');
insert into takes values('8690', '977', '1', 'Fall', 2010, 'A ');
insert into takes values('42029', '589', '1', 'Fall', 2004, 'C+');
insert into takes values('65902', '612', '1', 'Fall', 2009, 'A ');
insert into takes values('56134', '971', '1', 'Fall', 2005, 'B ');
insert into takes values('92743', '240', '1', 'Fall', 2010, 'A+');
insert into takes values('45057', '446', '1', 'Spring', 2007, 'C ');
insert into takes values('42029', '612', '2', 'Spring', 2003, 'A ');
insert into takes values('51149', '394', '1', 'Fall', 2010, 'A-');
insert into takes values('41555', '548', '3', 'Spring', 2009, 'C-');
insert into takes values('469', '319', '1', 'Fall', 2003, 'A+');
insert into takes values('56134', '446', '3', 'Fall', 2008, 'C-');
insert into takes values('66805', '167', '2', 'Fall', 2010, 'A+');
insert into takes values('469', '167', '1', 'Fall', 2002, 'A+');
insert into takes values('59332', '548', '2', 'Fall', 2001, 'C-');
insert into takes values('74433', '971', '1', 'Fall', 2005, 'B ');
insert into takes values('45057', '453', '1', 'Fall', 2009, 'A+');
insert into takes values('86096', '634', '1', 'Spring', 2005, 'A ');
insert into takes values('39326', '984', '1', 'Spring', 2007, 'C+');
insert into takes values('17854', '977', '1', 'Fall', 2010, 'A+');
insert into takes values('74433', '882', '1', 'Spring', 2010, 'B-');
insert into takes values('80198', '525', '1', 'Spring', 2004, 'C+');
insert into takes values('36550', '634', '1', 'Spring', 2005, 'C ');
insert into takes values('30765', '122', '1', 'Fall', 2006, 'C+');
insert into takes values('4793', '183', '1', 'Fall', 2010, 'C+');
insert into takes values('61951', '587', '1', 'Spring', 2005, 'C+');
insert into takes values('58963', '924', '1', 'Spring', 2001, 'A+');
insert into takes values('34454', '453', '3', 'Fall', 2005, 'C+');
insert into takes values('86626', '453', '3', 'Fall', 2005, 'C-');
insert into takes values('98916', '240', '1', 'Fall', 2010, 'C+');
insert into takes values('20980', '204', '1', 'Spring', 2008, 'B-');
insert into takes values('18543', '985', '1', 'Spring', 2007, 'B+');
insert into takes values('86096', '551', '1', 'Spring', 2004, 'B+');
insert into takes values('60959', '618', '1', 'Fall', 2005, 'C-');
insert into takes values('74433', '500', '2', 'Spring', 2007, 'B-');
insert into takes values('89950', '985', '2', 'Fall', 2002, 'C ');
insert into takes values('80198', '706', '1', 'Spring', 2010, 'A-');
insert into takes values('51149', '612', '1', 'Fall', 2009, 'A ');
insert into takes values('66986', '619', '1', 'Spring', 2009, 'A-');
insert into takes values('59332', '548', '3', 'Spring', 2009, 'A+');
insert into takes values('61951', '977', '1', 'Fall', 2010, 'B ');
insert into takes values('44305', '600', '1', 'Fall', 2006, 'B ');
insert into takes values('70802', '235', '3', 'Fall', 2001, 'C ');
insert into takes values('16974', '618', '2', 'Fall', 2007, 'C ');
insert into takes values('84866', '287', '4', 'Fall', 2004, 'C ');
insert into takes values('4793', '119', '1', 'Spring', 2002, 'C ');
insert into takes values('16974', '571', '2', 'Spring', 2006, 'A ');
insert into takes values('10700', '195', '1', 'Fall', 2002, 'C-');
insert into takes values('24977', '450', '1', 'Fall', 2003, 'A-');
insert into takes values('34258', '645', '1', 'Spring', 2010, 'B ');
insert into takes values('73400', '801', '1', 'Fall', 2007, 'B-');
insert into takes values('65902', '235', '2', 'Fall', 2006, 'C-');
insert into takes values('29345', '617', '1', 'Fall', 2008, 'C ');
insert into takes values('52215', '394', '2', 'Spring', 2006, 'B-');
insert into takes values('29345', '917', '1', 'Spring', 2008, 'C-');
insert into takes values('26063', '548', '3', 'Spring', 2009, 'A+');
insert into takes values('10132', '243', '2', 'Spring', 2006, 'C+');
insert into takes values('13494', '684', '1', 'Spring', 2006, 'C+');
insert into takes values('36766', '196', '1', 'Spring', 2005, 'B+');
insert into takes values('18543', '475', '1', 'Fall', 2008, 'B-');
insert into takes values('2656', '855', '1', 'Fall', 2003, 'B+');
insert into takes values('74433', '551', '1', 'Spring', 2004, 'B ');
insert into takes values('52215', '826', '1', 'Fall', 2002, 'A ');
insert into takes values('17148', '985', '2', 'Fall', 2002, 'B+');
insert into takes values('84866', '587', '3', 'Spring', 2008, 'C-');
insert into takes values('88021', '589', '1', 'Fall', 2004, 'A+');
insert into takes values('16974', '421', '1', 'Fall', 2007, 'A ');
insert into takes values('96046', '122', '1', 'Fall', 2006, 'B-');
insert into takes values('24977', '540', '1', 'Spring', 2005, 'A+');
insert into takes values('89950', '204', '2', 'Spring', 2002, 'C-');
insert into takes values('44930', '732', '1', 'Fall', 2005, 'C ');
insert into takes values('4793', '480', '1', 'Fall', 2007, 'C+');
insert into takes values('469', '943', '2', 'Fall', 2010, 'B+');
insert into takes values('33048', '645', '2', 'Spring', 2005, 'B+');
insert into takes values('20980', '540', '1', 'Spring', 2005, 'C-');
insert into takes values('10549', '204', '2', 'Spring', 2002, 'B-');
insert into takes values('80851', '933', '2', 'Spring', 2009, 'B-');
insert into takes values('13494', '740', '1', 'Spring', 2007, 'B+');
insert into takes values('84022', '183', '1', 'Fall', 2010, 'C ');
insert into takes values('56134', '924', '2', 'Spring', 2009, 'A+');
insert into takes values('84813', '587', '3', 'Spring', 2008, 'B-');
insert into takes values('28310', '943', '2', 'Fall', 2010, 'A ');
insert into takes values('28310', '194', '1', 'Fall', 2009, 'A-');
insert into takes values('2676', '480', '1', 'Fall', 2007, 'C+');
insert into takes values('42029', '928', '2', 'Fall', 2005, 'A-');
insert into takes values('34258', '157', '2', 'Fall', 2003, 'C-');
insert into takes values('44930', '801', '1', 'Fall', 2007, 'A-');
insert into takes values('80198', '319', '1', 'Fall', 2003, 'A ');
insert into takes values('89950', '351', '1', 'Fall', 2007, 'B+');
insert into takes values('35776', '471', '1', 'Fall', 2002, 'B+');
insert into takes values('95342', '600', '2', 'Spring', 2003, 'A+');
insert into takes values('31652', '218', '3', 'Fall', 2007, 'C-');
insert into takes values('70393', '666', '1', 'Spring', 2009, 'C ');
insert into takes values('80851', '541', '1', 'Spring', 2004, 'A-');
insert into takes values('44305', '573', '1', 'Spring', 2002, 'C+');
insert into takes values('89950', '841', '1', 'Fall', 2006, 'B-');
insert into takes values('75996', '453', '1', 'Fall', 2009, 'C-');
insert into takes values('58686', '801', '2', 'Spring', 2007, 'B-');
insert into takes values('10700', '894', '1', 'Fall', 2001, 'C ');
insert into takes values('63228', '243', '2', 'Spring', 2006, 'A ');
insert into takes values('52215', '122', '1', 'Fall', 2006, 'A-');
insert into advisor values('56468', '26545');
insert into advisor values('59332', '50459');
insert into advisor values('29345', '49229');
insert into advisor values('17854', '67550');
insert into advisor values('80851', '2406');
insert into advisor values('17148', '99002');
insert into advisor values('44305', '10184');
insert into advisor values('58686', '15747');
insert into advisor values('36766', '72329');
insert into advisor values('70393', '44127');
insert into advisor values('52215', '80616');
insert into advisor values('84575', '38899');
insert into advisor values('24977', '72329');
insert into advisor values('27133', '43134');
insert into advisor values('89950', '76338');
insert into advisor values('34454', '11321');
insert into advisor values('56134', '10184');
insert into advisor values('66986', '17871');
insert into advisor values('86096', '36773');
insert into advisor values('58963', '10749');
insert into advisor values('77688', '80616');
insert into advisor values('79364', '99002');
insert into advisor values('33048', '8728');
insert into advisor values('42090', '72922');
insert into advisor values('45057', '72329');
insert into advisor values('42029', '49229');
insert into advisor values('30144', '48329');
insert into advisor values('30765', '3629');
insert into advisor values('63228', '73658');
insert into advisor values('36550', '51213');
insert into advisor values('41555', '80616');
insert into advisor values('95342', '80274');
insert into advisor values('44930', '15747');
insert into advisor values('20980', '36369');
insert into advisor values('75996', '7947');
insert into advisor values('38689', '11321');
insert into advisor values('42703', '36773');
insert into advisor values('85560', '26545');
insert into advisor values('31652', '54518');
insert into advisor values('84022', '8728');
insert into advisor values('39038', '61444');
insert into advisor values('2676', '20560');
insert into advisor values('79127', '99002');
insert into advisor values('84706', '49229');
insert into advisor values('93735', '529');
insert into advisor values('34924', '76338');
insert into advisor values('61951', '26579');
insert into advisor values('13494', '49468');
insert into advisor values('92743', '52874');
insert into advisor values('74433', '40533');
insert into advisor values('49414', '3629');
insert into advisor values('28837', '7947');
insert into advisor values('53880', '26545');
insert into advisor values('53751', '43134');
insert into advisor values('46743', '33955');
insert into advisor values('84866', '67550');
insert into advisor values('10132', '38899');
insert into advisor values('70287', '61444');
insert into advisor values('17180', '21952');
insert into advisor values('60959', '10184');
insert into advisor values('469', '72922');
insert into advisor values('63053', '61444');
insert into advisor values('35776', '72922');
insert into advisor values('99214', '3629');
insert into advisor values('47030', '3796');
insert into advisor values('70802', '44127');
insert into advisor values('51149', '36773');
insert into advisor values('34850', '72329');
insert into advisor values('8690', '8728');
insert into advisor values('3073', '81288');
insert into advisor values('65902', '26545');
insert into advisor values('16974', '43134');
insert into advisor values('9667', '54518');
insert into advisor values('64254', '49468');
insert into advisor values('55662', '80616');
insert into advisor values('44675', '44127');
insert into advisor values('98916', '61444');
insert into advisor values('49257', '71282');
insert into advisor values('28310', '78717');
insert into advisor values('10549', '26579');
insert into advisor values('26063', '52874');
insert into advisor values('80198', '8728');
insert into advisor values('34258', '44127');
insert into advisor values('81942', '3629');
insert into advisor values('78622', '72922');
insert into advisor values('73400', '529');
insert into advisor values('73036', '80616');
insert into advisor values('4793', '48329');
insert into advisor values('84813', '80616');
insert into advisor values('2656', '61444');
insert into advisor values('96046', '36773');
insert into advisor values('18543', '73658');
insert into advisor values('88021', '3629');
insert into advisor values('69793', '3629');
insert into advisor values('45411', '10749');
insert into advisor values('10700', '10749');
insert into advisor values('15793', '66170');
insert into advisor values('39326', '47388');
insert into advisor values('66805', '79821');
insert into advisor values('86626', '83288');
insert into prereq values('619', '900');
insert into prereq values('538', '727');
insert into prereq values('600', '647');
insert into prereq values('548', '205');
insert into prereq values('240', '800');
insert into prereq values('844', '961');
insert into prereq values('900', '167');
insert into prereq values('646', '878');
insert into prereq values('701', '321');
insert into prereq values('887', '985');
insert into prereq values('319', '700');
insert into prereq values('761', '459');
insert into prereq values('571', '354');
insert into prereq values('263', '356');
insert into prereq values('195', '699');
insert into prereq values('779', '329');
insert into prereq values('475', '125');
insert into prereq values('548', '682');
insert into prereq values('984', '538');
insert into prereq values('119', '417');
insert into prereq values('755', '339');
insert into prereq values('541', '219');
insert into prereq values('925', '500');
insert into prereq values('281', '338');
insert into prereq values('383', '508');
insert into prereq values('740', '707');
insert into prereq values('122', '573');
insert into prereq values('701', '112');
insert into prereq values('335', '339');
insert into prereq values('354', '619');
insert into prereq values('707', '532');
insert into prereq values('287', '290');
insert into prereq values('179', '798');
insert into prereq values('246', '878');
insert into prereq values('195', '519');
insert into prereq values('951', '706');
insert into prereq values('933', '680');
insert into prereq values('319', '681');
insert into prereq values('666', '961');
insert into prereq values('769', '183');
insert into prereq values('640', '617');
insert into prereq values('112', '119');
insert into prereq values('290', '815');
insert into prereq values('740', '917');
insert into prereq values('425', '922');
insert into prereq values('176', '157');
insert into prereq values('487', '355');
insert into prereq values('487', '338');
insert into prereq values('471', '175');
insert into prereq values('338', '122');
insert into prereq values('878', '351');
insert into prereq values('125', '538');
insert into prereq values('237', '355');
insert into prereq values('897', '875');
insert into prereq values('339', '265');
insert into prereq values('605', '475');
insert into prereq values('648', '706');
insert into prereq values('666', '826');
insert into prereq values('321', '589');
insert into prereq values('312', '586');
insert into prereq values('761', '293');
insert into prereq values('875', '693');
insert into prereq values('701', '917');
insert into prereq values('205', '928');
insert into prereq values('240', '175');
insert into prereq values('571', '498');
insert into prereq values('798', '844');
insert into prereq values('732', '666');
insert into prereq values('119', '240');
insert into prereq values('732', '682');
insert into prereq values('965', '362');
insert into prereq values('924', '699');
insert into prereq values('875', '619');
insert into prereq values('480', '134');
insert into prereq values('237', '394');
insert into prereq values('645', '417');
insert into prereq values('971', '951');
insert into prereq values('756', '574');
insert into prereq values('680', '349');
insert into prereq values('648', '923');
insert into prereq values('875', '195');
insert into prereq values('586', '157');
insert into prereq values('540', '587');
insert into prereq values('722', '421');
insert into prereq values('923', '574');
insert into prereq values('333', '386');
insert into prereq values('761', '394');
insert into prereq values('819', '312');
insert into prereq values('450', '587');
insert into prereq values('326', '504');
insert into prereq values('487', '699');
insert into prereq values('841', '386');
insert into prereq values('587', '768');
insert into prereq values('263', '923');
insert into prereq values('984', '326');
insert into prereq values('634', '815');
insert into prereq values('383', '183');
insert into prereq values('450', '540');
insert into prereq values('551', '508');
insert into prereq values('755', '740');
