insert into classroom values('C', 886, 64);
insert into classroom values('E', 203, 65);
insert into classroom values('I', 256, 23);
insert into classroom values('I', 794, 30);
insert into classroom values('H', 983, 24);
insert into classroom values('J', 343, 10);
insert into classroom values('D', 285, 79);
insert into classroom values('J', 664, 16);
insert into classroom values('F', 970, 44);
insert into classroom values('A', 836, 14);
insert into department values('DE', 'G', 485966.67);
insert into department values('RR', 'D', 275956.77);
insert into department values('SS', 'B', 725764.38);
insert into department values('RQ', 'G', 861369.52);
insert into department values('ED', 'J', 5628.76);
insert into department values('MT', 'J', 93401.10);
insert into department values('EL', 'C', 523219.18);
insert into department values('DK', 'G', 167259.17);
insert into department values('HH', 'I', 561924.85);
insert into department values('DF', 'J', 796521.17);
insert into course values('953', 'IF0230', 'RR', 3);
insert into course values('781', 'IF3211', 'HH', 3);
insert into course values('552', 'IF4321', 'RR', 3);
insert into course values('125', 'IF3030', 'DK', 3);
insert into course values('961', 'IF3022', 'EL', 4);
insert into course values('713', 'IF3022', 'DF', 3);
insert into course values('667', 'IF3120', 'RR', 4);
insert into course values('830', 'IF3120', 'DE', 4);
insert into course values('496', 'IF3022', 'DK', 3);
insert into course values('231', 'IF5555', 'HH', 4);
insert into course values('957', 'IF5555', 'EL', 3);
insert into course values('300', 'IF4041', 'EL', 4);
insert into course values('453', 'IF3120', 'RQ', 3);
insert into course values('373', 'IF3333', 'RQ', 3);
insert into course values('360', 'IF3031', 'EL', 3);
insert into course values('195', 'IF3030', 'RQ', 4);
insert into course values('307', 'IF3120', 'DK', 3);
insert into course values('637', 'IF3120', 'DF', 3);
insert into course values('680', 'IF3022', 'EL', 3);
insert into course values('339', 'IF3211', 'MT', 3);
insert into course values('958', 'IF3211', 'DE', 3);
insert into course values('132', 'IF3211', 'ED', 3);
insert into course values('544', 'IF3031', 'ED', 4);
insert into course values('918', 'IF3030', 'DE', 3);
insert into course values('907', 'IF3022', 'HH', 4);
insert into course values('833', 'IF4041', 'RR', 3);
insert into course values('729', 'IF0230', 'DE', 3);
insert into course values('741', 'IF3030', 'RQ', 3);
insert into course values('817', 'IF3022', 'SS', 3);
insert into course values('962', 'IF3030', 'EL', 3);
insert into course values('946', 'IF4041', 'RQ', 4);
insert into course values('992', 'IF4041', 'DK', 3);
insert into course values('309', 'IF3333', 'ED', 3);
insert into course values('381', 'IF5555', 'MT', 4);
insert into course values('591', 'IF3022', 'DF', 3);
insert into course values('565', 'IF3211', 'ED', 3);
insert into course values('372', 'IF3031', 'MT', 4);
insert into course values('894', 'IF3022', 'SS', 4);
insert into course values('220', 'IF4041', 'DE', 3);
insert into course values('361', 'IF3030', 'DE', 4);
insert into course values('521', 'IF4321', 'DK', 4);
insert into course values('147', 'IF4321', 'RR', 4);
insert into course values('922', 'IF0230', 'EL', 3);
insert into course values('982', 'IF3030', 'DK', 3);
insert into course values('343', 'IF4041', 'SS', 3);
insert into course values('626', 'IF0230', 'SS', 3);
insert into course values('654', 'IF4041', 'ED', 3);
insert into course values('166', 'IF4321', 'DK', 3);
insert into course values('216', 'IF3120', 'RQ', 4);
insert into course values('404', 'IF4321', 'DF', 3);
insert into course values('120', 'IF5555', 'MT', 3);
insert into course values('721', 'IF3030', 'RQ', 4);
insert into course values('236', 'IF4041', 'SS', 3);
insert into course values('676', 'IF5555', 'DK', 4);
insert into course values('761', 'IF3031', 'EL', 4);
insert into course values('506', 'IF4041', 'RR', 4);
insert into course values('972', 'IF3333', 'SS', 4);
insert into course values('615', 'IF5555', 'DF', 3);
insert into course values('283', 'IF3030', 'SS', 4);
insert into course values('728', 'IF5555', 'RQ', 4);
insert into course values('651', 'IF3333', 'EL', 4);
insert into course values('681', 'IF3211', 'RQ', 3);
insert into course values('550', 'IF3031', 'EL', 4);
insert into course values('345', 'IF4041', 'DE', 4);
insert into course values('482', 'IF3333', 'DF', 3);
insert into course values('286', 'IF0230', 'DF', 3);
insert into course values('966', 'IF3120', 'DF', 4);
insert into course values('374', 'IF0230', 'DF', 4);
insert into course values('210', 'IF4321', 'DK', 4);
insert into course values('636', 'IF4041', 'HH', 4);
insert into course values('413', 'IF3022', 'HH', 4);
insert into course values('357', 'IF4321', 'DE', 4);
insert into course values('687', 'IF4041', 'RR', 4);
insert into course values('563', 'IF4321', 'DK', 4);
insert into course values('362', 'IF3022', 'HH', 3);
insert into course values('428', 'IF5555', 'RR', 3);
insert into course values('179', 'IF3031', 'DE', 4);
insert into course values('199', 'IF3022', 'SS', 4);
insert into course values('131', 'IF3211', 'MT', 4);
insert into course values('303', 'IF3031', 'DK', 4);
insert into course values('237', 'IF3022', 'DE', 3);
insert into course values('531', 'IF0230', 'HH', 4);
insert into course values('593', 'IF3333', 'HH', 4);
insert into course values('113', 'IF3030', 'ED', 4);
insert into course values('318', 'IF3211', 'DK', 3);
insert into course values('589', 'IF3333', 'RR', 3);
insert into course values('366', 'IF4041', 'DE', 4);
insert into course values('582', 'IF5555', 'DK', 4);
insert into course values('248', 'IF3211', 'DK', 4);
insert into course values('158', 'IF4041', 'RR', 3);
insert into course values('835', 'IF3120', 'DE', 4);
insert into course values('987', 'IF0230', 'HH', 3);
insert into course values('400', 'IF0230', 'DF', 3);
insert into course values('396', 'IF4041', 'SS', 3);
insert into course values('102', 'IF3031', 'RQ', 3);
insert into course values('731', 'IF3030', 'MT', 4);
insert into course values('532', 'IF3333', 'RR', 3);
insert into course values('302', 'IF5555', 'RQ', 3);
insert into course values('618', 'IF0230', 'SS', 4);
insert into course values('291', 'IF3211', 'MT', 4);
insert into course values('514', 'IF3333', 'DE', 4);
insert into course values('906', 'IF5555', 'SS', 4);
insert into course values('123', 'IF3022', 'EL', 3);
insert into course values('853', 'IF3031', 'RQ', 3);
insert into course values('911', 'IF4321', 'DE', 4);
insert into course values('746', 'IF3030', 'EL', 4);
insert into course values('670', 'IF3022', 'MT', 3);
insert into course values('505', 'IF5555', 'RR', 3);
insert into course values('460', 'IF3022', 'RQ', 4);
insert into course values('439', 'IF3333', 'DE', 4);
insert into course values('749', 'IF3030', 'HH', 3);
insert into course values('652', 'IF5555', 'MT', 3);
insert into course values('617', 'IF3211', 'RQ', 3);
insert into course values('144', 'IF3333', 'EL', 4);
insert into course values('130', 'IF3031', 'EL', 4);
insert into course values('163', 'IF3030', 'EL', 4);
insert into course values('545', 'IF5555', 'EL', 3);
insert into course values('844', 'IF0230', 'HH', 3);
insert into course values('389', 'IF4041', 'ED', 4);
insert into course values('949', 'IF3211', 'RQ', 4);
insert into course values('876', 'IF3211', 'HH', 4);
insert into course values('235', 'IF3120', 'DE', 3);
insert into course values('344', 'IF3030', 'ED', 4);
insert into course values('201', 'IF5555', 'HH', 4);
insert into course values('690', 'IF3022', 'RR', 3);
insert into course values('117', 'IF4041', 'MT', 4);
insert into course values('607', 'IF3030', 'DF', 4);
insert into course values('801', 'IF3211', 'DK', 4);
insert into course values('129', 'IF3333', 'DE', 3);
insert into course values('839', 'IF3022', 'RQ', 3);
insert into course values('822', 'IF3030', 'RR', 4);
insert into course values('468', 'IF3031', 'DK', 3);
insert into course values('738', 'IF3031', 'DF', 3);
insert into course values('489', 'IF4041', 'RQ', 4);
insert into course values('924', 'IF4041', 'DE', 3);
insert into course values('785', 'IF3031', 'SS', 3);
insert into course values('596', 'IF5555', 'DF', 3);
insert into course values('539', 'IF5555', 'HH', 3);
insert into course values('370', 'IF5555', 'DE', 4);
insert into course values('925', 'IF3120', 'MT', 4);
insert into course values('386', 'IF3333', 'ED', 4);
insert into course values('457', 'IF0230', 'ED', 4);
insert into course values('513', 'IF4321', 'EL', 4);
insert into course values('274', 'IF5555', 'DF', 4);
insert into course values('155', 'IF3022', 'HH', 4);
insert into course values('346', 'IF3030', 'RR', 3);
insert into course values('885', 'IF4321', 'EL', 3);
insert into course values('614', 'IF4041', 'RR', 4);
insert into course values('870', 'IF3211', 'ED', 3);
insert into course values('278', 'IF5555', 'EL', 3);
insert into course values('913', 'IF3120', 'HH', 3);
insert into course values('512', 'IF4041', 'EL', 3);
insert into course values('143', 'IF3211', 'ED', 3);
insert into course values('397', 'IF3333', 'EL', 4);
insert into course values('263', 'IF3022', 'MT', 4);
insert into course values('682', 'IF4041', 'RQ', 3);
insert into course values('214', 'IF3211', 'SS', 4);
insert into course values('395', 'IF5555', 'DF', 4);
insert into course values('752', 'IF4041', 'MT', 4);
insert into course values('466', 'IF3211', 'HH', 3);
insert into course values('621', 'IF3030', 'HH', 3);
insert into course values('217', 'IF4321', 'EL', 3);
insert into course values('556', 'IF5555', 'DF', 4);
insert into course values('212', 'IF5555', 'DK', 3);
insert into course values('794', 'IF3030', 'ED', 4);
insert into course values('598', 'IF3120', 'SS', 4);
insert into course values('150', 'IF4321', 'DK', 3);
insert into course values('893', 'IF3211', 'ED', 3);
insert into course values('664', 'IF0230', 'RQ', 4);
insert into course values('260', 'IF4321', 'RQ', 3);
insert into course values('574', 'IF3120', 'RR', 3);
insert into course values('951', 'IF3022', 'DE', 3);
insert into course values('401', 'IF3022', 'MT', 4);
insert into course values('171', 'IF3211', 'RR', 4);
insert into course values('557', 'IF3211', 'EL', 3);
insert into course values('351', 'IF3022', 'ED', 4);
insert into course values('349', 'IF4041', 'DE', 3);
insert into course values('425', 'IF3022', 'DF', 3);
insert into course values('634', 'IF0230', 'ED', 3);
insert into course values('857', 'IF4321', 'DK', 3);
insert into course values('331', 'IF4321', 'MT', 4);
insert into course values('568', 'IF0230', 'MT', 4);
insert into course values('501', 'IF4041', 'HH', 3);
insert into course values('448', 'IF4041', 'SS', 3);
insert into course values('575', 'IF3030', 'DE', 4);
insert into course values('578', 'IF3031', 'EL', 3);
insert into course values('537', 'IF4321', 'DK', 4);
insert into course values('866', 'IF5555', 'HH', 3);
insert into course values('257', 'IF3030', 'DK', 3);
insert into course values('407', 'IF0230', 'ED', 3);
insert into course values('878', 'IF3031', 'RR', 3);
insert into course values('905', 'IF3211', 'DE', 4);
insert into course values('751', 'IF0230', 'DK', 3);
insert into course values('771', 'IF3022', 'MT', 3);
insert into course values('540', 'IF4041', 'EL', 4);
insert into course values('392', 'IF3333', 'EL', 4);
insert into course values('329', 'IF3022', 'EL', 3);
insert into course values('668', 'IF5555', 'MT', 3);
insert into course values('700', 'IF3120', 'SS', 4);
insert into course values('424', 'IF4321', 'DF', 3);
insert into instructor values('12116', 'Josu', 'HH', 37007.95);
insert into instructor values('76863', 'yuyun', 'ED', 127361.41);
insert into instructor values('41377', 'Ahmad', 'SS', 33165.29);
insert into instructor values('94237', 'Josu', 'MT', 86818.99);
insert into instructor values('8312', 'Ande', 'RR', 95843.78);
insert into instructor values('69914', 'rahmat', 'MT', 106132.60);
insert into instructor values('39025', 'Kiki', 'SS', 126861.04);
insert into instructor values('51284', 'Ande', 'DK', 115406.20);
insert into instructor values('32005', 'Johan', 'RQ', 123526.82);
insert into instructor values('85648', 'Yohan', 'HH', 58117.23);
insert into instructor values('93840', 'Kiki', 'RR', 64671.29);
insert into instructor values('18961', 'Johan', 'DE', 85606.53);
insert into instructor values('16400', 'Yohan', 'DF', 123042.57);
insert into instructor values('78270', 'Johan', 'SS', 73550.47);
insert into instructor values('55779', 'Yohan', 'MT', 35655.94);
insert into instructor values('69952', 'Yohan', 'RR', 87164.16);
insert into instructor values('27085', 'Yohan', 'MT', 114165.97);
insert into instructor values('96993', 'Josu', 'RR', 55184.90);
insert into instructor values('40047', 'Yohan', 'HH', 118445.51);
insert into instructor values('59181', 'rahmat', 'RQ', 86611.35);
insert into instructor values('30160', 'Ahmad', 'MT', 48294.12);
insert into instructor values('38292', 'yuyun', 'RQ', 78724.23);
insert into instructor values('97912', 'Yohan', 'DE', 30561.83);
insert into instructor values('81094', 'Adri', 'MT', 120090.43);
insert into instructor values('39695', 'Kiki', 'RQ', 91961.96);
insert into instructor values('72533', 'Kiki', 'DF', 88053.09);
insert into instructor values('65762', 'Yohan', 'RQ', 111460.71);
insert into instructor values('40374', 'Johan', 'ED', 76635.94);
insert into instructor values('53150', 'Ande', 'ED', 40368.85);
insert into instructor values('9375', 'Kiki', 'RR', 67841.11);
insert into instructor values('54739', 'Yohan', 'MT', 63124.54);
insert into instructor values('37226', 'Budi', 'SS', 76995.20);
insert into instructor values('90161', 'Josu', 'RQ', 47244.37);
insert into instructor values('98928', 'Kiki', 'DF', 61099.43);
insert into instructor values('15437', 'Budi', 'RQ', 97033.18);
insert into instructor values('76367', 'Adri', 'MT', 78065.23);
insert into instructor values('99613', 'Ahmad', 'DK', 82381.27);
insert into instructor values('38404', 'Ahmad', 'HH', 124267.64);
insert into instructor values('78071', 'rahmat', 'SS', 61341.10);
insert into instructor values('30097', 'yuyun', 'HH', 58024.35);
insert into instructor values('32470', 'Yohan', 'DE', 53163.81);
insert into instructor values('23063', 'Yohan', 'MT', 37409.48);
insert into instructor values('97237', 'Kiki', 'DK', 47088.95);
insert into instructor values('57372', 'Johan', 'SS', 62236.39);
insert into instructor values('26737', 'Budi', 'DF', 51419.58);
insert into instructor values('22215', 'Yohan', 'RR', 112095.19);
insert into instructor values('7018', 'Ande', 'ED', 97277.63);
insert into instructor values('63646', 'yuyun', 'DK', 115005.80);
insert into instructor values('51394', 'Ande', 'ED', 111922.97);
insert into instructor values('75342', 'Yohan', 'EL', 64548.84);
insert into section values('690', '1', 'Spring', 2006, 'E', '203', 'E');
insert into section values('428', '1', 'Fall', 2006, 'D', '285', 'F');
insert into section values('749', '1', 'Fall', 2007, 'F', '970', 'K');
insert into section values('545', '1', 'Spring', 2002, 'I', '794', 'N');
insert into section values('150', '1', 'Spring', 2001, 'I', '794', 'I');
insert into section values('830', '1', 'Fall', 2005, 'E', '203', 'B');
insert into section values('506', '1', 'Spring', 2008, 'J', '343', 'B');
insert into section values('303', '1', 'Fall', 2003, 'I', '794', 'J');
insert into section values('195', '1', 'Spring', 2006, 'I', '256', 'C');
insert into section values('302', '1', 'Spring', 2006, 'J', '343', 'C');
insert into section values('626', '1', 'Fall', 2001, 'E', '203', 'D');
insert into section values('987', '1', 'Fall', 2003, 'I', '256', 'N');
insert into section values('670', '1', 'Fall', 2008, 'E', '203', 'F');
insert into section values('752', '1', 'Spring', 2004, 'I', '256', 'E');
insert into section values('607', '1', 'Fall', 2001, 'A', '836', 'A');
insert into section values('129', '1', 'Fall', 2006, 'J', '664', 'I');
insert into section values('749', '2', 'Fall', 2009, 'C', '886', 'O');
insert into section values('117', '1', 'Spring', 2004, 'I', '256', 'H');
insert into section values('171', '1', 'Spring', 2006, 'H', '983', 'K');
insert into section values('448', '1', 'Spring', 2010, 'I', '794', 'H');
insert into section values('621', '1', 'Spring', 2002, 'J', '664', 'I');
insert into section values('607', '2', 'Fall', 2003, 'E', '203', 'K');
insert into section values('713', '1', 'Spring', 2008, 'I', '794', 'B');
insert into section values('690', '2', 'Spring', 2004, 'A', '836', 'F');
insert into section values('195', '2', 'Spring', 2008, 'J', '664', 'L');
insert into section values('199', '1', 'Fall', 2002, 'H', '983', 'N');
insert into section values('575', '1', 'Spring', 2009, 'F', '970', 'A');
insert into section values('220', '1', 'Fall', 2001, 'J', '664', 'M');
insert into section values('835', '1', 'Spring', 2003, 'J', '664', 'F');
insert into section values('362', '1', 'Fall', 2008, 'J', '343', 'H');
insert into section values('413', '1', 'Spring', 2002, 'H', '983', 'B');
insert into section values('962', '1', 'Spring', 2001, 'E', '203', 'L');
insert into section values('372', '1', 'Fall', 2002, 'J', '343', 'C');
insert into section values('521', '1', 'Fall', 2002, 'J', '343', 'E');
insert into section values('670', '2', 'Fall', 2001, 'J', '664', 'K');
insert into section values('876', '1', 'Fall', 2009, 'H', '983', 'P');
insert into section values('621', '2', 'Fall', 2007, 'C', '886', 'J');
insert into section values('248', '1', 'Spring', 2007, 'I', '794', 'A');
insert into section values('830', '2', 'Fall', 2008, 'I', '256', 'J');
insert into section values('552', '1', 'Fall', 2005, 'E', '203', 'G');
insert into section values('248', '2', 'Fall', 2002, 'D', '285', 'M');
insert into section values('618', '1', 'Spring', 2004, 'A', '836', 'C');
insert into section values('147', '1', 'Spring', 2008, 'I', '794', 'B');
insert into section values('248', '3', 'Spring', 2004, 'J', '343', 'H');
insert into section values('617', '1', 'Spring', 2002, 'A', '836', 'N');
insert into section values('357', '1', 'Spring', 2008, 'I', '256', 'C');
insert into section values('913', '1', 'Fall', 2010, 'I', '794', 'M');
insert into section values('618', '2', 'Spring', 2005, 'E', '203', 'N');
insert into section values('617', '2', 'Spring', 2003, 'E', '203', 'K');
insert into section values('389', '1', 'Spring', 2002, 'H', '983', 'F');
insert into section values('329', '1', 'Spring', 2006, 'C', '886', 'E');
insert into section values('866', '1', 'Spring', 2007, 'C', '886', 'F');
insert into section values('905', '1', 'Spring', 2007, 'E', '203', 'P');
insert into section values('482', '1', 'Fall', 2008, 'I', '794', 'G');
insert into section values('278', '1', 'Spring', 2009, 'J', '664', 'J');
insert into section values('150', '2', 'Spring', 2001, 'J', '343', 'G');
insert into section values('817', '1', 'Spring', 2007, 'F', '970', 'A');
insert into section values('302', '2', 'Spring', 2007, 'C', '886', 'C');
insert into section values('489', '1', 'Fall', 2006, 'E', '203', 'J');
insert into section values('582', '1', 'Spring', 2002, 'J', '664', 'B');
insert into section values('905', '2', 'Fall', 2004, 'A', '836', 'P');
insert into section values('607', '3', 'Fall', 2009, 'H', '983', 'O');
insert into section values('636', '1', 'Fall', 2007, 'A', '836', 'C');
insert into section values('741', '1', 'Fall', 2007, 'J', '343', 'G');
insert into section values('407', '1', 'Spring', 2010, 'I', '794', 'D');
insert into section values('676', '1', 'Spring', 2005, 'H', '983', 'B');
insert into section values('746', '1', 'Spring', 2004, 'D', '285', 'I');
insert into section values('132', '1', 'Fall', 2003, 'J', '664', 'D');
insert into section values('217', '1', 'Fall', 2007, 'I', '794', 'G');
insert into section values('439', '1', 'Fall', 2004, 'H', '983', 'C');
insert into section values('171', '2', 'Fall', 2006, 'J', '664', 'B');
insert into section values('489', '2', 'Fall', 2001, 'H', '983', 'I');
insert into section values('557', '1', 'Spring', 2008, 'H', '983', 'P');
insert into section values('565', '1', 'Fall', 2001, 'J', '664', 'A');
insert into section values('439', '2', 'Fall', 2002, 'J', '343', 'K');
insert into section values('166', '1', 'Spring', 2003, 'A', '836', 'E');
insert into section values('966', '1', 'Spring', 2007, 'E', '203', 'D');
insert into section values('654', '1', 'Fall', 2005, 'J', '343', 'C');
insert into section values('425', '1', 'Fall', 2010, 'J', '343', 'D');
insert into section values('489', '3', 'Fall', 2006, 'A', '836', 'M');
insert into section values('589', '1', 'Spring', 2009, 'I', '256', 'H');
insert into section values('496', '1', 'Fall', 2006, 'J', '664', 'F');
insert into section values('972', '1', 'Spring', 2002, 'H', '983', 'I');
insert into section values('574', '1', 'Spring', 2002, 'C', '886', 'N');
insert into section values('143', '1', 'Fall', 2010, 'A', '836', 'F');
insert into section values('217', '2', 'Spring', 2008, 'J', '343', 'B');
insert into section values('568', '1', 'Spring', 2001, 'J', '664', 'F');
insert into section values('690', '3', 'Spring', 2007, 'F', '970', 'H');
insert into section values('771', '1', 'Fall', 2002, 'J', '664', 'M');
insert into section values('237', '1', 'Fall', 2002, 'J', '343', 'I');
insert into section values('626', '2', 'Spring', 2007, 'F', '970', 'N');
insert into section values('457', '1', 'Fall', 2001, 'I', '794', 'K');
insert into section values('728', '1', 'Spring', 2009, 'C', '886', 'K');
insert into section values('907', '1', 'Spring', 2006, 'J', '343', 'J');
insert into section values('346', '1', 'Spring', 2010, 'H', '983', 'J');
insert into section values('598', '1', 'Fall', 2010, 'F', '970', 'M');
insert into section values('857', '1', 'Fall', 2006, 'J', '343', 'A');
insert into section values('913', '2', 'Fall', 2002, 'A', '836', 'B');
insert into section values('274', '1', 'Fall', 2009, 'A', '836', 'C');
insert into section values('466', '1', 'Spring', 2002, 'F', '970', 'L');
insert into section values('906', '1', 'Fall', 2007, 'D', '285', 'M');
insert into section values('866', '2', 'Spring', 2010, 'F', '970', 'M');
insert into section values('392', '1', 'Fall', 2007, 'C', '886', 'O');
insert into section values('893', '1', 'Spring', 2005, 'D', '285', 'D');
insert into section values('501', '1', 'Fall', 2001, 'I', '794', 'A');
insert into section values('158', '1', 'Fall', 2003, 'D', '285', 'E');
insert into section values('400', '1', 'Fall', 2009, 'A', '836', 'G');
insert into section values('331', '1', 'Fall', 2006, 'D', '285', 'F');
insert into section values('690', '4', 'Fall', 2007, 'C', '886', 'H');
insert into section values('102', '1', 'Spring', 2006, 'J', '664', 'K');
insert into section values('505', '1', 'Fall', 2003, 'D', '285', 'E');
insert into section values('357', '2', 'Spring', 2010, 'H', '983', 'I');
insert into section values('235', '1', 'Fall', 2008, 'D', '285', 'G');
insert into section values('582', '2', 'Fall', 2007, 'C', '886', 'P');
insert into section values('713', '2', 'Fall', 2001, 'F', '970', 'E');
insert into section values('687', '1', 'Spring', 2009, 'F', '970', 'P');
insert into section values('395', '1', 'Fall', 2002, 'H', '983', 'B');
insert into section values('565', '2', 'Spring', 2007, 'J', '343', 'N');
insert into section values('307', '1', 'Fall', 2001, 'I', '794', 'H');
insert into section values('563', '1', 'Fall', 2001, 'H', '983', 'J');
insert into section values('578', '1', 'Fall', 2004, 'C', '886', 'J');
insert into section values('366', '1', 'Spring', 2005, 'H', '983', 'A');
insert into section values('370', '1', 'Spring', 2010, 'D', '285', 'N');
insert into section values('130', '1', 'Fall', 2004, 'D', '285', 'E');
insert into section values('781', '1', 'Fall', 2010, 'F', '970', 'A');
insert into section values('102', '2', 'Spring', 2001, 'C', '886', 'H');
insert into section values('278', '2', 'Spring', 2003, 'I', '794', 'J');
insert into section values('596', '1', 'Spring', 2008, 'I', '794', 'O');
insert into section values('381', '1', 'Fall', 2003, 'F', '970', 'G');
insert into section values('150', '3', 'Fall', 2003, 'A', '836', 'A');
insert into section values('237', '2', 'Fall', 2005, 'J', '664', 'F');
insert into section values('966', '2', 'Spring', 2003, 'J', '343', 'N');
insert into section values('539', '1', 'Fall', 2005, 'D', '285', 'P');
insert into section values('651', '1', 'Fall', 2005, 'J', '664', 'G');
insert into section values('349', '1', 'Fall', 2001, 'J', '664', 'H');
insert into section values('833', '1', 'Fall', 2008, 'F', '970', 'N');
insert into section values('214', '1', 'Fall', 2008, 'F', '970', 'O');
insert into section values('349', '2', 'Fall', 2007, 'A', '836', 'A');
insert into section values('651', '2', 'Fall', 2005, 'D', '285', 'J');
insert into section values('300', '1', 'Spring', 2003, 'C', '886', 'D');
insert into section values('505', '2', 'Fall', 2004, 'I', '794', 'J');
insert into section values('741', '2', 'Spring', 2010, 'F', '970', 'D');
insert into section values('582', '3', 'Spring', 2006, 'F', '970', 'F');
insert into section values('257', '1', 'Fall', 2002, 'J', '343', 'K');
insert into section values('424', '1', 'Fall', 2010, 'A', '836', 'A');
insert into section values('217', '3', 'Fall', 2010, 'A', '836', 'L');
insert into section values('466', '2', 'Fall', 2005, 'F', '970', 'O');
insert into section values('781', '2', 'Spring', 2010, 'E', '203', 'H');
insert into section values('318', '1', 'Fall', 2006, 'H', '983', 'C');
insert into section values('329', '2', 'Spring', 2009, 'F', '970', 'P');
insert into section values('966', '3', 'Spring', 2009, 'I', '794', 'O');
insert into section values('283', '1', 'Spring', 2004, 'H', '983', 'O');
insert into section values('729', '1', 'Spring', 2010, 'F', '970', 'J');
insert into section values('512', '1', 'Fall', 2006, 'H', '983', 'C');
insert into section values('144', '1', 'Spring', 2004, 'A', '836', 'B');
insert into section values('505', '3', 'Spring', 2007, 'D', '285', 'I');
insert into section values('676', '2', 'Fall', 2010, 'H', '983', 'K');
insert into section values('866', '3', 'Spring', 2002, 'J', '343', 'J');
insert into section values('878', '1', 'Fall', 2002, 'F', '970', 'K');
insert into section values('424', '2', 'Fall', 2006, 'J', '664', 'D');
insert into section values('457', '2', 'Spring', 2004, 'F', '970', 'C');
insert into section values('746', '2', 'Fall', 2001, 'D', '285', 'A');
insert into section values('876', '2', 'Spring', 2002, 'C', '886', 'L');
insert into section values('966', '4', 'Fall', 2003, 'D', '285', 'J');
insert into section values('687', '2', 'Fall', 2009, 'C', '886', 'I');
insert into section values('396', '1', 'Fall', 2004, 'J', '664', 'H');
insert into section values('360', '1', 'Fall', 2008, 'A', '836', 'M');
insert into section values('531', '1', 'Spring', 2002, 'H', '983', 'J');
insert into section values('236', '1', 'Fall', 2010, 'J', '343', 'J');
insert into section values('125', '1', 'Spring', 2008, 'H', '983', 'M');
insert into section values('953', '1', 'Spring', 2006, 'A', '836', 'A');
insert into section values('785', '1', 'Fall', 2006, 'I', '256', 'G');
insert into section values('362', '2', 'Fall', 2004, 'E', '203', 'I');
insert into section values('217', '4', 'Spring', 2004, 'H', '983', 'L');
insert into section values('781', '3', 'Fall', 2001, 'A', '836', 'F');
insert into section values('424', '3', 'Fall', 2009, 'C', '886', 'I');
insert into section values('636', '2', 'Fall', 2010, 'I', '794', 'D');
insert into section values('972', '2', 'Spring', 2003, 'F', '970', 'C');
insert into section values('362', '3', 'Fall', 2002, 'J', '664', 'B');
insert into section values('578', '2', 'Spring', 2009, 'J', '664', 'O');
insert into section values('237', '3', 'Spring', 2001, 'J', '343', 'G');
insert into section values('992', '1', 'Fall', 2010, 'D', '285', 'C');
insert into section values('217', '5', 'Spring', 2003, 'C', '886', 'B');
insert into section values('263', '1', 'Fall', 2007, 'A', '836', 'O');
insert into section values('654', '2', 'Spring', 2010, 'I', '794', 'B');
insert into section values('513', '1', 'Fall', 2006, 'C', '886', 'N');
insert into section values('918', '1', 'Spring', 2008, 'F', '970', 'A');
insert into section values('329', '3', 'Fall', 2010, 'A', '836', 'P');
insert into section values('392', '2', 'Fall', 2009, 'J', '664', 'N');
insert into section values('794', '1', 'Fall', 2003, 'I', '256', 'G');
insert into section values('195', '3', 'Spring', 2004, 'E', '203', 'K');
insert into section values('303', '2', 'Spring', 2002, 'J', '343', 'B');
insert into section values('425', '2', 'Fall', 2001, 'I', '794', 'I');
insert into section values('626', '3', 'Spring', 2004, 'J', '664', 'A');
insert into section values('951', '1', 'Fall', 2008, 'H', '983', 'G');
insert into section values('291', '1', 'Fall', 2002, 'J', '664', 'B');
insert into section values('700', '1', 'Fall', 2009, 'I', '256', 'K');
insert into section values('741', '3', 'Spring', 2010, 'I', '256', 'F');
insert into section values('260', '1', 'Fall', 2006, 'I', '256', 'K');
insert into section values('593', '1', 'Spring', 2010, 'F', '970', 'C');
insert into teaches values('90161', '489', '1', 'Fall', 2006);
insert into teaches values('75342', '329', '2', 'Spring', 2009);
insert into teaches values('26737', '424', '3', 'Fall', 2009);
insert into teaches values('15437', '102', '2', 'Spring', 2001);
insert into teaches values('40047', '362', '1', 'Fall', 2008);
insert into teaches values('32470', '366', '1', 'Spring', 2005);
insert into teaches values('75342', '144', '1', 'Spring', 2004);
insert into teaches values('22215', '428', '1', 'Fall', 2006);
insert into teaches values('63646', '563', '1', 'Fall', 2001);
insert into teaches values('23063', '670', '1', 'Fall', 2008);
insert into teaches values('23063', '331', '1', 'Fall', 2006);
insert into teaches values('30097', '913', '1', 'Fall', 2010);
insert into teaches values('51394', '132', '1', 'Fall', 2003);
insert into teaches values('63646', '166', '1', 'Spring', 2003);
insert into teaches values('23063', '568', '1', 'Spring', 2001);
insert into teaches values('75342', '217', '2', 'Spring', 2008);
insert into teaches values('75342', '746', '1', 'Spring', 2004);
insert into teaches values('32470', '220', '1', 'Fall', 2001);
insert into teaches values('23063', '291', '1', 'Fall', 2002);
insert into teaches values('57372', '817', '1', 'Spring', 2007);
insert into teaches values('32470', '370', '1', 'Spring', 2010);
insert into teaches values('97237', '150', '3', 'Fall', 2003);
insert into teaches values('57372', '598', '1', 'Fall', 2010);
insert into teaches values('30097', '876', '1', 'Fall', 2009);
insert into teaches values('26737', '713', '1', 'Spring', 2008);
insert into teaches values('75342', '557', '1', 'Spring', 2008);
insert into teaches values('30097', '866', '1', 'Spring', 2007);
insert into teaches values('23063', '263', '1', 'Fall', 2007);
insert into teaches values('75342', '278', '2', 'Spring', 2003);
insert into teaches values('78071', '906', '1', 'Fall', 2007);
insert into teaches values('97237', '676', '1', 'Spring', 2005);
insert into teaches values('15437', '302', '2', 'Spring', 2007);
insert into teaches values('22215', '690', '4', 'Fall', 2007);
insert into teaches values('57372', '626', '1', 'Fall', 2001);
insert into teaches values('75342', '578', '1', 'Fall', 2004);
insert into teaches values('75342', '651', '1', 'Fall', 2005);
insert into teaches values('38404', '621', '2', 'Fall', 2007);
insert into teaches values('18961', '439', '2', 'Fall', 2002);
insert into teaches values('63646', '150', '2', 'Spring', 2001);
insert into teaches values('51394', '565', '1', 'Fall', 2001);
insert into teaches values('97912', '349', '2', 'Fall', 2007);
insert into teaches values('30097', '749', '1', 'Fall', 2007);
insert into teaches values('99613', '248', '2', 'Fall', 2002);
insert into teaches values('51394', '389', '1', 'Spring', 2002);
insert into teaches values('57372', '700', '1', 'Fall', 2009);
insert into teaches values('57372', '448', '1', 'Spring', 2010);
insert into teaches values('9375', '687', '2', 'Fall', 2009);
insert into teaches values('23063', '381', '1', 'Fall', 2003);
insert into teaches values('32470', '357', '1', 'Spring', 2008);
insert into teaches values('32470', '729', '1', 'Spring', 2010);
insert into teaches values('75342', '746', '2', 'Fall', 2001);
insert into teaches values('15437', '617', '1', 'Spring', 2002);
insert into teaches values('38404', '466', '1', 'Spring', 2002);
insert into teaches values('22215', '346', '1', 'Spring', 2010);
insert into teaches values('63646', '303', '2', 'Spring', 2002);
insert into teaches values('26737', '425', '1', 'Fall', 2010);
insert into teaches values('78071', '199', '1', 'Fall', 2002);
insert into teaches values('97237', '582', '2', 'Fall', 2007);
insert into teaches values('51394', '457', '1', 'Fall', 2001);
insert into teaches values('22215', '687', '1', 'Spring', 2009);
insert into teaches values('15437', '489', '3', 'Fall', 2006);
insert into teaches values('9375', '690', '1', 'Spring', 2006);
insert into teaches values('51394', '893', '1', 'Spring', 2005);
insert into teaches values('75342', '217', '3', 'Fall', 2010);
insert into teaches values('75342', '392', '1', 'Fall', 2007);
insert into teaches values('15437', '489', '2', 'Fall', 2001);
insert into teaches values('32470', '235', '1', 'Fall', 2008);
insert into teaches values('32470', '237', '3', 'Spring', 2001);
insert into teaches values('63646', '125', '1', 'Spring', 2008);
insert into teaches values('30097', '362', '3', 'Fall', 2002);
insert into teaches values('75342', '217', '4', 'Spring', 2004);
insert into teaches values('30097', '876', '2', 'Spring', 2002);
insert into teaches values('98928', '424', '1', 'Fall', 2010);
insert into teaches values('30097', '501', '1', 'Fall', 2001);
insert into teaches values('78071', '972', '1', 'Spring', 2002);
insert into teaches values('30097', '466', '2', 'Fall', 2005);
insert into teaches values('15437', '302', '1', 'Spring', 2006);
insert into teaches values('15437', '741', '3', 'Spring', 2010);
insert into teaches values('75342', '512', '1', 'Fall', 2006);
insert into teaches values('22215', '505', '2', 'Fall', 2004);
insert into teaches values('75342', '329', '3', 'Fall', 2010);
insert into teaches values('26737', '596', '1', 'Spring', 2008);
insert into teaches values('97912', '905', '1', 'Spring', 2007);
insert into teaches values('30097', '781', '2', 'Spring', 2010);
insert into teaches values('15437', '102', '1', 'Spring', 2006);
insert into teaches values('30097', '749', '2', 'Fall', 2009);
insert into teaches values('22215', '690', '2', 'Spring', 2004);
insert into teaches values('30097', '636', '2', 'Fall', 2010);
insert into teaches values('26737', '400', '1', 'Fall', 2009);
insert into teaches values('30097', '621', '1', 'Spring', 2002);
insert into teaches values('38404', '866', '3', 'Spring', 2002);
insert into teaches values('63646', '307', '1', 'Fall', 2001);
insert into teaches values('90161', '195', '2', 'Spring', 2008);
insert into teaches values('26737', '482', '1', 'Fall', 2008);
insert into teaches values('26737', '607', '2', 'Fall', 2003);
insert into teaches values('63646', '992', '1', 'Fall', 2010);
insert into teaches values('7018', '654', '2', 'Spring', 2010);
insert into teaches values('22215', '690', '3', 'Spring', 2007);
insert into teaches values('32470', '357', '2', 'Spring', 2010);
insert into teaches values('30097', '781', '3', 'Fall', 2001);
insert into student values('20720', 'Kiki', 'RR', 127);
insert into student values('65757', 'Yohan', 'HH', 3);
insert into student values('54626', 'Yohan', 'EL', 8);
insert into student values('36324', 'Ande', 'EL', 78);
insert into student values('18110', 'rahmat', 'DF', 110);
insert into student values('97060', 'Budi', 'MT', 90);
insert into student values('79428', 'Yohan', 'SS', 94);
insert into student values('54408', 'Ande', 'MT', 109);
insert into student values('56600', 'Kiki', 'HH', 21);
insert into student values('61885', 'Ande', 'EL', 20);
insert into student values('89280', 'Budi', 'DF', 56);
insert into student values('33329', 'Johan', 'DF', 82);
insert into student values('59556', 'Johan', 'MT', 67);
insert into student values('80885', 'Yohan', 'ED', 91);
insert into student values('54444', 'Josu', 'DE', 42);
insert into student values('6780', 'Budi', 'SS', 103);
insert into student values('84389', 'Yohan', 'HH', 31);
insert into student values('46681', 'rahmat', 'SS', 66);
insert into student values('27452', 'Kiki', 'DE', 82);
insert into student values('94276', 'Adri', 'ED', 98);
insert into student values('53760', 'Ahmad', 'SS', 67);
insert into student values('92021', 'Ahmad', 'MT', 108);
insert into student values('61347', 'Kiki', 'DE', 111);
insert into student values('33607', 'Adri', 'DK', 113);
insert into student values('39194', 'yuyun', 'EL', 81);
insert into student values('54902', 'Budi', 'DK', 78);
insert into student values('9400', 'Kiki', 'MT', 81);
insert into student values('12161', 'Josu', 'DE', 74);
insert into student values('15094', 'Ande', 'DK', 87);
insert into student values('96808', 'Budi', 'SS', 74);
insert into student values('64142', 'Josu', 'MT', 29);
insert into student values('41582', 'Josu', 'DK', 48);
insert into student values('92826', 'yuyun', 'MT', 58);
insert into student values('48311', 'Kiki', 'ED', 1);
insert into student values('25497', 'Johan', 'EL', 21);
insert into student values('77899', 'rahmat', 'MT', 107);
insert into student values('80203', 'Josu', 'RQ', 90);
insert into student values('80017', 'yuyun', 'MT', 9);
insert into student values('97679', 'Josu', 'DE', 64);
insert into student values('46356', 'Adri', 'MT', 125);
insert into student values('97739', 'Adri', 'DF', 88);
insert into student values('14913', 'Budi', 'RR', 76);
insert into student values('50212', 'Adri', 'DE', 87);
insert into student values('47622', 'Kiki', 'SS', 92);
insert into student values('58977', 'rahmat', 'MT', 105);
insert into student values('69108', 'Johan', 'DF', 127);
insert into student values('48108', 'Ande', 'DE', 5);
insert into student values('40766', 'yuyun', 'RQ', 53);
insert into student values('66032', 'yuyun', 'RQ', 117);
insert into student values('84503', 'Adri', 'DE', 48);
insert into student values('93787', 'Budi', 'ED', 54);
insert into student values('12695', 'Ande', 'DF', 69);
insert into student values('75165', 'rahmat', 'DE', 22);
insert into student values('43830', 'rahmat', 'RQ', 33);
insert into student values('11239', 'Ande', 'RQ', 35);
insert into student values('207', 'rahmat', 'RQ', 125);
insert into student values('54285', 'Ahmad', 'ED', 13);
insert into student values('38846', 'Kiki', 'DK', 6);
insert into student values('62500', 'Kiki', 'SS', 48);
insert into student values('63330', 'Kiki', 'HH', 74);
insert into student values('98180', 'Ande', 'EL', 90);
insert into student values('62299', 'Josu', 'MT', 97);
insert into student values('59334', 'Adri', 'DK', 29);
insert into student values('39948', 'Yohan', 'EL', 9);
insert into student values('46982', 'Kiki', 'DE', 1);
insert into student values('67098', 'rahmat', 'DF', 25);
insert into student values('56737', 'Adri', 'DK', 30);
insert into student values('20330', 'rahmat', 'SS', 32);
insert into student values('80888', 'Budi', 'RQ', 80);
insert into student values('19590', 'rahmat', 'RQ', 109);
insert into student values('267', 'Josu', 'HH', 94);
insert into student values('42297', 'Budi', 'DE', 119);
insert into student values('14943', 'Johan', 'RQ', 86);
insert into student values('34094', 'Ande', 'RR', 128);
insert into student values('55640', 'Ande', 'DE', 27);
insert into student values('27732', 'Josu', 'ED', 68);
insert into student values('6846', 'rahmat', 'RQ', 68);
insert into student values('90108', 'Adri', 'HH', 107);
insert into student values('30652', 'Ande', 'SS', 48);
insert into student values('31929', 'Josu', 'HH', 12);
insert into student values('90588', 'Ande', 'DE', 49);
insert into student values('12126', 'Johan', 'DF', 109);
insert into student values('10635', 'rahmat', 'RQ', 121);
insert into student values('15459', 'rahmat', 'EL', 95);
insert into student values('27163', 'Johan', 'RR', 10);
insert into student values('20704', 'rahmat', 'ED', 46);
insert into student values('30395', 'Adri', 'RR', 8);
insert into student values('43088', 'Yohan', 'ED', 28);
insert into student values('96193', 'Johan', 'EL', 126);
insert into student values('7343', 'rahmat', 'DF', 40);
insert into student values('90944', 'Kiki', 'SS', 27);
insert into student values('70044', 'yuyun', 'SS', 42);
insert into student values('37617', 'rahmat', 'ED', 15);
insert into student values('89335', 'Adri', 'DF', 66);
insert into student values('34862', 'yuyun', 'EL', 63);
insert into student values('65763', 'yuyun', 'HH', 82);
insert into student values('27346', 'Josu', 'RQ', 48);
insert into student values('33285', 'Adri', 'DE', 129);
insert into student values('85146', 'Kiki', 'ED', 112);
insert into student values('42658', 'Ahmad', 'MT', 40);
insert into takes values('89280', '489', '2', 'Fall', 2001, 'B-');
insert into takes values('46982', '512', '1', 'Fall', 2006, 'A ');
insert into takes values('39194', '171', '1', 'Spring', 2006, 'A-');
insert into takes values('50212', '741', '3', 'Spring', 2010, 'C ');
insert into takes values('36324', '217', '3', 'Fall', 2010, 'C-');
insert into takes values('40766', '918', '1', 'Spring', 2008, 'B-');
insert into takes values('14943', '329', '3', 'Fall', 2010, 'B+');
insert into takes values('34862', '457', '1', 'Fall', 2001, 'A ');
insert into takes values('80203', '428', '1', 'Fall', 2006, 'A+');
insert into takes values('54285', '102', '2', 'Spring', 2001, 'A-');
insert into takes values('59556', '621', '2', 'Fall', 2007, 'A ');
insert into takes values('6846', '690', '2', 'Spring', 2004, 'A+');
insert into takes values('59556', '746', '2', 'Fall', 2001, 'B ');
insert into takes values('34094', '966', '2', 'Spring', 2003, 'C+');
insert into takes values('53760', '913', '1', 'Fall', 2010, 'C-');
insert into takes values('41582', '318', '1', 'Fall', 2006, 'C+');
insert into takes values('80017', '905', '2', 'Fall', 2004, 'B-');
insert into takes values('33329', '557', '1', 'Spring', 2008, 'C-');
insert into takes values('59556', '217', '2', 'Spring', 2008, 'B ');
insert into takes values('14913', '506', '1', 'Spring', 2008, 'A+');
insert into takes values('38846', '676', '2', 'Fall', 2010, 'C-');
insert into takes values('15094', '278', '1', 'Spring', 2009, 'A-');
insert into takes values('89335', '349', '2', 'Fall', 2007, 'A ');
insert into takes values('64142', '102', '1', 'Spring', 2006, 'B-');
insert into takes values('27346', '150', '1', 'Spring', 2001, 'B-');
insert into takes values('65763', '214', '1', 'Fall', 2008, 'B-');
insert into takes values('12695', '489', '3', 'Fall', 2006, 'B+');
insert into takes values('42658', '248', '1', 'Spring', 2007, 'B+');
insert into takes values('34862', '962', '1', 'Spring', 2001, 'A+');
insert into takes values('27346', '690', '3', 'Spring', 2007, 'A-');
insert into takes values('31929', '199', '1', 'Fall', 2002, 'C-');
insert into takes values('33607', '158', '1', 'Fall', 2003, 'C-');
insert into takes values('18110', '217', '5', 'Spring', 2003, 'B+');
insert into takes values('63330', '129', '1', 'Fall', 2006, 'B ');
insert into takes values('20704', '972', '2', 'Spring', 2003, 'A+');
insert into takes values('70044', '400', '1', 'Fall', 2009, 'A+');
insert into takes values('40766', '102', '2', 'Spring', 2001, 'C-');
insert into takes values('39194', '439', '2', 'Fall', 2002, 'B+');
insert into takes values('46681', '389', '1', 'Spring', 2002, 'B ');
insert into takes values('80017', '505', '3', 'Spring', 2007, 'A ');
insert into takes values('63330', '913', '1', 'Fall', 2010, 'A ');
insert into takes values('38846', '248', '3', 'Spring', 2004, 'C-');
insert into takes values('90108', '741', '2', 'Spring', 2010, 'C-');
insert into takes values('6780', '263', '1', 'Fall', 2007, 'C-');
insert into takes values('27346', '918', '1', 'Spring', 2008, 'C-');
insert into takes values('19590', '331', '1', 'Fall', 2006, 'B-');
insert into takes values('7343', '260', '1', 'Fall', 2006, 'A+');
insert into takes values('27346', '366', '1', 'Spring', 2005, 'A+');
insert into takes values('58977', '913', '1', 'Fall', 2010, 'A ');
insert into takes values('14913', '636', '1', 'Fall', 2007, 'B+');
insert into takes values('80017', '531', '1', 'Spring', 2002, 'B ');
insert into takes values('39948', '370', '1', 'Spring', 2010, 'A-');
insert into takes values('96808', '457', '1', 'Fall', 2001, 'C ');
insert into takes values('62500', '392', '1', 'Fall', 2007, 'B-');
insert into takes values('48108', '466', '2', 'Fall', 2005, 'A+');
insert into takes values('92021', '741', '3', 'Spring', 2010, 'B ');
insert into takes values('11239', '905', '2', 'Fall', 2004, 'C-');
insert into takes values('39194', '607', '3', 'Fall', 2009, 'B-');
insert into takes values('39194', '300', '1', 'Spring', 2003, 'C ');
insert into takes values('64142', '329', '2', 'Spring', 2009, 'B ');
insert into takes values('41582', '617', '1', 'Spring', 2002, 'A+');
insert into takes values('27346', '568', '1', 'Spring', 2001, 'A-');
insert into takes values('53760', '362', '2', 'Fall', 2004, 'C+');
insert into takes values('98180', '687', '2', 'Fall', 2009, 'A ');
insert into takes values('54408', '617', '1', 'Spring', 2002, 'B-');
insert into takes values('62500', '237', '3', 'Spring', 2001, 'A-');
insert into takes values('10635', '713', '1', 'Spring', 2008, 'B-');
insert into takes values('46681', '752', '1', 'Spring', 2004, 'A ');
insert into takes values('96193', '489', '2', 'Fall', 2001, 'A-');
insert into takes values('9400', '626', '3', 'Spring', 2004, 'C+');
insert into takes values('33607', '992', '1', 'Fall', 2010, 'C+');
insert into takes values('18110', '329', '1', 'Spring', 2006, 'B+');
insert into takes values('11239', '746', '2', 'Fall', 2001, 'B ');
insert into takes values('267', '833', '1', 'Fall', 2008, 'C-');
insert into takes values('77899', '362', '2', 'Fall', 2004, 'B+');
insert into takes values('92826', '830', '2', 'Fall', 2008, 'B ');
insert into takes values('80017', '171', '1', 'Spring', 2006, 'B ');
insert into takes values('38846', '117', '1', 'Spring', 2004, 'A+');
insert into takes values('63330', '220', '1', 'Fall', 2001, 'C ');
insert into takes values('20704', '466', '1', 'Spring', 2002, 'B-');
insert into takes values('33329', '283', '1', 'Spring', 2004, 'C+');
insert into takes values('14913', '370', '1', 'Spring', 2010, 'C ');
insert into takes values('94276', '690', '2', 'Spring', 2004, 'C+');
insert into takes values('10635', '905', '2', 'Fall', 2004, 'C+');
insert into takes values('94276', '125', '1', 'Spring', 2008, 'B ');
insert into takes values('12126', '687', '2', 'Fall', 2009, 'B ');
insert into takes values('75165', '147', '1', 'Spring', 2008, 'A+');
insert into takes values('96808', '220', '1', 'Fall', 2001, 'B+');
insert into takes values('85146', '687', '1', 'Spring', 2009, 'B ');
insert into takes values('267', '565', '1', 'Fall', 2001, 'B-');
insert into takes values('59334', '966', '3', 'Spring', 2009, 'A ');
insert into takes values('41582', '300', '1', 'Spring', 2003, 'B-');
insert into takes values('15094', '489', '2', 'Fall', 2001, 'C ');
insert into takes values('38846', '539', '1', 'Fall', 2005, 'B-');
insert into takes values('55640', '654', '1', 'Fall', 2005, 'B ');
insert into takes values('61885', '506', '1', 'Spring', 2008, 'A ');
insert into takes values('36324', '771', '1', 'Fall', 2002, 'B ');
insert into takes values('20704', '593', '1', 'Spring', 2010, 'C+');
insert into takes values('18110', '670', '2', 'Fall', 2001, 'C+');
insert into takes values('97739', '893', '1', 'Spring', 2005, 'B ');
insert into takes values('92021', '690', '1', 'Spring', 2006, 'A-');
insert into takes values('14913', '307', '1', 'Fall', 2001, 'A ');
insert into takes values('48311', '857', '1', 'Fall', 2006, 'A ');
insert into takes values('41582', '690', '1', 'Spring', 2006, 'B-');
insert into takes values('84503', '147', '1', 'Spring', 2008, 'B-');
insert into takes values('58977', '651', '2', 'Fall', 2005, 'C ');
insert into takes values('90108', '389', '1', 'Spring', 2002, 'B-');
insert into takes values('59556', '318', '1', 'Fall', 2006, 'C-');
insert into takes values('27732', '676', '1', 'Spring', 2005, 'A+');
insert into takes values('10635', '360', '1', 'Fall', 2008, 'A-');
insert into takes values('46681', '578', '1', 'Fall', 2004, 'C ');
insert into takes values('33329', '362', '1', 'Fall', 2008, 'C ');
insert into takes values('97679', '278', '1', 'Spring', 2009, 'C ');
insert into takes values('92826', '741', '2', 'Spring', 2010, 'B ');
insert into takes values('38846', '552', '1', 'Fall', 2005, 'A+');
insert into takes values('96193', '329', '2', 'Spring', 2009, 'B+');
insert into takes values('27346', '357', '1', 'Spring', 2008, 'B+');
insert into takes values('63330', '654', '2', 'Spring', 2010, 'C+');
insert into takes values('54626', '857', '1', 'Fall', 2006, 'C-');
insert into takes values('53760', '195', '2', 'Spring', 2008, 'C ');
insert into takes values('14913', '195', '2', 'Spring', 2008, 'C ');
insert into takes values('66032', '466', '1', 'Spring', 2002, 'B+');
insert into takes values('37617', '413', '1', 'Spring', 2002, 'B ');
insert into takes values('96193', '817', '1', 'Spring', 2007, 'A-');
insert into takes values('10635', '618', '1', 'Spring', 2004, 'C ');
insert into takes values('97679', '236', '1', 'Fall', 2010, 'B-');
insert into takes values('59556', '505', '2', 'Fall', 2004, 'C-');
insert into takes values('12695', '424', '3', 'Fall', 2009, 'B ');
insert into takes values('61347', '749', '1', 'Fall', 2007, 'C+');
insert into takes values('64142', '521', '1', 'Fall', 2002, 'A-');
insert into takes values('50212', '362', '1', 'Fall', 2008, 'B-');
insert into takes values('42658', '618', '2', 'Spring', 2005, 'B ');
insert into takes values('12161', '248', '2', 'Fall', 2002, 'B-');
insert into takes values('56600', '370', '1', 'Spring', 2010, 'B+');
insert into takes values('70044', '565', '1', 'Fall', 2001, 'B ');
insert into takes values('6846', '670', '1', 'Fall', 2008, 'A ');
insert into takes values('61885', '132', '1', 'Fall', 2003, 'A+');
insert into takes values('25497', '905', '1', 'Spring', 2007, 'A+');
insert into takes values('66032', '866', '3', 'Spring', 2002, 'C-');
insert into takes values('55640', '857', '1', 'Fall', 2006, 'B ');
insert into takes values('84503', '966', '3', 'Spring', 2009, 'B ');
insert into takes values('20330', '626', '3', 'Spring', 2004, 'C-');
insert into takes values('6846', '300', '1', 'Spring', 2003, 'C-');
insert into takes values('96808', '835', '1', 'Spring', 2003, 'B-');
insert into takes values('36324', '150', '1', 'Spring', 2001, 'B ');
insert into takes values('89335', '278', '2', 'Spring', 2003, 'C ');
insert into takes values('98180', '395', '1', 'Fall', 2002, 'B ');
insert into takes values('54285', '752', '1', 'Spring', 2004, 'B-');
insert into takes values('40766', '729', '1', 'Spring', 2010, 'C+');
insert into takes values('33329', '220', '1', 'Fall', 2001, 'C+');
insert into takes values('14913', '539', '1', 'Fall', 2005, 'C ');
insert into takes values('65757', '505', '2', 'Fall', 2004, 'B+');
insert into takes values('59334', '248', '3', 'Spring', 2004, 'C-');
insert into takes values('55640', '700', '1', 'Fall', 2009, 'B-');
insert into takes values('36324', '260', '1', 'Fall', 2006, 'C-');
insert into takes values('90108', '987', '1', 'Fall', 2003, 'C ');
insert into takes values('84389', '158', '1', 'Fall', 2003, 'B+');
insert into takes values('20330', '466', '2', 'Fall', 2005, 'B-');
insert into takes values('77899', '329', '3', 'Fall', 2010, 'B ');
insert into takes values('30395', '217', '5', 'Spring', 2003, 'A ');
insert into takes values('40766', '866', '1', 'Spring', 2007, 'B-');
insert into takes values('30652', '670', '2', 'Fall', 2001, 'C-');
insert into takes values('69108', '505', '1', 'Fall', 2003, 'A+');
insert into takes values('43088', '360', '1', 'Fall', 2008, 'C-');
insert into takes values('64142', '866', '2', 'Spring', 2010, 'A ');
insert into takes values('56600', '362', '2', 'Fall', 2004, 'B-');
insert into takes values('90944', '199', '1', 'Fall', 2002, 'C ');
insert into takes values('58977', '893', '1', 'Spring', 2005, 'C+');
insert into takes values('97679', '366', '1', 'Spring', 2005, 'B ');
insert into takes values('80017', '539', '1', 'Fall', 2005, 'A+');
insert into takes values('42658', '236', '1', 'Fall', 2010, 'C+');
insert into takes values('46356', '370', '1', 'Spring', 2010, 'C-');
insert into takes values('18110', '349', '2', 'Fall', 2007, 'A-');
insert into takes values('7343', '578', '2', 'Spring', 2009, 'B+');
insert into takes values('33607', '906', '1', 'Fall', 2007, 'A+');
insert into takes values('92826', '578', '2', 'Spring', 2009, 'A+');
insert into takes values('207', '654', '2', 'Spring', 2010, 'B-');
insert into takes values('10635', '607', '3', 'Fall', 2009, 'A+');
insert into takes values('46356', '237', '1', 'Fall', 2002, 'C ');
insert into takes values('27732', '545', '1', 'Spring', 2002, 'B ');
insert into takes values('80885', '746', '2', 'Fall', 2001, 'C ');
insert into takes values('94276', '966', '1', 'Spring', 2007, 'C+');
insert into takes values('59556', '593', '1', 'Spring', 2010, 'C ');
insert into takes values('10635', '794', '1', 'Fall', 2003, 'B-');
insert into takes values('93787', '741', '2', 'Spring', 2010, 'A-');
insert into takes values('7343', '505', '3', 'Spring', 2007, 'A ');
insert into takes values('25497', '318', '1', 'Fall', 2006, 'A ');
insert into takes values('12695', '102', '2', 'Spring', 2001, 'C+');
insert into takes values('31929', '578', '1', 'Fall', 2004, 'A ');
insert into takes values('67098', '781', '1', 'Fall', 2010, 'B-');
insert into takes values('27452', '489', '2', 'Fall', 2001, 'A-');
insert into takes values('33285', '582', '1', 'Spring', 2002, 'B-');
insert into takes values('59556', '300', '1', 'Spring', 2003, 'C ');
insert into takes values('15459', '217', '3', 'Fall', 2010, 'C+');
insert into takes values('80885', '482', '1', 'Fall', 2008, 'A ');
insert into takes values('42297', '545', '1', 'Spring', 2002, 'B-');
insert into takes values('14913', '329', '1', 'Spring', 2006, 'B+');
insert into takes values('6846', '654', '1', 'Fall', 2005, 'A ');
insert into takes values('55640', '489', '2', 'Fall', 2001, 'A+');
insert into takes values('62299', '457', '2', 'Spring', 2004, 'B+');
insert into advisor values('20720', '40374');
insert into advisor values('65757', '27085');
insert into advisor values('54626', '38292');
insert into advisor values('36324', '78270');
insert into advisor values('18110', '39025');
insert into advisor values('97060', '78071');
insert into advisor values('79428', '97912');
insert into advisor values('54408', '27085');
insert into advisor values('56600', '32470');
insert into advisor values('61885', '78270');
insert into advisor values('89280', '51284');
insert into advisor values('33329', '38292');
insert into advisor values('59556', '96993');
insert into advisor values('80885', '40374');
insert into advisor values('54444', '7018');
insert into advisor values('6780', '85648');
insert into advisor values('84389', '37226');
insert into advisor values('46681', '94237');
insert into advisor values('27452', '12116');
insert into advisor values('94276', '76367');
insert into advisor values('53760', '75342');
insert into advisor values('92021', '38292');
insert into advisor values('61347', '38404');
insert into advisor values('33607', '96993');
insert into advisor values('39194', '30160');
insert into advisor values('54902', '12116');
insert into advisor values('9400', '72533');
insert into advisor values('12161', '38404');
insert into advisor values('15094', '78270');
insert into advisor values('96808', '9375');
insert into advisor values('64142', '30160');
insert into advisor values('41582', '32005');
insert into advisor values('92826', '65762');
insert into advisor values('48311', '98928');
insert into advisor values('25497', '69914');
insert into advisor values('77899', '30160');
insert into advisor values('80203', '96993');
insert into advisor values('80017', '57372');
insert into advisor values('97679', '51284');
insert into advisor values('46356', '9375');
insert into advisor values('97739', '78270');
insert into advisor values('14913', '38404');
insert into advisor values('50212', '98928');
insert into advisor values('47622', '39025');
insert into advisor values('58977', '39695');
insert into advisor values('69108', '18961');
insert into advisor values('48108', '57372');
insert into advisor values('40766', '39695');
insert into advisor values('66032', '78270');
insert into advisor values('84503', '93840');
insert into advisor values('93787', '53150');
insert into advisor values('12695', '8312');
insert into advisor values('75165', '96993');
insert into advisor values('43830', '53150');
insert into advisor values('11239', '85648');
insert into advisor values('207', '37226');
insert into advisor values('54285', '93840');
insert into advisor values('38846', '38404');
insert into advisor values('62500', '76863');
insert into advisor values('63330', '97912');
insert into advisor values('98180', '18961');
insert into advisor values('62299', '12116');
insert into advisor values('59334', '12116');
insert into advisor values('39948', '15437');
insert into advisor values('46982', '40047');
insert into advisor values('67098', '72533');
insert into advisor values('56737', '30160');
insert into advisor values('20330', '39025');
insert into advisor values('80888', '99613');
insert into advisor values('19590', '57372');
insert into advisor values('267', '99613');
insert into advisor values('42297', '32005');
insert into advisor values('14943', '78071');
insert into advisor values('34094', '30160');
insert into advisor values('55640', '97912');
insert into advisor values('27732', '53150');
insert into advisor values('6846', '8312');
insert into advisor values('90108', '38292');
insert into advisor values('30652', '38292');
insert into advisor values('31929', '39695');
insert into advisor values('90588', '12116');
insert into advisor values('12126', '85648');
insert into advisor values('10635', '72533');
insert into advisor values('15459', '30097');
insert into advisor values('27163', '69952');
insert into advisor values('20704', '18961');
insert into advisor values('30395', '15437');
insert into advisor values('43088', '55779');
insert into advisor values('96193', '16400');
insert into advisor values('7343', '55779');
insert into advisor values('90944', '97912');
insert into advisor values('70044', '57372');
insert into advisor values('37617', '97237');
insert into advisor values('89335', '57372');
insert into advisor values('34862', '98928');
insert into advisor values('65763', '93840');
insert into advisor values('27346', '69914');
insert into advisor values('33285', '57372');
insert into advisor values('85146', '97237');
insert into advisor values('42658', '69914');
insert into prereq values('626', '123');
insert into prereq values('396', '785');
insert into prereq values('681', '951');
insert into prereq values('598', '496');
insert into prereq values('918', '785');
insert into prereq values('237', '143');
insert into prereq values('453', '199');
insert into prereq values('407', '637');
insert into prereq values('257', '372');
insert into prereq values('396', '907');
insert into prereq values('835', '794');
insert into prereq values('220', '962');
insert into prereq values('505', '801');
insert into prereq values('345', '574');
insert into prereq values('598', '670');
insert into prereq values('922', '626');
insert into prereq values('982', '801');
insert into prereq values('949', '236');
insert into prereq values('220', '496');
insert into prereq values('278', '690');
insert into prereq values('907', '283');
insert into prereq values('982', '654');
insert into prereq values('593', '329');
insert into prereq values('568', '303');
insert into prereq values('360', '540');
insert into prereq values('537', '835');
insert into prereq values('752', '729');
insert into prereq values('966', '179');
insert into prereq values('614', '537');
insert into prereq values('713', '300');
insert into prereq values('729', '794');
insert into prereq values('830', '651');
insert into prereq values('404', '907');
insert into prereq values('582', '309');
insert into prereq values('195', '210');
insert into prereq values('905', '618');
insert into prereq values('404', '618');
insert into prereq values('761', '361');
insert into prereq values('687', '544');
insert into prereq values('155', '392');
insert into prereq values('307', '987');
insert into prereq values('166', '236');
insert into prereq values('331', '771');
insert into prereq values('721', '373');
insert into prereq values('713', '439');
insert into prereq values('668', '144');
insert into prereq values('370', '214');
insert into prereq values('771', '370');
insert into prereq values('751', '396');
insert into prereq values('615', '457');
insert into prereq values('362', '951');
insert into prereq values('893', '343');
insert into prereq values('713', '857');
insert into prereq values('428', '129');
insert into prereq values('370', '237');
insert into prereq values('593', '521');
insert into prereq values('913', '615');
insert into prereq values('918', '593');
insert into prereq values('424', '545');
insert into prereq values('925', '457');
insert into prereq values('690', '531');
insert into prereq values('833', '833');
insert into prereq values('918', '413');
insert into prereq values('343', '514');
insert into prereq values('582', '966');
insert into prereq values('302', '615');
insert into prereq values('439', '303');
insert into prereq values('217', '424');
insert into prereq values('751', '144');
insert into prereq values('905', '339');
insert into prereq values('257', '150');
insert into prereq values('129', '721');
insert into prereq values('924', '563');
insert into prereq values('307', '839');
insert into prereq values('370', '731');
insert into prereq values('876', '521');
insert into prereq values('589', '676');
insert into prereq values('676', '117');
insert into prereq values('801', '453');
insert into prereq values('962', '132');
insert into prereq values('664', '721');
insert into prereq values('987', '992');
insert into prereq values('201', '949');
insert into prereq values('835', '878');
insert into prereq values('652', '876');
insert into prereq values('894', '667');
insert into prereq values('130', '951');
insert into prereq values('906', '237');
insert into prereq values('833', '155');
insert into prereq values('400', '163');
insert into prereq values('300', '303');
insert into prereq values('102', '563');
insert into prereq values('163', '460');
insert into prereq values('166', '741');
insert into prereq values('329', '257');
insert into prereq values('853', '957');
insert into prereq values('731', '374');
insert into prereq values('670', '866');
insert into prereq values('448', '318');
insert into prereq values('439', '924');
