insert into classroom values('I', 198, 84);
insert into classroom values('B', 320, 56);
insert into classroom values('H', 626, 45);
insert into classroom values('C', 550, 10);
insert into classroom values('I', 564, 51);
insert into classroom values('G', 471, 13);
insert into classroom values('H', 894, 193);
insert into classroom values('E', 956, 151);
insert into classroom values('H', 109, 77);
insert into classroom values('G', 341, 22);
insert into department values('DE', 'A', 622713.78);
insert into department values('HH', 'C', 811526.98);
insert into department values('IF', 'D', 600631.23);
insert into department values('FR', 'F', 917733.41);
insert into department values('GF', 'D', 974918.17);
insert into department values('WW', 'G', 462598.58);
insert into department values('ED', 'H', 762243.10);
insert into department values('DK', 'F', 624633.94);
insert into department values('GO', 'G', 527825.19);
insert into department values('RQ', 'F', 873891.67);
insert into course values('988', 'IF3030', 'GF', 3);
insert into course values('464', 'IF3022', 'GO', 4);
insert into course values('494', 'IF3211', 'GF', 4);
insert into course values('814', 'IF3031', 'DE', 3);
insert into course values('234', 'IF4041', 'IF', 4);
insert into course values('422', 'IF3030', 'GF', 4);
insert into course values('617', 'IF4041', 'WW', 3);
insert into course values('871', 'IF3022', 'RQ', 3);
insert into course values('699', 'IF3333', 'IF', 4);
insert into course values('492', 'IF3031', 'HH', 3);
insert into course values('371', 'IF3333', 'ED', 4);
insert into course values('223', 'IF4321', 'GF', 3);
insert into course values('151', 'IF3030', 'DK', 4);
insert into course values('735', 'IF3211', 'DK', 3);
insert into course values('655', 'IF3211', 'HH', 4);
insert into course values('531', 'IF3022', 'DK', 4);
insert into course values('587', 'IF3120', 'ED', 3);
insert into course values('388', 'IF3031', 'IF', 4);
insert into course values('892', 'IF4321', 'DE', 4);
insert into course values('122', 'IF3031', 'HH', 4);
insert into course values('899', 'IF4041', 'ED', 4);
insert into course values('722', 'IF3120', 'GO', 3);
insert into course values('896', 'IF4321', 'FR', 4);
insert into course values('476', 'IF3030', 'DK', 3);
insert into course values('175', 'IF3030', 'GF', 4);
insert into course values('461', 'IF3022', 'ED', 4);
insert into course values('670', 'IF4321', 'HH', 3);
insert into course values('876', 'IF0230', 'GF', 3);
insert into course values('873', 'IF0230', 'RQ', 3);
insert into course values('152', 'IF4321', 'ED', 3);
insert into course values('595', 'IF4041', 'ED', 3);
insert into course values('125', 'IF3333', 'FR', 4);
insert into course values('886', 'IF3030', 'DK', 3);
insert into course values('317', 'IF3120', 'GF', 4);
insert into course values('710', 'IF3211', 'DE', 3);
insert into course values('597', 'IF3022', 'HH', 3);
insert into course values('506', 'IF4321', 'WW', 4);
insert into course values('180', 'IF3120', 'WW', 4);
insert into course values('818', 'IF3030', 'GF', 4);
insert into course values('592', 'IF0230', 'DE', 4);
insert into course values('182', 'IF4041', 'DE', 3);
insert into course values('819', 'IF3031', 'DE', 4);
insert into course values('751', 'IF4041', 'ED', 4);
insert into course values('215', 'IF3333', 'IF', 3);
insert into course values('345', 'IF3031', 'IF', 4);
insert into course values('564', 'IF3030', 'ED', 3);
insert into course values('379', 'IF3211', 'FR', 3);
insert into course values('548', 'IF4041', 'ED', 4);
insert into course values('449', 'IF3120', 'WW', 3);
insert into course values('179', 'IF3031', 'FR', 4);
insert into course values('230', 'IF3120', 'RQ', 3);
insert into course values('528', 'IF5555', 'WW', 3);
insert into course values('806', 'IF3030', 'DE', 3);
insert into course values('738', 'IF3120', 'GO', 4);
insert into course values('504', 'IF0230', 'DE', 4);
insert into course values('487', 'IF3022', 'IF', 4);
insert into course values('320', 'IF4041', 'HH', 4);
insert into course values('237', 'IF3031', 'FR', 4);
insert into course values('455', 'IF3030', 'FR', 3);
insert into course values('920', 'IF3211', 'GO', 4);
insert into course values('929', 'IF3022', 'FR', 4);
insert into course values('837', 'IF0230', 'HH', 4);
insert into course values('586', 'IF3211', 'DK', 3);
insert into course values('322', 'IF3120', 'DE', 3);
insert into course values('599', 'IF4321', 'ED', 3);
insert into course values('295', 'IF4321', 'WW', 4);
insert into course values('452', 'IF3031', 'GF', 4);
insert into course values('283', 'IF3022', 'GO', 4);
insert into course values('919', 'IF4041', 'GO', 4);
insert into course values('865', 'IF3333', 'RQ', 3);
insert into course values('263', 'IF3030', 'GF', 3);
insert into course values('390', 'IF4041', 'RQ', 3);
insert into course values('519', 'IF4041', 'FR', 4);
insert into course values('435', 'IF3120', 'RQ', 3);
insert into course values('484', 'IF3120', 'IF', 3);
insert into course values('370', 'IF3030', 'DK', 3);
insert into course values('792', 'IF4321', 'GO', 3);
insert into course values('915', 'IF3030', 'GO', 4);
insert into course values('218', 'IF0230', 'GO', 4);
insert into course values('885', 'IF4321', 'DE', 3);
insert into course values('862', 'IF3211', 'ED', 4);
insert into course values('184', 'IF3030', 'WW', 4);
insert into course values('253', 'IF3030', 'GF', 3);
insert into course values('978', 'IF4321', 'WW', 4);
insert into course values('346', 'IF3120', 'ED', 3);
insert into course values('246', 'IF3333', 'DK', 4);
insert into course values('444', 'IF0230', 'WW', 3);
insert into course values('867', 'IF3031', 'GO', 4);
insert into course values('466', 'IF0230', 'IF', 4);
insert into course values('851', 'IF4321', 'RQ', 4);
insert into course values('945', 'IF3031', 'FR', 3);
insert into course values('964', 'IF4041', 'FR', 3);
insert into course values('764', 'IF4321', 'GO', 4);
insert into course values('795', 'IF3022', 'ED', 4);
insert into course values('485', 'IF0230', 'WW', 3);
insert into course values('741', 'IF3333', 'GO', 3);
insert into course values('369', 'IF0230', 'WW', 3);
insert into course values('148', 'IF3211', 'RQ', 3);
insert into course values('864', 'IF4321', 'HH', 4);
insert into course values('546', 'IF0230', 'GF', 4);
insert into course values('736', 'IF3211', 'HH', 3);
insert into course values('774', 'IF3120', 'DK', 3);
insert into course values('181', 'IF4321', 'IF', 4);
insert into course values('714', 'IF3030', 'IF', 3);
insert into course values('909', 'IF5555', 'GO', 3);
insert into course values('744', 'IF3120', 'WW', 3);
insert into course values('745', 'IF3030', 'GO', 4);
insert into course values('686', 'IF5555', 'GF', 3);
insert into course values('103', 'IF3030', 'GO', 3);
insert into course values('869', 'IF3211', 'FR', 3);
insert into course values('807', 'IF3022', 'GF', 4);
insert into course values('201', 'IF3031', 'GO', 3);
insert into course values('965', 'IF5555', 'ED', 3);
insert into course values('552', 'IF5555', 'IF', 4);
insert into course values('780', 'IF3030', 'GO', 3);
insert into course values('205', 'IF3333', 'DE', 4);
insert into course values('823', 'IF0230', 'ED', 4);
insert into course values('630', 'IF0230', 'WW', 4);
insert into course values('802', 'IF3211', 'GF', 4);
insert into course values('680', 'IF3030', 'GF', 3);
insert into course values('168', 'IF5555', 'FR', 4);
insert into course values('497', 'IF4041', 'GO', 4);
insert into course values('268', 'IF3333', 'DK', 4);
insert into course values('845', 'IF0230', 'ED', 4);
insert into course values('231', 'IF3211', 'HH', 4);
insert into course values('621', 'IF3031', 'IF', 3);
insert into course values('512', 'IF3030', 'ED', 3);
insert into course values('578', 'IF3031', 'FR', 4);
insert into course values('282', 'IF3022', 'ED', 4);
insert into course values('773', 'IF5555', 'IF', 3);
insert into course values('798', 'IF0230', 'HH', 4);
insert into course values('872', 'IF3030', 'IF', 3);
insert into course values('550', 'IF5555', 'GF', 3);
insert into course values('274', 'IF3031', 'GF', 3);
insert into course values('356', 'IF5555', 'DE', 4);
insert into course values('206', 'IF0230', 'FR', 3);
insert into course values('627', 'IF3030', 'FR', 3);
insert into course values('245', 'IF5555', 'ED', 3);
insert into course values('815', 'IF3120', 'WW', 4);
insert into course values('683', 'IF3211', 'ED', 4);
insert into course values('974', 'IF3120', 'HH', 4);
insert into course values('946', 'IF0230', 'FR', 4);
insert into course values('532', 'IF4321', 'FR', 3);
insert into course values('323', 'IF3030', 'GO', 4);
insert into course values('629', 'IF0230', 'FR', 3);
insert into course values('796', 'IF3120', 'GO', 4);
insert into course values('361', 'IF3022', 'DK', 3);
insert into course values('762', 'IF3120', 'GF', 4);
insert into course values('771', 'IF4041', 'ED', 3);
insert into course values('559', 'IF3030', 'DK', 3);
insert into course values('624', 'IF4041', 'HH', 3);
insert into course values('959', 'IF4041', 'WW', 3);
insert into course values('117', 'IF3120', 'GF', 4);
insert into course values('805', 'IF3120', 'IF', 4);
insert into course values('463', 'IF3120', 'DE', 4);
insert into course values('957', 'IF3031', 'DE', 3);
insert into course values('693', 'IF3211', 'HH', 3);
insert into course values('684', 'IF3120', 'ED', 4);
insert into course values('421', 'IF3031', 'GO', 3);
insert into course values('440', 'IF3022', 'ED', 4);
insert into course values('470', 'IF0230', 'WW', 3);
insert into course values('781', 'IF3333', 'DE', 4);
insert into course values('547', 'IF3120', 'RQ', 3);
insert into course values('711', 'IF3030', 'WW', 4);
insert into course values('811', 'IF0230', 'FR', 3);
insert into course values('740', 'IF3333', 'ED', 3);
insert into course values('723', 'IF3030', 'DK', 4);
insert into course values('382', 'IF3211', 'WW', 3);
insert into course values('312', 'IF3030', 'IF', 4);
insert into course values('200', 'IF0230', 'GO', 3);
insert into course values('178', 'IF0230', 'HH', 3);
insert into course values('228', 'IF4321', 'GO', 4);
insert into course values('615', 'IF3030', 'DK', 4);
insert into course values('225', 'IF3211', 'HH', 3);
insert into course values('457', 'IF3030', 'IF', 3);
insert into course values('329', 'IF3333', 'HH', 4);
insert into course values('893', 'IF5555', 'HH', 3);
insert into course values('525', 'IF3030', 'GO', 3);
insert into course values('692', 'IF3333', 'GO', 3);
insert into course values('389', 'IF3333', 'ED', 3);
insert into course values('636', 'IF3333', 'IF', 3);
insert into course values('924', 'IF3022', 'WW', 4);
insert into course values('677', 'IF3211', 'DE', 3);
insert into course values('491', 'IF4321', 'HH', 4);
insert into course values('657', 'IF3030', 'HH', 3);
insert into course values('890', 'IF3333', 'DK', 3);
insert into course values('248', 'IF3333', 'DE', 3);
insert into course values('383', 'IF4321', 'ED', 3);
insert into course values('445', 'IF3031', 'RQ', 4);
insert into course values('442', 'IF3031', 'GO', 3);
insert into course values('124', 'IF3030', 'DE', 3);
insert into course values('128', 'IF3333', 'FR', 4);
insert into course values('545', 'IF3031', 'GF', 4);
insert into course values('108', 'IF3031', 'ED', 3);
insert into course values('405', 'IF3031', 'GO', 3);
insert into course values('904', 'IF4041', 'GO', 4);
insert into course values('642', 'IF3030', 'HH', 4);
insert into course values('984', 'IF3211', 'HH', 4);
insert into course values('486', 'IF4321', 'ED', 3);
insert into course values('473', 'IF3022', 'GF', 3);
insert into instructor values('7572', 'Kiki', 'ED', 113508.14);
insert into instructor values('1742', 'Ahmad', 'DE', 128634.71);
insert into instructor values('71580', 'Ande', 'DK', 41073.09);
insert into instructor values('3278', 'Johan', 'GF', 42800.44);
insert into instructor values('87899', 'Ahmad', 'GO', 45095.67);
insert into instructor values('54178', 'yuyun', 'ED', 128028.93);
insert into instructor values('41042', 'Johan', 'ED', 38429.81);
insert into instructor values('65733', 'Budi', 'GF', 57263.49);
insert into instructor values('14535', 'rahmat', 'FR', 31045.71);
insert into instructor values('9620', 'rahmat', 'DK', 44058.34);
insert into instructor values('93696', 'Ahmad', 'ED', 125737.80);
insert into instructor values('83472', 'Josu', 'DE', 75562.23);
insert into instructor values('95013', 'rahmat', 'WW', 113735.63);
insert into instructor values('5145', 'Josu', 'IF', 55446.65);
insert into instructor values('86114', 'Ahmad', 'IF', 67766.98);
insert into instructor values('63603', 'Yohan', 'ED', 117462.87);
insert into instructor values('28514', 'Ahmad', 'RQ', 104048.42);
insert into instructor values('25508', 'Ande', 'ED', 102050.27);
insert into instructor values('75188', 'Ahmad', 'GO', 99229.38);
insert into instructor values('13011', 'Ande', 'GF', 110781.87);
insert into instructor values('11018', 'Adri', 'IF', 103491.51);
insert into instructor values('9675', 'Josu', 'DE', 66420.81);
insert into instructor values('89877', 'Ande', 'DK', 86805.78);
insert into instructor values('63861', 'Budi', 'DK', 109975.47);
insert into instructor values('26377', 'Ande', 'RQ', 91775.86);
insert into instructor values('76289', 'rahmat', 'ED', 60378.56);
insert into instructor values('17983', 'Yohan', 'HH', 43546.70);
insert into instructor values('83229', 'yuyun', 'GF', 47279.19);
insert into instructor values('4941', 'Ahmad', 'DK', 84933.35);
insert into instructor values('81595', 'Ahmad', 'WW', 102925.14);
insert into instructor values('6831', 'yuyun', 'IF', 63225.71);
insert into instructor values('37839', 'Kiki', 'FR', 65225.59);
insert into instructor values('62018', 'Ahmad', 'WW', 94050.58);
insert into instructor values('7439', 'Kiki', 'GF', 100823.34);
insert into instructor values('51363', 'Ande', 'IF', 67223.36);
insert into instructor values('30641', 'Adri', 'GO', 104368.24);
insert into instructor values('90579', 'Ande', 'WW', 39697.36);
insert into instructor values('93167', 'Josu', 'FR', 68172.34);
insert into instructor values('4661', 'yuyun', 'HH', 81519.63);
insert into instructor values('52837', 'Josu', 'DK', 45040.22);
insert into instructor values('69870', 'rahmat', 'WW', 102127.79);
insert into instructor values('96177', 'Kiki', 'FR', 46306.41);
insert into instructor values('24388', 'Johan', 'FR', 86373.28);
insert into instructor values('93586', 'Josu', 'FR', 126975.05);
insert into instructor values('29408', 'Adri', 'ED', 112332.25);
insert into instructor values('51210', 'Kiki', 'RQ', 110345.19);
insert into instructor values('21259', 'Adri', 'DK', 106265.94);
insert into instructor values('63868', 'Adri', 'ED', 95618.41);
insert into instructor values('75635', 'Yohan', 'FR', 114018.29);
insert into instructor values('76973', 'Adri', 'ED', 73723.81);
insert into section values('714', '1', 'Fall', 2003, 'H', '894', 'H');
insert into section values('225', '1', 'Spring', 2008, 'C', '550', 'N');
insert into section values('435', '1', 'Spring', 2005, 'B', '320', 'M');
insert into section values('896', '1', 'Spring', 2002, 'I', '564', 'K');
insert into section values('181', '1', 'Fall', 2003, 'I', '564', 'B');
insert into section values('819', '1', 'Spring', 2005, 'H', '109', 'O');
insert into section values('814', '1', 'Spring', 2006, 'H', '626', 'P');
insert into section values('389', '1', 'Spring', 2007, 'H', '109', 'F');
insert into section values('506', '1', 'Spring', 2003, 'I', '198', 'I');
insert into section values('740', '1', 'Spring', 2008, 'C', '550', 'P');
insert into section values('494', '1', 'Spring', 2007, 'H', '894', 'K');
insert into section values('283', '1', 'Spring', 2002, 'G', '471', 'O');
insert into section values('988', '1', 'Fall', 2009, 'G', '341', 'F');
insert into section values('444', '1', 'Spring', 2008, 'I', '564', 'H');
insert into section values('738', '1', 'Spring', 2003, 'I', '198', 'O');
insert into section values('117', '1', 'Spring', 2006, 'H', '894', 'K');
insert into section values('890', '1', 'Spring', 2004, 'C', '550', 'H');
insert into section values('744', '1', 'Spring', 2005, 'C', '550', 'N');
insert into section values('592', '1', 'Spring', 2005, 'I', '564', 'D');
insert into section values('630', '1', 'Spring', 2003, 'C', '550', 'M');
insert into section values('180', '1', 'Fall', 2002, 'I', '198', 'E');
insert into section values('965', '1', 'Fall', 2006, 'I', '198', 'I');
insert into section values('230', '1', 'Spring', 2005, 'H', '626', 'N');
insert into section values('636', '1', 'Spring', 2010, 'B', '320', 'B');
insert into section values('379', '1', 'Spring', 2001, 'H', '894', 'A');
insert into section values('798', '1', 'Fall', 2003, 'I', '564', 'N');
insert into section values('711', '1', 'Fall', 2003, 'B', '320', 'G');
insert into section values('282', '1', 'Spring', 2003, 'H', '894', 'P');
insert into section values('722', '1', 'Spring', 2007, 'G', '341', 'C');
insert into section values('624', '1', 'Spring', 2008, 'H', '626', 'N');
insert into section values('550', '1', 'Spring', 2006, 'G', '341', 'E');
insert into section values('546', '1', 'Spring', 2005, 'H', '109', 'P');
insert into section values('237', '1', 'Spring', 2003, 'I', '198', 'K');
insert into section values('686', '1', 'Spring', 2004, 'G', '471', 'M');
insert into section values('909', '1', 'Fall', 2009, 'H', '109', 'B');
insert into section values('807', '1', 'Fall', 2007, 'G', '471', 'C');
insert into section values('108', '1', 'Fall', 2008, 'H', '894', 'C');
insert into section values('741', '1', 'Spring', 2009, 'H', '894', 'K');
insert into section values('329', '1', 'Spring', 2005, 'E', '956', 'M');
insert into section values('282', '2', 'Fall', 2010, 'C', '550', 'N');
insert into section values('924', '1', 'Fall', 2001, 'H', '626', 'A');
insert into section values('200', '1', 'Spring', 2007, 'E', '956', 'O');
insert into section values('815', '1', 'Spring', 2004, 'G', '471', 'P');
insert into section values('899', '1', 'Spring', 2007, 'G', '341', 'J');
insert into section values('946', '1', 'Spring', 2002, 'G', '341', 'L');
insert into section values('550', '2', 'Spring', 2004, 'E', '956', 'I');
insert into section values('371', '1', 'Fall', 2007, 'H', '894', 'B');
insert into section values('528', '1', 'Fall', 2010, 'C', '550', 'I');
insert into section values('182', '1', 'Spring', 2001, 'H', '894', 'P');
insert into section values('597', '1', 'Spring', 2001, 'G', '341', 'N');
insert into section values('547', '1', 'Fall', 2002, 'I', '564', 'K');
insert into section values('215', '1', 'Spring', 2004, 'I', '564', 'N');
insert into section values('792', '1', 'Fall', 2010, 'H', '894', 'G');
insert into section values('978', '1', 'Fall', 2002, 'I', '564', 'B');
insert into section values('389', '2', 'Fall', 2008, 'B', '320', 'M');
insert into section values('686', '2', 'Spring', 2010, 'H', '109', 'D');
insert into section values('444', '2', 'Fall', 2003, 'H', '626', 'K');
insert into section values('248', '1', 'Spring', 2004, 'I', '198', 'G');
insert into section values('421', '1', 'Spring', 2002, 'G', '471', 'I');
insert into section values('445', '1', 'Spring', 2003, 'B', '320', 'F');
insert into section values('965', '2', 'Spring', 2008, 'C', '550', 'D');
insert into section values('248', '2', 'Fall', 2006, 'E', '956', 'A');
insert into section values('774', '1', 'Spring', 2006, 'H', '109', 'G');
insert into section values('984', '1', 'Fall', 2010, 'H', '894', 'D');
insert into section values('851', '1', 'Fall', 2009, 'B', '320', 'M');
insert into section values('237', '2', 'Spring', 2002, 'H', '109', 'J');
insert into section values('546', '2', 'Fall', 2003, 'G', '471', 'A');
insert into section values('745', '1', 'Fall', 2005, 'B', '320', 'J');
insert into section values('744', '2', 'Fall', 2007, 'I', '198', 'H');
insert into section values('519', '1', 'Spring', 2008, 'G', '341', 'F');
insert into section values('872', '1', 'Spring', 2004, 'H', '109', 'C');
insert into section values('773', '1', 'Fall', 2005, 'H', '109', 'L');
insert into section values('494', '2', 'Spring', 2004, 'H', '626', 'L');
insert into section values('630', '2', 'Fall', 2006, 'C', '550', 'A');
insert into section values('924', '2', 'Spring', 2007, 'B', '320', 'B');
insert into section values('683', '1', 'Fall', 2005, 'G', '341', 'D');
insert into section values('711', '2', 'Fall', 2006, 'I', '564', 'C');
insert into section values('578', '1', 'Fall', 2004, 'I', '564', 'A');
insert into section values('872', '2', 'Fall', 2008, 'H', '109', 'P');
insert into section values('636', '2', 'Spring', 2003, 'H', '894', 'J');
insert into section values('595', '1', 'Fall', 2009, 'B', '320', 'A');
insert into section values('457', '1', 'Fall', 2006, 'G', '341', 'H');
insert into section values('864', '1', 'Fall', 2006, 'G', '341', 'H');
insert into section values('741', '2', 'Spring', 2001, 'B', '320', 'A');
insert into section values('223', '1', 'Spring', 2005, 'H', '894', 'B');
insert into section values('445', '2', 'Spring', 2004, 'C', '550', 'C');
insert into section values('915', '1', 'Spring', 2008, 'H', '626', 'M');
insert into section values('909', '2', 'Fall', 2002, 'B', '320', 'O');
insert into section values('873', '1', 'Spring', 2007, 'H', '894', 'D');
insert into section values('978', '2', 'Spring', 2002, 'H', '109', 'E');
insert into section values('869', '1', 'Spring', 2007, 'H', '894', 'I');
insert into section values('322', '1', 'Fall', 2002, 'H', '626', 'P');
insert into section values('128', '1', 'Fall', 2008, 'E', '956', 'C');
insert into section values('774', '2', 'Spring', 2009, 'B', '320', 'P');
insert into section values('228', '1', 'Spring', 2005, 'H', '109', 'H');
insert into section values('512', '1', 'Fall', 2009, 'H', '626', 'B');
insert into section values('762', '1', 'Spring', 2004, 'H', '626', 'F');
insert into section values('780', '1', 'Fall', 2010, 'H', '894', 'O');
insert into section values('896', '2', 'Fall', 2003, 'H', '626', 'L');
insert into section values('128', '2', 'Fall', 2001, 'I', '564', 'C');
insert into section values('230', '2', 'Fall', 2007, 'I', '198', 'P');
insert into section values('525', '1', 'Spring', 2009, 'G', '471', 'O');
insert into section values('819', '2', 'Fall', 2007, 'I', '198', 'N');
insert into section values('550', '3', 'Fall', 2009, 'C', '550', 'N');
insert into section values('379', '2', 'Spring', 2006, 'G', '341', 'M');
insert into section values('684', '1', 'Spring', 2009, 'G', '341', 'N');
insert into section values('823', '1', 'Fall', 2010, 'H', '626', 'O');
insert into section values('806', '1', 'Spring', 2007, 'G', '471', 'L');
insert into section values('476', '1', 'Fall', 2005, 'I', '198', 'N');
insert into section values('389', '3', 'Spring', 2002, 'H', '626', 'P');
insert into section values('771', '1', 'Spring', 2005, 'H', '626', 'P');
insert into section values('206', '1', 'Fall', 2003, 'H', '626', 'B');
insert into section values('148', '1', 'Spring', 2010, 'G', '471', 'M');
insert into section values('379', '3', 'Fall', 2001, 'B', '320', 'N');
insert into section values('379', '4', 'Spring', 2001, 'G', '471', 'P');
insert into section values('738', '2', 'Spring', 2003, 'H', '894', 'E');
insert into section values('876', '1', 'Spring', 2001, 'I', '564', 'K');
insert into section values('263', '1', 'Spring', 2008, 'I', '564', 'O');
insert into section values('736', '1', 'Spring', 2003, 'H', '894', 'I');
insert into section values('781', '1', 'Fall', 2005, 'G', '471', 'L');
insert into section values('122', '1', 'Spring', 2010, 'E', '956', 'K');
insert into section values('964', '1', 'Fall', 2001, 'H', '626', 'H');
insert into section values('546', '3', 'Spring', 2002, 'H', '626', 'G');
insert into section values('504', '1', 'Spring', 2009, 'I', '564', 'B');
insert into section values('379', '5', 'Spring', 2008, 'I', '564', 'D');
insert into section values('371', '2', 'Fall', 2004, 'I', '198', 'M');
insert into section values('823', '2', 'Fall', 2008, 'G', '341', 'A');
insert into section values('683', '2', 'Fall', 2003, 'I', '564', 'D');
insert into section values('823', '3', 'Spring', 2007, 'E', '956', 'J');
insert into section values('547', '2', 'Spring', 2008, 'C', '550', 'L');
insert into section values('504', '2', 'Fall', 2003, 'B', '320', 'E');
insert into section values('449', '1', 'Spring', 2005, 'H', '894', 'J');
insert into section values('175', '1', 'Fall', 2010, 'E', '956', 'G');
insert into section values('684', '2', 'Spring', 2002, 'C', '550', 'M');
insert into section values('655', '1', 'Fall', 2004, 'H', '109', 'F');
insert into section values('919', '1', 'Spring', 2002, 'H', '894', 'H');
insert into section values('630', '3', 'Fall', 2006, 'H', '109', 'M');
insert into section values('802', '1', 'Spring', 2001, 'G', '471', 'M');
insert into section values('379', '6', 'Spring', 2002, 'I', '198', 'A');
insert into section values('108', '2', 'Spring', 2006, 'I', '564', 'I');
insert into section values('723', '1', 'Fall', 2005, 'H', '109', 'N');
insert into section values('383', '1', 'Fall', 2002, 'I', '564', 'K');
insert into section values('237', '3', 'Spring', 2001, 'I', '564', 'I');
insert into section values('476', '2', 'Fall', 2004, 'H', '626', 'B');
insert into section values('865', '1', 'Fall', 2002, 'H', '109', 'C');
insert into section values('206', '2', 'Spring', 2003, 'H', '626', 'P');
insert into section values('473', '1', 'Spring', 2003, 'H', '626', 'A');
insert into section values('178', '1', 'Spring', 2001, 'H', '626', 'C');
insert into section values('978', '3', 'Fall', 2007, 'G', '341', 'K');
insert into section values('802', '2', 'Spring', 2009, 'H', '626', 'H');
insert into section values('774', '3', 'Spring', 2007, 'G', '471', 'I');
insert into section values('184', '1', 'Spring', 2003, 'E', '956', 'F');
insert into section values('519', '2', 'Fall', 2004, 'G', '471', 'M');
insert into section values('422', '1', 'Fall', 2004, 'H', '626', 'D');
insert into section values('103', '1', 'Fall', 2002, 'E', '956', 'K');
insert into section values('445', '3', 'Fall', 2001, 'G', '471', 'N');
insert into section values('886', '1', 'Spring', 2010, 'I', '564', 'O');
insert into section values('655', '2', 'Fall', 2007, 'C', '550', 'H');
insert into section values('814', '2', 'Spring', 2001, 'H', '109', 'N');
insert into section values('629', '1', 'Spring', 2004, 'G', '471', 'C');
insert into section values('473', '2', 'Fall', 2004, 'G', '341', 'N');
insert into section values('621', '1', 'Fall', 2008, 'B', '320', 'N');
insert into section values('476', '3', 'Fall', 2004, 'H', '626', 'G');
insert into section values('461', '1', 'Fall', 2010, 'E', '956', 'J');
insert into section values('201', '1', 'Fall', 2005, 'G', '341', 'A');
insert into section values('248', '3', 'Fall', 2007, 'G', '341', 'G');
insert into section values('201', '2', 'Spring', 2007, 'E', '956', 'F');
insert into section values('811', '1', 'Spring', 2003, 'C', '550', 'B');
insert into section values('234', '1', 'Spring', 2006, 'H', '109', 'K');
insert into section values('371', '3', 'Fall', 2009, 'E', '956', 'N');
insert into section values('180', '2', 'Spring', 2007, 'E', '956', 'H');
insert into section values('781', '2', 'Spring', 2006, 'C', '550', 'H');
insert into section values('461', '2', 'Spring', 2007, 'H', '894', 'E');
insert into section values('919', '2', 'Spring', 2006, 'G', '341', 'L');
insert into section values('802', '3', 'Spring', 2009, 'B', '320', 'I');
insert into section values('890', '2', 'Spring', 2003, 'H', '626', 'H');
insert into section values('346', '1', 'Fall', 2003, 'H', '626', 'J');
insert into section values('722', '2', 'Spring', 2008, 'H', '626', 'H');
insert into section values('550', '4', 'Spring', 2003, 'B', '320', 'C');
insert into section values('890', '3', 'Spring', 2002, 'H', '626', 'I');
insert into section values('512', '2', 'Fall', 2006, 'B', '320', 'N');
insert into section values('886', '2', 'Spring', 2004, 'H', '626', 'A');
insert into section values('230', '3', 'Fall', 2003, 'H', '894', 'M');
insert into section values('762', '2', 'Spring', 2003, 'H', '109', 'I');
insert into section values('684', '3', 'Spring', 2010, 'B', '320', 'B');
insert into section values('180', '3', 'Spring', 2006, 'G', '471', 'F');
insert into section values('984', '2', 'Spring', 2008, 'G', '471', 'M');
insert into section values('621', '2', 'Spring', 2005, 'H', '894', 'P');
insert into section values('205', '1', 'Fall', 2002, 'G', '341', 'D');
insert into section values('865', '2', 'Spring', 2008, 'I', '198', 'J');
insert into section values('876', '2', 'Spring', 2004, 'H', '109', 'E');
insert into section values('492', '1', 'Spring', 2006, 'B', '320', 'G');
insert into section values('657', '1', 'Spring', 2004, 'E', '956', 'H');
insert into section values('476', '4', 'Fall', 2009, 'B', '320', 'P');
insert into section values('873', '2', 'Fall', 2009, 'E', '956', 'M');
insert into section values('680', '1', 'Spring', 2004, 'B', '320', 'J');
insert into section values('371', '4', 'Spring', 2010, 'H', '626', 'M');
insert into section values('371', '5', 'Fall', 2001, 'H', '626', 'C');
insert into section values('723', '2', 'Fall', 2004, 'H', '894', 'B');
insert into section values('248', '4', 'Spring', 2008, 'G', '471', 'J');
insert into teaches values('4661', '655', '1', 'Fall', 2004);
insert into teaches values('13011', '494', '2', 'Spring', 2004);
insert into teaches values('63868', '965', '1', 'Fall', 2006);
insert into teaches values('30641', '421', '1', 'Spring', 2002);
insert into teaches values('4661', '984', '1', 'Fall', 2010);
insert into teaches values('30641', '722', '2', 'Spring', 2008);
insert into teaches values('63868', '371', '3', 'Fall', 2009);
insert into teaches values('83229', '550', '4', 'Spring', 2003);
insert into teaches values('76973', '108', '1', 'Fall', 2008);
insert into teaches values('11018', '636', '2', 'Spring', 2003);
insert into teaches values('7439', '546', '1', 'Spring', 2005);
insert into teaches values('75188', '909', '2', 'Fall', 2002);
insert into teaches values('7439', '546', '2', 'Fall', 2003);
insert into teaches values('21259', '890', '1', 'Spring', 2004);
insert into teaches values('75188', '919', '2', 'Spring', 2006);
insert into teaches values('69870', '744', '1', 'Spring', 2005);
insert into teaches values('30641', '201', '1', 'Fall', 2005);
insert into teaches values('21259', '723', '2', 'Fall', 2004);
insert into teaches values('4661', '624', '1', 'Spring', 2008);
insert into teaches values('69870', '444', '1', 'Spring', 2008);
insert into teaches values('76973', '461', '1', 'Fall', 2010);
insert into teaches values('51210', '873', '1', 'Spring', 2007);
insert into teaches values('63868', '740', '1', 'Spring', 2008);
insert into teaches values('7439', '223', '1', 'Spring', 2005);
insert into teaches values('13011', '473', '1', 'Spring', 2003);
insert into teaches values('52837', '774', '2', 'Spring', 2009);
insert into teaches values('51363', '773', '1', 'Fall', 2005);
insert into teaches values('75635', '379', '6', 'Spring', 2002);
insert into teaches values('75635', '237', '2', 'Spring', 2002);
insert into teaches values('75635', '869', '1', 'Spring', 2007);
insert into teaches values('75635', '379', '2', 'Spring', 2006);
insert into teaches values('9675', '322', '1', 'Fall', 2002);
insert into teaches values('51210', '445', '2', 'Spring', 2004);
insert into teaches values('76973', '683', '1', 'Fall', 2005);
insert into teaches values('90579', '978', '2', 'Spring', 2002);
insert into teaches values('9675', '814', '1', 'Spring', 2006);
insert into teaches values('30641', '200', '1', 'Spring', 2007);
insert into teaches values('75635', '128', '1', 'Fall', 2008);
insert into teaches values('76973', '346', '1', 'Fall', 2003);
insert into teaches values('1742', '504', '1', 'Spring', 2009);
insert into teaches values('30641', '283', '1', 'Spring', 2002);
insert into teaches values('9675', '819', '1', 'Spring', 2005);
insert into teaches values('75635', '946', '1', 'Spring', 2002);
insert into teaches values('51363', '181', '1', 'Fall', 2003);
insert into teaches values('9675', '781', '1', 'Fall', 2005);
insert into teaches values('90579', '444', '2', 'Fall', 2003);
insert into teaches values('83229', '802', '3', 'Spring', 2009);
insert into teaches values('83472', '504', '2', 'Fall', 2003);
insert into teaches values('7439', '680', '1', 'Spring', 2004);
insert into teaches values('83229', '550', '1', 'Spring', 2006);
insert into teaches values('76973', '461', '2', 'Spring', 2007);
insert into teaches values('21259', '890', '3', 'Spring', 2002);
insert into teaches values('83472', '205', '1', 'Fall', 2002);
insert into teaches values('21259', '723', '1', 'Fall', 2005);
insert into teaches values('7439', '175', '1', 'Fall', 2010);
insert into teaches values('69870', '978', '3', 'Fall', 2007);
insert into teaches values('51210', '445', '1', 'Spring', 2003);
insert into teaches values('51210', '547', '1', 'Fall', 2002);
insert into teaches values('51210', '230', '3', 'Fall', 2003);
insert into teaches values('26377', '445', '3', 'Fall', 2001);
insert into teaches values('30641', '745', '1', 'Fall', 2005);
insert into teaches values('30641', '780', '1', 'Fall', 2010);
insert into teaches values('7439', '494', '1', 'Spring', 2007);
insert into teaches values('75635', '811', '1', 'Spring', 2003);
insert into teaches values('63868', '823', '1', 'Fall', 2010);
insert into teaches values('7439', '546', '3', 'Spring', 2002);
insert into teaches values('51210', '230', '2', 'Fall', 2007);
insert into teaches values('76973', '383', '1', 'Fall', 2002);
insert into teaches values('75635', '896', '1', 'Spring', 2002);
insert into teaches values('51363', '234', '1', 'Spring', 2006);
insert into teaches values('9675', '806', '1', 'Spring', 2007);
insert into teaches values('90579', '449', '1', 'Spring', 2005);
insert into teaches values('69870', '528', '1', 'Fall', 2010);
insert into teaches values('76973', '771', '1', 'Spring', 2005);
insert into teaches values('90579', '815', '1', 'Spring', 2004);
insert into teaches values('9675', '248', '3', 'Fall', 2007);
insert into teaches values('7439', '117', '1', 'Spring', 2006);
insert into teaches values('30641', '909', '1', 'Fall', 2009);
insert into teaches values('83229', '550', '2', 'Spring', 2004);
insert into teaches values('9675', '248', '4', 'Spring', 2008);
insert into teaches values('51363', '621', '1', 'Fall', 2008);
insert into teaches values('83229', '686', '1', 'Spring', 2004);
insert into teaches values('69870', '744', '2', 'Fall', 2007);
insert into teaches values('4661', '329', '1', 'Spring', 2005);
insert into teaches values('51363', '872', '2', 'Fall', 2008);
insert into teaches values('69870', '180', '1', 'Fall', 2002);
insert into teaches values('51210', '873', '2', 'Fall', 2009);
insert into teaches values('51210', '230', '1', 'Spring', 2005);
insert into teaches values('51210', '148', '1', 'Spring', 2010);
insert into teaches values('9675', '592', '1', 'Spring', 2005);
insert into teaches values('30641', '103', '1', 'Fall', 2002);
insert into teaches values('69870', '630', '1', 'Spring', 2003);
insert into teaches values('90579', '506', '1', 'Spring', 2003);
insert into teaches values('30641', '525', '1', 'Spring', 2009);
insert into teaches values('93586', '237', '3', 'Spring', 2001);
insert into teaches values('30641', '741', '1', 'Spring', 2009);
insert into teaches values('30641', '228', '1', 'Spring', 2005);
insert into teaches values('4661', '492', '1', 'Spring', 2006);
insert into teaches values('4661', '225', '1', 'Spring', 2008);
insert into teaches values('76973', '684', '1', 'Spring', 2009);
insert into student values('81518', 'Ande', 'GF', 81);
insert into student values('13348', 'Kiki', 'GO', 127);
insert into student values('13422', 'rahmat', 'FR', 104);
insert into student values('21832', 'Josu', 'DE', 54);
insert into student values('84986', 'yuyun', 'RQ', 125);
insert into student values('86970', 'yuyun', 'HH', 98);
insert into student values('18527', 'Budi', 'FR', 101);
insert into student values('61092', 'Ahmad', 'WW', 29);
insert into student values('76501', 'yuyun', 'GF', 85);
insert into student values('68314', 'Yohan', 'HH', 30);
insert into student values('16797', 'Yohan', 'RQ', 110);
insert into student values('62648', 'Yohan', 'HH', 7);
insert into student values('75648', 'yuyun', 'DE', 87);
insert into student values('76232', 'Ahmad', 'GO', 77);
insert into student values('77428', 'Kiki', 'FR', 32);
insert into student values('7707', 'yuyun', 'HH', 105);
insert into student values('94199', 'Budi', 'WW', 64);
insert into student values('56493', 'yuyun', 'GF', 129);
insert into student values('32787', 'Ande', 'GO', 30);
insert into student values('44995', 'Kiki', 'ED', 121);
insert into student values('3227', 'Ahmad', 'RQ', 14);
insert into student values('87757', 'Kiki', 'RQ', 3);
insert into student values('49290', 'Budi', 'IF', 112);
insert into student values('18886', 'yuyun', 'GO', 110);
insert into student values('52264', 'Ahmad', 'WW', 24);
insert into student values('52849', 'Budi', 'IF', 21);
insert into student values('39974', 'yuyun', 'IF', 0);
insert into student values('36539', 'Kiki', 'WW', 85);
insert into student values('73854', 'Budi', 'IF', 36);
insert into student values('71774', 'rahmat', 'HH', 32);
insert into student values('43830', 'Johan', 'DK', 98);
insert into student values('91833', 'Ahmad', 'IF', 38);
insert into student values('21083', 'Budi', 'RQ', 53);
insert into student values('78362', 'Yohan', 'HH', 57);
insert into student values('47720', 'rahmat', 'HH', 111);
insert into student values('10262', 'Adri', 'DK', 74);
insert into student values('86206', 'Yohan', 'ED', 60);
insert into student values('48013', 'rahmat', 'FR', 120);
insert into student values('41675', 'Budi', 'GF', 36);
insert into student values('90761', 'yuyun', 'FR', 91);
insert into student values('20613', 'Josu', 'FR', 34);
insert into student values('29149', 'Ahmad', 'GO', 83);
insert into student values('39694', 'yuyun', 'FR', 50);
insert into student values('21511', 'rahmat', 'RQ', 60);
insert into student values('44175', 'Ahmad', 'IF', 6);
insert into student values('13232', 'Kiki', 'IF', 80);
insert into student values('96766', 'Budi', 'RQ', 41);
insert into student values('79976', 'Budi', 'IF', 1);
insert into student values('58874', 'Budi', 'WW', 4);
insert into student values('37772', 'Budi', 'DE', 72);
insert into student values('83499', 'Josu', 'GO', 49);
insert into student values('76290', 'rahmat', 'DE', 105);
insert into student values('12933', 'Johan', 'DE', 34);
insert into student values('48057', 'rahmat', 'IF', 17);
insert into student values('99683', 'Josu', 'WW', 103);
insert into student values('53708', 'Ande', 'WW', 60);
insert into student values('35693', 'yuyun', 'WW', 55);
insert into student values('4797', 'Johan', 'DE', 102);
insert into student values('88500', 'Ahmad', 'DK', 96);
insert into student values('32603', 'Budi', 'FR', 35);
insert into student values('33171', 'Ahmad', 'ED', 1);
insert into student values('68766', 'rahmat', 'ED', 14);
insert into student values('19821', 'yuyun', 'GF', 8);
insert into student values('18951', 'Ande', 'WW', 104);
insert into student values('40947', 'yuyun', 'WW', 89);
insert into student values('78883', 'Ahmad', 'FR', 24);
insert into student values('95165', 'Johan', 'DE', 66);
insert into student values('91142', 'Kiki', 'HH', 106);
insert into student values('62381', 'Josu', 'RQ', 78);
insert into student values('78386', 'Kiki', 'DK', 44);
insert into student values('88369', 'Ande', 'DK', 95);
insert into student values('40463', 'Ahmad', 'DK', 52);
insert into student values('1696', 'Adri', 'ED', 45);
insert into student values('92658', 'Josu', 'FR', 36);
insert into student values('10713', 'Yohan', 'HH', 59);
insert into student values('88216', 'yuyun', 'IF', 2);
insert into student values('88777', 'Josu', 'WW', 58);
insert into student values('30025', 'Yohan', 'GO', 63);
insert into student values('12963', 'yuyun', 'WW', 25);
insert into student values('36887', 'Johan', 'GF', 113);
insert into student values('54631', 'Yohan', 'GO', 110);
insert into student values('10654', 'rahmat', 'WW', 43);
insert into student values('47357', 'Josu', 'GF', 107);
insert into student values('25188', 'Josu', 'FR', 124);
insert into student values('55897', 'Budi', 'ED', 100);
insert into student values('5879', 'Ande', 'ED', 61);
insert into student values('49494', 'Ahmad', 'FR', 78);
insert into student values('26451', 'Ande', 'DK', 56);
insert into student values('69309', 'Ahmad', 'FR', 80);
insert into student values('18556', 'Ahmad', 'IF', 30);
insert into student values('3069', 'Ande', 'DK', 77);
insert into student values('2045', 'yuyun', 'WW', 44);
insert into student values('78098', 'Budi', 'ED', 27);
insert into student values('24817', 'Kiki', 'RQ', 24);
insert into student values('3711', 'yuyun', 'GO', 80);
insert into student values('21912', 'Ahmad', 'GO', 111);
insert into student values('80341', 'Adri', 'WW', 25);
insert into student values('57214', 'yuyun', 'FR', 19);
insert into student values('79532', 'Johan', 'GF', 122);
insert into student values('22073', 'Budi', 'HH', 45);
insert into takes values('91833', '371', '4', 'Spring', 2010, 'A ');
insert into takes values('96766', '108', '2', 'Spring', 2006, 'A+');
insert into takes values('19821', '978', '2', 'Spring', 2002, 'C ');
insert into takes values('21083', '629', '1', 'Spring', 2004, 'B ');
insert into takes values('18556', '206', '1', 'Fall', 2003, 'C ');
insert into takes values('43830', '283', '1', 'Spring', 2002, 'B ');
insert into takes values('18951', '736', '1', 'Spring', 2003, 'C ');
insert into takes values('36539', '864', '1', 'Fall', 2006, 'C ');
insert into takes values('78386', '714', '1', 'Fall', 2003, 'B+');
insert into takes values('37772', '550', '3', 'Fall', 2009, 'B+');
insert into takes values('10713', '899', '1', 'Spring', 2007, 'C+');
insert into takes values('30025', '814', '1', 'Spring', 2006, 'A ');
insert into takes values('90761', '519', '1', 'Spring', 2008, 'C ');
insert into takes values('21912', '686', '1', 'Spring', 2004, 'C+');
insert into takes values('47720', '814', '2', 'Spring', 2001, 'A-');
insert into takes values('44175', '657', '1', 'Spring', 2004, 'C-');
insert into takes values('78098', '802', '1', 'Spring', 2001, 'A+');
insert into takes values('35693', '762', '2', 'Spring', 2003, 'C+');
insert into takes values('20613', '823', '1', 'Fall', 2010, 'B ');
insert into takes values('10713', '178', '1', 'Spring', 2001, 'B-');
insert into takes values('76290', '924', '1', 'Fall', 2001, 'A ');
insert into takes values('13348', '886', '2', 'Spring', 2004, 'A ');
insert into takes values('80341', '512', '2', 'Fall', 2006, 'B+');
insert into takes values('99683', '624', '1', 'Spring', 2008, 'C-');
insert into takes values('90761', '684', '3', 'Spring', 2010, 'C+');
insert into takes values('41675', '248', '4', 'Spring', 2008, 'A+');
insert into takes values('55897', '206', '2', 'Spring', 2003, 'A ');
insert into takes values('18951', '476', '4', 'Fall', 2009, 'C-');
insert into takes values('41675', '445', '2', 'Spring', 2004, 'A-');
insert into takes values('3227', '379', '4', 'Spring', 2001, 'A-');
insert into takes values('39974', '774', '2', 'Spring', 2009, 'C ');
insert into takes values('10262', '248', '3', 'Fall', 2007, 'C-');
insert into takes values('10262', '876', '1', 'Spring', 2001, 'C+');
insert into takes values('88777', '781', '2', 'Spring', 2006, 'C ');
insert into takes values('10654', '550', '2', 'Spring', 2004, 'C ');
insert into takes values('21083', '379', '5', 'Spring', 2008, 'A+');
insert into takes values('76501', '346', '1', 'Fall', 2003, 'C+');
insert into takes values('69309', '371', '1', 'Fall', 2007, 'B ');
insert into takes values('58874', '886', '2', 'Spring', 2004, 'B ');
insert into takes values('71774', '630', '1', 'Spring', 2003, 'C ');
insert into takes values('58874', '872', '1', 'Spring', 2004, 'C+');
insert into takes values('1696', '636', '1', 'Spring', 2010, 'B+');
insert into takes values('40947', '206', '2', 'Spring', 2003, 'B+');
insert into takes values('48013', '595', '1', 'Fall', 2009, 'A-');
insert into takes values('13232', '223', '1', 'Spring', 2005, 'A-');
insert into takes values('77428', '744', '2', 'Fall', 2007, 'C+');
insert into takes values('13232', '492', '1', 'Spring', 2006, 'B-');
insert into takes values('10713', '263', '1', 'Spring', 2008, 'A+');
insert into takes values('13232', '578', '1', 'Fall', 2004, 'C-');
insert into takes values('75648', '506', '1', 'Spring', 2003, 'A-');
insert into takes values('87757', '435', '1', 'Spring', 2005, 'B+');
insert into takes values('21912', '476', '4', 'Fall', 2009, 'C-');
insert into takes values('20613', '371', '5', 'Fall', 2001, 'B ');
insert into takes values('58874', '506', '1', 'Spring', 2003, 'B-');
insert into takes values('13422', '890', '2', 'Spring', 2003, 'B+');
insert into takes values('78883', '814', '2', 'Spring', 2001, 'A ');
insert into takes values('36887', '864', '1', 'Fall', 2006, 'A+');
insert into takes values('41675', '234', '1', 'Spring', 2006, 'B ');
insert into takes values('21912', '108', '2', 'Spring', 2006, 'C ');
insert into takes values('73854', '547', '1', 'Fall', 2002, 'A ');
insert into takes values('5879', '762', '1', 'Spring', 2004, 'A ');
insert into takes values('1696', '519', '1', 'Spring', 2008, 'A ');
insert into takes values('62648', '476', '3', 'Fall', 2004, 'C-');
insert into takes values('21511', '592', '1', 'Spring', 2005, 'C+');
insert into takes values('16797', '181', '1', 'Fall', 2003, 'A ');
insert into takes values('62381', '965', '2', 'Spring', 2008, 'A-');
insert into takes values('91142', '630', '2', 'Fall', 2006, 'C ');
insert into takes values('43830', '978', '2', 'Spring', 2002, 'B+');
insert into takes values('79532', '180', '3', 'Spring', 2006, 'C-');
insert into takes values('48013', '547', '2', 'Spring', 2008, 'C ');
insert into takes values('2045', '711', '2', 'Fall', 2006, 'C+');
insert into takes values('39974', '655', '2', 'Fall', 2007, 'C+');
insert into takes values('92658', '519', '1', 'Spring', 2008, 'B ');
insert into takes values('78883', '630', '2', 'Fall', 2006, 'C ');
insert into takes values('24817', '984', '1', 'Fall', 2010, 'A ');
insert into takes values('62381', '964', '1', 'Fall', 2001, 'B+');
insert into takes values('78883', '449', '1', 'Spring', 2005, 'B-');
insert into takes values('21511', '476', '2', 'Fall', 2004, 'B-');
insert into takes values('21511', '714', '1', 'Fall', 2003, 'C ');
insert into takes values('53708', '283', '1', 'Spring', 2002, 'C+');
insert into takes values('78883', '422', '1', 'Fall', 2004, 'C+');
insert into takes values('87757', '225', '1', 'Spring', 2008, 'B-');
insert into takes values('1696', '103', '1', 'Fall', 2002, 'A ');
insert into takes values('77428', '371', '1', 'Fall', 2007, 'C ');
insert into takes values('32603', '807', '1', 'Fall', 2007, 'B+');
insert into takes values('88500', '741', '2', 'Spring', 2001, 'B-');
insert into takes values('3711', '282', '1', 'Spring', 2003, 'A ');
insert into takes values('18886', '657', '1', 'Spring', 2004, 'C ');
insert into takes values('57214', '578', '1', 'Fall', 2004, 'B-');
insert into takes values('30025', '371', '3', 'Fall', 2009, 'C-');
insert into takes values('76232', '329', '1', 'Spring', 2005, 'A-');
insert into takes values('71774', '792', '1', 'Fall', 2010, 'A+');
insert into takes values('10262', '175', '1', 'Fall', 2010, 'A-');
insert into takes values('44995', '798', '1', 'Fall', 2003, 'A ');
insert into takes values('13422', '148', '1', 'Spring', 2010, 'B+');
insert into takes values('37772', '234', '1', 'Spring', 2006, 'C-');
insert into takes values('76290', '946', '1', 'Spring', 2002, 'A+');
insert into takes values('32603', '814', '2', 'Spring', 2001, 'A-');
insert into takes values('21832', '774', '3', 'Spring', 2007, 'C-');
insert into takes values('76290', '684', '3', 'Spring', 2010, 'C+');
insert into takes values('99683', '621', '2', 'Spring', 2005, 'B ');
insert into takes values('78098', '371', '5', 'Fall', 2001, 'B-');
insert into takes values('75648', '792', '1', 'Fall', 2010, 'C-');
insert into takes values('86970', '206', '1', 'Fall', 2003, 'B-');
insert into takes values('13232', '781', '2', 'Spring', 2006, 'A ');
insert into takes values('4797', '504', '2', 'Fall', 2003, 'B+');
insert into takes values('58874', '228', '1', 'Spring', 2005, 'C ');
insert into takes values('96766', '965', '2', 'Spring', 2008, 'B ');
insert into takes values('94199', '630', '1', 'Spring', 2003, 'B ');
insert into takes values('21912', '806', '1', 'Spring', 2007, 'C+');
insert into takes values('10262', '546', '3', 'Spring', 2002, 'B-');
insert into takes values('10262', '379', '3', 'Fall', 2001, 'B ');
insert into takes values('36887', '655', '1', 'Fall', 2004, 'A-');
insert into takes values('32787', '745', '1', 'Fall', 2005, 'B+');
insert into takes values('78362', '178', '1', 'Spring', 2001, 'B-');
insert into takes values('62381', '444', '1', 'Spring', 2008, 'C+');
insert into takes values('86206', '379', '3', 'Fall', 2001, 'B ');
insert into takes values('90761', '773', '1', 'Fall', 2005, 'A-');
insert into takes values('57214', '248', '4', 'Spring', 2008, 'A+');
insert into takes values('88216', '504', '1', 'Spring', 2009, 'C+');
insert into takes values('32787', '924', '1', 'Fall', 2001, 'B ');
insert into takes values('39974', '322', '1', 'Fall', 2002, 'C+');
insert into takes values('48057', '225', '1', 'Spring', 2008, 'C ');
insert into takes values('91833', '117', '1', 'Spring', 2006, 'C-');
insert into takes values('10262', '823', '3', 'Spring', 2007, 'B+');
insert into takes values('86206', '965', '1', 'Fall', 2006, 'C+');
insert into takes values('90761', '872', '1', 'Spring', 2004, 'A ');
insert into takes values('19821', '629', '1', 'Spring', 2004, 'B ');
insert into takes values('16797', '872', '2', 'Fall', 2008, 'B+');
insert into takes values('13348', '444', '2', 'Fall', 2003, 'B-');
insert into takes values('96766', '283', '1', 'Spring', 2002, 'B ');
insert into takes values('39974', '228', '1', 'Spring', 2005, 'A+');
insert into takes values('86970', '519', '1', 'Spring', 2008, 'B+');
insert into takes values('95165', '597', '1', 'Spring', 2001, 'C ');
insert into takes values('78362', '181', '1', 'Fall', 2003, 'C ');
insert into takes values('96766', '864', '1', 'Fall', 2006, 'A-');
insert into takes values('22073', '449', '1', 'Spring', 2005, 'B+');
insert into takes values('10262', '578', '1', 'Fall', 2004, 'C ');
insert into takes values('52849', '771', '1', 'Spring', 2005, 'A+');
insert into takes values('78386', '774', '1', 'Spring', 2006, 'C+');
insert into takes values('39694', '781', '2', 'Spring', 2006, 'C+');
insert into takes values('68766', '686', '2', 'Spring', 2010, 'A-');
insert into takes values('43830', '205', '1', 'Fall', 2002, 'C ');
insert into takes values('24817', '519', '2', 'Fall', 2004, 'C+');
insert into takes values('76501', '504', '1', 'Spring', 2009, 'A+');
insert into takes values('44175', '965', '1', 'Fall', 2006, 'A-');
insert into takes values('29149', '519', '1', 'Spring', 2008, 'A-');
insert into takes values('78362', '988', '1', 'Fall', 2009, 'C+');
insert into takes values('71774', '184', '1', 'Spring', 2003, 'A ');
insert into takes values('95165', '630', '1', 'Spring', 2003, 'B ');
insert into takes values('96766', '890', '3', 'Spring', 2002, 'B-');
insert into takes values('39694', '383', '1', 'Fall', 2002, 'C+');
insert into takes values('39974', '205', '1', 'Fall', 2002, 'A ');
insert into takes values('78386', '371', '1', 'Fall', 2007, 'C-');
insert into takes values('76290', '248', '2', 'Fall', 2006, 'C+');
insert into takes values('33171', '547', '1', 'Fall', 2002, 'C ');
insert into takes values('18527', '655', '2', 'Fall', 2007, 'B+');
insert into takes values('69309', '630', '2', 'Fall', 2006, 'A-');
insert into takes values('88216', '684', '2', 'Spring', 2002, 'C-');
insert into takes values('57214', '230', '3', 'Fall', 2003, 'A ');
insert into takes values('73854', '248', '4', 'Spring', 2008, 'A ');
insert into takes values('76232', '807', '1', 'Fall', 2007, 'B-');
insert into takes values('91142', '802', '1', 'Spring', 2001, 'B-');
insert into takes values('62381', '248', '3', 'Fall', 2007, 'A+');
insert into takes values('21832', '630', '3', 'Fall', 2006, 'A ');
insert into takes values('41675', '774', '3', 'Spring', 2007, 'A-');
insert into takes values('36539', '383', '1', 'Fall', 2002, 'A-');
insert into takes values('10713', '519', '1', 'Spring', 2008, 'C ');
insert into takes values('88216', '215', '1', 'Spring', 2004, 'B ');
insert into takes values('33171', '476', '2', 'Fall', 2004, 'C ');
insert into takes values('76232', '723', '2', 'Fall', 2004, 'A+');
insert into takes values('54631', '504', '2', 'Fall', 2003, 'C ');
insert into takes values('88500', '201', '1', 'Fall', 2005, 'C+');
insert into takes values('43830', '723', '1', 'Fall', 2005, 'C ');
insert into takes values('53708', '919', '1', 'Spring', 2002, 'C-');
insert into takes values('3711', '550', '3', 'Fall', 2009, 'B ');
insert into takes values('53708', '457', '1', 'Fall', 2006, 'C+');
insert into takes values('12963', '182', '1', 'Spring', 2001, 'C+');
insert into takes values('76501', '919', '1', 'Spring', 2002, 'A ');
insert into takes values('86206', '781', '2', 'Spring', 2006, 'A-');
insert into takes values('22073', '723', '2', 'Fall', 2004, 'C-');
insert into takes values('73854', '122', '1', 'Spring', 2010, 'B ');
insert into takes values('99683', '234', '1', 'Spring', 2006, 'B+');
insert into takes values('44995', '547', '2', 'Spring', 2008, 'B-');
insert into takes values('94199', '924', '1', 'Fall', 2001, 'A+');
insert into takes values('40463', '630', '2', 'Fall', 2006, 'C+');
insert into takes values('4797', '422', '1', 'Fall', 2004, 'B ');
insert into takes values('35693', '978', '1', 'Fall', 2002, 'B+');
insert into takes values('1696', '435', '1', 'Spring', 2005, 'A+');
insert into takes values('43830', '872', '2', 'Fall', 2008, 'A ');
insert into takes values('4797', '181', '1', 'Fall', 2003, 'C+');
insert into takes values('91833', '965', '1', 'Fall', 2006, 'B+');
insert into takes values('78386', '237', '2', 'Spring', 2002, 'B-');
insert into takes values('21912', '201', '2', 'Spring', 2007, 'C ');
insert into takes values('36539', '890', '2', 'Spring', 2003, 'A ');
insert into takes values('75648', '444', '1', 'Spring', 2008, 'B+');
insert into takes values('79532', '741', '2', 'Spring', 2001, 'C-');
insert into takes values('76232', '890', '3', 'Spring', 2002, 'B+');
insert into takes values('86206', '736', '1', 'Spring', 2003, 'B ');
insert into takes values('78386', '744', '1', 'Spring', 2005, 'B-');
insert into advisor values('81518', '83472');
insert into advisor values('13348', '83472');
insert into advisor values('13422', '7572');
insert into advisor values('21832', '29408');
insert into advisor values('84986', '76289');
insert into advisor values('86970', '75188');
insert into advisor values('18527', '9620');
insert into advisor values('61092', '75188');
insert into advisor values('76501', '76289');
insert into advisor values('68314', '6831');
insert into advisor values('16797', '62018');
insert into advisor values('62648', '5145');
insert into advisor values('75648', '87899');
insert into advisor values('76232', '3278');
insert into advisor values('77428', '62018');
insert into advisor values('7707', '51210');
insert into advisor values('94199', '89877');
insert into advisor values('56493', '75635');
insert into advisor values('32787', '24388');
insert into advisor values('44995', '14535');
insert into advisor values('3227', '62018');
insert into advisor values('87757', '25508');
insert into advisor values('49290', '63603');
insert into advisor values('18886', '75635');
insert into advisor values('52264', '14535');
insert into advisor values('52849', '63868');
insert into advisor values('39974', '21259');
insert into advisor values('36539', '21259');
insert into advisor values('73854', '63868');
insert into advisor values('71774', '52837');
insert into advisor values('43830', '87899');
insert into advisor values('91833', '95013');
insert into advisor values('21083', '93586');
insert into advisor values('78362', '71580');
insert into advisor values('47720', '93586');
insert into advisor values('10262', '81595');
insert into advisor values('86206', '25508');
insert into advisor values('48013', '96177');
insert into advisor values('41675', '75635');
insert into advisor values('90761', '95013');
insert into advisor values('20613', '76973');
insert into advisor values('29149', '5145');
insert into advisor values('39694', '28514');
insert into advisor values('21511', '41042');
insert into advisor values('44175', '5145');
insert into advisor values('13232', '93167');
insert into advisor values('96766', '75635');
insert into advisor values('79976', '17983');
insert into advisor values('58874', '93696');
insert into advisor values('37772', '87899');
insert into advisor values('83499', '17983');
insert into advisor values('76290', '75188');
insert into advisor values('12933', '69870');
insert into advisor values('48057', '41042');
insert into advisor values('99683', '28514');
insert into advisor values('53708', '26377');
insert into advisor values('35693', '83472');
insert into advisor values('4797', '71580');
insert into advisor values('88500', '75635');
insert into advisor values('32603', '28514');
insert into advisor values('33171', '93167');
insert into advisor values('68766', '25508');
insert into advisor values('19821', '51210');
insert into advisor values('18951', '69870');
insert into advisor values('40947', '93696');
insert into advisor values('78883', '86114');
insert into advisor values('95165', '26377');
insert into advisor values('91142', '87899');
insert into advisor values('62381', '76289');
insert into advisor values('78386', '24388');
insert into advisor values('88369', '63603');
insert into advisor values('40463', '28514');
insert into advisor values('1696', '87899');
insert into advisor values('92658', '81595');
insert into advisor values('10713', '81595');
insert into advisor values('88216', '41042');
insert into advisor values('88777', '6831');
insert into advisor values('30025', '83472');
insert into advisor values('12963', '83472');
insert into advisor values('36887', '90579');
insert into advisor values('54631', '51210');
insert into advisor values('10654', '51363');
insert into advisor values('47357', '7572');
insert into advisor values('25188', '83472');
insert into advisor values('55897', '83229');
insert into advisor values('5879', '95013');
insert into advisor values('49494', '95013');
insert into advisor values('26451', '21259');
insert into advisor values('69309', '14535');
insert into advisor values('18556', '93696');
insert into advisor values('3069', '41042');
insert into advisor values('2045', '25508');
insert into advisor values('78098', '9675');
insert into advisor values('24817', '83472');
insert into advisor values('3711', '93167');
insert into advisor values('21912', '9620');
insert into advisor values('80341', '71580');
insert into advisor values('57214', '4661');
insert into advisor values('79532', '4661');
insert into advisor values('22073', '7439');
insert into prereq values('550', '781');
insert into prereq values('383', '317');
insert into prereq values('837', '586');
insert into prereq values('805', '751');
insert into prereq values('125', '630');
insert into prereq values('379', '919');
insert into prereq values('924', '329');
insert into prereq values('945', '329');
insert into prereq values('476', '886');
insert into prereq values('559', '655');
insert into prereq values('893', '312');
insert into prereq values('545', '815');
insert into prereq values('670', '630');
insert into prereq values('892', '823');
insert into prereq values('587', '764');
insert into prereq values('814', '945');
insert into prereq values('699', '124');
insert into prereq values('200', '876');
insert into prereq values('550', '128');
insert into prereq values('642', '225');
insert into prereq values('636', '452');
insert into prereq values('599', '683');
insert into prereq values('435', '168');
insert into prereq values('125', '865');
insert into prereq values('470', '128');
insert into prereq values('320', '531');
insert into prereq values('461', '382');
insert into prereq values('519', '546');
insert into prereq values('283', '893');
insert into prereq values('122', '223');
insert into prereq values('246', '867');
insert into prereq values('741', '457');
insert into prereq values('693', '382');
insert into prereq values('624', '642');
insert into prereq values('792', '929');
insert into prereq values('379', '630');
insert into prereq values('865', '228');
insert into prereq values('655', '876');
insert into prereq values('642', '504');
insert into prereq values('592', '369');
insert into prereq values('463', '762');
insert into prereq values('929', '464');
insert into prereq values('774', '615');
insert into prereq values('519', '268');
insert into prereq values('295', '317');
insert into prereq values('215', '806');
insert into prereq values('814', '108');
insert into prereq values('449', '851');
insert into prereq values('268', '909');
insert into prereq values('818', '466');
insert into prereq values('547', '864');
insert into prereq values('525', '346');
insert into prereq values('218', '181');
insert into prereq values('684', '867');
insert into prereq values('452', '124');
insert into prereq values('444', '899');
insert into prereq values('230', '253');
insert into prereq values('485', '552');
insert into prereq values('547', '346');
insert into prereq values('636', '370');
insert into prereq values('230', '595');
insert into prereq values('180', '919');
insert into prereq values('356', '741');
insert into prereq values('253', '476');
insert into prereq values('449', '621');
insert into prereq values('379', '234');
insert into prereq values('547', '837');
insert into prereq values('178', '476');
insert into prereq values('642', '263');
insert into prereq values('329', '370');
insert into prereq values('504', '876');
insert into prereq values('909', '550');
insert into prereq values('383', '578');
insert into prereq values('200', '815');
insert into prereq values('710', '892');
insert into prereq values('959', '851');
insert into prereq values('237', '745');
insert into prereq values('444', '655');
insert into prereq values('295', '684');
insert into prereq values('464', '642');
insert into prereq values('184', '455');
insert into prereq values('805', '228');
insert into prereq values('473', '320');
insert into prereq values('984', '815');
insert into prereq values('230', '124');
insert into prereq values('597', '345');
insert into prereq values('630', '745');
insert into prereq values('519', '723');
insert into prereq values('312', '924');
insert into prereq values('815', '629');
insert into prereq values('200', '597');
insert into prereq values('548', '780');
insert into prereq values('845', '886');
insert into prereq values('295', '379');
insert into prereq values('282', '218');
insert into prereq values('657', '762');
insert into prereq values('282', '811');
insert into prereq values('346', '268');
insert into prereq values('457', '627');
insert into prereq values('485', '237');
