insert into classroom values('F', 871, 34);
insert into classroom values('I', 203, 36);
insert into classroom values('B', 918, 10);
insert into classroom values('D', 392, 11);
insert into classroom values('G', 294, 19);
insert into classroom values('J', 559, 53);
insert into classroom values('F', 104, 20);
insert into classroom values('F', 903, 40);
insert into classroom values('H', 757, 81);
insert into classroom values('I', 637, 18);
insert into department values('HH', 'D', 184107.48);
insert into department values('GF', 'F', 164612.67);
insert into department values('KL', 'H', 995615.38);
insert into department values('EL', 'G', 811332.84);
insert into department values('GT', 'G', 722990.80);
insert into department values('BN', 'B', 25527.39);
insert into department values('IF', 'F', 772592.61);
insert into department values('DF', 'A', 635430.30);
insert into department values('FR', 'A', 596382.74);
insert into department values('HI', 'E', 783155.31);
insert into course values('296', 'IF3333', 'DF', 3);
insert into course values('981', 'IF0230', 'EL', 3);
insert into course values('984', 'IF5555', 'FR', 3);
insert into course values('874', 'IF5555', 'BN', 3);
insert into course values('658', 'IF3031', 'KL', 3);
insert into course values('909', 'IF0230', 'HH', 3);
insert into course values('748', 'IF0230', 'EL', 4);
insert into course values('665', 'IF3211', 'DF', 3);
insert into course values('174', 'IF3031', 'GT', 3);
insert into course values('669', 'IF0230', 'KL', 4);
insert into course values('841', 'IF3333', 'KL', 3);
insert into course values('205', 'IF3120', 'KL', 3);
insert into course values('894', 'IF5555', 'HH', 3);
insert into course values('722', 'IF4321', 'EL', 4);
insert into course values('282', 'IF4041', 'HI', 3);
insert into course values('190', 'IF0230', 'BN', 4);
insert into course values('779', 'IF3211', 'IF', 4);
insert into course values('342', 'IF0230', 'IF', 4);
insert into course values('980', 'IF3211', 'HH', 3);
insert into course values('559', 'IF3211', 'EL', 3);
insert into course values('752', 'IF4041', 'HI', 4);
insert into course values('493', 'IF3031', 'DF', 3);
insert into course values('216', 'IF3120', 'HI', 3);
insert into course values('270', 'IF3030', 'FR', 3);
insert into course values('910', 'IF5555', 'GT', 4);
insert into course values('644', 'IF4321', 'EL', 4);
insert into course values('723', 'IF3031', 'EL', 4);
insert into course values('319', 'IF3211', 'GT', 3);
insert into course values('262', 'IF3333', 'KL', 4);
insert into course values('599', 'IF4041', 'HH', 3);
insert into course values('291', 'IF0230', 'GF', 4);
insert into course values('863', 'IF3333', 'DF', 4);
insert into course values('215', 'IF0230', 'GT', 3);
insert into course values('552', 'IF3030', 'BN', 4);
insert into course values('404', 'IF3120', 'BN', 3);
insert into course values('575', 'IF5555', 'EL', 4);
insert into course values('237', 'IF4041', 'BN', 3);
insert into course values('247', 'IF3022', 'HI', 4);
insert into course values('437', 'IF3031', 'HH', 4);
insert into course values('929', 'IF3030', 'KL', 3);
insert into course values('800', 'IF3211', 'BN', 3);
insert into course values('799', 'IF3022', 'GT', 3);
insert into course values('112', 'IF5555', 'KL', 3);
insert into course values('689', 'IF3031', 'IF', 3);
insert into course values('896', 'IF5555', 'GT', 3);
insert into course values('518', 'IF3031', 'FR', 4);
insert into course values('167', 'IF3022', 'HH', 3);
insert into course values('746', 'IF0230', 'EL', 4);
insert into course values('393', 'IF3211', 'HH', 3);
insert into course values('387', 'IF0230', 'FR', 4);
insert into course values('718', 'IF3030', 'BN', 4);
insert into course values('699', 'IF4321', 'DF', 3);
insert into course values('776', 'IF3030', 'HI', 4);
insert into course values('764', 'IF0230', 'HH', 4);
insert into course values('797', 'IF3030', 'GT', 3);
insert into course values('287', 'IF3022', 'BN', 3);
insert into course values('851', 'IF3120', 'GF', 3);
insert into course values('607', 'IF0230', 'BN', 3);
insert into course values('128', 'IF3030', 'HH', 3);
insert into course values('677', 'IF5555', 'KL', 3);
insert into course values('449', 'IF3030', 'FR', 4);
insert into course values('925', 'IF0230', 'HI', 4);
insert into course values('975', 'IF3030', 'EL', 4);
insert into course values('259', 'IF3333', 'GF', 3);
insert into course values('511', 'IF4321', 'EL', 4);
insert into course values('379', 'IF5555', 'KL', 4);
insert into course values('276', 'IF4321', 'BN', 3);
insert into course values('448', 'IF3030', 'KL', 4);
insert into course values('415', 'IF3022', 'GT', 3);
insert into course values('497', 'IF3022', 'HI', 4);
insert into course values('678', 'IF4321', 'DF', 4);
insert into course values('963', 'IF3333', 'DF', 4);
insert into course values('819', 'IF0230', 'IF', 4);
insert into course values('372', 'IF3211', 'FR', 3);
insert into course values('139', 'IF3120', 'IF', 3);
insert into course values('753', 'IF3030', 'GT', 4);
insert into course values('246', 'IF0230', 'HH', 3);
insert into course values('659', 'IF5555', 'HI', 4);
insert into course values('854', 'IF3031', 'IF', 4);
insert into course values('927', 'IF4041', 'IF', 3);
insert into course values('483', 'IF5555', 'KL', 3);
insert into course values('185', 'IF0230', 'DF', 3);
insert into course values('125', 'IF4321', 'HI', 4);
insert into course values('601', 'IF3120', 'HI', 4);
insert into course values('505', 'IF5555', 'HI', 4);
insert into course values('241', 'IF3333', 'IF', 3);
insert into course values('520', 'IF3211', 'BN', 3);
insert into course values('345', 'IF4041', 'BN', 4);
insert into course values('301', 'IF0230', 'KL', 3);
insert into course values('280', 'IF3030', 'DF', 4);
insert into course values('176', 'IF3211', 'FR', 3);
insert into course values('682', 'IF4321', 'IF', 4);
insert into course values('737', 'IF3030', 'KL', 4);
insert into course values('573', 'IF3120', 'IF', 4);
insert into course values('839', 'IF3022', 'HH', 4);
insert into course values('810', 'IF3022', 'FR', 3);
insert into course values('974', 'IF5555', 'IF', 3);
insert into course values('288', 'IF3030', 'FR', 3);
insert into course values('391', 'IF3211', 'HH', 4);
insert into course values('195', 'IF3333', 'IF', 3);
insert into course values('942', 'IF3022', 'GT', 4);
insert into course values('794', 'IF3022', 'FR', 3);
insert into course values('885', 'IF3333', 'EL', 3);
insert into course values('341', 'IF5555', 'DF', 3);
insert into course values('339', 'IF3333', 'DF', 4);
insert into course values('902', 'IF3022', 'HH', 3);
insert into course values('876', 'IF4321', 'HI', 4);
insert into course values('964', 'IF5555', 'HH', 3);
insert into course values('653', 'IF3120', 'HI', 4);
insert into course values('686', 'IF5555', 'HH', 3);
insert into course values('822', 'IF3333', 'FR', 3);
insert into course values('715', 'IF3030', 'GF', 4);
insert into course values('166', 'IF4041', 'GF', 3);
insert into course values('826', 'IF3211', 'IF', 4);
insert into course values('427', 'IF3333', 'IF', 4);
insert into course values('697', 'IF4321', 'GF', 3);
insert into course values('568', 'IF3030', 'DF', 4);
insert into course values('728', 'IF0230', 'FR', 3);
insert into course values('148', 'IF0230', 'HI', 4);
insert into course values('979', 'IF3211', 'GT', 4);
insert into course values('554', 'IF3120', 'EL', 4);
insert into course values('823', 'IF3030', 'HI', 4);
insert into course values('329', 'IF3120', 'IF', 4);
insert into course values('891', 'IF3211', 'DF', 4);
insert into course values('916', 'IF4041', 'IF', 3);
insert into course values('480', 'IF4321', 'IF', 4);
insert into course values('977', 'IF3030', 'GF', 4);
insert into course values('295', 'IF3333', 'BN', 4);
insert into course values('374', 'IF3211', 'FR', 3);
insert into course values('360', 'IF3120', 'IF', 3);
insert into course values('202', 'IF0230', 'KL', 4);
insert into course values('557', 'IF3211', 'GF', 3);
insert into course values('716', 'IF3031', 'GT', 4);
insert into course values('889', 'IF3211', 'BN', 4);
insert into course values('597', 'IF3030', 'EL', 4);
insert into course values('236', 'IF4321', 'BN', 3);
insert into course values('369', 'IF4041', 'DF', 3);
insert into course values('299', 'IF4041', 'GF', 4);
insert into course values('569', 'IF3211', 'HH', 3);
insert into course values('350', 'IF3333', 'EL', 4);
insert into course values('380', 'IF3030', 'BN', 4);
insert into course values('132', 'IF5555', 'IF', 3);
insert into course values('506', 'IF4321', 'HI', 4);
insert into course values('991', 'IF3022', 'HH', 3);
insert into course values('968', 'IF3022', 'EL', 4);
insert into course values('418', 'IF3120', 'GF', 4);
insert into course values('312', 'IF3030', 'GF', 3);
insert into course values('386', 'IF0230', 'HH', 4);
insert into course values('988', 'IF3030', 'FR', 3);
insert into course values('121', 'IF5555', 'EL', 4);
insert into course values('200', 'IF4321', 'FR', 4);
insert into course values('648', 'IF0230', 'IF', 4);
insert into course values('992', 'IF4321', 'DF', 3);
insert into course values('486', 'IF3031', 'DF', 4);
insert into course values('382', 'IF3030', 'GT', 3);
insert into course values('527', 'IF3031', 'BN', 4);
insert into course values('892', 'IF3031', 'DF', 3);
insert into course values('509', 'IF5555', 'DF', 3);
insert into course values('157', 'IF4041', 'IF', 4);
insert into course values('744', 'IF3211', 'GT', 3);
insert into course values('118', 'IF3030', 'GT', 3);
insert into course values('409', 'IF3022', 'GT', 4);
insert into course values('561', 'IF4321', 'GF', 3);
insert into course values('214', 'IF4321', 'HI', 3);
insert into course values('542', 'IF3031', 'EL', 4);
insert into course values('140', 'IF3022', 'KL', 3);
insert into course values('272', 'IF0230', 'BN', 4);
insert into course values('869', 'IF3211', 'IF', 3);
insert into course values('101', 'IF4041', 'GT', 3);
insert into course values('539', 'IF3211', 'IF', 3);
insert into course values('999', 'IF5555', 'EL', 3);
insert into course values('808', 'IF4041', 'HI', 4);
insert into course values('756', 'IF5555', 'IF', 4);
insert into course values('727', 'IF3120', 'FR', 3);
insert into course values('103', 'IF3120', 'EL', 4);
insert into course values('701', 'IF5555', 'HI', 3);
insert into course values('144', 'IF3031', 'FR', 3);
insert into course values('582', 'IF0230', 'KL', 4);
insert into course values('258', 'IF3211', 'HI', 4);
insert into course values('949', 'IF3333', 'BN', 3);
insert into course values('447', 'IF3333', 'KL', 3);
insert into course values('867', 'IF0230', 'GT', 3);
insert into course values('274', 'IF5555', 'GT', 4);
insert into course values('294', 'IF3333', 'FR', 4);
insert into course values('956', 'IF3211', 'HI', 4);
insert into course values('583', 'IF0230', 'GF', 4);
insert into course values('410', 'IF3031', 'FR', 3);
insert into course values('313', 'IF5555', 'GF', 3);
insert into course values('135', 'IF3333', 'BN', 4);
insert into course values('877', 'IF3022', 'BN', 4);
insert into course values('318', 'IF3333', 'HI', 4);
insert into course values('110', 'IF3211', 'BN', 4);
insert into course values('792', 'IF3211', 'DF', 3);
insert into course values('227', 'IF3030', 'GF', 4);
insert into course values('383', 'IF3333', 'DF', 4);
insert into course values('602', 'IF3120', 'GF', 4);
insert into course values('165', 'IF0230', 'GT', 4);
insert into course values('972', 'IF3120', 'KL', 4);
insert into course values('462', 'IF3030', 'HI', 4);
insert into course values('445', 'IF3030', 'EL', 4);
insert into instructor values('17032', 'Ande', 'GF', 63139.36);
insert into instructor values('56923', 'yuyun', 'IF', 126833.07);
insert into instructor values('2170', 'yuyun', 'HH', 29271.57);
insert into instructor values('95464', 'Yohan', 'KL', 36942.61);
insert into instructor values('17161', 'Kiki', 'BN', 74720.82);
insert into instructor values('50677', 'rahmat', 'BN', 42424.06);
insert into instructor values('92744', 'Adri', 'DF', 52279.60);
insert into instructor values('33366', 'Yohan', 'DF', 34858.17);
insert into instructor values('67068', 'Yohan', 'HI', 29697.54);
insert into instructor values('37873', 'Yohan', 'IF', 38157.94);
insert into instructor values('84476', 'yuyun', 'GF', 82237.18);
insert into instructor values('85951', 'yuyun', 'GT', 66642.73);
insert into instructor values('74065', 'Ande', 'FR', 60203.34);
insert into instructor values('33450', 'Budi', 'KL', 94849.11);
insert into instructor values('40983', 'Adri', 'HI', 69352.27);
insert into instructor values('34125', 'Johan', 'DF', 54572.29);
insert into instructor values('64730', 'Johan', 'GT', 36168.34);
insert into instructor values('90519', 'Josu', 'GT', 29026.48);
insert into instructor values('55098', 'Ande', 'IF', 29703.22);
insert into instructor values('87431', 'Josu', 'DF', 84031.76);
insert into instructor values('28102', 'Johan', 'HH', 77004.62);
insert into instructor values('10961', 'Adri', 'GT', 61780.17);
insert into instructor values('36484', 'Johan', 'HH', 40118.44);
insert into instructor values('19895', 'Budi', 'DF', 64002.73);
insert into instructor values('86087', 'yuyun', 'IF', 119230.58);
insert into instructor values('66448', 'Yohan', 'IF', 68253.78);
insert into instructor values('24791', 'Ahmad', 'EL', 108721.29);
insert into instructor values('85123', 'yuyun', 'GT', 53548.75);
insert into instructor values('76204', 'Budi', 'EL', 60737.23);
insert into instructor values('98188', 'yuyun', 'IF', 59735.68);
insert into instructor values('74099', 'Ande', 'GT', 104343.43);
insert into instructor values('52790', 'Adri', 'DF', 68750.79);
insert into instructor values('60615', 'Yohan', 'EL', 127399.28);
insert into instructor values('49055', 'Ahmad', 'DF', 75302.23);
insert into instructor values('63704', 'Kiki', 'HH', 53009.64);
insert into instructor values('58744', 'Adri', 'GT', 109546.54);
insert into instructor values('86503', 'Josu', 'KL', 32734.53);
insert into instructor values('94177', 'Ande', 'KL', 84966.13);
insert into instructor values('92007', 'Josu', 'DF', 34697.36);
insert into instructor values('5520', 'Budi', 'HI', 70926.13);
insert into instructor values('53566', 'Budi', 'IF', 126314.30);
insert into instructor values('71147', 'yuyun', 'IF', 31283.08);
insert into instructor values('15777', 'Budi', 'EL', 38573.92);
insert into instructor values('168', 'Josu', 'HH', 127937.89);
insert into instructor values('22811', 'Budi', 'HI', 51628.37);
insert into instructor values('54228', 'Ande', 'BN', 61369.71);
insert into instructor values('64198', 'Yohan', 'GT', 59914.83);
insert into instructor values('18665', 'Yohan', 'GF', 108956.92);
insert into instructor values('98831', 'Budi', 'DF', 59107.22);
insert into instructor values('7989', 'rahmat', 'HI', 126286.16);
insert into section values('148', '1', 'Spring', 2007, 'G', '294', 'L');
insert into section values('350', '1', 'Fall', 2002, 'G', '294', 'K');
insert into section values('387', '1', 'Spring', 2003, 'I', '637', 'J');
insert into section values('863', '1', 'Spring', 2004, 'H', '757', 'A');
insert into section values('386', '1', 'Spring', 2008, 'I', '203', 'M');
insert into section values('511', '1', 'Fall', 2006, 'D', '392', 'L');
insert into section values('291', '1', 'Spring', 2003, 'I', '203', 'J');
insert into section values('644', '1', 'Spring', 2004, 'I', '637', 'A');
insert into section values('894', '1', 'Spring', 2006, 'H', '757', 'G');
insert into section values('748', '1', 'Spring', 2001, 'J', '559', 'G');
insert into section values('701', '1', 'Spring', 2010, 'I', '203', 'I');
insert into section values('227', '1', 'Spring', 2008, 'H', '757', 'A');
insert into section values('374', '1', 'Spring', 2002, 'D', '392', 'C');
insert into section values('800', '1', 'Fall', 2005, 'F', '903', 'L');
insert into section values('800', '2', 'Fall', 2002, 'I', '637', 'M');
insert into section values('678', '1', 'Spring', 2008, 'I', '637', 'H');
insert into section values('313', '1', 'Fall', 2009, 'F', '104', 'M');
insert into section values('241', '1', 'Spring', 2005, 'F', '871', 'K');
insert into section values('569', '1', 'Fall', 2009, 'H', '757', 'E');
insert into section values('854', '1', 'Spring', 2006, 'H', '757', 'P');
insert into section values('839', '1', 'Fall', 2001, 'F', '903', 'I');
insert into section values('573', '1', 'Fall', 2005, 'G', '294', 'G');
insert into section values('557', '1', 'Spring', 2010, 'F', '903', 'J');
insert into section values('387', '2', 'Fall', 2007, 'I', '203', 'J');
insert into section values('101', '1', 'Fall', 2002, 'D', '392', 'O');
insert into section values('237', '1', 'Fall', 2001, 'I', '203', 'L');
insert into section values('380', '1', 'Fall', 2001, 'B', '918', 'C');
insert into section values('910', '1', 'Spring', 2003, 'F', '871', 'P');
insert into section values('448', '1', 'Fall', 2007, 'F', '871', 'N');
insert into section values('644', '2', 'Fall', 2008, 'I', '637', 'P');
insert into section values('942', '1', 'Spring', 2003, 'I', '637', 'D');
insert into section values('665', '1', 'Fall', 2006, 'D', '392', 'F');
insert into section values('999', '1', 'Spring', 2003, 'G', '294', 'K');
insert into section values('557', '2', 'Spring', 2005, 'I', '637', 'G');
insert into section values('258', '1', 'Fall', 2008, 'D', '392', 'P');
insert into section values('752', '1', 'Fall', 2006, 'I', '203', 'I');
insert into section values('746', '1', 'Spring', 2007, 'F', '871', 'C');
insert into section values('582', '1', 'Fall', 2006, 'J', '559', 'M');
insert into section values('280', '1', 'Spring', 2006, 'I', '637', 'F');
insert into section values('448', '2', 'Fall', 2007, 'J', '559', 'P');
insert into section values('379', '1', 'Spring', 2009, 'B', '918', 'B');
insert into section values('653', '1', 'Spring', 2005, 'D', '392', 'L');
insert into section values('892', '1', 'Spring', 2001, 'I', '637', 'P');
insert into section values('863', '2', 'Spring', 2004, 'F', '104', 'N');
insert into section values('682', '1', 'Spring', 2007, 'I', '637', 'J');
insert into section values('214', '1', 'Fall', 2005, 'J', '559', 'H');
insert into section values('561', '1', 'Fall', 2010, 'F', '903', 'F');
insert into section values('272', '1', 'Spring', 2004, 'F', '903', 'K');
insert into section values('851', '1', 'Fall', 2001, 'I', '203', 'A');
insert into section values('949', '1', 'Fall', 2001, 'D', '392', 'L');
insert into section values('756', '1', 'Fall', 2004, 'D', '392', 'E');
insert into section values('486', '1', 'Spring', 2009, 'I', '203', 'B');
insert into section values('699', '1', 'Fall', 2010, 'B', '918', 'F');
insert into section values('299', '1', 'Fall', 2004, 'F', '104', 'D');
insert into section values('128', '1', 'Fall', 2002, 'F', '871', 'L');
insert into section values('665', '2', 'Spring', 2002, 'F', '104', 'H');
insert into section values('686', '1', 'Spring', 2008, 'I', '203', 'O');
insert into section values('121', '1', 'Fall', 2009, 'G', '294', 'A');
insert into section values('894', '2', 'Fall', 2008, 'I', '203', 'P');
insert into section values('686', '2', 'Fall', 2005, 'I', '637', 'J');
insert into section values('274', '1', 'Spring', 2008, 'F', '903', 'F');
insert into section values('964', '1', 'Spring', 2010, 'F', '104', 'G');
insert into section values('972', '1', 'Fall', 2005, 'B', '918', 'C');
insert into section values('776', '1', 'Spring', 2003, 'D', '392', 'B');
insert into section values('573', '2', 'Fall', 2004, 'H', '757', 'H');
insert into section values('669', '1', 'Spring', 2010, 'G', '294', 'A');
insert into section values('410', '1', 'Spring', 2005, 'H', '757', 'F');
insert into section values('927', '1', 'Fall', 2008, 'F', '903', 'D');
insert into section values('697', '1', 'Spring', 2001, 'F', '104', 'L');
insert into section values('826', '1', 'Fall', 2008, 'B', '918', 'G');
insert into section values('583', '1', 'Fall', 2006, 'J', '559', 'B');
insert into section values('216', '1', 'Fall', 2001, 'I', '637', 'P');
insert into section values('258', '2', 'Fall', 2001, 'D', '392', 'K');
insert into section values('299', '2', 'Fall', 2005, 'B', '918', 'L');
insert into section values('877', '1', 'Fall', 2007, 'I', '203', 'N');
insert into section values('916', '1', 'Spring', 2005, 'B', '918', 'L');
insert into section values('319', '1', 'Spring', 2001, 'I', '637', 'H');
insert into section values('282', '1', 'Spring', 2006, 'D', '392', 'G');
insert into section values('822', '1', 'Spring', 2001, 'H', '757', 'O');
insert into section values('826', '2', 'Spring', 2007, 'I', '637', 'L');
insert into section values('748', '2', 'Fall', 2007, 'B', '918', 'H');
insert into section values('981', '1', 'Spring', 2005, 'F', '903', 'L');
insert into section values('295', '1', 'Fall', 2002, 'F', '871', 'L');
insert into section values('896', '1', 'Fall', 2010, 'I', '637', 'J');
insert into section values('542', '1', 'Fall', 2009, 'B', '918', 'L');
insert into section values('497', '1', 'Spring', 2005, 'I', '637', 'D');
insert into section values('374', '2', 'Fall', 2008, 'I', '637', 'C');
insert into section values('387', '3', 'Fall', 2003, 'I', '637', 'F');
insert into section values('282', '2', 'Fall', 2008, 'F', '871', 'P');
insert into section values('295', '2', 'Spring', 2006, 'H', '757', 'O');
insert into section values('410', '2', 'Spring', 2001, 'I', '203', 'M');
insert into section values('697', '2', 'Fall', 2010, 'F', '903', 'B');
insert into section values('387', '4', 'Fall', 2003, 'F', '903', 'E');
insert into section values('393', '1', 'Spring', 2002, 'B', '918', 'N');
insert into section values('980', '1', 'Spring', 2010, 'F', '104', 'F');
insert into section values('822', '2', 'Spring', 2006, 'D', '392', 'K');
insert into section values('139', '1', 'Spring', 2006, 'D', '392', 'H');
insert into section values('372', '1', 'Spring', 2002, 'I', '637', 'J');
insert into section values('509', '1', 'Fall', 2009, 'I', '637', 'C');
insert into section values('689', '1', 'Spring', 2010, 'D', '392', 'C');
insert into section values('942', '2', 'Spring', 2002, 'I', '637', 'C');
insert into section values('689', '2', 'Spring', 2005, 'D', '392', 'H');
insert into section values('723', '1', 'Fall', 2006, 'I', '203', 'D');
insert into section values('792', '1', 'Fall', 2004, 'D', '392', 'K');
insert into section values('128', '2', 'Spring', 2005, 'I', '637', 'A');
insert into section values('329', '1', 'Fall', 2009, 'F', '104', 'M');
insert into section values('148', '2', 'Fall', 2004, 'D', '392', 'N');
insert into section values('689', '3', 'Spring', 2003, 'F', '104', 'B');
insert into section values('678', '2', 'Spring', 2008, 'F', '871', 'K');
insert into section values('877', '2', 'Spring', 2008, 'F', '903', 'E');
insert into section values('299', '3', 'Fall', 2001, 'D', '392', 'O');
insert into section values('808', '1', 'Fall', 2008, 'H', '757', 'D');
insert into section values('511', '2', 'Spring', 2005, 'J', '559', 'M');
insert into section values('877', '3', 'Fall', 2006, 'I', '203', 'D');
insert into section values('295', '3', 'Fall', 2008, 'J', '559', 'P');
insert into section values('601', '1', 'Spring', 2009, 'F', '903', 'F');
insert into section values('601', '2', 'Spring', 2006, 'F', '871', 'D');
insert into section values('927', '2', 'Spring', 2003, 'F', '104', 'O');
insert into section values('342', '1', 'Fall', 2008, 'F', '871', 'F');
insert into section values('214', '2', 'Fall', 2007, 'F', '871', 'G');
insert into section values('125', '1', 'Spring', 2004, 'F', '871', 'N');
insert into section values('963', '1', 'Spring', 2007, 'F', '903', 'J');
insert into section values('753', '1', 'Spring', 2009, 'I', '637', 'K');
insert into section values('867', '1', 'Spring', 2003, 'D', '392', 'C');
insert into section values('483', '1', 'Fall', 2008, 'F', '104', 'H');
insert into section values('557', '3', 'Spring', 2001, 'G', '294', 'A');
insert into section values('345', '1', 'Spring', 2008, 'I', '637', 'H');
insert into section values('486', '2', 'Spring', 2001, 'I', '203', 'H');
insert into section values('975', '1', 'Fall', 2010, 'I', '203', 'A');
insert into section values('800', '3', 'Spring', 2002, 'F', '903', 'E');
insert into section values('701', '2', 'Spring', 2007, 'G', '294', 'O');
insert into section values('925', '1', 'Fall', 2003, 'G', '294', 'H');
insert into section values('839', '2', 'Fall', 2004, 'B', '918', 'B');
insert into section values('132', '1', 'Fall', 2009, 'J', '559', 'N');
insert into section values('819', '1', 'Fall', 2002, 'B', '918', 'H');
insert into section values('653', '2', 'Fall', 2002, 'I', '637', 'K');
insert into section values('794', '1', 'Spring', 2009, 'F', '104', 'D');
insert into section values('876', '1', 'Spring', 2002, 'I', '203', 'I');
insert into section values('176', '1', 'Spring', 2007, 'F', '104', 'K');
insert into section values('539', '1', 'Spring', 2009, 'J', '559', 'P');
insert into section values('648', '1', 'Fall', 2009, 'D', '392', 'J');
insert into section values('737', '1', 'Spring', 2007, 'F', '104', 'A');
insert into section values('854', '2', 'Fall', 2001, 'F', '903', 'B');
insert into section values('779', '1', 'Fall', 2002, 'F', '104', 'A');
insert into section values('383', '1', 'Fall', 2004, 'F', '104', 'G');
insert into section values('992', '1', 'Fall', 2005, 'F', '903', 'B');
insert into section values('648', '2', 'Fall', 2005, 'J', '559', 'E');
insert into section values('280', '2', 'Spring', 2004, 'F', '104', 'L');
insert into section values('909', '1', 'Fall', 2007, 'I', '203', 'B');
insert into section values('391', '1', 'Spring', 2004, 'F', '871', 'B');
insert into section values('427', '1', 'Fall', 2003, 'F', '903', 'O');
insert into section values('404', '1', 'Fall', 2003, 'D', '392', 'F');
insert into section values('677', '1', 'Spring', 2009, 'J', '559', 'B');
insert into section values('166', '1', 'Spring', 2008, 'F', '903', 'D');
insert into section values('339', '1', 'Spring', 2005, 'J', '559', 'M');
insert into section values('393', '2', 'Fall', 2004, 'G', '294', 'E');
insert into section values('369', '1', 'Fall', 2006, 'J', '559', 'B');
insert into section values('110', '1', 'Spring', 2001, 'B', '918', 'N');
insert into section values('910', '2', 'Spring', 2003, 'I', '637', 'L');
insert into section values('823', '1', 'Fall', 2002, 'J', '559', 'E');
insert into section values('237', '2', 'Fall', 2010, 'F', '104', 'B');
insert into section values('299', '4', 'Fall', 2009, 'F', '903', 'M');
insert into section values('527', '1', 'Fall', 2006, 'I', '637', 'C');
insert into section values('301', '1', 'Spring', 2006, 'I', '637', 'E');
insert into section values('318', '1', 'Fall', 2002, 'F', '903', 'A');
insert into section values('418', '1', 'Fall', 2001, 'H', '757', 'A');
insert into section values('779', '2', 'Spring', 2007, 'I', '637', 'A');
insert into section values('462', '1', 'Spring', 2005, 'I', '637', 'F');
insert into section values('792', '2', 'Spring', 2005, 'H', '757', 'J');
insert into section values('794', '2', 'Spring', 2006, 'I', '203', 'M');
insert into section values('963', '2', 'Spring', 2001, 'G', '294', 'C');
insert into section values('372', '2', 'Fall', 2003, 'F', '104', 'E');
insert into section values('280', '3', 'Fall', 2005, 'J', '559', 'A');
insert into section values('341', '1', 'Spring', 2009, 'H', '757', 'P');
insert into section values('644', '3', 'Spring', 2007, 'D', '392', 'L');
insert into section values('135', '1', 'Fall', 2001, 'F', '104', 'G');
insert into section values('258', '3', 'Spring', 2010, 'G', '294', 'H');
insert into section values('511', '3', 'Fall', 2008, 'I', '203', 'L');
insert into section values('686', '3', 'Fall', 2007, 'D', '392', 'P');
insert into section values('697', '3', 'Fall', 2006, 'I', '203', 'M');
insert into section values('665', '3', 'Spring', 2010, 'G', '294', 'A');
insert into section values('582', '2', 'Spring', 2003, 'I', '203', 'K');
insert into section values('318', '2', 'Spring', 2003, 'I', '203', 'C');
insert into section values('981', '2', 'Spring', 2001, 'H', '757', 'J');
insert into section values('140', '1', 'Spring', 2006, 'F', '903', 'N');
insert into section values('287', '1', 'Spring', 2008, 'I', '203', 'B');
insert into section values('851', '2', 'Fall', 2005, 'I', '637', 'D');
insert into section values('927', '3', 'Spring', 2009, 'F', '903', 'P');
insert into section values('214', '3', 'Fall', 2005, 'D', '392', 'F');
insert into section values('387', '5', 'Spring', 2008, 'G', '294', 'I');
insert into section values('999', '2', 'Fall', 2008, 'F', '903', 'D');
insert into section values('128', '3', 'Fall', 2005, 'F', '871', 'M');
insert into section values('372', '3', 'Spring', 2010, 'I', '203', 'H');
insert into section values('387', '6', 'Spring', 2004, 'F', '903', 'L');
insert into section values('797', '1', 'Spring', 2005, 'G', '294', 'H');
insert into section values('718', '1', 'Fall', 2007, 'I', '203', 'E');
insert into section values('520', '1', 'Spring', 2006, 'F', '903', 'F');
insert into section values('659', '1', 'Fall', 2004, 'G', '294', 'C');
insert into section values('497', '2', 'Fall', 2009, 'I', '203', 'D');
insert into section values('718', '2', 'Spring', 2003, 'F', '903', 'E');
insert into teaches values('54228', '135', '1', 'Fall', 2001);
insert into teaches values('64198', '319', '1', 'Spring', 2001);
insert into teaches values('63704', '686', '2', 'Fall', 2005);
insert into teaches values('168', '686', '1', 'Spring', 2008);
insert into teaches values('60615', '644', '3', 'Spring', 2007);
insert into teaches values('98831', '509', '1', 'Fall', 2009);
insert into teaches values('7989', '148', '2', 'Fall', 2004);
insert into teaches values('168', '894', '1', 'Spring', 2006);
insert into teaches values('98831', '863', '2', 'Spring', 2004);
insert into teaches values('50677', '295', '1', 'Fall', 2002);
insert into teaches values('84476', '291', '1', 'Spring', 2003);
insert into teaches values('53566', '927', '2', 'Spring', 2003);
insert into teaches values('15777', '975', '1', 'Fall', 2010);
insert into teaches values('74065', '372', '2', 'Fall', 2003);
insert into teaches values('50677', '877', '2', 'Spring', 2008);
insert into teaches values('98188', '826', '1', 'Fall', 2008);
insert into teaches values('168', '128', '3', 'Fall', 2005);
insert into teaches values('64198', '910', '1', 'Spring', 2003);
insert into teaches values('7989', '601', '1', 'Spring', 2009);
insert into teaches values('5520', '925', '1', 'Fall', 2003);
insert into teaches values('92007', '678', '1', 'Spring', 2008);
insert into teaches values('63704', '128', '2', 'Spring', 2005);
insert into teaches values('74065', '410', '2', 'Spring', 2001);
insert into teaches values('94177', '448', '2', 'Fall', 2007);
insert into teaches values('71147', '826', '2', 'Spring', 2007);
insert into teaches values('15777', '121', '1', 'Fall', 2009);
insert into teaches values('74065', '387', '6', 'Spring', 2004);
insert into teaches values('7989', '497', '1', 'Spring', 2005);
insert into teaches values('92007', '280', '2', 'Spring', 2004);
insert into teaches values('71147', '573', '1', 'Fall', 2005);
insert into teaches values('74065', '794', '2', 'Spring', 2006);
insert into teaches values('94177', '379', '1', 'Spring', 2009);
insert into teaches values('54228', '718', '1', 'Fall', 2007);
insert into teaches values('86087', '539', '1', 'Spring', 2009);
insert into teaches values('98831', '486', '2', 'Spring', 2001);
insert into teaches values('98831', '339', '1', 'Spring', 2005);
insert into teaches values('94177', '972', '1', 'Fall', 2005);
insert into teaches values('74065', '372', '1', 'Spring', 2002);
insert into teaches values('98831', '341', '1', 'Spring', 2009);
insert into teaches values('53566', '648', '2', 'Fall', 2005);
insert into teaches values('94177', '140', '1', 'Spring', 2006);
insert into teaches values('74065', '374', '2', 'Fall', 2008);
insert into teaches values('94177', '677', '1', 'Spring', 2009);
insert into teaches values('54228', '287', '1', 'Spring', 2008);
insert into teaches values('74065', '822', '1', 'Spring', 2001);
insert into teaches values('15777', '981', '1', 'Spring', 2005);
insert into teaches values('54228', '800', '2', 'Fall', 2002);
insert into teaches values('60615', '981', '2', 'Spring', 2001);
insert into teaches values('60615', '644', '2', 'Fall', 2008);
insert into teaches values('71147', '854', '1', 'Spring', 2006);
insert into teaches values('60615', '723', '1', 'Fall', 2006);
insert into teaches values('18665', '227', '1', 'Spring', 2008);
insert into teaches values('98831', '792', '1', 'Fall', 2004);
insert into teaches values('74065', '794', '1', 'Spring', 2009);
insert into teaches values('64198', '942', '2', 'Spring', 2002);
insert into teaches values('18665', '851', '2', 'Fall', 2005);
insert into teaches values('50677', '877', '3', 'Fall', 2006);
insert into teaches values('63704', '391', '1', 'Spring', 2004);
insert into teaches values('84476', '697', '1', 'Spring', 2001);
insert into teaches values('18665', '561', '1', 'Fall', 2010);
insert into teaches values('7989', '214', '1', 'Fall', 2005);
insert into teaches values('7989', '214', '2', 'Fall', 2007);
insert into teaches values('18665', '299', '2', 'Fall', 2005);
insert into teaches values('7989', '653', '1', 'Spring', 2005);
insert into teaches values('71147', '682', '1', 'Spring', 2007);
insert into teaches values('50677', '949', '1', 'Fall', 2001);
insert into teaches values('168', '980', '1', 'Spring', 2010);
insert into teaches values('74065', '822', '2', 'Spring', 2006);
insert into teaches values('7989', '701', '1', 'Spring', 2010);
insert into teaches values('7989', '148', '1', 'Spring', 2007);
insert into teaches values('7989', '497', '2', 'Fall', 2009);
insert into teaches values('15777', '746', '1', 'Spring', 2007);
insert into teaches values('18665', '557', '2', 'Spring', 2005);
insert into teaches values('18665', '166', '1', 'Spring', 2008);
insert into teaches values('168', '393', '2', 'Fall', 2004);
insert into teaches values('54228', '272', '1', 'Spring', 2004);
insert into teaches values('94177', '483', '1', 'Fall', 2008);
insert into teaches values('54228', '800', '1', 'Fall', 2005);
insert into teaches values('74065', '176', '1', 'Spring', 2007);
insert into teaches values('15777', '999', '2', 'Fall', 2008);
insert into teaches values('15777', '511', '2', 'Spring', 2005);
insert into teaches values('54228', '295', '2', 'Spring', 2006);
insert into teaches values('15777', '542', '1', 'Fall', 2009);
insert into teaches values('64198', '797', '1', 'Spring', 2005);
insert into teaches values('71147', '854', '2', 'Fall', 2001);
insert into teaches values('22811', '776', '1', 'Spring', 2003);
insert into teaches values('168', '894', '2', 'Fall', 2008);
insert into teaches values('74065', '374', '1', 'Spring', 2002);
insert into teaches values('64198', '910', '2', 'Spring', 2003);
insert into teaches values('168', '839', '1', 'Fall', 2001);
insert into teaches values('94177', '582', '2', 'Spring', 2003);
insert into teaches values('54228', '295', '3', 'Fall', 2008);
insert into teaches values('64198', '867', '1', 'Spring', 2003);
insert into teaches values('71147', '132', '1', 'Fall', 2009);
insert into teaches values('98831', '383', '1', 'Fall', 2004);
insert into teaches values('71147', '241', '1', 'Spring', 2005);
insert into teaches values('53566', '689', '3', 'Spring', 2003);
insert into teaches values('18665', '697', '2', 'Fall', 2010);
insert into teaches values('53566', '139', '1', 'Spring', 2006);
insert into teaches values('7989', '318', '2', 'Spring', 2003);
insert into student values('61150', 'Budi', 'DF', 115);
insert into student values('96656', 'Yohan', 'BN', 32);
insert into student values('60130', 'Ande', 'IF', 67);
insert into student values('77033', 'Josu', 'EL', 129);
insert into student values('83889', 'Adri', 'HI', 120);
insert into student values('43018', 'Ande', 'GF', 2);
insert into student values('17967', 'Budi', 'HH', 120);
insert into student values('28596', 'Kiki', 'DF', 129);
insert into student values('97163', 'Ahmad', 'BN', 124);
insert into student values('85107', 'Yohan', 'HH', 32);
insert into student values('798', 'Johan', 'GT', 29);
insert into student values('81630', 'Josu', 'GF', 41);
insert into student values('60811', 'Ahmad', 'BN', 58);
insert into student values('27731', 'rahmat', 'DF', 115);
insert into student values('16382', 'Johan', 'EL', 104);
insert into student values('61437', 'Kiki', 'FR', 78);
insert into student values('67119', 'Johan', 'DF', 103);
insert into student values('96304', 'Budi', 'GF', 102);
insert into student values('53502', 'Johan', 'GF', 90);
insert into student values('42473', 'rahmat', 'GF', 78);
insert into student values('76694', 'Budi', 'HI', 64);
insert into student values('76080', 'Josu', 'FR', 4);
insert into student values('80076', 'yuyun', 'HH', 126);
insert into student values('74039', 'Yohan', 'GF', 17);
insert into student values('35038', 'yuyun', 'EL', 3);
insert into student values('62681', 'Ahmad', 'HI', 111);
insert into student values('55157', 'Kiki', 'HH', 81);
insert into student values('72926', 'Budi', 'GT', 99);
insert into student values('28613', 'Johan', 'GT', 42);
insert into student values('74803', 'Adri', 'HI', 100);
insert into student values('58186', 'Yohan', 'DF', 47);
insert into student values('63988', 'Budi', 'HH', 75);
insert into student values('39019', 'Adri', 'DF', 128);
insert into student values('9380', 'Ahmad', 'EL', 107);
insert into student values('58809', 'Kiki', 'KL', 21);
insert into student values('26225', 'Budi', 'GF', 72);
insert into student values('14125', 'yuyun', 'HI', 20);
insert into student values('30034', 'Josu', 'FR', 112);
insert into student values('48559', 'Kiki', 'BN', 116);
insert into student values('6794', 'Kiki', 'GT', 23);
insert into student values('23915', 'Ande', 'BN', 18);
insert into student values('72548', 'Budi', 'GT', 25);
insert into student values('15899', 'Ande', 'DF', 28);
insert into student values('91670', 'Josu', 'IF', 126);
insert into student values('25218', 'Kiki', 'KL', 54);
insert into student values('42144', 'rahmat', 'KL', 34);
insert into student values('53517', 'rahmat', 'KL', 57);
insert into student values('20844', 'Adri', 'IF', 107);
insert into student values('61266', 'Ahmad', 'GT', 126);
insert into student values('4237', 'Budi', 'KL', 22);
insert into student values('95410', 'rahmat', 'HH', 36);
insert into student values('72930', 'Ande', 'IF', 87);
insert into student values('33144', 'Kiki', 'KL', 58);
insert into student values('87153', 'Kiki', 'HH', 121);
insert into student values('98136', 'Adri', 'DF', 78);
insert into student values('87278', 'Adri', 'BN', 121);
insert into student values('74419', 'Yohan', 'HH', 127);
insert into student values('9491', 'Ahmad', 'FR', 4);
insert into student values('11248', 'rahmat', 'BN', 54);
insert into student values('6631', 'Josu', 'KL', 36);
insert into student values('69474', 'rahmat', 'HI', 85);
insert into student values('52186', 'Kiki', 'HH', 79);
insert into student values('54726', 'Budi', 'EL', 4);
insert into student values('46468', 'Kiki', 'KL', 6);
insert into student values('99971', 'Josu', 'DF', 117);
insert into student values('71915', 'Ahmad', 'HI', 39);
insert into student values('57577', 'Kiki', 'GT', 110);
insert into student values('83195', 'Ahmad', 'HI', 88);
insert into student values('92372', 'Budi', 'BN', 33);
insert into student values('61133', 'rahmat', 'IF', 89);
insert into student values('84521', 'yuyun', 'EL', 50);
insert into student values('98466', 'rahmat', 'EL', 1);
insert into student values('58165', 'yuyun', 'EL', 24);
insert into student values('76839', 'Kiki', 'HH', 76);
insert into student values('46739', 'Yohan', 'KL', 68);
insert into student values('87825', 'Adri', 'GT', 10);
insert into student values('18276', 'Johan', 'KL', 38);
insert into student values('21664', 'rahmat', 'EL', 3);
insert into student values('32757', 'Johan', 'DF', 98);
insert into student values('189', 'yuyun', 'BN', 4);
insert into student values('19358', 'Ande', 'IF', 86);
insert into student values('88381', 'Josu', 'IF', 52);
insert into student values('58880', 'Yohan', 'HI', 59);
insert into student values('27389', 'Johan', 'GT', 19);
insert into student values('7972', 'Budi', 'GT', 48);
insert into student values('11493', 'Kiki', 'GF', 5);
insert into student values('8256', 'Ahmad', 'GF', 118);
insert into student values('30088', 'Kiki', 'EL', 12);
insert into student values('68754', 'Ande', 'KL', 56);
insert into student values('42336', 'Josu', 'HI', 75);
insert into student values('59588', 'Johan', 'HI', 4);
insert into student values('30291', 'Johan', 'HH', 115);
insert into student values('63369', 'Josu', 'IF', 82);
insert into student values('53298', 'rahmat', 'IF', 61);
insert into student values('34620', 'Budi', 'DF', 110);
insert into student values('33207', 'Yohan', 'GT', 36);
insert into student values('16261', 'Ande', 'FR', 11);
insert into student values('43908', 'yuyun', 'FR', 84);
insert into student values('61941', 'Yohan', 'HH', 129);
insert into student values('95752', 'Adri', 'HH', 70);
insert into takes values('61941', '393', '1', 'Spring', 2002, 'A ');
insert into takes values('8256', '318', '1', 'Fall', 2002, 'A ');
insert into takes values('52186', '701', '1', 'Spring', 2010, 'C ');
insert into takes values('57577', '295', '1', 'Fall', 2002, 'C+');
insert into takes values('48559', '258', '1', 'Fall', 2008, 'C-');
insert into takes values('53298', '511', '2', 'Spring', 2005, 'B-');
insert into takes values('30034', '135', '1', 'Fall', 2001, 'B-');
insert into takes values('46739', '448', '2', 'Fall', 2007, 'A ');
insert into takes values('61266', '648', '2', 'Fall', 2005, 'C+');
insert into takes values('80076', '380', '1', 'Fall', 2001, 'B+');
insert into takes values('43908', '894', '1', 'Spring', 2006, 'A ');
insert into takes values('9380', '792', '1', 'Fall', 2004, 'A ');
insert into takes values('61941', '644', '1', 'Spring', 2004, 'A-');
insert into takes values('30088', '342', '1', 'Fall', 2008, 'C+');
insert into takes values('69474', '258', '3', 'Spring', 2010, 'B ');
insert into takes values('81630', '779', '1', 'Fall', 2002, 'B ');
insert into takes values('95752', '387', '3', 'Fall', 2003, 'C+');
insert into takes values('61266', '999', '1', 'Spring', 2003, 'C ');
insert into takes values('59588', '345', '1', 'Spring', 2008, 'A+');
insert into takes values('19358', '391', '1', 'Spring', 2004, 'C ');
insert into takes values('33144', '582', '1', 'Fall', 2006, 'A-');
insert into takes values('33207', '299', '1', 'Fall', 2004, 'A+');
insert into takes values('27389', '386', '1', 'Spring', 2008, 'C+');
insert into takes values('58880', '227', '1', 'Spring', 2008, 'B-');
insert into takes values('32757', '486', '2', 'Spring', 2001, 'B-');
insert into takes values('46739', '527', '1', 'Fall', 2006, 'C+');
insert into takes values('16261', '800', '3', 'Spring', 2002, 'B ');
insert into takes values('87825', '851', '1', 'Fall', 2001, 'B+');
insert into takes values('87153', '299', '4', 'Fall', 2009, 'C ');
insert into takes values('98466', '393', '2', 'Fall', 2004, 'B-');
insert into takes values('58880', '718', '2', 'Spring', 2003, 'A+');
insert into takes values('74039', '822', '1', 'Spring', 2001, 'C ');
insert into takes values('54726', '135', '1', 'Fall', 2001, 'C-');
insert into takes values('59588', '678', '2', 'Spring', 2008, 'B-');
insert into takes values('42144', '697', '1', 'Spring', 2001, 'A-');
insert into takes values('20844', '483', '1', 'Fall', 2008, 'B-');
insert into takes values('96656', '819', '1', 'Fall', 2002, 'C ');
insert into takes values('27731', '925', '1', 'Fall', 2003, 'B+');
insert into takes values('43018', '374', '1', 'Spring', 2002, 'B-');
insert into takes values('61941', '274', '1', 'Spring', 2008, 'B-');
insert into takes values('84521', '410', '2', 'Spring', 2001, 'B-');
insert into takes values('53502', '539', '1', 'Spring', 2009, 'A-');
insert into takes values('60130', '483', '1', 'Fall', 2008, 'A-');
insert into takes values('77033', '909', '1', 'Fall', 2007, 'C-');
insert into takes values('39019', '258', '2', 'Fall', 2001, 'C-');
insert into takes values('18276', '877', '3', 'Fall', 2006, 'B ');
insert into takes values('95752', '999', '1', 'Spring', 2003, 'B+');
insert into takes values('74419', '166', '1', 'Spring', 2008, 'A+');
insert into takes values('28613', '737', '1', 'Spring', 2007, 'B+');
insert into takes values('9380', '949', '1', 'Fall', 2001, 'A-');
insert into takes values('54726', '319', '1', 'Spring', 2001, 'C ');
insert into takes values('72930', '318', '2', 'Spring', 2003, 'B ');
insert into takes values('71915', '601', '2', 'Spring', 2006, 'B+');
insert into takes values('25218', '557', '2', 'Spring', 2005, 'C ');
insert into takes values('9380', '972', '1', 'Fall', 2005, 'A ');
insert into takes values('46468', '329', '1', 'Fall', 2009, 'C ');
insert into takes values('58880', '393', '2', 'Fall', 2004, 'A ');
insert into takes values('46468', '448', '1', 'Fall', 2007, 'A-');
insert into takes values('27389', '992', '1', 'Fall', 2005, 'A-');
insert into takes values('95752', '299', '1', 'Fall', 2004, 'B+');
insert into takes values('4237', '561', '1', 'Fall', 2010, 'B+');
insert into takes values('11493', '800', '2', 'Fall', 2002, 'C+');
insert into takes values('33207', '752', '1', 'Fall', 2006, 'A+');
insert into takes values('27731', '258', '2', 'Fall', 2001, 'C+');
insert into takes values('74419', '794', '2', 'Spring', 2006, 'C ');
insert into takes values('96304', '299', '3', 'Fall', 2001, 'B-');
insert into takes values('4237', '797', '1', 'Spring', 2005, 'A-');
insert into takes values('76694', '387', '3', 'Fall', 2003, 'C ');
insert into takes values('32757', '573', '1', 'Fall', 2005, 'B+');
insert into takes values('11493', '427', '1', 'Fall', 2003, 'C+');
insert into takes values('18276', '410', '2', 'Spring', 2001, 'A-');
insert into takes values('63988', '139', '1', 'Spring', 2006, 'B-');
insert into takes values('76839', '776', '1', 'Spring', 2003, 'A ');
insert into takes values('98136', '916', '1', 'Spring', 2005, 'C+');
insert into takes values('98136', '387', '4', 'Fall', 2003, 'A+');
insert into takes values('42336', '794', '1', 'Spring', 2009, 'A+');
insert into takes values('83889', '313', '1', 'Fall', 2009, 'C ');
insert into takes values('16382', '214', '2', 'Fall', 2007, 'B-');
insert into takes values('81630', '404', '1', 'Fall', 2003, 'C+');
insert into takes values('16382', '822', '1', 'Spring', 2001, 'A+');
insert into takes values('87278', '557', '1', 'Spring', 2010, 'A-');
insert into takes values('99971', '686', '2', 'Fall', 2005, 'C+');
insert into takes values('87153', '689', '2', 'Spring', 2005, 'B-');
insert into takes values('59588', '582', '1', 'Fall', 2006, 'A ');
insert into takes values('42144', '863', '1', 'Spring', 2004, 'B-');
insert into takes values('9380', '822', '1', 'Spring', 2001, 'B+');
insert into takes values('28596', '972', '1', 'Fall', 2005, 'B ');
insert into takes values('6631', '910', '1', 'Spring', 2003, 'A+');
insert into takes values('72926', '379', '1', 'Spring', 2009, 'A ');
insert into takes values('33144', '669', '1', 'Spring', 2010, 'B ');
insert into takes values('8256', '527', '1', 'Fall', 2006, 'B+');
insert into takes values('6631', '701', '1', 'Spring', 2010, 'B+');
insert into takes values('28613', '648', '1', 'Fall', 2009, 'C-');
insert into takes values('14125', '779', '2', 'Spring', 2007, 'B ');
insert into takes values('58186', '339', '1', 'Spring', 2005, 'C-');
insert into takes values('15899', '295', '3', 'Fall', 2008, 'A-');
insert into takes values('77033', '511', '2', 'Spring', 2005, 'C ');
insert into takes values('92372', '483', '1', 'Fall', 2008, 'B ');
insert into takes values('96304', '128', '1', 'Fall', 2002, 'A+');
insert into takes values('71915', '689', '3', 'Spring', 2003, 'B-');
insert into takes values('80076', '927', '2', 'Spring', 2003, 'C+');
insert into takes values('53517', '372', '2', 'Fall', 2003, 'B+');
insert into takes values('27731', '511', '2', 'Spring', 2005, 'A-');
insert into takes values('60811', '823', '1', 'Fall', 2002, 'B ');
insert into takes values('68754', '520', '1', 'Spring', 2006, 'B-');
insert into takes values('63988', '497', '1', 'Spring', 2005, 'A+');
insert into takes values('59588', '214', '2', 'Fall', 2007, 'A-');
insert into takes values('68754', '737', '1', 'Spring', 2007, 'C+');
insert into takes values('76694', '752', '1', 'Fall', 2006, 'A+');
insert into takes values('76694', '892', '1', 'Spring', 2001, 'A+');
insert into takes values('33144', '369', '1', 'Fall', 2006, 'B+');
insert into takes values('39019', '723', '1', 'Fall', 2006, 'C+');
insert into takes values('87825', '291', '1', 'Spring', 2003, 'C+');
insert into takes values('59588', '981', '1', 'Spring', 2005, 'C ');
insert into takes values('60811', '462', '1', 'Spring', 2005, 'C-');
insert into takes values('98136', '539', '1', 'Spring', 2009, 'B ');
insert into takes values('23915', '410', '1', 'Spring', 2005, 'B-');
insert into takes values('35038', '282', '1', 'Spring', 2006, 'B ');
insert into takes values('20844', '797', '1', 'Spring', 2005, 'B ');
insert into takes values('32757', '214', '3', 'Fall', 2005, 'A+');
insert into takes values('57577', '963', '2', 'Spring', 2001, 'C ');
insert into takes values('23915', '391', '1', 'Spring', 2004, 'A+');
insert into takes values('96304', '372', '2', 'Fall', 2003, 'B-');
insert into takes values('52186', '877', '3', 'Fall', 2006, 'A+');
insert into takes values('6631', '342', '1', 'Fall', 2008, 'C+');
insert into takes values('43018', '410', '2', 'Spring', 2001, 'B-');
insert into takes values('34620', '110', '1', 'Spring', 2001, 'A+');
insert into takes values('33207', '319', '1', 'Spring', 2001, 'B+');
insert into takes values('55157', '910', '2', 'Spring', 2003, 'A+');
insert into takes values('55157', '582', '1', 'Fall', 2006, 'C-');
insert into takes values('74039', '665', '2', 'Spring', 2002, 'B+');
insert into takes values('61133', '909', '1', 'Fall', 2007, 'C ');
insert into takes values('76080', '509', '1', 'Fall', 2009, 'C+');
insert into takes values('69474', '497', '1', 'Spring', 2005, 'C ');
insert into takes values('52186', '509', '1', 'Fall', 2009, 'B ');
insert into takes values('16382', '648', '2', 'Fall', 2005, 'A+');
insert into takes values('98466', '697', '1', 'Spring', 2001, 'A+');
insert into takes values('63988', '863', '1', 'Spring', 2004, 'B ');
insert into takes values('61437', '823', '1', 'Fall', 2002, 'C+');
insert into takes values('71915', '665', '1', 'Fall', 2006, 'A+');
insert into takes values('60130', '369', '1', 'Fall', 2006, 'A ');
insert into takes values('35038', '237', '2', 'Fall', 2010, 'B+');
insert into takes values('99971', '132', '1', 'Fall', 2009, 'C+');
insert into takes values('19358', '601', '1', 'Spring', 2009, 'A ');
insert into takes values('96656', '295', '2', 'Spring', 2006, 'C+');
insert into takes values('81630', '511', '1', 'Fall', 2006, 'C-');
insert into takes values('53517', '723', '1', 'Fall', 2006, 'A ');
insert into takes values('72548', '561', '1', 'Fall', 2010, 'B+');
insert into takes values('60130', '644', '3', 'Spring', 2007, 'A-');
insert into takes values('34620', '387', '6', 'Spring', 2004, 'C+');
insert into takes values('20844', '295', '1', 'Fall', 2002, 'C+');
insert into takes values('16261', '851', '2', 'Fall', 2005, 'A ');
insert into takes values('83889', '925', '1', 'Fall', 2003, 'C ');
insert into takes values('46468', '980', '1', 'Spring', 2010, 'B+');
insert into takes values('63369', '686', '3', 'Fall', 2007, 'B+');
insert into takes values('42336', '648', '2', 'Fall', 2005, 'C ');
insert into takes values('72926', '909', '1', 'Fall', 2007, 'B+');
insert into takes values('63988', '511', '2', 'Spring', 2005, 'B ');
insert into takes values('53298', '794', '2', 'Spring', 2006, 'C-');
insert into takes values('91670', '746', '1', 'Spring', 2007, 'C-');
insert into takes values('72930', '800', '1', 'Fall', 2005, 'A-');
insert into takes values('32757', '748', '1', 'Spring', 2001, 'B-');
insert into takes values('58880', '299', '3', 'Fall', 2001, 'B-');
insert into takes values('72930', '826', '2', 'Spring', 2007, 'A+');
insert into takes values('87825', '387', '4', 'Fall', 2003, 'B ');
insert into takes values('61150', '299', '3', 'Fall', 2001, 'B ');
insert into takes values('6631', '981', '2', 'Spring', 2001, 'B ');
insert into takes values('84521', '139', '1', 'Spring', 2006, 'A-');
insert into takes values('88381', '942', '1', 'Spring', 2003, 'C+');
insert into takes values('67119', '927', '1', 'Fall', 2008, 'C-');
insert into takes values('71915', '387', '5', 'Spring', 2008, 'C ');
insert into takes values('72930', '258', '2', 'Fall', 2001, 'C ');
insert into takes values('91670', '689', '1', 'Spring', 2010, 'B+');
insert into takes values('46739', '601', '1', 'Spring', 2009, 'C-');
insert into takes values('16382', '697', '1', 'Spring', 2001, 'C+');
insert into takes values('27731', '963', '1', 'Spring', 2007, 'B ');
insert into takes values('81630', '520', '1', 'Spring', 2006, 'C+');
insert into takes values('9380', '851', '2', 'Fall', 2005, 'C ');
insert into takes values('26225', '299', '3', 'Fall', 2001, 'A ');
insert into takes values('61941', '391', '1', 'Spring', 2004, 'B ');
insert into takes values('54726', '981', '1', 'Spring', 2005, 'C ');
insert into takes values('23915', '678', '1', 'Spring', 2008, 'C ');
insert into takes values('60811', '318', '1', 'Fall', 2002, 'B+');
insert into takes values('74419', '601', '2', 'Spring', 2006, 'C+');
insert into takes values('19358', '539', '1', 'Spring', 2009, 'C-');
insert into takes values('21664', '386', '1', 'Spring', 2008, 'C+');
insert into takes values('74803', '342', '1', 'Fall', 2008, 'B-');
insert into takes values('83889', '272', '1', 'Spring', 2004, 'C-');
insert into takes values('27389', '877', '3', 'Fall', 2006, 'B-');
insert into takes values('6631', '992', '1', 'Fall', 2005, 'B ');
insert into takes values('60811', '128', '1', 'Fall', 2002, 'C ');
insert into takes values('98466', '910', '2', 'Spring', 2003, 'B ');
insert into takes values('87153', '520', '1', 'Spring', 2006, 'A ');
insert into takes values('63988', '128', '1', 'Fall', 2002, 'C-');
insert into takes values('58165', '718', '1', 'Fall', 2007, 'C ');
insert into takes values('46739', '569', '1', 'Fall', 2009, 'A+');
insert into takes values('43908', '393', '1', 'Spring', 2002, 'A ');
insert into takes values('43018', '542', '1', 'Fall', 2009, 'C-');
insert into takes values('6794', '999', '2', 'Fall', 2008, 'B+');
insert into takes values('20844', '910', '1', 'Spring', 2003, 'B-');
insert into advisor values('61150', '18665');
insert into advisor values('96656', '58744');
insert into advisor values('60130', '66448');
insert into advisor values('77033', '92744');
insert into advisor values('83889', '28102');
insert into advisor values('43018', '74065');
insert into advisor values('17967', '33450');
insert into advisor values('28596', '64198');
insert into advisor values('97163', '5520');
insert into advisor values('85107', '53566');
insert into advisor values('798', '85951');
insert into advisor values('81630', '55098');
insert into advisor values('60811', '76204');
insert into advisor values('27731', '52790');
insert into advisor values('16382', '53566');
insert into advisor values('61437', '84476');
insert into advisor values('67119', '85123');
insert into advisor values('96304', '50677');
insert into advisor values('53502', '2170');
insert into advisor values('42473', '74065');
insert into advisor values('76694', '58744');
insert into advisor values('76080', '55098');
insert into advisor values('80076', '64730');
insert into advisor values('74039', '87431');
insert into advisor values('35038', '76204');
insert into advisor values('62681', '10961');
insert into advisor values('55157', '94177');
insert into advisor values('72926', '17161');
insert into advisor values('28613', '63704');
insert into advisor values('74803', '36484');
insert into advisor values('58186', '84476');
insert into advisor values('63988', '18665');
insert into advisor values('39019', '87431');
insert into advisor values('9380', '95464');
insert into advisor values('58809', '58744');
insert into advisor values('26225', '85951');
insert into advisor values('14125', '28102');
insert into advisor values('30034', '40983');
insert into advisor values('48559', '64198');
insert into advisor values('6794', '95464');
insert into advisor values('23915', '94177');
insert into advisor values('72548', '64198');
insert into advisor values('15899', '85951');
insert into advisor values('91670', '33450');
insert into advisor values('25218', '85951');
insert into advisor values('42144', '63704');
insert into advisor values('53517', '18665');
insert into advisor values('20844', '22811');
insert into advisor values('61266', '10961');
insert into advisor values('4237', '17161');
insert into advisor values('95410', '71147');
insert into advisor values('72930', '98831');
insert into advisor values('33144', '95464');
insert into advisor values('87153', '7989');
insert into advisor values('98136', '17161');
insert into advisor values('87278', '64198');
insert into advisor values('74419', '37873');
insert into advisor values('9491', '84476');
insert into advisor values('11248', '63704');
insert into advisor values('6631', '7989');
insert into advisor values('69474', '92007');
insert into advisor values('52186', '55098');
insert into advisor values('54726', '28102');
insert into advisor values('46468', '98831');
insert into advisor values('99971', '98831');
insert into advisor values('71915', '36484');
insert into advisor values('57577', '74065');
insert into advisor values('83195', '37873');
insert into advisor values('92372', '34125');
insert into advisor values('61133', '54228');
insert into advisor values('84521', '92007');
insert into advisor values('98466', '17161');
insert into advisor values('58165', '54228');
insert into advisor values('76839', '34125');
insert into advisor values('46739', '36484');
insert into advisor values('87825', '87431');
insert into advisor values('18276', '66448');
insert into advisor values('21664', '58744');
insert into advisor values('32757', '18665');
insert into advisor values('189', '50677');
insert into advisor values('19358', '98831');
insert into advisor values('88381', '50677');
insert into advisor values('58880', '53566');
insert into advisor values('27389', '22811');
insert into advisor values('7972', '15777');
insert into advisor values('11493', '76204');
insert into advisor values('8256', '50677');
insert into advisor values('30088', '90519');
insert into advisor values('68754', '85123');
insert into advisor values('42336', '98831');
insert into advisor values('59588', '63704');
insert into advisor values('30291', '84476');
insert into advisor values('63369', '85123');
insert into advisor values('53298', '52790');
insert into advisor values('34620', '36484');
insert into advisor values('33207', '87431');
insert into advisor values('16261', '40983');
insert into advisor values('43908', '10961');
insert into advisor values('61941', '84476');
insert into advisor values('95752', '168');
insert into prereq values('247', '867');
insert into prereq values('486', '270');
insert into prereq values('753', '644');
insert into prereq values('185', '601');
insert into prereq values('916', '247');
insert into prereq values('205', '819');
insert into prereq values('445', '449');
insert into prereq values('339', '885');
insert into prereq values('716', '653');
insert into prereq values('718', '483');
insert into prereq values('299', '294');
insert into prereq values('258', '291');
insert into prereq values('247', '288');
insert into prereq values('272', '716');
insert into prereq values('568', '369');
insert into prereq values('727', '554');
insert into prereq values('956', '841');
insert into prereq values('483', '360');
insert into prereq values('554', '483');
insert into prereq values('296', '723');
insert into prereq values('101', '715');
insert into prereq values('597', '274');
insert into prereq values('716', '744');
insert into prereq values('125', '520');
insert into prereq values('561', '247');
insert into prereq values('319', '437');
insert into prereq values('697', '689');
insert into prereq values('715', '728');
insert into prereq values('282', '927');
insert into prereq values('379', '753');
insert into prereq values('404', '539');
insert into prereq values('686', '518');
insert into prereq values('497', '167');
insert into prereq values('779', '677');
insert into prereq values('794', '391');
insert into prereq values('369', '448');
insert into prereq values('112', '125');
insert into prereq values('140', '648');
insert into prereq values('991', '301');
insert into prereq values('505', '826');
insert into prereq values('601', '287');
insert into prereq values('597', '318');
insert into prereq values('166', '722');
insert into prereq values('299', '215');
insert into prereq values('294', '644');
insert into prereq values('891', '167');
insert into prereq values('148', '382');
insert into prereq values('148', '597');
insert into prereq values('174', '701');
insert into prereq values('449', '699');
insert into prereq values('869', '509');
insert into prereq values('483', '841');
insert into prereq values('800', '808');
insert into prereq values('148', '794');
insert into prereq values('808', '669');
insert into prereq values('387', '139');
insert into prereq values('727', '863');
insert into prereq values('301', '200');
insert into prereq values('447', '276');
insert into prereq values('386', '689');
insert into prereq values('318', '227');
insert into prereq values('166', '669');
insert into prereq values('167', '597');
insert into prereq values('988', '823');
insert into prereq values('867', '110');
insert into prereq values('369', '246');
insert into prereq values('583', '776');
insert into prereq values('125', '125');
insert into prereq values('653', '447');
insert into prereq values('132', '975');
insert into prereq values('894', '296');
insert into prereq values('216', '977');
insert into prereq values('329', '360');
insert into prereq values('214', '826');
insert into prereq values('981', '794');
insert into prereq values('391', '607');
insert into prereq values('728', '658');
insert into prereq values('942', '992');
insert into prereq values('200', '339');
insert into prereq values('722', '259');
insert into prereq values('956', '808');
insert into prereq values('215', '125');
insert into prereq values('294', '916');
insert into prereq values('575', '287');
insert into prereq values('894', '372');
insert into prereq values('737', '659');
insert into prereq values('445', '974');
insert into prereq values('810', '902');
insert into prereq values('236', '483');
insert into prereq values('686', '753');
insert into prereq values('200', '404');
insert into prereq values('128', '295');
insert into prereq values('569', '877');
insert into prereq values('575', '974');
insert into prereq values('299', '746');
insert into prereq values('404', '190');
insert into prereq values('658', '991');
insert into prereq values('992', '981');
insert into prereq values('839', '665');
insert into prereq values('462', '157');
