insert into classroom values('I', 955, 12);
insert into classroom values('J', 563, 148);
insert into classroom values('E', 35, 15);
insert into classroom values('E', 403, 35);
insert into classroom values('G', 688, 24);
insert into classroom values('J', 839, 28);
insert into classroom values('D', 5, 16);
insert into classroom values('C', 238, 34);
insert into classroom values('J', 896, 48);
insert into classroom values('I', 211, 188);
insert into department values('RQ', 'J', 5660.77);
insert into department values('KL', 'C', 575289.87);
insert into department values('SS', 'I', 48288.48);
insert into department values('EL', 'D', 861069.83);
insert into department values('DF', 'J', 59938.01);
insert into department values('HH', 'D', 407907.08);
insert into department values('ED', 'C', 681071.67);
insert into department values('FR', 'J', 755584.91);
insert into department values('GF', 'E', 187910.43);
insert into department values('MT', 'D', 553419.45);
insert into course values('214', 'IF5555', 'RQ', 3);
insert into course values('206', 'IF3120', 'RQ', 4);
insert into course values('618', 'IF0230', 'KL', 4);
insert into course values('393', 'IF3120', 'GF', 3);
insert into course values('656', 'IF3022', 'RQ', 4);
insert into course values('194', 'IF4321', 'MT', 4);
insert into course values('663', 'IF0230', 'GF', 3);
insert into course values('957', 'IF5555', 'RQ', 4);
insert into course values('133', 'IF5555', 'DF', 3);
insert into course values('819', 'IF5555', 'KL', 4);
insert into course values('632', 'IF0230', 'HH', 3);
insert into course values('700', 'IF3030', 'RQ', 3);
insert into course values('494', 'IF4321', 'SS', 3);
insert into course values('850', 'IF3031', 'ED', 3);
insert into course values('115', 'IF5555', 'RQ', 4);
insert into course values('537', 'IF3031', 'MT', 4);
insert into course values('666', 'IF3120', 'EL', 4);
insert into course values('559', 'IF3211', 'SS', 3);
insert into course values('497', 'IF3333', 'KL', 3);
insert into course values('732', 'IF3031', 'GF', 4);
insert into course values('973', 'IF3211', 'HH', 3);
insert into course values('103', 'IF3120', 'RQ', 4);
insert into course values('409', 'IF3333', 'SS', 3);
insert into course values('437', 'IF3030', 'MT', 3);
insert into course values('186', 'IF0230', 'SS', 3);
insert into course values('219', 'IF4041', 'ED', 4);
insert into course values('291', 'IF3031', 'MT', 3);
insert into course values('940', 'IF3030', 'RQ', 4);
insert into course values('307', 'IF3030', 'ED', 4);
insert into course values('267', 'IF3031', 'DF', 3);
insert into course values('968', 'IF4041', 'FR', 3);
insert into course values('237', 'IF3333', 'ED', 3);
insert into course values('712', 'IF4321', 'SS', 4);
insert into course values('894', 'IF3211', 'HH', 3);
insert into course values('542', 'IF3022', 'MT', 4);
insert into course values('489', 'IF3031', 'SS', 3);
insert into course values('419', 'IF0230', 'HH', 4);
insert into course values('936', 'IF3031', 'MT', 3);
insert into course values('149', 'IF3030', 'ED', 3);
insert into course values('195', 'IF3333', 'FR', 4);
insert into course values('365', 'IF3022', 'ED', 4);
insert into course values('180', 'IF4041', 'MT', 4);
insert into course values('533', 'IF3031', 'GF', 4);
insert into course values('760', 'IF3030', 'HH', 3);
insert into course values('443', 'IF5555', 'DF', 4);
insert into course values('383', 'IF3030', 'RQ', 4);
insert into course values('722', 'IF3030', 'MT', 4);
insert into course values('696', 'IF3022', 'FR', 4);
insert into course values('630', 'IF0230', 'FR', 4);
insert into course values('571', 'IF3333', 'HH', 4);
insert into course values('139', 'IF5555', 'MT', 3);
insert into course values('570', 'IF4321', 'HH', 3);
insert into course values('588', 'IF5555', 'KL', 3);
insert into course values('392', 'IF4321', 'GF', 4);
insert into course values('548', 'IF3120', 'FR', 4);
insert into course values('440', 'IF3022', 'HH', 3);
insert into course values('288', 'IF3022', 'KL', 3);
insert into course values('803', 'IF4321', 'RQ', 4);
insert into course values('290', 'IF0230', 'DF', 3);
insert into course values('425', 'IF3120', 'EL', 3);
insert into course values('737', 'IF0230', 'RQ', 4);
insert into course values('872', 'IF3211', 'KL', 3);
insert into course values('830', 'IF4041', 'RQ', 3);
insert into course values('843', 'IF3031', 'KL', 3);
insert into course values('504', 'IF3030', 'KL', 4);
insert into course values('827', 'IF3031', 'SS', 4);
insert into course values('714', 'IF4321', 'GF', 3);
insert into course values('604', 'IF3030', 'GF', 4);
insert into course values('863', 'IF3120', 'MT', 4);
insert into course values('944', 'IF3030', 'DF', 4);
insert into course values('608', 'IF4321', 'GF', 3);
insert into course values('352', 'IF3031', 'MT', 3);
insert into course values('908', 'IF3211', 'GF', 3);
insert into course values('410', 'IF3022', 'KL', 3);
insert into course values('283', 'IF3120', 'EL', 3);
insert into course values('721', 'IF3030', 'FR', 3);
insert into course values('500', 'IF5555', 'DF', 3);
insert into course values('304', 'IF0230', 'ED', 4);
insert into course values('613', 'IF3333', 'EL', 4);
insert into course values('997', 'IF3120', 'ED', 3);
insert into course values('800', 'IF3120', 'EL', 4);
insert into course values('607', 'IF0230', 'DF', 4);
insert into course values('259', 'IF3022', 'GF', 4);
insert into course values('439', 'IF3030', 'HH', 4);
insert into course values('426', 'IF0230', 'DF', 3);
insert into course values('427', 'IF4041', 'DF', 3);
insert into course values('720', 'IF5555', 'SS', 4);
insert into course values('275', 'IF0230', 'GF', 4);
insert into course values('854', 'IF3120', 'MT', 3);
insert into course values('577', 'IF0230', 'DF', 3);
insert into course values('868', 'IF4321', 'DF', 3);
insert into course values('909', 'IF4041', 'MT', 3);
insert into course values('539', 'IF5555', 'ED', 4);
insert into course values('883', 'IF3333', 'MT', 4);
insert into course values('911', 'IF3333', 'ED', 3);
insert into course values('644', 'IF0230', 'GF', 3);
insert into course values('924', 'IF5555', 'FR', 4);
insert into course values('605', 'IF3022', 'SS', 4);
insert into course values('108', 'IF3030', 'SS', 4);
insert into course values('934', 'IF3120', 'MT', 3);
insert into course values('204', 'IF4041', 'FR', 4);
insert into course values('574', 'IF3120', 'HH', 4);
insert into course values('783', 'IF3211', 'EL', 3);
insert into course values('914', 'IF5555', 'SS', 3);
insert into course values('212', 'IF4321', 'ED', 4);
insert into course values('690', 'IF4041', 'DF', 3);
insert into course values('701', 'IF3031', 'GF', 4);
insert into course values('370', 'IF4321', 'KL', 3);
insert into course values('840', 'IF3120', 'DF', 4);
insert into course values('704', 'IF4321', 'RQ', 3);
insert into course values('757', 'IF3333', 'ED', 4);
insert into course values('622', 'IF0230', 'RQ', 3);
insert into course values('849', 'IF4041', 'MT', 4);
insert into course values('806', 'IF3022', 'FR', 3);
insert into course values('318', 'IF5555', 'SS', 4);
insert into course values('201', 'IF3333', 'SS', 4);
insert into course values('741', 'IF0230', 'RQ', 4);
insert into course values('648', 'IF3120', 'RQ', 4);
insert into course values('402', 'IF3120', 'DF', 3);
insert into course values('176', 'IF0230', 'MT', 3);
insert into course values('706', 'IF3333', 'SS', 4);
insert into course values('994', 'IF3022', 'DF', 3);
insert into course values('664', 'IF3211', 'RQ', 4);
insert into course values('414', 'IF3333', 'ED', 3);
insert into course values('496', 'IF0230', 'FR', 3);
insert into course values('931', 'IF5555', 'DF', 4);
insert into course values('788', 'IF3030', 'KL', 4);
insert into course values('231', 'IF3211', 'HH', 4);
insert into course values('989', 'IF3211', 'KL', 3);
insert into course values('299', 'IF3030', 'MT', 3);
insert into course values('853', 'IF3120', 'FR', 3);
insert into course values('811', 'IF3120', 'ED', 4);
insert into course values('475', 'IF0230', 'EL', 3);
insert into course values('229', 'IF4321', 'ED', 4);
insert into course values('518', 'IF3333', 'KL', 4);
insert into course values('534', 'IF4321', 'SS', 3);
insert into course values('269', 'IF3031', 'ED', 4);
insert into course values('836', 'IF5555', 'DF', 4);
insert into course values('792', 'IF3030', 'DF', 4);
insert into course values('145', 'IF3031', 'DF', 4);
insert into course values('227', 'IF3120', 'SS', 3);
insert into course values('816', 'IF3022', 'HH', 4);
insert into course values('486', 'IF3333', 'ED', 3);
insert into course values('111', 'IF3031', 'MT', 4);
insert into course values('713', 'IF0230', 'KL', 3);
insert into course values('624', 'IF3030', 'ED', 3);
insert into course values('669', 'IF3211', 'DF', 3);
insert into course values('527', 'IF3211', 'EL', 4);
insert into course values('691', 'IF3031', 'GF', 4);
insert into course values('513', 'IF4041', 'GF', 4);
insert into course values('397', 'IF3030', 'HH', 4);
insert into course values('330', 'IF3120', 'ED', 3);
insert into course values('469', 'IF4321', 'RQ', 4);
insert into course values('726', 'IF0230', 'HH', 3);
insert into course values('258', 'IF3211', 'ED', 4);
insert into course values('729', 'IF3211', 'SS', 3);
insert into course values('142', 'IF0230', 'DF', 3);
insert into course values('113', 'IF3120', 'ED', 3);
insert into course values('576', 'IF5555', 'HH', 4);
insert into course values('418', 'IF3211', 'SS', 4);
insert into course values('315', 'IF0230', 'MT', 3);
insert into course values('672', 'IF4321', 'ED', 4);
insert into course values('958', 'IF3031', 'FR', 4);
insert into course values('557', 'IF4321', 'DF', 3);
insert into course values('846', 'IF5555', 'HH', 4);
insert into course values('215', 'IF3022', 'GF', 4);
insert into course values('897', 'IF3030', 'ED', 3);
insert into course values('549', 'IF4041', 'ED', 3);
insert into course values('848', 'IF3120', 'HH', 3);
insert into course values('368', 'IF3031', 'FR', 3);
insert into course values('774', 'IF3120', 'ED', 4);
insert into course values('933', 'IF4321', 'GF', 3);
insert into course values('692', 'IF3333', 'FR', 3);
insert into course values('536', 'IF0230', 'FR', 3);
insert into course values('600', 'IF0230', 'RQ', 3);
insert into course values('798', 'IF3211', 'ED', 4);
insert into course values('876', 'IF3120', 'SS', 3);
insert into course values('779', 'IF3031', 'EL', 3);
insert into course values('610', 'IF4321', 'SS', 3);
insert into course values('550', 'IF3022', 'EL', 4);
insert into course values('551', 'IF3211', 'RQ', 4);
insert into course values('502', 'IF4041', 'EL', 3);
insert into course values('245', 'IF3030', 'RQ', 3);
insert into course values('794', 'IF4321', 'FR', 3);
insert into course values('998', 'IF3333', 'FR', 4);
insert into course values('671', 'IF0230', 'HH', 3);
insert into course values('687', 'IF3333', 'HH', 3);
insert into course values('657', 'IF3120', 'HH', 3);
insert into course values('198', 'IF3022', 'RQ', 4);
insert into course values('123', 'IF3120', 'GF', 3);
insert into course values('778', 'IF3333', 'GF', 4);
insert into course values('736', 'IF3031', 'SS', 3);
insert into course values('634', 'IF3333', 'KL', 4);
insert into course values('718', 'IF3030', 'GF', 3);
insert into course values('327', 'IF3030', 'SS', 4);
insert into course values('820', 'IF0230', 'GF', 3);
insert into course values('769', 'IF3030', 'HH', 3);
insert into course values('257', 'IF4041', 'GF', 4);
insert into course values('463', 'IF3031', 'FR', 3);
insert into course values('818', 'IF0230', 'ED', 3);
insert into instructor values('83294', 'Josu', 'DF', 110484.70);
insert into instructor values('55813', 'Josu', 'MT', 123247.71);
insert into instructor values('6469', 'yuyun', 'ED', 35574.50);
insert into instructor values('31350', 'Budi', 'SS', 76893.97);
insert into instructor values('81897', 'Adri', 'MT', 79010.57);
insert into instructor values('15362', 'Ande', 'ED', 90166.68);
insert into instructor values('4589', 'Yohan', 'SS', 98330.26);
insert into instructor values('44286', 'Kiki', 'ED', 99287.82);
insert into instructor values('24361', 'Yohan', 'FR', 90863.06);
insert into instructor values('25050', 'yuyun', 'DF', 52065.69);
insert into instructor values('24051', 'Ahmad', 'MT', 106551.93);
insert into instructor values('99008', 'Josu', 'HH', 81356.61);
insert into instructor values('36919', 'Kiki', 'MT', 63910.46);
insert into instructor values('84049', 'Ande', 'EL', 68919.94);
insert into instructor values('48096', 'Budi', 'SS', 39358.10);
insert into instructor values('37613', 'Budi', 'RQ', 86754.06);
insert into instructor values('77487', 'Kiki', 'KL', 90898.42);
insert into instructor values('61449', 'Kiki', 'MT', 120286.87);
insert into instructor values('94816', 'Yohan', 'EL', 45953.10);
insert into instructor values('61303', 'Yohan', 'HH', 123203.84);
insert into instructor values('15306', 'Budi', 'DF', 30136.83);
insert into instructor values('99300', 'Yohan', 'KL', 127232.29);
insert into instructor values('11645', 'Adri', 'HH', 38856.06);
insert into instructor values('47059', 'Kiki', 'ED', 31860.43);
insert into instructor values('31683', 'Johan', 'HH', 56837.36);
insert into instructor values('79108', 'Adri', 'SS', 128754.96);
insert into instructor values('70721', 'Budi', 'EL', 112038.32);
insert into instructor values('26385', 'Adri', 'HH', 73551.21);
insert into instructor values('9813', 'Johan', 'EL', 109867.27);
insert into instructor values('79501', 'Josu', 'DF', 103724.95);
insert into instructor values('39319', 'Kiki', 'ED', 31234.99);
insert into instructor values('90885', 'Kiki', 'DF', 115415.09);
insert into instructor values('56377', 'Ande', 'DF', 93685.03);
insert into instructor values('30592', 'yuyun', 'MT', 54351.66);
insert into instructor values('14505', 'Ande', 'EL', 68696.13);
insert into instructor values('4321', 'Ande', 'MT', 46453.71);
insert into instructor values('60972', 'Johan', 'GF', 120223.56);
insert into instructor values('38369', 'Kiki', 'FR', 92196.87);
insert into instructor values('39938', 'Johan', 'GF', 79643.37);
insert into instructor values('3831', 'Ande', 'HH', 75510.40);
insert into instructor values('63398', 'Johan', 'FR', 100486.52);
insert into instructor values('42801', 'Ahmad', 'GF', 92748.75);
insert into instructor values('97421', 'Budi', 'KL', 42697.32);
insert into instructor values('97338', 'Josu', 'KL', 90192.95);
insert into instructor values('11299', 'Ande', 'FR', 120623.37);
insert into instructor values('71988', 'Yohan', 'RQ', 109572.10);
insert into instructor values('85779', 'rahmat', 'EL', 111541.71);
insert into instructor values('85405', 'Adri', 'GF', 80255.44);
insert into instructor values('48926', 'Adri', 'ED', 62248.85);
insert into instructor values('34347', 'Josu', 'GF', 64050.79);
insert into section values('854', '1', 'Spring', 2002, 'I', '211', 'C');
insert into section values('722', '1', 'Spring', 2006, 'D', '5', 'C');
insert into section values('934', '1', 'Fall', 2006, 'J', '896', 'P');
insert into section values('409', '1', 'Spring', 2007, 'I', '211', 'D');
insert into section values('820', '1', 'Spring', 2001, 'J', '839', 'J');
insert into section values('657', '1', 'Spring', 2001, 'I', '211', 'E');
insert into section values('713', '1', 'Fall', 2008, 'D', '5', 'M');
insert into section values('803', '1', 'Fall', 2010, 'E', '403', 'I');
insert into section values('419', '1', 'Spring', 2007, 'C', '238', 'H');
insert into section values('113', '1', 'Fall', 2002, 'J', '896', 'B');
insert into section values('108', '1', 'Fall', 2006, 'J', '563', 'I');
insert into section values('840', '1', 'Fall', 2008, 'C', '238', 'G');
insert into section values('774', '1', 'Fall', 2010, 'J', '839', 'E');
insert into section values('393', '1', 'Fall', 2007, 'I', '211', 'E');
insert into section values('527', '1', 'Spring', 2008, 'C', '238', 'L');
insert into section values('931', '1', 'Fall', 2010, 'C', '238', 'B');
insert into section values('663', '1', 'Fall', 2005, 'I', '955', 'G');
insert into section values('290', '1', 'Spring', 2003, 'C', '238', 'I');
insert into section values('259', '1', 'Spring', 2010, 'J', '896', 'J');
insert into section values('198', '1', 'Fall', 2004, 'E', '403', 'F');
insert into section values('570', '1', 'Fall', 2003, 'J', '563', 'N');
insert into section values('327', '1', 'Spring', 2006, 'J', '839', 'B');
insert into section values('994', '1', 'Spring', 2005, 'E', '35', 'D');
insert into section values('726', '1', 'Spring', 2006, 'G', '688', 'F');
insert into section values('489', '1', 'Spring', 2002, 'J', '839', 'L');
insert into section values('604', '1', 'Spring', 2009, 'D', '5', 'K');
insert into section values('542', '1', 'Fall', 2009, 'I', '955', 'G');
insert into section values('571', '1', 'Spring', 2008, 'J', '896', 'I');
insert into section values('111', '1', 'Spring', 2004, 'J', '563', 'K');
insert into section values('245', '1', 'Spring', 2004, 'E', '403', 'I');
insert into section values('419', '2', 'Spring', 2008, 'D', '5', 'K');
insert into section values('712', '1', 'Spring', 2002, 'J', '563', 'C');
insert into section values('497', '1', 'Fall', 2005, 'G', '688', 'L');
insert into section values('115', '1', 'Fall', 2009, 'J', '896', 'D');
insert into section values('696', '1', 'Fall', 2005, 'I', '955', 'M');
insert into section values('624', '1', 'Fall', 2007, 'J', '896', 'E');
insert into section values('291', '1', 'Fall', 2008, 'G', '688', 'P');
insert into section values('402', '1', 'Fall', 2008, 'E', '403', 'L');
insert into section values('726', '2', 'Spring', 2008, 'I', '955', 'I');
insert into section values('219', '1', 'Spring', 2010, 'E', '35', 'E');
insert into section values('500', '1', 'Spring', 2001, 'C', '238', 'B');
insert into section values('123', '1', 'Fall', 2003, 'J', '563', 'D');
insert into section values('475', '1', 'Fall', 2010, 'J', '839', 'N');
insert into section values('933', '1', 'Fall', 2010, 'D', '5', 'A');
insert into section values('425', '1', 'Spring', 2006, 'C', '238', 'L');
insert into section values('816', '1', 'Fall', 2005, 'G', '688', 'C');
insert into section values('997', '1', 'Spring', 2008, 'E', '403', 'E');
insert into section values('816', '2', 'Spring', 2003, 'E', '403', 'J');
insert into section values('973', '1', 'Spring', 2005, 'J', '896', 'F');
insert into section values('145', '1', 'Spring', 2004, 'I', '211', 'B');
insert into section values('257', '1', 'Fall', 2007, 'J', '563', 'P');
insert into section values('989', '1', 'Spring', 2007, 'I', '211', 'D');
insert into section values('605', '1', 'Fall', 2004, 'D', '5', 'G');
insert into section values('418', '1', 'Fall', 2007, 'I', '955', 'L');
insert into section values('872', '1', 'Spring', 2006, 'G', '688', 'F');
insert into section values('883', '1', 'Fall', 2002, 'E', '35', 'M');
insert into section values('504', '1', 'Fall', 2003, 'G', '688', 'F');
insert into section values('425', '2', 'Spring', 2009, 'E', '403', 'F');
insert into section values('798', '1', 'Fall', 2007, 'C', '238', 'L');
insert into section values('426', '1', 'Fall', 2009, 'D', '5', 'G');
insert into section values('997', '2', 'Fall', 2005, 'J', '563', 'C');
insert into section values('849', '1', 'Fall', 2006, 'E', '35', 'K');
insert into section values('876', '1', 'Fall', 2009, 'C', '238', 'B');
insert into section values('463', '1', 'Spring', 2003, 'D', '5', 'C');
insert into section values('123', '2', 'Spring', 2006, 'J', '896', 'K');
insert into section values('850', '1', 'Fall', 2005, 'C', '238', 'J');
insert into section values('139', '1', 'Spring', 2003, 'E', '403', 'N');
insert into section values('760', '1', 'Fall', 2003, 'I', '211', 'N');
insert into section values('908', '1', 'Spring', 2004, 'C', '238', 'B');
insert into section values('687', '1', 'Spring', 2008, 'D', '5', 'H');
insert into section values('533', '1', 'Spring', 2010, 'D', '5', 'N');
insert into section values('352', '1', 'Fall', 2003, 'G', '688', 'N');
insert into section values('778', '1', 'Spring', 2001, 'G', '688', 'I');
insert into section values('669', '1', 'Fall', 2002, 'C', '238', 'D');
insert into section values('897', '1', 'Spring', 2001, 'J', '563', 'O');
insert into section values('968', '1', 'Spring', 2006, 'I', '211', 'G');
insert into section values('774', '2', 'Spring', 2006, 'J', '563', 'M');
insert into section values('576', '1', 'Fall', 2004, 'C', '238', 'H');
insert into section values('940', '1', 'Fall', 2010, 'E', '403', 'D');
insert into section values('997', '3', 'Spring', 2003, 'E', '35', 'N');
insert into section values('830', '1', 'Spring', 2010, 'J', '896', 'J');
insert into section values('846', '1', 'Spring', 2009, 'J', '839', 'O');
insert into section values('726', '3', 'Spring', 2004, 'J', '563', 'N');
insert into section values('944', '1', 'Spring', 2010, 'J', '563', 'P');
insert into section values('794', '1', 'Fall', 2009, 'C', '238', 'E');
insert into section values('736', '1', 'Fall', 2001, 'E', '35', 'B');
insert into section values('439', '1', 'Spring', 2006, 'J', '896', 'A');
insert into section values('299', '1', 'Spring', 2005, 'J', '896', 'J');
insert into section values('624', '2', 'Spring', 2006, 'E', '35', 'C');
insert into section values('469', '1', 'Fall', 2009, 'J', '839', 'N');
insert into section values('463', '2', 'Spring', 2009, 'E', '35', 'P');
insert into section values('846', '2', 'Spring', 2003, 'G', '688', 'B');
insert into section values('794', '2', 'Spring', 2002, 'J', '563', 'D');
insert into section values('820', '2', 'Fall', 2005, 'J', '563', 'C');
insert into section values('850', '2', 'Spring', 2001, 'I', '211', 'O');
insert into section values('219', '2', 'Spring', 2004, 'J', '563', 'G');
insert into section values('115', '2', 'Fall', 2001, 'I', '211', 'M');
insert into section values('911', '1', 'Fall', 2009, 'J', '563', 'L');
insert into section values('440', '1', 'Fall', 2001, 'J', '896', 'H');
insert into section values('876', '2', 'Spring', 2010, 'J', '896', 'D');
insert into section values('330', '1', 'Fall', 2001, 'I', '211', 'J');
insert into section values('811', '1', 'Fall', 2010, 'D', '5', 'K');
insert into section values('215', '1', 'Fall', 2010, 'I', '211', 'I');
insert into section values('463', '3', 'Fall', 2004, 'C', '238', 'M');
insert into section values('195', '1', 'Spring', 2002, 'J', '839', 'G');
insert into section values('502', '1', 'Fall', 2009, 'D', '5', 'G');
insert into section values('494', '1', 'Fall', 2004, 'J', '563', 'F');
insert into section values('848', '1', 'Spring', 2001, 'J', '896', 'H');
insert into section values('973', '2', 'Spring', 2004, 'G', '688', 'I');
insert into section values('365', '1', 'Fall', 2005, 'J', '839', 'K');
insert into section values('820', '3', 'Fall', 2004, 'G', '688', 'I');
insert into section values('818', '1', 'Spring', 2009, 'J', '896', 'A');
insert into section values('843', '1', 'Fall', 2004, 'I', '955', 'G');
insert into section values('701', '1', 'Fall', 2008, 'J', '563', 'N');
insert into section values('806', '1', 'Spring', 2009, 'D', '5', 'K');
insert into section values('783', '1', 'Spring', 2006, 'J', '563', 'P');
insert into section values('469', '2', 'Fall', 2007, 'I', '211', 'C');
insert into section values('663', '2', 'Fall', 2010, 'C', '238', 'J');
insert into section values('392', '1', 'Fall', 2001, 'E', '403', 'N');
insert into section values('630', '1', 'Fall', 2005, 'C', '238', 'F');
insert into section values('853', '1', 'Spring', 2007, 'D', '5', 'N');
insert into section values('549', '1', 'Spring', 2010, 'J', '896', 'N');
insert into section values('414', '1', 'Spring', 2001, 'E', '403', 'H');
insert into section values('576', '2', 'Spring', 2009, 'J', '839', 'L');
insert into section values('973', '3', 'Fall', 2005, 'C', '238', 'O');
insert into section values('497', '2', 'Fall', 2008, 'E', '403', 'F');
insert into section values('848', '2', 'Spring', 2005, 'I', '211', 'G');
insert into section values('692', '1', 'Spring', 2009, 'I', '955', 'I');
insert into section values('186', '1', 'Spring', 2002, 'J', '563', 'O');
insert into section values('463', '4', 'Spring', 2010, 'J', '839', 'J');
insert into section values('687', '2', 'Spring', 2004, 'J', '563', 'L');
insert into section values('700', '1', 'Fall', 2008, 'E', '403', 'B');
insert into section values('760', '2', 'Fall', 2004, 'E', '35', 'L');
insert into section values('883', '2', 'Fall', 2010, 'I', '211', 'L');
insert into section values('315', '1', 'Fall', 2010, 'I', '211', 'N');
insert into section values('139', '2', 'Fall', 2003, 'J', '839', 'N');
insert into section values('687', '3', 'Fall', 2009, 'J', '896', 'L');
insert into section values('427', '1', 'Spring', 2008, 'D', '5', 'F');
insert into section values('726', '4', 'Spring', 2007, 'D', '5', 'K');
insert into section values('231', '1', 'Spring', 2006, 'E', '403', 'O');
insert into section values('574', '1', 'Fall', 2002, 'C', '238', 'L');
insert into section values('779', '1', 'Spring', 2007, 'G', '688', 'O');
insert into section values('497', '3', 'Fall', 2009, 'J', '896', 'A');
insert into section values('792', '1', 'Spring', 2005, 'J', '839', 'B');
insert into section values('669', '2', 'Fall', 2010, 'E', '35', 'A');
insert into section values('214', '1', 'Spring', 2003, 'I', '955', 'E');
insert into section values('624', '3', 'Fall', 2008, 'I', '955', 'P');
insert into section values('803', '2', 'Spring', 2008, 'J', '896', 'N');
insert into section values('779', '2', 'Fall', 2006, 'I', '211', 'D');
insert into section values('712', '2', 'Spring', 2005, 'I', '955', 'M');
insert into section values('994', '2', 'Spring', 2001, 'I', '211', 'P');
insert into section values('397', '1', 'Spring', 2006, 'E', '403', 'H');
insert into section values('330', '2', 'Spring', 2005, 'I', '955', 'G');
insert into section values('443', '1', 'Fall', 2006, 'J', '839', 'J');
insert into section values('206', '1', 'Fall', 2007, 'E', '403', 'M');
insert into section values('944', '2', 'Spring', 2008, 'D', '5', 'F');
insert into section values('779', '3', 'Spring', 2001, 'D', '5', 'J');
insert into section values('672', '1', 'Spring', 2005, 'E', '403', 'P');
insert into section values('574', '2', 'Fall', 2007, 'C', '238', 'C');
insert into section values('489', '2', 'Spring', 2001, 'J', '839', 'B');
insert into section values('696', '2', 'Fall', 2005, 'J', '563', 'A');
insert into section values('849', '2', 'Fall', 2007, 'C', '238', 'L');
insert into section values('989', '2', 'Fall', 2009, 'J', '839', 'D');
insert into section values('410', '1', 'Spring', 2010, 'G', '688', 'B');
insert into section values('618', '1', 'Fall', 2003, 'E', '403', 'C');
insert into section values('973', '4', 'Spring', 2001, 'J', '563', 'K');
insert into section values('931', '2', 'Spring', 2004, 'J', '896', 'A');
insert into section values('537', '1', 'Spring', 2009, 'E', '35', 'B');
insert into section values('290', '2', 'Spring', 2004, 'I', '955', 'K');
insert into section values('551', '1', 'Spring', 2002, 'E', '403', 'G');
insert into section values('219', '3', 'Spring', 2009, 'D', '5', 'O');
insert into section values('383', '1', 'Fall', 2005, 'J', '563', 'C');
insert into section values('605', '2', 'Fall', 2001, 'E', '403', 'I');
insert into section values('820', '4', 'Spring', 2004, 'J', '839', 'P');
insert into section values('720', '1', 'Spring', 2004, 'I', '211', 'H');
insert into section values('811', '2', 'Spring', 2007, 'E', '35', 'J');
insert into section values('392', '2', 'Fall', 2009, 'I', '955', 'P');
insert into section values('570', '2', 'Spring', 2008, 'G', '688', 'D');
insert into section values('392', '3', 'Spring', 2006, 'D', '5', 'E');
insert into section values('504', '2', 'Spring', 2001, 'D', '5', 'E');
insert into section values('115', '3', 'Fall', 2002, 'G', '688', 'G');
insert into section values('219', '4', 'Spring', 2006, 'E', '35', 'E');
insert into section values('806', '2', 'Spring', 2010, 'D', '5', 'G');
insert into section values('186', '2', 'Fall', 2010, 'J', '896', 'K');
insert into section values('588', '1', 'Fall', 2003, 'C', '238', 'H');
insert into section values('258', '1', 'Fall', 2007, 'D', '5', 'E');
insert into section values('426', '2', 'Spring', 2008, 'J', '839', 'P');
insert into section values('696', '3', 'Fall', 2009, 'C', '238', 'M');
insert into section values('419', '3', 'Spring', 2004, 'G', '688', 'G');
insert into section values('494', '2', 'Fall', 2010, 'I', '955', 'A');
insert into section values('998', '1', 'Spring', 2006, 'G', '688', 'E');
insert into section values('550', '1', 'Spring', 2001, 'J', '563', 'H');
insert into section values('352', '2', 'Spring', 2005, 'E', '35', 'L');
insert into section values('315', '2', 'Fall', 2006, 'E', '403', 'I');
insert into section values('215', '2', 'Spring', 2004, 'E', '403', 'E');
insert into section values('968', '2', 'Spring', 2009, 'G', '688', 'K');
insert into section values('783', '2', 'Fall', 2004, 'J', '896', 'B');
insert into section values('426', '3', 'Fall', 2005, 'D', '5', 'B');
insert into section values('672', '2', 'Fall', 2010, 'G', '688', 'O');
insert into section values('853', '2', 'Fall', 2006, 'E', '403', 'J');
insert into section values('304', '1', 'Spring', 2002, 'E', '403', 'K');
insert into section values('409', '2', 'Spring', 2007, 'E', '35', 'B');
insert into section values('712', '3', 'Fall', 2001, 'J', '896', 'M');
insert into section values('778', '2', 'Fall', 2009, 'D', '5', 'I');
insert into section values('700', '2', 'Fall', 2001, 'J', '839', 'B');
insert into section values('863', '1', 'Spring', 2001, 'I', '211', 'C');
insert into section values('836', '1', 'Spring', 2007, 'J', '896', 'B');
insert into section values('897', '2', 'Spring', 2008, 'E', '35', 'J');
insert into section values('551', '2', 'Fall', 2001, 'J', '563', 'N');
insert into section values('720', '2', 'Fall', 2002, 'C', '238', 'K');
insert into section values('201', '1', 'Fall', 2002, 'C', '238', 'P');
insert into section values('269', '1', 'Spring', 2009, 'I', '211', 'P');
insert into section values('792', '2', 'Fall', 2002, 'J', '896', 'E');
insert into section values('267', '1', 'Spring', 2003, 'D', '5', 'F');
insert into section values('774', '3', 'Fall', 2004, 'C', '238', 'N');
insert into section values('180', '1', 'Spring', 2006, 'G', '688', 'K');
insert into section values('600', '1', 'Fall', 2009, 'E', '35', 'G');
insert into section values('245', '2', 'Fall', 2001, 'E', '403', 'C');
insert into section values('803', '3', 'Fall', 2001, 'I', '211', 'A');
insert into section values('115', '4', 'Spring', 2009, 'D', '5', 'I');
insert into section values('613', '1', 'Fall', 2004, 'J', '839', 'O');
insert into section values('237', '1', 'Spring', 2008, 'I', '955', 'N');
insert into section values('267', '2', 'Fall', 2003, 'J', '839', 'C');
insert into section values('176', '1', 'Spring', 2008, 'I', '211', 'D');
insert into section values('692', '2', 'Spring', 2004, 'I', '955', 'D');
insert into section values('737', '1', 'Spring', 2009, 'J', '563', 'P');
insert into section values('393', '2', 'Spring', 2002, 'E', '403', 'M');
insert into section values('115', '5', 'Fall', 2006, 'I', '955', 'P');
insert into section values('933', '2', 'Fall', 2004, 'I', '211', 'I');
insert into section values('258', '2', 'Fall', 2003, 'E', '403', 'P');
insert into section values('365', '2', 'Fall', 2008, 'E', '35', 'H');
insert into section values('245', '3', 'Spring', 2009, 'J', '896', 'H');
insert into section values('176', '2', 'Spring', 2007, 'J', '896', 'I');
insert into section values('630', '2', 'Fall', 2002, 'J', '563', 'A');
insert into section values('811', '3', 'Spring', 2009, 'G', '688', 'I');
insert into section values('504', '3', 'Fall', 2007, 'D', '5', 'I');
insert into section values('818', '2', 'Fall', 2005, 'J', '563', 'H');
insert into section values('600', '2', 'Fall', 2009, 'C', '238', 'J');
insert into section values('206', '2', 'Spring', 2003, 'E', '35', 'L');
insert into section values('843', '2', 'Spring', 2009, 'E', '35', 'K');
insert into section values('672', '3', 'Fall', 2002, 'J', '563', 'B');
insert into section values('788', '1', 'Spring', 2006, 'J', '563', 'P');
insert into section values('741', '1', 'Spring', 2003, 'D', '5', 'C');
insert into section values('656', '1', 'Fall', 2001, 'J', '839', 'P');
insert into section values('291', '2', 'Spring', 2004, 'J', '896', 'O');
insert into section values('989', '3', 'Spring', 2006, 'E', '403', 'D');
insert into section values('876', '3', 'Fall', 2003, 'J', '563', 'A');
insert into section values('816', '3', 'Spring', 2008, 'D', '5', 'D');
insert into section values('288', '1', 'Spring', 2005, 'C', '238', 'C');
insert into section values('393', '3', 'Spring', 2008, 'I', '955', 'K');
insert into section values('201', '2', 'Fall', 2006, 'E', '403', 'H');
insert into section values('736', '2', 'Spring', 2004, 'I', '211', 'K');
insert into section values('149', '1', 'Fall', 2008, 'J', '896', 'J');
insert into section values('911', '2', 'Fall', 2004, 'G', '688', 'G');
insert into section values('854', '2', 'Fall', 2004, 'E', '35', 'B');
insert into section values('940', '2', 'Spring', 2004, 'J', '839', 'I');
insert into section values('497', '4', 'Spring', 2009, 'J', '896', 'G');
insert into section values('931', '3', 'Spring', 2006, 'J', '839', 'E');
insert into section values('994', '3', 'Spring', 2003, 'C', '238', 'N');
insert into section values('257', '2', 'Fall', 2008, 'E', '35', 'I');
insert into section values('195', '2', 'Spring', 2006, 'C', '238', 'K');
insert into section values('706', '1', 'Spring', 2010, 'J', '896', 'O');
insert into section values('778', '3', 'Fall', 2001, 'I', '211', 'H');
insert into section values('111', '2', 'Fall', 2001, 'E', '403', 'E');
insert into section values('701', '2', 'Fall', 2006, 'J', '839', 'M');
insert into section values('115', '6', 'Fall', 2009, 'G', '688', 'J');
insert into section values('720', '3', 'Fall', 2006, 'J', '839', 'K');
insert into section values('194', '1', 'Spring', 2006, 'E', '35', 'M');
insert into section values('700', '3', 'Fall', 2006, 'E', '35', 'F');
insert into section values('798', '2', 'Spring', 2005, 'I', '955', 'P');
insert into section values('630', '3', 'Fall', 2006, 'J', '839', 'K');
insert into section values('370', '1', 'Fall', 2004, 'J', '839', 'P');
insert into section values('180', '2', 'Spring', 2007, 'I', '211', 'J');
insert into section values('237', '2', 'Fall', 2007, 'D', '5', 'M');
insert into section values('115', '7', 'Fall', 2004, 'J', '563', 'G');
insert into section values('610', '1', 'Spring', 2001, 'E', '403', 'P');
insert into section values('610', '2', 'Fall', 2008, 'E', '35', 'F');
insert into section values('736', '3', 'Spring', 2003, 'G', '688', 'E');
insert into section values('644', '1', 'Fall', 2006, 'D', '5', 'E');
insert into section values('288', '2', 'Spring', 2004, 'E', '35', 'H');
insert into section values('115', '8', 'Spring', 2006, 'J', '563', 'K');
insert into section values('600', '3', 'Spring', 2007, 'J', '563', 'B');
insert into section values('794', '3', 'Fall', 2007, 'J', '563', 'I');
insert into section values('663', '3', 'Fall', 2003, 'D', '5', 'M');
insert into section values('548', '1', 'Fall', 2003, 'E', '403', 'C');
insert into section values('304', '2', 'Spring', 2001, 'C', '238', 'F');
insert into section values('648', '1', 'Fall', 2002, 'J', '839', 'O');
insert into section values('527', '2', 'Fall', 2006, 'J', '896', 'I');
insert into section values('783', '3', 'Fall', 2007, 'I', '955', 'J');
insert into section values('624', '4', 'Spring', 2010, 'J', '896', 'N');
insert into section values('469', '3', 'Spring', 2005, 'I', '955', 'C');
insert into section values('402', '2', 'Fall', 2004, 'E', '35', 'G');
insert into section values('500', '2', 'Fall', 2004, 'D', '5', 'L');
insert into section values('940', '3', 'Fall', 2007, 'I', '955', 'A');
insert into section values('437', '1', 'Fall', 2003, 'E', '403', 'D');
insert into section values('290', '3', 'Fall', 2010, 'I', '211', 'N');
insert into section values('909', '1', 'Fall', 2002, 'E', '35', 'O');
insert into section values('414', '2', 'Fall', 2008, 'D', '5', 'E');
insert into section values('940', '4', 'Spring', 2004, 'G', '688', 'N');
insert into section values('318', '1', 'Fall', 2009, 'D', '5', 'D');
insert into section values('718', '1', 'Fall', 2009, 'D', '5', 'O');
insert into section values('605', '3', 'Fall', 2007, 'E', '35', 'J');
insert into section values('439', '2', 'Spring', 2004, 'J', '563', 'M');
insert into section values('816', '4', 'Spring', 2008, 'E', '403', 'N');
insert into section values('718', '2', 'Spring', 2005, 'J', '839', 'K');
insert into section values('496', '1', 'Spring', 2005, 'J', '563', 'F');
insert into section values('419', '4', 'Spring', 2005, 'I', '955', 'E');
insert into section values('692', '3', 'Spring', 2001, 'J', '563', 'G');
insert into section values('267', '3', 'Fall', 2001, 'J', '839', 'D');
insert into section values('588', '2', 'Fall', 2004, 'I', '211', 'H');
insert into section values('811', '4', 'Spring', 2010, 'J', '896', 'P');
insert into section values('818', '3', 'Fall', 2008, 'I', '955', 'J');
insert into section values('198', '2', 'Fall', 2001, 'E', '403', 'N');
insert into section values('868', '1', 'Spring', 2002, 'I', '211', 'M');
insert into section values('666', '1', 'Fall', 2003, 'J', '563', 'O');
insert into section values('576', '3', 'Fall', 2003, 'J', '896', 'H');
insert into section values('201', '3', 'Spring', 2001, 'I', '955', 'E');
insert into section values('671', '1', 'Spring', 2002, 'G', '688', 'B');
insert into section values('288', '3', 'Spring', 2005, 'G', '688', 'O');
insert into section values('496', '2', 'Spring', 2004, 'E', '35', 'K');
insert into section values('760', '3', 'Spring', 2010, 'I', '211', 'G');
insert into section values('198', '3', 'Spring', 2007, 'E', '35', 'H');
insert into section values('720', '4', 'Spring', 2005, 'J', '563', 'I');
insert into section values('778', '4', 'Spring', 2002, 'G', '688', 'E');
insert into section values('778', '5', 'Fall', 2002, 'E', '35', 'B');
insert into section values('957', '1', 'Fall', 2009, 'E', '35', 'A');
insert into section values('914', '1', 'Spring', 2003, 'J', '896', 'G');
insert into section values('774', '4', 'Fall', 2002, 'J', '563', 'C');
insert into section values('818', '4', 'Spring', 2005, 'J', '563', 'B');
insert into section values('732', '1', 'Fall', 2001, 'J', '563', 'H');
insert into section values('718', '3', 'Spring', 2007, 'E', '403', 'N');
insert into section values('933', '3', 'Fall', 2004, 'E', '35', 'F');
insert into section values('513', '1', 'Fall', 2007, 'E', '35', 'J');
insert into section values('259', '2', 'Spring', 2003, 'J', '896', 'D');
insert into section values('549', '2', 'Spring', 2004, 'J', '563', 'E');
insert into section values('726', '5', 'Fall', 2003, 'E', '35', 'B');
insert into section values('443', '2', 'Fall', 2001, 'I', '955', 'C');
insert into section values('690', '1', 'Spring', 2008, 'G', '688', 'F');
insert into section values('729', '1', 'Fall', 2001, 'E', '35', 'C');
insert into section values('644', '2', 'Fall', 2005, 'J', '563', 'N');
insert into section values('924', '1', 'Spring', 2006, 'I', '211', 'A');
insert into section values('691', '1', 'Fall', 2003, 'I', '211', 'J');
insert into section values('269', '2', 'Spring', 2007, 'I', '211', 'D');
insert into section values('257', '3', 'Spring', 2010, 'I', '211', 'F');
insert into section values('778', '6', 'Spring', 2002, 'I', '211', 'F');
insert into section values('475', '2', 'Spring', 2003, 'I', '211', 'J');
insert into section values('327', '2', 'Fall', 2003, 'J', '839', 'E');
insert into section values('419', '5', 'Spring', 2003, 'J', '896', 'P');
insert into section values('288', '4', 'Spring', 2006, 'D', '5', 'M');
insert into section values('551', '3', 'Spring', 2007, 'E', '35', 'K');
insert into section values('426', '4', 'Fall', 2007, 'E', '35', 'A');
insert into section values('180', '3', 'Fall', 2001, 'G', '688', 'K');
insert into section values('215', '3', 'Spring', 2005, 'J', '839', 'O');
insert into section values('327', '3', 'Fall', 2009, 'J', '896', 'J');
insert into section values('914', '2', 'Spring', 2005, 'D', '5', 'B');
insert into section values('819', '1', 'Spring', 2001, 'I', '955', 'C');
insert into section values('550', '2', 'Spring', 2008, 'J', '896', 'E');
insert into section values('559', '1', 'Fall', 2004, 'G', '688', 'C');
insert into section values('664', '1', 'Fall', 2007, 'J', '563', 'O');
insert into section values('393', '4', 'Spring', 2005, 'J', '839', 'A');
insert into section values('994', '4', 'Fall', 2003, 'J', '896', 'O');
insert into section values('425', '3', 'Spring', 2008, 'D', '5', 'E');
insert into section values('894', '1', 'Spring', 2002, 'J', '563', 'B');
insert into section values('475', '3', 'Spring', 2008, 'I', '955', 'H');
insert into section values('872', '2', 'Spring', 2003, 'J', '896', 'I');
insert into section values('513', '2', 'Fall', 2002, 'D', '5', 'A');
insert into section values('783', '4', 'Fall', 2004, 'J', '563', 'C');
insert into section values('840', '2', 'Spring', 2003, 'J', '563', 'L');
insert into section values('897', '3', 'Spring', 2007, 'E', '35', 'F');
insert into section values('604', '2', 'Spring', 2002, 'J', '839', 'B');
insert into section values('548', '2', 'Fall', 2006, 'D', '5', 'I');
insert into section values('818', '5', 'Spring', 2007, 'I', '955', 'M');
insert into section values('798', '3', 'Fall', 2009, 'E', '403', 'C');
insert into section values('439', '3', 'Spring', 2004, 'E', '403', 'A');
insert into section values('836', '2', 'Spring', 2010, 'J', '896', 'O');
insert into section values('783', '5', 'Spring', 2006, 'I', '955', 'M');
insert into section values('924', '2', 'Fall', 2002, 'E', '403', 'C');
insert into section values('237', '3', 'Fall', 2007, 'I', '211', 'J');
insert into section values('632', '1', 'Fall', 2006, 'G', '688', 'O');
insert into section values('850', '3', 'Fall', 2008, 'I', '955', 'E');
insert into section values('820', '5', 'Spring', 2005, 'I', '955', 'M');
insert into section values('721', '1', 'Spring', 2009, 'J', '563', 'F');
insert into section values('798', '4', 'Spring', 2004, 'G', '688', 'M');
insert into section values('613', '2', 'Fall', 2006, 'C', '238', 'J');
insert into section values('214', '2', 'Fall', 2006, 'C', '238', 'D');
insert into section values('392', '4', 'Fall', 2003, 'C', '238', 'O');
insert into section values('257', '4', 'Fall', 2003, 'G', '688', 'A');
insert into section values('732', '2', 'Fall', 2008, 'C', '238', 'L');
insert into section values('304', '3', 'Fall', 2009, 'J', '563', 'N');
insert into section values('820', '6', 'Spring', 2005, 'C', '238', 'G');
insert into section values('414', '3', 'Fall', 2004, 'E', '403', 'M');
insert into section values('827', '1', 'Spring', 2001, 'D', '5', 'E');
insert into section values('502', '2', 'Fall', 2003, 'J', '839', 'C');
insert into section values('231', '2', 'Fall', 2004, 'C', '238', 'E');
insert into section values('994', '5', 'Fall', 2002, 'E', '35', 'E');
insert into section values('559', '2', 'Fall', 2010, 'E', '403', 'K');
insert into section values('425', '4', 'Fall', 2001, 'E', '403', 'J');
insert into section values('513', '3', 'Fall', 2006, 'D', '5', 'D');
insert into section values('103', '1', 'Fall', 2009, 'I', '955', 'L');
insert into section values('624', '5', 'Spring', 2008, 'D', '5', 'L');
insert into teaches values('79108', '318', '1', 'Fall', 2009);
insert into teaches values('56377', '426', '3', 'Fall', 2005);
insert into teaches values('11299', '496', '1', 'Spring', 2005);
insert into teaches values('71988', '214', '2', 'Fall', 2006);
insert into teaches values('56377', '994', '3', 'Spring', 2003);
insert into teaches values('48926', '897', '1', 'Spring', 2001);
insert into teaches values('26385', '687', '1', 'Spring', 2008);
insert into teaches values('39319', '330', '1', 'Fall', 2001);
insert into teaches values('97338', '843', '2', 'Spring', 2009);
insert into teaches values('85779', '475', '1', 'Fall', 2010);
insert into teaches values('71988', '115', '5', 'Fall', 2006);
insert into teaches values('30592', '315', '1', 'Fall', 2010);
insert into teaches values('97338', '843', '1', 'Fall', 2004);
insert into teaches values('79108', '494', '1', 'Fall', 2004);
insert into teaches values('79108', '201', '3', 'Spring', 2001);
insert into teaches values('3831', '439', '2', 'Spring', 2004);
insert into teaches values('3831', '687', '2', 'Spring', 2004);
insert into teaches values('79108', '327', '2', 'Fall', 2003);
insert into teaches values('48926', '113', '1', 'Fall', 2002);
insert into teaches values('85779', '550', '1', 'Spring', 2001);
insert into teaches values('48926', '774', '4', 'Fall', 2002);
insert into teaches values('47059', '365', '2', 'Fall', 2008);
insert into teaches values('9813', '425', '2', 'Spring', 2009);
insert into teaches values('3831', '816', '1', 'Fall', 2005);
insert into teaches values('48096', '201', '1', 'Fall', 2002);
insert into teaches values('56377', '426', '1', 'Fall', 2009);
insert into teaches values('71988', '957', '1', 'Fall', 2009);
insert into teaches values('48926', '818', '2', 'Fall', 2005);
insert into teaches values('4321', '291', '1', 'Fall', 2008);
insert into teaches values('85779', '783', '3', 'Fall', 2007);
insert into teaches values('85779', '527', '2', 'Fall', 2006);
insert into teaches values('11299', '794', '1', 'Fall', 2009);
insert into teaches values('34347', '393', '1', 'Fall', 2007);
insert into teaches values('34347', '718', '1', 'Fall', 2009);
insert into teaches values('34347', '820', '4', 'Spring', 2004);
insert into teaches values('71988', '830', '1', 'Spring', 2010);
insert into teaches values('71988', '700', '1', 'Fall', 2008);
insert into teaches values('4321', '352', '1', 'Fall', 2003);
insert into teaches values('48926', '237', '3', 'Fall', 2007);
insert into teaches values('48926', '414', '2', 'Fall', 2008);
insert into teaches values('3831', '760', '1', 'Fall', 2003);
insert into teaches values('97338', '872', '2', 'Spring', 2003);
insert into teaches values('11299', '463', '2', 'Spring', 2009);
insert into teaches values('48926', '850', '2', 'Spring', 2001);
insert into teaches values('71988', '940', '3', 'Fall', 2007);
insert into teaches values('30592', '437', '1', 'Fall', 2003);
insert into teaches values('48096', '327', '3', 'Fall', 2009);
insert into teaches values('71988', '383', '1', 'Fall', 2005);
insert into teaches values('71988', '115', '1', 'Fall', 2009);
insert into teaches values('56377', '427', '1', 'Spring', 2008);
insert into teaches values('48926', '219', '3', 'Spring', 2009);
insert into teaches values('34347', '257', '4', 'Fall', 2003);
insert into teaches values('85405', '701', '1', 'Fall', 2008);
insert into teaches values('14505', '475', '3', 'Spring', 2008);
insert into teaches values('71988', '198', '2', 'Fall', 2001);
insert into teaches values('71988', '469', '2', 'Fall', 2007);
insert into teaches values('79108', '712', '2', 'Spring', 2005);
insert into teaches values('97338', '989', '1', 'Spring', 2007);
insert into teaches values('11299', '630', '1', 'Fall', 2005);
insert into teaches values('48926', '624', '5', 'Spring', 2008);
insert into teaches values('79108', '827', '1', 'Spring', 2001);
insert into teaches values('30592', '180', '3', 'Fall', 2001);
insert into teaches values('3831', '231', '2', 'Fall', 2004);
insert into teaches values('79108', '605', '3', 'Fall', 2007);
insert into teaches values('34347', '718', '3', 'Spring', 2007);
insert into teaches values('71988', '648', '1', 'Fall', 2002);
insert into teaches values('71988', '469', '1', 'Fall', 2009);
insert into teaches values('71988', '600', '2', 'Fall', 2009);
insert into teaches values('11299', '692', '3', 'Spring', 2001);
insert into teaches values('56377', '402', '2', 'Fall', 2004);
insert into teaches values('79108', '559', '1', 'Fall', 2004);
insert into teaches values('97338', '588', '2', 'Fall', 2004);
insert into teaches values('3831', '231', '1', 'Spring', 2006);
insert into teaches values('48096', '559', '2', 'Fall', 2010);
insert into teaches values('71988', '700', '2', 'Fall', 2001);
insert into teaches values('48926', '624', '2', 'Spring', 2006);
insert into teaches values('34347', '644', '1', 'Fall', 2006);
insert into teaches values('79108', '409', '2', 'Spring', 2007);
insert into teaches values('4321', '180', '2', 'Spring', 2007);
insert into teaches values('79108', '720', '4', 'Spring', 2005);
insert into teaches values('97338', '588', '1', 'Fall', 2003);
insert into teaches values('34347', '778', '5', 'Fall', 2002);
insert into teaches values('34347', '513', '2', 'Fall', 2002);
insert into teaches values('3831', '574', '1', 'Fall', 2002);
insert into teaches values('48926', '850', '3', 'Fall', 2008);
insert into teaches values('71988', '115', '2', 'Fall', 2001);
insert into teaches values('71988', '214', '1', 'Spring', 2003);
insert into teaches values('97338', '288', '3', 'Spring', 2005);
insert into teaches values('63398', '463', '3', 'Fall', 2004);
insert into teaches values('11299', '463', '4', 'Spring', 2010);
insert into teaches values('11299', '721', '1', 'Spring', 2009);
insert into teaches values('39319', '624', '1', 'Fall', 2007);
insert into teaches values('97338', '504', '2', 'Spring', 2001);
insert into teaches values('48926', '811', '1', 'Fall', 2010);
insert into teaches values('90885', '944', '1', 'Spring', 2010);
insert into teaches values('48926', '149', '1', 'Fall', 2008);
insert into teaches values('11299', '463', '1', 'Spring', 2003);
insert into teaches values('3831', '894', '1', 'Spring', 2002);
insert into teaches values('56377', '402', '1', 'Fall', 2008);
insert into teaches values('11299', '794', '3', 'Fall', 2007);
insert into student values('32921', 'Ande', 'ED', 56);
insert into student values('50072', 'Yohan', 'SS', 49);
insert into student values('27086', 'Budi', 'DF', 41);
insert into student values('66623', 'Ande', 'ED', 10);
insert into student values('15050', 'Yohan', 'DF', 36);
insert into student values('98367', 'Johan', 'FR', 20);
insert into student values('8942', 'Budi', 'FR', 57);
insert into student values('65530', 'Ande', 'RQ', 76);
insert into student values('42733', 'Budi', 'RQ', 93);
insert into student values('21253', 'Adri', 'RQ', 39);
insert into student values('7276', 'Ahmad', 'KL', 50);
insert into student values('96133', 'Kiki', 'EL', 2);
insert into student values('25922', 'yuyun', 'FR', 117);
insert into student values('19059', 'Kiki', 'SS', 50);
insert into student values('25049', 'Kiki', 'ED', 122);
insert into student values('93272', 'Adri', 'ED', 81);
insert into student values('31754', 'Ande', 'EL', 23);
insert into student values('52881', 'Kiki', 'DF', 21);
insert into student values('56773', 'Johan', 'FR', 19);
insert into student values('34571', 'Ahmad', 'KL', 85);
insert into student values('96166', 'Ande', 'EL', 97);
insert into student values('68935', 'Ahmad', 'HH', 76);
insert into student values('17568', 'Yohan', 'HH', 41);
insert into student values('24983', 'Yohan', 'KL', 87);
insert into student values('27094', 'Adri', 'HH', 83);
insert into student values('77855', 'rahmat', 'EL', 77);
insert into student values('13276', 'Budi', 'RQ', 20);
insert into student values('78260', 'Josu', 'ED', 115);
insert into student values('79770', 'Yohan', 'GF', 80);
insert into student values('60128', 'Adri', 'EL', 26);
insert into student values('7849', 'Johan', 'SS', 21);
insert into student values('3899', 'Josu', 'GF', 9);
insert into student values('66227', 'Kiki', 'DF', 36);
insert into student values('22803', 'Yohan', 'KL', 125);
insert into student values('92502', 'Budi', 'GF', 58);
insert into student values('25540', 'rahmat', 'FR', 43);
insert into student values('25121', 'Yohan', 'ED', 77);
insert into student values('82112', 'rahmat', 'HH', 106);
insert into student values('89270', 'rahmat', 'FR', 37);
insert into student values('42825', 'yuyun', 'MT', 79);
insert into student values('68390', 'yuyun', 'HH', 79);
insert into student values('66641', 'Kiki', 'FR', 106);
insert into student values('28343', 'Ahmad', 'HH', 34);
insert into student values('46656', 'Adri', 'FR', 1);
insert into student values('72673', 'Johan', 'GF', 93);
insert into student values('29837', 'Josu', 'FR', 25);
insert into student values('42219', 'Adri', 'RQ', 6);
insert into student values('64963', 'yuyun', 'DF', 123);
insert into student values('61267', 'Yohan', 'SS', 44);
insert into student values('12094', 'Ande', 'HH', 127);
insert into student values('18243', 'Budi', 'KL', 91);
insert into student values('65579', 'Johan', 'MT', 16);
insert into student values('11516', 'Ahmad', 'SS', 55);
insert into student values('52203', 'Kiki', 'RQ', 119);
insert into student values('76142', 'Kiki', 'RQ', 42);
insert into student values('64079', 'Johan', 'RQ', 53);
insert into student values('1021', 'Johan', 'ED', 32);
insert into student values('59165', 'Yohan', 'GF', 68);
insert into student values('97373', 'Yohan', 'MT', 58);
insert into student values('84905', 'Adri', 'SS', 61);
insert into student values('31031', 'Adri', 'MT', 76);
insert into student values('55164', 'Adri', 'DF', 52);
insert into student values('89538', 'Adri', 'MT', 56);
insert into student values('58513', 'Josu', 'ED', 79);
insert into student values('29385', 'Yohan', 'KL', 114);
insert into student values('75218', 'Ahmad', 'MT', 38);
insert into student values('83435', 'Adri', 'GF', 92);
insert into student values('86207', 'Ahmad', 'FR', 127);
insert into student values('51573', 'Budi', 'EL', 51);
insert into student values('6950', 'Adri', 'GF', 66);
insert into student values('20554', 'Adri', 'DF', 91);
insert into student values('13579', 'Ahmad', 'FR', 65);
insert into student values('89499', 'yuyun', 'ED', 29);
insert into student values('85250', 'Johan', 'HH', 56);
insert into student values('54031', 'Josu', 'ED', 113);
insert into student values('8047', 'Adri', 'FR', 102);
insert into student values('13756', 'Ahmad', 'EL', 86);
insert into student values('97900', 'Kiki', 'ED', 75);
insert into student values('31883', 'Ande', 'HH', 124);
insert into student values('54051', 'Budi', 'MT', 27);
insert into student values('47991', 'Josu', 'EL', 42);
insert into student values('40527', 'Josu', 'EL', 38);
insert into student values('58190', 'yuyun', 'DF', 76);
insert into student values('34047', 'Kiki', 'KL', 71);
insert into student values('81358', 'Budi', 'EL', 14);
insert into student values('37011', 'Budi', 'HH', 127);
insert into student values('22729', 'Yohan', 'EL', 94);
insert into student values('50684', 'Ahmad', 'HH', 40);
insert into student values('73921', 'Budi', 'GF', 108);
insert into student values('7423', 'Yohan', 'SS', 61);
insert into student values('27755', 'Johan', 'GF', 82);
insert into student values('73075', 'Ahmad', 'DF', 34);
insert into student values('35536', 'Johan', 'FR', 0);
insert into student values('3102', 'Kiki', 'KL', 9);
insert into student values('54951', 'Johan', 'DF', 47);
insert into student values('94939', 'Ahmad', 'FR', 122);
insert into student values('56668', 'Yohan', 'MT', 45);
insert into student values('69206', 'Yohan', 'FR', 28);
insert into student values('92108', 'Budi', 'GF', 124);
insert into student values('51373', 'Ahmad', 'HH', 29);
insert into student values('82662', 'Adri', 'HH', 101);
insert into student values('30801', 'Kiki', 'FR', 111);
insert into student values('75466', 'Johan', 'KL', 98);
insert into student values('76674', 'Josu', 'EL', 23);
insert into student values('813', 'Adri', 'MT', 126);
insert into student values('31671', 'rahmat', 'RQ', 123);
insert into student values('5331', 'yuyun', 'HH', 87);
insert into student values('29523', 'Josu', 'FR', 86);
insert into student values('22643', 'rahmat', 'KL', 2);
insert into student values('3984', 'Budi', 'FR', 105);
insert into student values('1879', 'Ande', 'KL', 20);
insert into student values('57591', 'rahmat', 'DF', 66);
insert into student values('39832', 'Ande', 'EL', 50);
insert into student values('54309', 'Josu', 'GF', 10);
insert into student values('96837', 'Ahmad', 'MT', 39);
insert into student values('13096', 'Yohan', 'KL', 49);
insert into student values('43453', 'Johan', 'HH', 59);
insert into student values('31200', 'Johan', 'ED', 71);
insert into student values('4367', 'Johan', 'RQ', 56);
insert into student values('60222', 'yuyun', 'SS', 47);
insert into student values('77729', 'Josu', 'EL', 38);
insert into student values('7335', 'Kiki', 'EL', 11);
insert into student values('97958', 'Johan', 'HH', 101);
insert into student values('90033', 'Yohan', 'GF', 13);
insert into student values('78022', 'Yohan', 'KL', 43);
insert into student values('14083', 'yuyun', 'HH', 83);
insert into student values('67161', 'Yohan', 'KL', 65);
insert into student values('83481', 'Budi', 'HH', 107);
insert into student values('427', 'yuyun', 'FR', 49);
insert into student values('35998', 'Ahmad', 'ED', 100);
insert into student values('79418', 'yuyun', 'FR', 104);
insert into student values('79952', 'yuyun', 'SS', 116);
insert into student values('21939', 'Ahmad', 'FR', 93);
insert into student values('63168', 'Josu', 'HH', 28);
insert into student values('46264', 'rahmat', 'KL', 25);
insert into student values('72142', 'Kiki', 'ED', 54);
insert into student values('13212', 'yuyun', 'GF', 75);
insert into student values('14288', 'Adri', 'DF', 98);
insert into student values('77348', 'Ande', 'HH', 125);
insert into student values('71819', 'Yohan', 'SS', 22);
insert into student values('62567', 'Ande', 'MT', 22);
insert into student values('6680', 'Johan', 'FR', 110);
insert into student values('25007', 'Johan', 'ED', 41);
insert into student values('27328', 'Kiki', 'RQ', 125);
insert into student values('84406', 'Ahmad', 'EL', 113);
insert into student values('9696', 'Kiki', 'SS', 45);
insert into student values('32073', 'Ande', 'FR', 21);
insert into student values('44614', 'Adri', 'DF', 119);
insert into student values('83432', 'yuyun', 'EL', 63);
insert into student values('81329', 'Yohan', 'GF', 1);
insert into student values('96675', 'Adri', 'DF', 6);
insert into student values('19988', 'Josu', 'GF', 91);
insert into student values('94974', 'Adri', 'ED', 58);
insert into student values('19122', 'Ande', 'GF', 55);
insert into student values('33677', 'Adri', 'MT', 119);
insert into student values('41763', 'yuyun', 'HH', 47);
insert into student values('83800', 'Adri', 'MT', 90);
insert into student values('81486', 'Josu', 'FR', 129);
insert into student values('46840', 'Josu', 'HH', 87);
insert into student values('79980', 'yuyun', 'FR', 42);
insert into student values('12599', 'Josu', 'SS', 39);
insert into student values('50443', 'Josu', 'KL', 102);
insert into student values('92916', 'Ahmad', 'MT', 109);
insert into student values('61288', 'rahmat', 'HH', 121);
insert into student values('87996', 'Josu', 'ED', 14);
insert into student values('23059', 'Ahmad', 'KL', 54);
insert into student values('79121', 'rahmat', 'FR', 75);
insert into student values('71790', 'rahmat', 'MT', 43);
insert into student values('38983', 'Adri', 'ED', 31);
insert into student values('38734', 'Adri', 'GF', 61);
insert into student values('55393', 'Yohan', 'EL', 126);
insert into student values('83352', 'Budi', 'MT', 91);
insert into student values('37208', 'Yohan', 'DF', 102);
insert into student values('2245', 'Ahmad', 'FR', 125);
insert into student values('73364', 'yuyun', 'FR', 60);
insert into student values('11262', 'Johan', 'HH', 29);
insert into student values('63376', 'Ahmad', 'DF', 57);
insert into student values('44639', 'Ande', 'RQ', 92);
insert into student values('41081', 'Budi', 'HH', 63);
insert into student values('80823', 'Kiki', 'SS', 1);
insert into student values('52783', 'Kiki', 'ED', 101);
insert into student values('81542', 'Yohan', 'EL', 128);
insert into student values('36291', 'Yohan', 'SS', 15);
insert into student values('85310', 'yuyun', 'MT', 22);
insert into student values('42167', 'yuyun', 'HH', 25);
insert into student values('87395', 'Kiki', 'ED', 80);
insert into student values('59808', 'rahmat', 'RQ', 8);
insert into student values('83594', 'Josu', 'HH', 85);
insert into student values('18503', 'Ahmad', 'DF', 4);
insert into student values('56188', 'Adri', 'RQ', 28);
insert into student values('72003', 'Kiki', 'SS', 23);
insert into student values('65492', 'yuyun', 'GF', 54);
insert into student values('29984', 'Kiki', 'FR', 42);
insert into student values('90812', 'Adri', 'EL', 78);
insert into student values('33850', 'Yohan', 'DF', 87);
insert into student values('7668', 'yuyun', 'FR', 33);
insert into student values('65154', 'Kiki', 'EL', 1);
insert into student values('66091', 'Josu', 'SS', 36);
insert into student values('6583', 'Ahmad', 'DF', 53);
insert into student values('71715', 'Ande', 'KL', 22);
insert into takes values('17568', '827', '1', 'Spring', 2001, 'A+');
insert into takes values('42733', '973', '2', 'Spring', 2004, 'C-');
insert into takes values('90033', '215', '2', 'Spring', 2004, 'C ');
insert into takes values('7423', '551', '3', 'Spring', 2007, 'A ');
insert into takes values('37011', '570', '1', 'Fall', 2003, 'C ');
insert into takes values('25049', '139', '1', 'Spring', 2003, 'C ');
insert into takes values('63168', '868', '1', 'Spring', 2002, 'B-');
insert into takes values('64079', '803', '2', 'Spring', 2008, 'C-');
insert into takes values('89270', '914', '1', 'Spring', 2003, 'C ');
insert into takes values('7668', '504', '2', 'Spring', 2001, 'B-');
insert into takes values('54951', '700', '3', 'Fall', 2006, 'B+');
insert into takes values('75466', '186', '1', 'Spring', 2002, 'C ');
insert into takes values('46656', '605', '1', 'Fall', 2004, 'A-');
insert into takes values('44639', '792', '1', 'Spring', 2005, 'A ');
insert into takes values('79980', '392', '3', 'Spring', 2006, 'A ');
insert into takes values('3984', '687', '2', 'Spring', 2004, 'C ');
insert into takes values('3102', '410', '1', 'Spring', 2010, 'C ');
insert into takes values('79980', '818', '5', 'Spring', 2007, 'A ');
insert into takes values('73921', '788', '1', 'Spring', 2006, 'C-');
insert into takes values('1879', '290', '2', 'Spring', 2004, 'A ');
insert into takes values('55393', '576', '3', 'Fall', 2003, 'C+');
insert into takes values('27094', '840', '2', 'Spring', 2003, 'B ');
insert into takes values('92108', '496', '2', 'Spring', 2004, 'C+');
insert into takes values('56668', '830', '1', 'Spring', 2010, 'C-');
insert into takes values('18503', '198', '1', 'Fall', 2004, 'A ');
insert into takes values('96837', '843', '1', 'Fall', 2004, 'B+');
insert into takes values('81329', '195', '2', 'Spring', 2006, 'C ');
insert into takes values('63168', '712', '3', 'Fall', 2001, 'A+');
insert into takes values('11516', '219', '2', 'Spring', 2004, 'C-');
insert into takes values('93272', '712', '2', 'Spring', 2005, 'C-');
insert into takes values('32073', '439', '1', 'Spring', 2006, 'B+');
insert into takes values('51573', '257', '2', 'Fall', 2008, 'A-');
insert into takes values('7276', '304', '1', 'Spring', 2002, 'B+');
insert into takes values('65492', '779', '1', 'Spring', 2007, 'C ');
insert into takes values('7335', '774', '1', 'Fall', 2010, 'B ');
insert into takes values('76674', '123', '1', 'Fall', 2003, 'B-');
insert into takes values('72003', '818', '5', 'Spring', 2007, 'A-');
insert into takes values('86207', '392', '1', 'Fall', 2001, 'A ');
insert into takes values('83352', '712', '3', 'Fall', 2001, 'C-');
insert into takes values('46840', '548', '1', 'Fall', 2003, 'A+');
insert into takes values('7335', '393', '4', 'Spring', 2005, 'A+');
insert into takes values('73075', '463', '1', 'Spring', 2003, 'C-');
insert into takes values('77729', '108', '1', 'Fall', 2006, 'C+');
insert into takes values('7423', '663', '3', 'Fall', 2003, 'B ');
insert into takes values('25121', '848', '1', 'Spring', 2001, 'C ');
insert into takes values('3899', '672', '2', 'Fall', 2010, 'B+');
insert into takes values('89499', '443', '2', 'Fall', 2001, 'C ');
insert into takes values('29385', '687', '2', 'Spring', 2004, 'B ');
insert into takes values('27328', '691', '1', 'Fall', 2003, 'A+');
insert into takes values('22803', '798', '1', 'Fall', 2007, 'B-');
insert into takes values('14083', '624', '1', 'Fall', 2007, 'C+');
insert into takes values('75466', '237', '2', 'Fall', 2007, 'B+');
insert into takes values('59808', '736', '2', 'Spring', 2004, 'A-');
insert into takes values('12599', '701', '2', 'Fall', 2006, 'B+');
insert into takes values('72003', '811', '3', 'Spring', 2009, 'A-');
insert into takes values('21253', '803', '1', 'Fall', 2010, 'A-');
insert into takes values('25049', '973', '4', 'Spring', 2001, 'A ');
insert into takes values('55164', '327', '3', 'Fall', 2009, 'A ');
insert into takes values('2245', '548', '1', 'Fall', 2003, 'B ');
insert into takes values('92108', '696', '1', 'Fall', 2005, 'B+');
insert into takes values('79952', '588', '1', 'Fall', 2003, 'A ');
insert into takes values('77729', '570', '2', 'Spring', 2008, 'A+');
insert into takes values('9696', '783', '4', 'Fall', 2004, 'C+');
insert into takes values('83435', '897', '3', 'Spring', 2007, 'C+');
insert into takes values('61288', '576', '3', 'Fall', 2003, 'A ');
insert into takes values('66623', '425', '2', 'Spring', 2009, 'C-');
insert into takes values('72673', '463', '3', 'Fall', 2004, 'C+');
insert into takes values('90812', '443', '2', 'Fall', 2001, 'B+');
insert into takes values('81358', '760', '2', 'Fall', 2004, 'B-');
insert into takes values('29837', '402', '1', 'Fall', 2008, 'B-');
insert into takes values('66091', '998', '1', 'Spring', 2006, 'C+');
insert into takes values('59165', '931', '3', 'Spring', 2006, 'A+');
insert into takes values('50443', '968', '1', 'Spring', 2006, 'A+');
insert into takes values('65492', '559', '1', 'Fall', 2004, 'B-');
insert into takes values('14083', '774', '4', 'Fall', 2002, 'C ');
insert into takes values('66623', '726', '4', 'Spring', 2007, 'C-');
insert into takes values('96675', '774', '1', 'Fall', 2010, 'C+');
insert into takes values('93272', '940', '1', 'Fall', 2010, 'C-');
insert into takes values('96675', '933', '3', 'Fall', 2004, 'C+');
insert into takes values('79770', '726', '2', 'Spring', 2008, 'C ');
insert into takes values('52881', '624', '5', 'Spring', 2008, 'A-');
insert into takes values('61288', '846', '1', 'Spring', 2009, 'C-');
insert into takes values('68390', '696', '3', 'Fall', 2009, 'A-');
insert into takes values('13096', '409', '2', 'Spring', 2007, 'A+');
insert into takes values('92108', '648', '1', 'Fall', 2002, 'B ');
insert into takes values('68390', '718', '2', 'Spring', 2005, 'C-');
insert into takes values('76142', '180', '2', 'Spring', 2007, 'C-');
insert into takes values('81542', '426', '3', 'Fall', 2005, 'B-');
insert into takes values('83481', '267', '3', 'Fall', 2001, 'C ');
insert into takes values('29523', '720', '1', 'Spring', 2004, 'B-');
insert into takes values('42825', '269', '2', 'Spring', 2007, 'B ');
insert into takes values('3899', '494', '2', 'Fall', 2010, 'B ');
insert into takes values('44614', '973', '3', 'Fall', 2005, 'A-');
insert into takes values('58513', '527', '1', 'Spring', 2008, 'A ');
insert into takes values('6950', '783', '5', 'Spring', 2006, 'A ');
insert into takes values('2245', '908', '1', 'Spring', 2004, 'C-');
insert into takes values('96166', '854', '1', 'Spring', 2002, 'A-');
insert into takes values('59808', '315', '2', 'Fall', 2006, 'C ');
insert into takes values('6680', '600', '2', 'Fall', 2009, 'A ');
insert into takes values('83352', '872', '2', 'Spring', 2003, 'B-');
insert into takes values('23059', '475', '3', 'Spring', 2008, 'B ');
insert into takes values('68390', '414', '1', 'Spring', 2001, 'A+');
insert into takes values('82112', '656', '1', 'Fall', 2001, 'C ');
insert into takes values('94939', '537', '1', 'Spring', 2009, 'B-');
insert into takes values('87996', '288', '2', 'Spring', 2004, 'C-');
insert into takes values('6680', '111', '1', 'Spring', 2004, 'C-');
insert into takes values('77729', '700', '1', 'Fall', 2008, 'B+');
insert into takes values('3102', '198', '2', 'Fall', 2001, 'B+');
insert into takes values('23059', '630', '3', 'Fall', 2006, 'B+');
insert into takes values('89538', '409', '2', 'Spring', 2007, 'B+');
insert into takes values('34571', '198', '2', 'Fall', 2001, 'B ');
insert into takes values('13212', '726', '3', 'Spring', 2004, 'B ');
insert into takes values('81358', '700', '3', 'Fall', 2006, 'C ');
insert into takes values('58513', '618', '1', 'Fall', 2003, 'A+');
insert into takes values('32073', '576', '1', 'Fall', 2004, 'B-');
insert into takes values('46840', '299', '1', 'Spring', 2005, 'C ');
insert into takes values('98367', '494', '1', 'Fall', 2004, 'C-');
insert into takes values('37011', '792', '1', 'Spring', 2005, 'B-');
insert into takes values('34571', '231', '1', 'Spring', 2006, 'C+');
insert into takes values('78022', '237', '3', 'Fall', 2007, 'B ');
insert into takes values('17568', '818', '5', 'Spring', 2007, 'A-');
insert into takes values('81329', '365', '1', 'Fall', 2005, 'C-');
insert into takes values('31671', '998', '1', 'Spring', 2006, 'A ');
insert into takes values('82112', '318', '1', 'Fall', 2009, 'A ');
insert into takes values('96837', '806', '1', 'Spring', 2009, 'A-');
insert into takes values('18243', '392', '2', 'Fall', 2009, 'A+');
insert into takes values('19122', '940', '2', 'Spring', 2004, 'A ');
insert into takes values('20554', '783', '3', 'Fall', 2007, 'A-');
insert into takes values('58513', '496', '1', 'Spring', 2005, 'C ');
insert into takes values('97958', '504', '3', 'Fall', 2007, 'C+');
insert into takes values('47991', '712', '3', 'Fall', 2001, 'B+');
insert into takes values('78260', '669', '1', 'Fall', 2002, 'C ');
insert into takes values('54309', '718', '3', 'Spring', 2007, 'B+');
insert into takes values('44639', '497', '4', 'Spring', 2009, 'C-');
insert into takes values('50443', '469', '1', 'Fall', 2009, 'B-');
insert into takes values('18243', '726', '4', 'Spring', 2007, 'A ');
insert into takes values('52783', '258', '1', 'Fall', 2007, 'C ');
insert into takes values('83594', '570', '2', 'Spring', 2008, 'A-');
insert into takes values('25540', '836', '2', 'Spring', 2010, 'B+');
insert into takes values('93272', '215', '1', 'Fall', 2010, 'B+');
insert into takes values('62567', '774', '4', 'Fall', 2002, 'C+');
insert into takes values('68935', '729', '1', 'Fall', 2001, 'C+');
insert into takes values('42733', '872', '2', 'Spring', 2003, 'C+');
insert into takes values('81542', '911', '2', 'Fall', 2004, 'A-');
insert into takes values('72142', '692', '1', 'Spring', 2009, 'B ');
insert into takes values('65579', '258', '2', 'Fall', 2003, 'A-');
insert into takes values('6680', '736', '3', 'Spring', 2003, 'A+');
insert into takes values('7276', '618', '1', 'Fall', 2003, 'A-');
insert into takes values('59165', '779', '3', 'Spring', 2001, 'B-');
insert into takes values('41081', '973', '3', 'Fall', 2005, 'A-');
insert into takes values('94974', '973', '3', 'Fall', 2005, 'A ');
insert into takes values('83594', '201', '3', 'Spring', 2001, 'C-');
insert into takes values('82112', '504', '1', 'Fall', 2003, 'B+');
insert into takes values('24983', '897', '1', 'Spring', 2001, 'A-');
insert into takes values('37208', '513', '1', 'Fall', 2007, 'C ');
insert into takes values('13096', '853', '2', 'Fall', 2006, 'A+');
insert into takes values('79418', '497', '3', 'Fall', 2009, 'A-');
insert into takes values('14083', '973', '1', 'Spring', 2005, 'C+');
insert into takes values('75466', '854', '2', 'Fall', 2004, 'B-');
insert into takes values('64079', '463', '2', 'Spring', 2009, 'A ');
insert into takes values('8047', '726', '1', 'Spring', 2006, 'A+');
insert into takes values('58190', '968', '2', 'Spring', 2009, 'A-');
insert into takes values('34047', '850', '2', 'Spring', 2001, 'A+');
insert into takes values('43453', '989', '3', 'Spring', 2006, 'C+');
insert into takes values('15050', '392', '2', 'Fall', 2009, 'B-');
insert into takes values('58190', '783', '2', 'Fall', 2004, 'C-');
insert into takes values('64079', '657', '1', 'Spring', 2001, 'A-');
insert into takes values('72003', '718', '1', 'Fall', 2009, 'B+');
insert into takes values('61288', '315', '2', 'Fall', 2006, 'B-');
insert into takes values('85250', '973', '4', 'Spring', 2001, 'A+');
insert into takes values('42219', '940', '2', 'Spring', 2004, 'C-');
insert into takes values('75218', '849', '2', 'Fall', 2007, 'B-');
insert into takes values('83432', '215', '1', 'Fall', 2010, 'A+');
insert into takes values('81358', '414', '1', 'Spring', 2001, 'C+');
insert into takes values('23059', '931', '2', 'Spring', 2004, 'C ');
insert into takes values('13096', '439', '1', 'Spring', 2006, 'A ');
insert into takes values('83352', '604', '1', 'Spring', 2009, 'C+');
insert into takes values('427', '426', '3', 'Fall', 2005, 'B+');
insert into takes values('31671', '469', '2', 'Fall', 2007, 'C+');
insert into takes values('3899', '843', '2', 'Spring', 2009, 'C+');
insert into takes values('29837', '418', '1', 'Fall', 2007, 'A ');
insert into takes values('77729', '288', '1', 'Spring', 2005, 'A ');
insert into takes values('22729', '792', '2', 'Fall', 2002, 'B+');
insert into takes values('32073', '425', '4', 'Fall', 2001, 'C ');
insert into takes values('30801', '115', '3', 'Fall', 2002, 'A ');
insert into takes values('27086', '402', '1', 'Fall', 2008, 'A ');
insert into takes values('56668', '497', '1', 'Fall', 2005, 'A ');
insert into takes values('28343', '741', '1', 'Spring', 2003, 'B-');
insert into takes values('92916', '497', '1', 'Fall', 2005, 'C+');
insert into takes values('54309', '551', '2', 'Fall', 2001, 'A+');
insert into takes values('83432', '115', '5', 'Fall', 2006, 'A ');
insert into takes values('40527', '783', '1', 'Spring', 2006, 'A ');
insert into takes values('54051', '794', '1', 'Fall', 2009, 'A-');
insert into takes values('46656', '803', '3', 'Fall', 2001, 'A-');
insert into takes values('57591', '504', '1', 'Fall', 2003, 'B-');
insert into takes values('6680', '830', '1', 'Spring', 2010, 'A+');
insert into takes values('90812', '700', '2', 'Fall', 2001, 'C-');
insert into takes values('65154', '537', '1', 'Spring', 2009, 'A-');
insert into takes values('6680', '419', '1', 'Spring', 2007, 'B+');
insert into takes values('52881', '794', '2', 'Spring', 2002, 'B ');
insert into takes values('83432', '352', '2', 'Spring', 2005, 'B-');
insert into takes values('427', '701', '2', 'Fall', 2006, 'C ');
insert into takes values('79418', '811', '2', 'Spring', 2007, 'C-');
insert into takes values('72673', '426', '1', 'Fall', 2009, 'C ');
insert into takes values('11516', '201', '3', 'Spring', 2001, 'C+');
insert into takes values('22643', '722', '1', 'Spring', 2006, 'A+');
insert into takes values('86207', '994', '2', 'Spring', 2001, 'C+');
insert into takes values('75218', '630', '3', 'Fall', 2006, 'A+');
insert into takes values('79980', '718', '3', 'Spring', 2007, 'A-');
insert into takes values('63168', '944', '1', 'Spring', 2010, 'B-');
insert into takes values('2245', '258', '1', 'Fall', 2007, 'B-');
insert into takes values('22643', '853', '1', 'Spring', 2007, 'A ');
insert into takes values('87395', '610', '2', 'Fall', 2008, 'A ');
insert into takes values('72003', '726', '3', 'Spring', 2004, 'B+');
insert into takes values('82662', '994', '3', 'Spring', 2003, 'C ');
insert into takes values('66623', '779', '3', 'Spring', 2001, 'A+');
insert into takes values('17568', '994', '1', 'Spring', 2005, 'C+');
insert into takes values('81486', '811', '2', 'Spring', 2007, 'B+');
insert into takes values('11516', '426', '1', 'Fall', 2009, 'A+');
insert into takes values('14288', '700', '3', 'Fall', 2006, 'B-');
insert into takes values('83352', '427', '1', 'Spring', 2008, 'A+');
insert into takes values('52203', '513', '3', 'Fall', 2006, 'B+');
insert into takes values('96837', '613', '2', 'Fall', 2006, 'B ');
insert into takes values('79952', '897', '1', 'Spring', 2001, 'B+');
insert into takes values('87996', '701', '2', 'Fall', 2006, 'C-');
insert into takes values('62567', '214', '2', 'Fall', 2006, 'A-');
insert into takes values('61288', '304', '1', 'Spring', 2002, 'C ');
insert into takes values('4367', '393', '3', 'Spring', 2008, 'A-');
insert into takes values('30801', '820', '3', 'Fall', 2004, 'A-');
insert into takes values('76142', '419', '1', 'Spring', 2007, 'C ');
insert into takes values('8047', '914', '2', 'Spring', 2005, 'B+');
insert into takes values('8942', '663', '3', 'Fall', 2003, 'A-');
insert into takes values('21939', '687', '1', 'Spring', 2008, 'A-');
insert into takes values('64963', '443', '1', 'Fall', 2006, 'C+');
insert into takes values('6583', '559', '1', 'Fall', 2004, 'C-');
insert into takes values('73921', '195', '2', 'Spring', 2006, 'B+');
insert into takes values('55164', '778', '6', 'Spring', 2002, 'A ');
insert into takes values('60128', '439', '1', 'Spring', 2006, 'A-');
insert into takes values('19122', '671', '1', 'Spring', 2002, 'B-');
insert into takes values('83481', '736', '3', 'Spring', 2003, 'C-');
insert into takes values('72673', '973', '1', 'Spring', 2005, 'C+');
insert into takes values('41081', '830', '1', 'Spring', 2010, 'B-');
insert into takes values('90812', '811', '1', 'Fall', 2010, 'A-');
insert into takes values('79418', '327', '3', 'Fall', 2009, 'A ');
insert into takes values('76142', '426', '2', 'Spring', 2008, 'B-');
insert into takes values('6680', '798', '1', 'Fall', 2007, 'B ');
insert into takes values('59808', '630', '1', 'Fall', 2005, 'B+');
insert into takes values('86207', '718', '3', 'Spring', 2007, 'A+');
insert into takes values('24983', '497', '3', 'Fall', 2009, 'C-');
insert into takes values('66227', '630', '1', 'Fall', 2005, 'B+');
insert into takes values('42167', '671', '1', 'Spring', 2002, 'C-');
insert into takes values('29984', '700', '1', 'Fall', 2008, 'C-');
insert into takes values('83800', '504', '1', 'Fall', 2003, 'A ');
insert into takes values('77348', '897', '1', 'Spring', 2001, 'A-');
insert into takes values('38734', '850', '1', 'Fall', 2005, 'B ');
insert into takes values('7849', '550', '1', 'Spring', 2001, 'A+');
insert into takes values('19122', '548', '2', 'Fall', 2006, 'C+');
insert into takes values('72003', '779', '2', 'Fall', 2006, 'A+');
insert into takes values('89499', '830', '1', 'Spring', 2010, 'B-');
insert into takes values('813', '830', '1', 'Spring', 2010, 'B-');
insert into takes values('34571', '393', '4', 'Spring', 2005, 'C+');
insert into takes values('77855', '600', '1', 'Fall', 2009, 'B-');
insert into takes values('32073', '496', '1', 'Spring', 2005, 'C+');
insert into takes values('34571', '290', '2', 'Spring', 2004, 'A-');
insert into takes values('96675', '570', '2', 'Spring', 2008, 'A ');
insert into takes values('57591', '115', '6', 'Fall', 2009, 'A+');
insert into takes values('86207', '139', '1', 'Spring', 2003, 'C+');
insert into takes values('35536', '663', '3', 'Fall', 2003, 'B-');
insert into takes values('24983', '201', '2', 'Fall', 2006, 'C ');
insert into takes values('54951', '393', '3', 'Spring', 2008, 'C ');
insert into takes values('13212', '778', '2', 'Fall', 2009, 'B ');
insert into takes values('22729', '115', '6', 'Fall', 2009, 'C+');
insert into takes values('33850', '854', '2', 'Fall', 2004, 'A ');
insert into takes values('29385', '848', '1', 'Spring', 2001, 'B-');
insert into takes values('4367', '783', '5', 'Spring', 2006, 'C+');
insert into takes values('38983', '180', '1', 'Spring', 2006, 'B+');
insert into takes values('11516', '726', '2', 'Spring', 2008, 'C+');
insert into takes values('25922', '850', '1', 'Fall', 2005, 'B ');
insert into takes values('12094', '720', '4', 'Spring', 2005, 'C ');
insert into takes values('21939', '215', '1', 'Fall', 2010, 'C ');
insert into takes values('54309', '672', '1', 'Spring', 2005, 'C-');
insert into takes values('81542', '854', '2', 'Fall', 2004, 'A+');
insert into takes values('25049', '267', '1', 'Spring', 2003, 'C ');
insert into takes values('31671', '219', '3', 'Spring', 2009, 'B+');
insert into takes values('6950', '854', '2', 'Fall', 2004, 'B ');
insert into takes values('83481', '783', '2', 'Fall', 2004, 'C ');
insert into takes values('42167', '894', '1', 'Spring', 2002, 'B ');
insert into takes values('14288', '968', '2', 'Spring', 2009, 'A+');
insert into takes values('27328', '819', '1', 'Spring', 2001, 'A ');
insert into takes values('31754', '269', '2', 'Spring', 2007, 'B+');
insert into takes values('81329', '513', '3', 'Fall', 2006, 'C+');
insert into takes values('54031', '774', '3', 'Fall', 2004, 'C+');
insert into takes values('813', '816', '3', 'Spring', 2008, 'B-');
insert into takes values('52783', '269', '2', 'Spring', 2007, 'A+');
insert into takes values('40527', '504', '1', 'Fall', 2003, 'B-');
insert into takes values('61267', '550', '2', 'Spring', 2008, 'A+');
insert into takes values('813', '257', '2', 'Fall', 2008, 'B-');
insert into takes values('31754', '245', '3', 'Spring', 2009, 'A+');
insert into takes values('84406', '219', '4', 'Spring', 2006, 'B-');
insert into takes values('73921', '443', '2', 'Fall', 2001, 'A-');
insert into takes values('42167', '803', '2', 'Spring', 2008, 'C-');
insert into takes values('42825', '194', '1', 'Spring', 2006, 'C-');
insert into takes values('94974', '816', '4', 'Spring', 2008, 'C ');
insert into takes values('25007', '497', '2', 'Fall', 2008, 'B+');
insert into takes values('42733', '215', '2', 'Spring', 2004, 'B+');
insert into takes values('13579', '588', '2', 'Fall', 2004, 'C-');
insert into takes values('25922', '672', '3', 'Fall', 2002, 'A ');
insert into takes values('54951', '201', '3', 'Spring', 2001, 'A+');
insert into takes values('18243', '115', '6', 'Fall', 2009, 'A+');
insert into takes values('13096', '290', '3', 'Fall', 2010, 'B+');
insert into takes values('9696', '760', '2', 'Fall', 2004, 'B-');
insert into takes values('96675', '327', '3', 'Fall', 2009, 'C-');
insert into takes values('34571', '409', '1', 'Spring', 2007, 'A+');
insert into takes values('77855', '267', '3', 'Fall', 2001, 'A+');
insert into takes values('8047', '504', '2', 'Spring', 2001, 'C ');
insert into takes values('14288', '419', '2', 'Spring', 2008, 'C ');
insert into takes values('1021', '231', '1', 'Spring', 2006, 'B-');
insert into takes values('37011', '798', '4', 'Spring', 2004, 'B ');
insert into takes values('89499', '258', '1', 'Fall', 2007, 'A-');
insert into takes values('19059', '836', '2', 'Spring', 2010, 'B-');
insert into takes values('52203', '794', '3', 'Fall', 2007, 'A-');
insert into takes values('80823', '726', '1', 'Spring', 2006, 'A-');
insert into takes values('44614', '788', '1', 'Spring', 2006, 'C ');
insert into takes values('81329', '475', '1', 'Fall', 2010, 'B-');
insert into takes values('42825', '245', '1', 'Spring', 2004, 'C ');
insert into takes values('427', '968', '2', 'Spring', 2009, 'C-');
insert into takes values('7423', '712', '2', 'Spring', 2005, 'A-');
insert into takes values('67161', '940', '1', 'Fall', 2010, 'B+');
insert into takes values('41081', '201', '3', 'Spring', 2001, 'A+');
insert into takes values('50072', '115', '3', 'Fall', 2002, 'B+');
insert into takes values('89270', '931', '1', 'Fall', 2010, 'B ');
insert into takes values('68935', '570', '1', 'Fall', 2003, 'A-');
insert into takes values('73075', '504', '2', 'Spring', 2001, 'A ');
insert into takes values('50443', '700', '3', 'Fall', 2006, 'C ');
insert into takes values('1021', '201', '2', 'Fall', 2006, 'B+');
insert into takes values('7849', '176', '1', 'Spring', 2008, 'A+');
insert into takes values('89538', '605', '2', 'Fall', 2001, 'A+');
insert into takes values('73364', '816', '1', 'Fall', 2005, 'B-');
insert into takes values('18243', '760', '3', 'Spring', 2010, 'A+');
insert into takes values('17568', '672', '3', 'Fall', 2002, 'A-');
insert into takes values('84406', '469', '3', 'Spring', 2005, 'A+');
insert into takes values('22643', '696', '3', 'Fall', 2009, 'C ');
insert into takes values('12094', '605', '2', 'Fall', 2001, 'B-');
insert into takes values('42733', '559', '2', 'Fall', 2010, 'C-');
insert into takes values('81486', '818', '1', 'Spring', 2009, 'A ');
insert into takes values('6583', '397', '1', 'Spring', 2006, 'B-');
insert into takes values('14288', '624', '2', 'Spring', 2006, 'C-');
insert into takes values('96133', '393', '2', 'Spring', 2002, 'C ');
insert into takes values('7276', '820', '4', 'Spring', 2004, 'C-');
insert into takes values('65579', '820', '6', 'Spring', 2005, 'C-');
insert into takes values('56668', '712', '1', 'Spring', 2002, 'C ');
insert into takes values('9696', '393', '4', 'Spring', 2005, 'A-');
insert into takes values('71819', '994', '4', 'Fall', 2003, 'B ');
insert into takes values('19988', '803', '1', 'Fall', 2010, 'C-');
insert into takes values('19122', '288', '4', 'Spring', 2006, 'C-');
insert into takes values('38983', '911', '2', 'Fall', 2004, 'C ');
insert into takes values('81542', '469', '1', 'Fall', 2009, 'B ');
insert into takes values('60128', '267', '2', 'Fall', 2003, 'B ');
insert into takes values('52881', '288', '1', 'Spring', 2005, 'B ');
insert into takes values('19059', '352', '1', 'Fall', 2003, 'C ');
insert into takes values('56188', '571', '1', 'Spring', 2008, 'B ');
insert into takes values('55393', '811', '2', 'Spring', 2007, 'A ');
insert into takes values('83800', '613', '2', 'Fall', 2006, 'A ');
insert into takes values('79418', '537', '1', 'Spring', 2009, 'B-');
insert into takes values('22729', '604', '1', 'Spring', 2009, 'B-');
insert into takes values('83432', '194', '1', 'Spring', 2006, 'B-');
insert into takes values('42167', '194', '1', 'Spring', 2006, 'B ');
insert into takes values('25049', '219', '2', 'Spring', 2004, 'A ');
insert into takes values('19059', '849', '1', 'Fall', 2006, 'B-');
insert into takes values('31200', '291', '2', 'Spring', 2004, 'C+');
insert into takes values('77729', '726', '2', 'Spring', 2008, 'A+');
insert into takes values('19059', '215', '2', 'Spring', 2004, 'B+');
insert into takes values('71715', '215', '2', 'Spring', 2004, 'A-');
insert into takes values('43453', '940', '1', 'Fall', 2010, 'C-');
insert into takes values('12094', '712', '3', 'Fall', 2001, 'A ');
insert into takes values('29523', '778', '4', 'Spring', 2002, 'B-');
insert into takes values('38983', '463', '4', 'Spring', 2010, 'A+');
insert into takes values('87996', '994', '5', 'Fall', 2002, 'A+');
insert into takes values('29984', '933', '2', 'Fall', 2004, 'C+');
insert into takes values('96166', '798', '3', 'Fall', 2009, 'C ');
insert into takes values('68935', '803', '1', 'Fall', 2010, 'C+');
insert into takes values('55393', '576', '2', 'Spring', 2009, 'C+');
insert into takes values('63376', '872', '2', 'Spring', 2003, 'A-');
insert into takes values('46264', '245', '3', 'Spring', 2009, 'B ');
insert into takes values('71819', '425', '4', 'Fall', 2001, 'A-');
insert into takes values('77348', '439', '3', 'Spring', 2004, 'C-');
insert into takes values('56668', '237', '1', 'Spring', 2008, 'B-');
insert into takes values('37208', '613', '2', 'Fall', 2006, 'C-');
insert into takes values('55164', '149', '1', 'Fall', 2008, 'B-');
insert into takes values('58190', '290', '2', 'Spring', 2004, 'B-');
insert into takes values('33677', '934', '1', 'Fall', 2006, 'C+');
insert into takes values('86207', '720', '1', 'Spring', 2004, 'B-');
insert into takes values('66227', '737', '1', 'Spring', 2009, 'A-');
insert into takes values('79770', '290', '2', 'Spring', 2004, 'A-');
insert into takes values('61288', '836', '2', 'Spring', 2010, 'B ');
insert into takes values('29385', '502', '2', 'Fall', 2003, 'B+');
insert into takes values('50443', '439', '1', 'Spring', 2006, 'C+');
insert into takes values('65530', '115', '8', 'Spring', 2006, 'C ');
insert into takes values('12094', '257', '1', 'Fall', 2007, 'B ');
insert into takes values('56668', '997', '1', 'Spring', 2008, 'A-');
insert into advisor values('32921', '85779');
insert into advisor values('50072', '26385');
insert into advisor values('27086', '99300');
insert into advisor values('66623', '60972');
insert into advisor values('15050', '4589');
insert into advisor values('98367', '38369');
insert into advisor values('8942', '61449');
insert into advisor values('65530', '81897');
insert into advisor values('42733', '26385');
insert into advisor values('21253', '24361');
insert into advisor values('7276', '15362');
insert into advisor values('96133', '24361');
insert into advisor values('25922', '79108');
insert into advisor values('19059', '55813');
insert into advisor values('25049', '48096');
insert into advisor values('93272', '61303');
insert into advisor values('31754', '36919');
insert into advisor values('52881', '11299');
insert into advisor values('56773', '39938');
insert into advisor values('34571', '85405');
insert into advisor values('96166', '37613');
insert into advisor values('68935', '42801');
insert into advisor values('17568', '11645');
insert into advisor values('24983', '61303');
insert into advisor values('27094', '11299');
insert into advisor values('77855', '31683');
insert into advisor values('13276', '31683');
insert into advisor values('78260', '63398');
insert into advisor values('79770', '60972');
insert into advisor values('60128', '84049');
insert into advisor values('7849', '61449');
insert into advisor values('3899', '14505');
insert into advisor values('66227', '39319');
insert into advisor values('22803', '3831');
insert into advisor values('92502', '97338');
insert into advisor values('25540', '97421');
insert into advisor values('25121', '63398');
insert into advisor values('82112', '79501');
insert into advisor values('89270', '9813');
insert into advisor values('42825', '39319');
insert into advisor values('68390', '31350');
insert into advisor values('66641', '61303');
insert into advisor values('28343', '47059');
insert into advisor values('46656', '31683');
insert into advisor values('72673', '99300');
insert into advisor values('29837', '63398');
insert into advisor values('42219', '85779');
insert into advisor values('64963', '60972');
insert into advisor values('61267', '42801');
insert into advisor values('12094', '26385');
insert into advisor values('18243', '31350');
insert into advisor values('65579', '99300');
insert into advisor values('11516', '37613');
insert into advisor values('52203', '9813');
insert into advisor values('76142', '99008');
insert into advisor values('64079', '55813');
insert into advisor values('1021', '14505');
insert into advisor values('59165', '15306');
insert into advisor values('97373', '61449');
insert into advisor values('84905', '6469');
insert into advisor values('31031', '15362');
insert into advisor values('55164', '31350');
insert into advisor values('89538', '84049');
insert into advisor values('58513', '71988');
insert into advisor values('29385', '77487');
insert into advisor values('75218', '26385');
insert into advisor values('83435', '83294');
insert into advisor values('86207', '24361');
insert into advisor values('51573', '61449');
insert into advisor values('6950', '44286');
insert into advisor values('20554', '85405');
insert into advisor values('13579', '77487');
insert into advisor values('89499', '97338');
insert into advisor values('85250', '6469');
insert into advisor values('54031', '61303');
insert into advisor values('8047', '99008');
insert into advisor values('13756', '99300');
insert into advisor values('97900', '55813');
insert into advisor values('31883', '24051');
insert into advisor values('54051', '56377');
insert into advisor values('47991', '60972');
insert into advisor values('40527', '77487');
insert into advisor values('58190', '48926');
insert into advisor values('34047', '84049');
insert into advisor values('81358', '71988');
insert into advisor values('37011', '99008');
insert into advisor values('22729', '25050');
insert into advisor values('50684', '47059');
insert into advisor values('73921', '90885');
insert into advisor values('7423', '90885');
insert into advisor values('27755', '77487');
insert into advisor values('73075', '3831');
insert into advisor values('35536', '30592');
insert into advisor values('3102', '56377');
insert into advisor values('54951', '55813');
insert into advisor values('94939', '81897');
insert into advisor values('56668', '60972');
insert into advisor values('69206', '4589');
insert into advisor values('92108', '90885');
insert into advisor values('51373', '39938');
insert into advisor values('82662', '97338');
insert into advisor values('30801', '3831');
insert into advisor values('75466', '4321');
insert into advisor values('76674', '39938');
insert into advisor values('813', '47059');
insert into advisor values('31671', '47059');
insert into advisor values('5331', '83294');
insert into advisor values('29523', '85405');
insert into advisor values('22643', '47059');
insert into advisor values('3984', '30592');
insert into advisor values('1879', '31350');
insert into advisor values('57591', '3831');
insert into advisor values('39832', '61449');
insert into advisor values('54309', '42801');
insert into advisor values('96837', '11645');
insert into advisor values('13096', '15362');
insert into advisor values('43453', '14505');
insert into advisor values('31200', '6469');
insert into advisor values('4367', '97421');
insert into advisor values('60222', '63398');
insert into advisor values('77729', '63398');
insert into advisor values('7335', '97421');
insert into advisor values('97958', '97338');
insert into advisor values('90033', '99300');
insert into advisor values('78022', '55813');
insert into advisor values('14083', '97338');
insert into advisor values('67161', '56377');
insert into advisor values('83481', '25050');
insert into advisor values('427', '39938');
insert into advisor values('35998', '85405');
insert into advisor values('79418', '24361');
insert into advisor values('79952', '24361');
insert into advisor values('21939', '77487');
insert into advisor values('63168', '99008');
insert into advisor values('46264', '48096');
insert into advisor values('72142', '26385');
insert into advisor values('13212', '71988');
insert into advisor values('14288', '30592');
insert into advisor values('77348', '34347');
insert into advisor values('71819', '6469');
insert into advisor values('62567', '15306');
insert into advisor values('6680', '63398');
insert into advisor values('25007', '77487');
insert into advisor values('27328', '85405');
insert into advisor values('84406', '6469');
insert into advisor values('9696', '44286');
insert into advisor values('32073', '39319');
insert into advisor values('44614', '99008');
insert into advisor values('83432', '44286');
insert into advisor values('81329', '56377');
insert into advisor values('96675', '70721');
insert into advisor values('19988', '48926');
insert into advisor values('94974', '81897');
insert into advisor values('19122', '61449');
insert into advisor values('33677', '36919');
insert into advisor values('41763', '37613');
insert into advisor values('83800', '83294');
insert into advisor values('81486', '36919');
insert into advisor values('46840', '47059');
insert into advisor values('79980', '81897');
insert into advisor values('12599', '48926');
insert into advisor values('50443', '15306');
insert into advisor values('92916', '24051');
insert into advisor values('61288', '26385');
insert into advisor values('87996', '30592');
insert into advisor values('23059', '15306');
insert into advisor values('79121', '44286');
insert into advisor values('71790', '34347');
insert into advisor values('38983', '31683');
insert into advisor values('38734', '97421');
insert into advisor values('55393', '48926');
insert into advisor values('83352', '15306');
insert into advisor values('37208', '97338');
insert into advisor values('2245', '55813');
insert into advisor values('73364', '99300');
insert into advisor values('11262', '15362');
insert into advisor values('63376', '99008');
insert into advisor values('44639', '55813');
insert into advisor values('41081', '63398');
insert into advisor values('80823', '97338');
insert into advisor values('52783', '37613');
insert into advisor values('81542', '26385');
insert into advisor values('36291', '31683');
insert into advisor values('85310', '42801');
insert into advisor values('42167', '3831');
insert into advisor values('87395', '11299');
insert into advisor values('59808', '47059');
insert into advisor values('83594', '39319');
insert into advisor values('18503', '55813');
insert into advisor values('56188', '26385');
insert into advisor values('72003', '84049');
insert into advisor values('65492', '83294');
insert into advisor values('29984', '70721');
insert into advisor values('90812', '97421');
insert into advisor values('33850', '9813');
insert into advisor values('7668', '94816');
insert into advisor values('65154', '83294');
insert into advisor values('66091', '85779');
insert into advisor values('6583', '24361');
insert into advisor values('71715', '94816');
insert into prereq values('576', '820');
insert into prereq values('729', '648');
insert into prereq values('304', '850');
insert into prereq values('496', '798');
insert into prereq values('383', '757');
insert into prereq values('392', '426');
insert into prereq values('103', '622');
insert into prereq values('713', '803');
insert into prereq values('215', '410');
insert into prereq values('559', '600');
insert into prereq values('820', '998');
insert into prereq values('604', '368');
insert into prereq values('504', '133');
insert into prereq values('397', '840');
insert into prereq values('542', '736');
insert into prereq values('657', '315');
insert into prereq values('258', '997');
insert into prereq values('713', '215');
insert into prereq values('402', '397');
insert into prereq values('613', '843');
insert into prereq values('206', '550');
insert into prereq values('818', '722');
insert into prereq values('397', '115');
insert into prereq values('149', '318');
insert into prereq values('475', '816');
insert into prereq values('957', '718');
insert into prereq values('393', '418');
insert into prereq values('931', '418');
insert into prereq values('257', '997');
insert into prereq values('283', '624');
insert into prereq values('237', '330');
insert into prereq values('368', '722');
insert into prereq values('576', '722');
insert into prereq values('794', '618');
insert into prereq values('440', '288');
insert into prereq values('800', '989');
insert into prereq values('798', '186');
insert into prereq values('518', '489');
insert into prereq values('718', '539');
insert into prereq values('198', '180');
insert into prereq values('402', '383');
insert into prereq values('607', '392');
insert into prereq values('722', '868');
insert into prereq values('571', '437');
insert into prereq values('863', '365');
insert into prereq values('257', '327');
insert into prereq values('133', '504');
insert into prereq values('690', '632');
insert into prereq values('534', '257');
insert into prereq values('830', '666');
insert into prereq values('502', '315');
insert into prereq values('720', '198');
insert into prereq values('792', '259');
insert into prereq values('850', '830');
insert into prereq values('894', '304');
insert into prereq values('924', '180');
insert into prereq values('931', '111');
insert into prereq values('502', '426');
insert into prereq values('696', '936');
insert into prereq values('542', '502');
insert into prereq values('370', '365');
insert into prereq values('894', '539');
insert into prereq values('994', '613');
insert into prereq values('803', '610');
insert into prereq values('111', '237');
insert into prereq values('365', '383');
insert into prereq values('439', '701');
insert into prereq values('443', '206');
insert into prereq values('392', '307');
insert into prereq values('299', '846');
insert into prereq values('732', '704');
insert into prereq values('656', '392');
insert into prereq values('798', '231');
insert into prereq values('644', '291');
insert into prereq values('550', '700');
insert into prereq values('574', '722');
insert into prereq values('103', '542');
insert into prereq values('103', '425');
insert into prereq values('513', '656');
insert into prereq values('909', '690');
insert into prereq values('657', '779');
insert into prereq values('607', '439');
insert into prereq values('850', '714');
insert into prereq values('778', '610');
insert into prereq values('402', '557');
insert into prereq values('215', '214');
insert into prereq values('604', '549');
insert into prereq values('600', '760');
insert into prereq values('231', '186');
insert into prereq values('607', '883');
insert into prereq values('397', '497');
insert into prereq values('548', '863');
insert into prereq values('115', '868');
insert into prereq values('853', '610');
insert into prereq values('559', '634');
insert into prereq values('692', '527');
insert into prereq values('231', '757');
insert into prereq values('613', '788');
insert into prereq values('571', '198');
insert into prereq values('195', '811');
