insert into classroom values('G', 152, 18);
insert into classroom values('F', 295, 67);
insert into classroom values('C', 562, 11);
insert into classroom values('D', 638, 10);
insert into classroom values('G', 346, 77);
insert into classroom values('B', 873, 40);
insert into classroom values('J', 472, 14);
insert into classroom values('F', 698, 10);
insert into classroom values('G', 662, 12);
insert into classroom values('I', 785, 28);
insert into department values('DE', 'E', 295388.28);
insert into department values('HI', 'G', 679712.21);
insert into department values('RR', 'A', 634143.14);
insert into department values('HH', 'I', 899212.83);
insert into department values('DF', 'F', 611843.03);
insert into department values('WW', 'G', 471769.28);
insert into department values('DK', 'I', 251561.33);
insert into department values('MT', 'B', 471277.84);
insert into department values('IF', 'E', 260009.92);
insert into department values('RQ', 'D', 582409.51);
insert into course values('979', 'IF3120', 'DK', 4);
insert into course values('707', 'IF3030', 'HI', 4);
insert into course values('109', 'IF3211', 'HI', 4);
insert into course values('617', 'IF3022', 'DE', 3);
insert into course values('719', 'IF3031', 'WW', 3);
insert into course values('186', 'IF3211', 'RQ', 4);
insert into course values('240', 'IF5555', 'HH', 3);
insert into course values('921', 'IF3120', 'IF', 4);
insert into course values('257', 'IF5555', 'HI', 4);
insert into course values('907', 'IF3022', 'IF', 3);
insert into course values('842', 'IF3030', 'MT', 4);
insert into course values('384', 'IF3211', 'DE', 3);
insert into course values('727', 'IF3120', 'DE', 4);
insert into course values('275', 'IF5555', 'RR', 3);
insert into course values('318', 'IF3120', 'RQ', 3);
insert into course values('970', 'IF3030', 'IF', 3);
insert into course values('362', 'IF4321', 'RQ', 4);
insert into course values('326', 'IF3030', 'HH', 4);
insert into course values('412', 'IF3211', 'RQ', 3);
insert into course values('410', 'IF5555', 'WW', 4);
insert into course values('587', 'IF3031', 'RR', 3);
insert into course values('777', 'IF4041', 'RQ', 4);
insert into course values('960', 'IF0230', 'HI', 3);
insert into course values('609', 'IF5555', 'WW', 4);
insert into course values('467', 'IF3120', 'IF', 3);
insert into course values('393', 'IF3022', 'DF', 4);
insert into course values('278', 'IF3022', 'HH', 4);
insert into course values('350', 'IF5555', 'DE', 3);
insert into course values('537', 'IF0230', 'DE', 4);
insert into course values('675', 'IF4041', 'MT', 4);
insert into course values('373', 'IF3120', 'HI', 3);
insert into course values('737', 'IF3030', 'HH', 3);
insert into course values('461', 'IF5555', 'HI', 4);
insert into course values('333', 'IF0230', 'RQ', 3);
insert into course values('464', 'IF4321', 'HH', 4);
insert into course values('746', 'IF4041', 'HH', 4);
insert into course values('194', 'IF3211', 'DK', 3);
insert into course values('578', 'IF3031', 'DF', 3);
insert into course values('196', 'IF3031', 'IF', 4);
insert into course values('811', 'IF5555', 'WW', 3);
insert into course values('688', 'IF3333', 'DF', 3);
insert into course values('301', 'IF4321', 'WW', 4);
insert into course values('758', 'IF3030', 'MT', 4);
insert into course values('416', 'IF4041', 'DK', 3);
insert into course values('403', 'IF3031', 'DK', 3);
insert into course values('404', 'IF4041', 'DF', 4);
insert into course values('269', 'IF0230', 'HH', 4);
insert into course values('993', 'IF3333', 'MT', 4);
insert into course values('157', 'IF3022', 'DK', 3);
insert into course values('501', 'IF3211', 'HH', 3);
insert into course values('134', 'IF4041', 'DF', 4);
insert into course values('538', 'IF3211', 'HH', 4);
insert into course values('744', 'IF3333', 'DF', 4);
insert into course values('454', 'IF3022', 'MT', 4);
insert into course values('943', 'IF3120', 'DE', 3);
insert into course values('913', 'IF0230', 'WW', 4);
insert into course values('700', 'IF3030', 'MT', 4);
insert into course values('726', 'IF3030', 'HH', 4);
insert into course values('339', 'IF3022', 'RR', 3);
insert into course values('867', 'IF3030', 'DE', 3);
insert into course values('495', 'IF3211', 'DE', 4);
insert into course values('352', 'IF3031', 'DK', 3);
insert into course values('801', 'IF4041', 'IF', 3);
insert into course values('568', 'IF4041', 'RR', 4);
insert into course values('584', 'IF3120', 'MT', 4);
insert into course values('767', 'IF3211', 'DF', 4);
insert into course values('949', 'IF4321', 'IF', 4);
insert into course values('980', 'IF4041', 'HI', 4);
insert into course values('413', 'IF4321', 'DF', 3);
insert into course values('172', 'IF3120', 'HI', 4);
insert into course values('957', 'IF3022', 'DK', 3);
insert into course values('655', 'IF4041', 'IF', 4);
insert into course values('706', 'IF3333', 'DF', 4);
insert into course values('114', 'IF3211', 'DF', 3);
insert into course values('821', 'IF4041', 'RR', 3);
insert into course values('616', 'IF3120', 'RR', 4);
insert into course values('515', 'IF3120', 'RR', 4);
insert into course values('590', 'IF4041', 'IF', 3);
insert into course values('141', 'IF3022', 'HH', 4);
insert into course values('272', 'IF4041', 'HH', 4);
insert into course values('427', 'IF4041', 'HI', 4);
insert into course values('420', 'IF3031', 'HH', 3);
insert into course values('653', 'IF5555', 'MT', 4);
insert into course values('681', 'IF4041', 'IF', 3);
insert into course values('880', 'IF3022', 'RR', 4);
insert into course values('813', 'IF5555', 'IF', 3);
insert into course values('489', 'IF4321', 'HI', 4);
insert into course values('167', 'IF0230', 'DF', 4);
insert into course values('761', 'IF3120', 'MT', 4);
insert into course values('419', 'IF3022', 'RQ', 3);
insert into course values('484', 'IF0230', 'DE', 4);
insert into course values('610', 'IF4321', 'RQ', 3);
insert into course values('735', 'IF3022', 'DF', 4);
insert into course values('714', 'IF3030', 'RR', 4);
insert into course values('982', 'IF4321', 'DF', 3);
insert into course values('475', 'IF4321', 'WW', 4);
insert into course values('832', 'IF3030', 'HH', 3);
insert into course values('555', 'IF3211', 'DF', 3);
insert into course values('834', 'IF3120', 'RQ', 4);
insert into course values('876', 'IF4041', 'MT', 4);
insert into course values('558', 'IF3022', 'HH', 3);
insert into course values('498', 'IF3211', 'DE', 4);
insert into course values('465', 'IF4041', 'HH', 4);
insert into course values('754', 'IF3120', 'RR', 4);
insert into course values('246', 'IF3022', 'HH', 3);
insert into course values('230', 'IF5555', 'HH', 3);
insert into course values('112', 'IF0230', 'HI', 4);
insert into course values('966', 'IF4041', 'DF', 3);
insert into course values('242', 'IF3120', 'RQ', 3);
insert into course values('411', 'IF0230', 'IF', 4);
insert into course values('740', 'IF5555', 'DK', 4);
insert into course values('766', 'IF3030', 'MT', 3);
insert into course values('359', 'IF3120', 'DK', 4);
insert into course values('646', 'IF3022', 'RQ', 4);
insert into course values('951', 'IF0230', 'IF', 3);
insert into course values('366', 'IF4041', 'IF', 4);
insert into course values('229', 'IF4041', 'HH', 4);
insert into course values('978', 'IF3333', 'MT', 4);
insert into course values('856', 'IF3333', 'DF', 3);
insert into course values('223', 'IF3120', 'IF', 4);
insert into course values('661', 'IF0230', 'DE', 3);
insert into course values('708', 'IF3333', 'HH', 3);
insert into course values('175', 'IF0230', 'HI', 4);
insert into course values('592', 'IF5555', 'MT', 4);
insert into course values('678', 'IF3031', 'WW', 3);
insert into course values('904', 'IF3211', 'IF', 4);
insert into course values('444', 'IF3030', 'DE', 4);
insert into course values('629', 'IF4041', 'RR', 4);
insert into course values('699', 'IF5555', 'DE', 3);
insert into course values('579', 'IF5555', 'DF', 4);
insert into course values('434', 'IF5555', 'MT', 4);
insert into course values('184', 'IF4321', 'WW', 3);
insert into course values('150', 'IF3030', 'DE', 4);
insert into course values('479', 'IF4321', 'HI', 3);
insert into course values('888', 'IF3211', 'DF', 3);
insert into course values('510', 'IF3211', 'RR', 3);
insert into course values('106', 'IF3030', 'HH', 3);
insert into course values('774', 'IF3120', 'RQ', 3);
insert into course values('677', 'IF3120', 'DK', 4);
insert into course values('866', 'IF3030', 'RQ', 3);
insert into course values('430', 'IF4321', 'DK', 4);
insert into course values('517', 'IF4041', 'RR', 4);
insert into course values('213', 'IF0230', 'RR', 4);
insert into course values('863', 'IF4321', 'DK', 4);
insert into course values('126', 'IF3030', 'RR', 3);
insert into course values('716', 'IF3022', 'DE', 3);
insert into course values('556', 'IF3031', 'IF', 4);
insert into course values('506', 'IF3120', 'RR', 3);
insert into course values('864', 'IF5555', 'HI', 3);
insert into course values('286', 'IF3211', 'WW', 3);
insert into course values('791', 'IF4041', 'HI', 3);
insert into course values('915', 'IF4041', 'RR', 3);
insert into course values('405', 'IF3030', 'MT', 3);
insert into course values('669', 'IF3022', 'WW', 4);
insert into course values('249', 'IF3031', 'DE', 3);
insert into course values('814', 'IF3022', 'HH', 3);
insert into course values('665', 'IF3022', 'HH', 4);
insert into course values('111', 'IF4321', 'DE', 3);
insert into course values('250', 'IF3120', 'WW', 4);
insert into course values('241', 'IF4041', 'HH', 3);
insert into course values('908', 'IF3333', 'MT', 4);
insert into course values('219', 'IF3030', 'HH', 3);
insert into course values('360', 'IF5555', 'DK', 3);
insert into course values('561', 'IF3211', 'RR', 3);
insert into course values('835', 'IF3031', 'HH', 3);
insert into course values('942', 'IF4321', 'RR', 4);
insert into course values('399', 'IF3031', 'HI', 4);
insert into course values('613', 'IF0230', 'DF', 4);
insert into course values('577', 'IF3031', 'WW', 4);
insert into course values('428', 'IF3120', 'HI', 4);
insert into course values('130', 'IF3120', 'IF', 3);
insert into course values('463', 'IF3022', 'RQ', 3);
insert into course values('327', 'IF0230', 'DK', 3);
insert into course values('204', 'IF5555', 'WW', 4);
insert into course values('348', 'IF4041', 'DF', 4);
insert into course values('349', 'IF4041', 'IF', 4);
insert into course values('124', 'IF4321', 'RR', 3);
insert into course values('309', 'IF4321', 'MT', 3);
insert into course values('720', 'IF0230', 'DF', 3);
insert into course values('363', 'IF0230', 'MT', 3);
insert into course values('723', 'IF4041', 'WW', 3);
insert into course values('407', 'IF0230', 'DE', 4);
insert into course values('320', 'IF3030', 'HH', 4);
insert into course values('176', 'IF5555', 'HH', 3);
insert into course values('985', 'IF3333', 'HH', 4);
insert into course values('324', 'IF0230', 'HI', 4);
insert into course values('292', 'IF4041', 'DF', 3);
insert into course values('808', 'IF3120', 'IF', 3);
insert into course values('163', 'IF0230', 'DK', 3);
insert into course values('682', 'IF3333', 'DF', 3);
insert into course values('310', 'IF3030', 'WW', 4);
insert into course values('293', 'IF4321', 'RR', 3);
insert into course values('258', 'IF3120', 'RQ', 3);
insert into course values('195', 'IF3120', 'WW', 4);
insert into course values('795', 'IF4321', 'HI', 4);
insert into course values('855', 'IF3030', 'DF', 4);
insert into course values('659', 'IF3022', 'RQ', 3);
insert into course values('917', 'IF3120', 'DF', 4);
insert into course values('281', 'IF4041', 'HH', 3);
insert into course values('784', 'IF3333', 'IF', 3);
insert into instructor values('77903', 'Kiki', 'DF', 84349.49);
insert into instructor values('38316', 'Yohan', 'HH', 68652.23);
insert into instructor values('56501', 'Kiki', 'HH', 87308.14);
insert into instructor values('27607', 'Yohan', 'DK', 63851.86);
insert into instructor values('23324', 'yuyun', 'HH', 92750.49);
insert into instructor values('99162', 'Adri', 'DF', 40370.13);
insert into instructor values('88149', 'Ande', 'DK', 100743.72);
insert into instructor values('78706', 'Ahmad', 'WW', 30935.84);
insert into instructor values('8473', 'Budi', 'MT', 38844.42);
insert into instructor values('43365', 'Budi', 'DK', 48089.34);
insert into instructor values('46988', 'Ande', 'HH', 66405.47);
insert into instructor values('18822', 'Kiki', 'DF', 95935.73);
insert into instructor values('22524', 'Budi', 'HI', 45326.62);
insert into instructor values('56910', 'Budi', 'HI', 97940.44);
insert into instructor values('80480', 'Ahmad', 'DK', 110259.66);
insert into instructor values('21058', 'Kiki', 'DK', 126170.73);
insert into instructor values('27355', 'Adri', 'HI', 101845.43);
insert into instructor values('63441', 'Adri', 'HH', 112015.35);
insert into instructor values('80760', 'Josu', 'DE', 110251.38);
insert into instructor values('14517', 'yuyun', 'HI', 116168.68);
insert into instructor values('42285', 'Adri', 'MT', 113094.83);
insert into instructor values('50415', 'yuyun', 'RR', 36544.56);
insert into instructor values('39706', 'Budi', 'DK', 81778.19);
insert into instructor values('25644', 'Kiki', 'HH', 36788.74);
insert into instructor values('11721', 'Budi', 'HI', 73329.36);
insert into instructor values('33828', 'Ahmad', 'RQ', 85188.01);
insert into instructor values('83021', 'Ande', 'RR', 121031.29);
insert into instructor values('56919', 'Adri', 'DK', 104027.97);
insert into instructor values('40324', 'Kiki', 'IF', 86441.71);
insert into instructor values('42032', 'Ahmad', 'HH', 42830.00);
insert into instructor values('30743', 'yuyun', 'DE', 37844.79);
insert into instructor values('20388', 'Johan', 'HI', 105402.37);
insert into instructor values('32983', 'Budi', 'HI', 75743.70);
insert into instructor values('2705', 'Ande', 'HI', 80268.92);
insert into instructor values('18879', 'Ahmad', 'RQ', 34693.54);
insert into instructor values('98753', 'Ande', 'DK', 46792.92);
insert into instructor values('69782', 'Kiki', 'RQ', 52591.29);
insert into instructor values('10022', 'Josu', 'MT', 55192.40);
insert into instructor values('29259', 'Ahmad', 'RR', 113480.39);
insert into instructor values('26045', 'Ahmad', 'DF', 107647.44);
insert into instructor values('11449', 'Ahmad', 'MT', 37994.10);
insert into instructor values('48877', 'Adri', 'DK', 99828.46);
insert into instructor values('62626', 'Budi', 'MT', 116753.27);
insert into instructor values('31335', 'rahmat', 'DF', 117428.75);
insert into instructor values('21750', 'Ahmad', 'RR', 56350.31);
insert into instructor values('40293', 'rahmat', 'IF', 120663.31);
insert into instructor values('7403', 'Kiki', 'DE', 34992.95);
insert into instructor values('21484', 'Ahmad', 'HH', 91199.77);
insert into instructor values('44131', 'Yohan', 'HH', 45447.34);
insert into instructor values('28588', 'Josu', 'HI', 60616.46);
insert into section values('610', '1', 'Fall', 2005, 'G', '662', 'M');
insert into section values('904', '1', 'Fall', 2003, 'D', '638', 'I');
insert into section values('407', '1', 'Spring', 2001, 'B', '873', 'A');
insert into section values('362', '1', 'Spring', 2001, 'F', '295', 'L');
insert into section values('352', '1', 'Spring', 2009, 'G', '346', 'E');
insert into section values('758', '1', 'Fall', 2002, 'G', '662', 'A');
insert into section values('269', '1', 'Spring', 2003, 'G', '662', 'E');
insert into section values('970', '1', 'Spring', 2003, 'I', '785', 'P');
insert into section values('124', '1', 'Spring', 2001, 'G', '662', 'D');
insert into section values('489', '1', 'Spring', 2006, 'C', '562', 'C');
insert into section values('832', '1', 'Fall', 2009, 'F', '698', 'O');
insert into section values('204', '1', 'Fall', 2009, 'F', '295', 'I');
insert into section values('767', '1', 'Fall', 2005, 'J', '472', 'A');
insert into section values('590', '1', 'Fall', 2001, 'B', '873', 'N');
insert into section values('324', '1', 'Fall', 2001, 'F', '698', 'N');
insert into section values('767', '2', 'Spring', 2005, 'F', '295', 'D');
insert into section values('678', '1', 'Spring', 2008, 'J', '472', 'H');
insert into section values('326', '1', 'Fall', 2004, 'B', '873', 'C');
insert into section values('577', '1', 'Fall', 2004, 'F', '295', 'N');
insert into section values('114', '1', 'Fall', 2003, 'G', '662', 'A');
insert into section values('464', '1', 'Spring', 2003, 'C', '562', 'P');
insert into section values('617', '1', 'Fall', 2007, 'B', '873', 'N');
insert into section values('951', '1', 'Spring', 2007, 'F', '295', 'L');
insert into section values('411', '1', 'Spring', 2003, 'B', '873', 'O');
insert into section values('982', '1', 'Spring', 2010, 'J', '472', 'B');
insert into section values('318', '1', 'Spring', 2006, 'G', '662', 'O');
insert into section values('908', '1', 'Spring', 2008, 'F', '295', 'P');
insert into section values('766', '1', 'Fall', 2010, 'D', '638', 'M');
insert into section values('413', '1', 'Fall', 2004, 'B', '873', 'N');
insert into section values('616', '1', 'Fall', 2007, 'G', '662', 'J');
insert into section values('434', '1', 'Spring', 2004, 'G', '662', 'N');
insert into section values('475', '1', 'Fall', 2005, 'G', '152', 'K');
insert into section values('737', '1', 'Spring', 2009, 'F', '295', 'L');
insert into section values('915', '1', 'Fall', 2009, 'J', '472', 'H');
insert into section values('942', '1', 'Fall', 2001, 'I', '785', 'A');
insert into section values('242', '1', 'Fall', 2010, 'G', '152', 'J');
insert into section values('352', '2', 'Spring', 2009, 'J', '472', 'N');
insert into section values('326', '2', 'Spring', 2004, 'B', '873', 'B');
insert into section values('864', '1', 'Fall', 2009, 'G', '152', 'M');
insert into section values('186', '1', 'Fall', 2009, 'D', '638', 'O');
insert into section values('669', '1', 'Fall', 2004, 'D', '638', 'A');
insert into section values('985', '1', 'Fall', 2004, 'G', '346', 'L');
insert into section values('978', '1', 'Spring', 2010, 'F', '295', 'A');
insert into section values('404', '1', 'Fall', 2010, 'C', '562', 'J');
insert into section values('495', '1', 'Fall', 2009, 'J', '472', 'F');
insert into section values('949', '1', 'Spring', 2005, 'F', '295', 'B');
insert into section values('834', '1', 'Fall', 2001, 'C', '562', 'N');
insert into section values('791', '1', 'Fall', 2002, 'G', '152', 'N');
insert into section values('246', '1', 'Fall', 2006, 'I', '785', 'K');
insert into section values('257', '1', 'Spring', 2003, 'F', '295', 'L');
insert into section values('834', '2', 'Spring', 2002, 'G', '152', 'F');
insert into section values('517', '1', 'Fall', 2002, 'F', '698', 'F');
insert into section values('556', '1', 'Fall', 2003, 'F', '295', 'I');
insert into section values('269', '2', 'Spring', 2004, 'B', '873', 'I');
insert into section values('350', '1', 'Spring', 2009, 'J', '472', 'G');
insert into section values('194', '1', 'Fall', 2006, 'G', '346', 'O');
insert into section values('719', '1', 'Fall', 2002, 'G', '662', 'L');
insert into section values('257', '2', 'Fall', 2003, 'B', '873', 'D');
insert into section values('915', '2', 'Fall', 2009, 'D', '638', 'I');
insert into section values('943', '1', 'Fall', 2004, 'C', '562', 'J');
insert into section values('194', '2', 'Fall', 2007, 'J', '472', 'J');
insert into section values('213', '1', 'Spring', 2010, 'B', '873', 'L');
insert into section values('106', '1', 'Spring', 2001, 'G', '152', 'B');
insert into section values('410', '1', 'Spring', 2009, 'I', '785', 'J');
insert into section values('659', '1', 'Fall', 2008, 'G', '662', 'F');
insert into section values('405', '1', 'Spring', 2003, 'C', '562', 'I');
insert into section values('362', '2', 'Fall', 2008, 'D', '638', 'H');
insert into section values('727', '1', 'Spring', 2009, 'I', '785', 'P');
insert into section values('970', '2', 'Spring', 2003, 'G', '346', 'P');
insert into section values('286', '1', 'Spring', 2006, 'C', '562', 'M');
insert into section values('249', '1', 'Spring', 2008, 'F', '698', 'F');
insert into section values('795', '1', 'Fall', 2008, 'G', '662', 'N');
insert into section values('864', '2', 'Fall', 2008, 'G', '662', 'C');
insert into section values('655', '1', 'Fall', 2002, 'D', '638', 'M');
insert into section values('373', '1', 'Spring', 2004, 'D', '638', 'C');
insert into section values('241', '1', 'Fall', 2008, 'G', '152', 'P');
insert into section values('419', '1', 'Fall', 2008, 'F', '295', 'L');
insert into section values('428', '1', 'Fall', 2008, 'D', '638', 'F');
insert into section values('172', '1', 'Fall', 2007, 'F', '295', 'B');
insert into section values('655', '2', 'Fall', 2002, 'G', '152', 'I');
insert into section values('241', '2', 'Fall', 2010, 'D', '638', 'B');
insert into section values('301', '1', 'Fall', 2007, 'D', '638', 'O');
insert into section values('646', '1', 'Fall', 2010, 'C', '562', 'O');
insert into section values('359', '1', 'Fall', 2005, 'F', '698', 'B');
insert into section values('269', '3', 'Spring', 2009, 'C', '562', 'J');
insert into section values('767', '3', 'Fall', 2009, 'G', '346', 'I');
insert into section values('737', '2', 'Fall', 2007, 'C', '562', 'B');
insert into section values('864', '3', 'Fall', 2003, 'G', '662', 'M');
insert into section values('777', '1', 'Fall', 2004, 'D', '638', 'E');
insert into section values('688', '1', 'Spring', 2003, 'F', '295', 'J');
insert into section values('727', '2', 'Spring', 2009, 'G', '346', 'B');
insert into section values('555', '1', 'Fall', 2006, 'C', '562', 'M');
insert into section values('246', '2', 'Spring', 2003, 'G', '662', 'A');
insert into section values('240', '1', 'Spring', 2009, 'C', '562', 'E');
insert into section values('420', '1', 'Fall', 2007, 'D', '638', 'K');
insert into section values('223', '1', 'Spring', 2009, 'B', '873', 'A');
insert into section values('281', '1', 'Spring', 2009, 'I', '785', 'E');
insert into section values('479', '1', 'Spring', 2009, 'F', '698', 'O');
insert into section values('942', '2', 'Fall', 2003, 'J', '472', 'B');
insert into section values('921', '1', 'Fall', 2009, 'D', '638', 'I');
insert into section values('982', '2', 'Spring', 2009, 'G', '662', 'C');
insert into section values('727', '3', 'Spring', 2003, 'G', '346', 'B');
insert into section values('286', '2', 'Spring', 2004, 'G', '346', 'G');
insert into section values('366', '1', 'Fall', 2007, 'F', '698', 'F');
insert into section values('735', '1', 'Spring', 2003, 'D', '638', 'F');
insert into section values('186', '2', 'Fall', 2010, 'F', '698', 'B');
insert into section values('326', '3', 'Fall', 2007, 'F', '295', 'M');
insert into section values('106', '2', 'Fall', 2005, 'J', '472', 'D');
insert into section values('517', '2', 'Spring', 2005, 'G', '662', 'O');
insert into section values('913', '1', 'Fall', 2007, 'J', '472', 'K');
insert into section values('904', '2', 'Spring', 2007, 'F', '295', 'J');
insert into section values('195', '1', 'Fall', 2010, 'G', '662', 'B');
insert into section values('682', '1', 'Fall', 2008, 'G', '662', 'J');
insert into section values('913', '2', 'Fall', 2004, 'F', '295', 'D');
insert into section values('855', '1', 'Fall', 2003, 'G', '152', 'C');
insert into section values('754', '1', 'Fall', 2009, 'C', '562', 'I');
insert into section values('301', '2', 'Spring', 2008, 'B', '873', 'F');
insert into section values('157', '1', 'Spring', 2004, 'I', '785', 'E');
insert into section values('434', '2', 'Spring', 2010, 'C', '562', 'P');
insert into section values('410', '2', 'Fall', 2009, 'G', '152', 'K');
insert into section values('489', '2', 'Fall', 2003, 'I', '785', 'F');
insert into section values('175', '1', 'Fall', 2008, 'I', '785', 'G');
insert into section values('498', '1', 'Fall', 2007, 'J', '472', 'O');
insert into section values('495', '2', 'Spring', 2002, 'B', '873', 'M');
insert into section values('578', '1', 'Spring', 2005, 'I', '785', 'G');
insert into section values('915', '3', 'Fall', 2001, 'G', '662', 'M');
insert into section values('758', '2', 'Spring', 2002, 'C', '562', 'N');
insert into section values('479', '2', 'Fall', 2002, 'G', '346', 'A');
insert into section values('708', '1', 'Fall', 2001, 'G', '346', 'M');
insert into section values('579', '1', 'Fall', 2009, 'C', '562', 'O');
insert into section values('682', '2', 'Spring', 2008, 'B', '873', 'A');
insert into section values('281', '2', 'Spring', 2008, 'B', '873', 'E');
insert into section values('888', '1', 'Fall', 2007, 'G', '346', 'B');
insert into section values('985', '2', 'Fall', 2006, 'C', '562', 'B');
insert into section values('106', '3', 'Spring', 2009, 'G', '662', 'M');
insert into section values('430', '1', 'Fall', 2008, 'D', '638', 'M');
insert into section values('609', '1', 'Spring', 2004, 'F', '295', 'N');
insert into section values('979', '1', 'Fall', 2002, 'F', '295', 'M');
insert into section values('555', '2', 'Spring', 2006, 'J', '472', 'J');
insert into section values('537', '1', 'Fall', 2003, 'I', '785', 'D');
insert into section values('537', '2', 'Fall', 2001, 'I', '785', 'B');
insert into section values('362', '3', 'Fall', 2004, 'G', '662', 'G');
insert into section values('699', '1', 'Spring', 2006, 'F', '295', 'K');
insert into section values('908', '2', 'Fall', 2005, 'G', '662', 'G');
insert into section values('943', '2', 'Spring', 2010, 'B', '873', 'E');
insert into section values('196', '1', 'Fall', 2002, 'I', '785', 'G');
insert into section values('463', '1', 'Fall', 2002, 'C', '562', 'C');
insert into section values('978', '2', 'Spring', 2010, 'D', '638', 'A');
insert into section values('124', '2', 'Spring', 2005, 'I', '785', 'O');
insert into section values('737', '3', 'Fall', 2002, 'D', '638', 'D');
insert into section values('921', '2', 'Fall', 2001, 'C', '562', 'B');
insert into section values('327', '1', 'Fall', 2010, 'I', '785', 'H');
insert into section values('463', '2', 'Spring', 2005, 'G', '346', 'G');
insert into section values('617', '2', 'Fall', 2004, 'G', '662', 'D');
insert into section values('275', '1', 'Spring', 2005, 'C', '562', 'K');
insert into section values('495', '3', 'Fall', 2005, 'G', '662', 'C');
insert into section values('141', '1', 'Fall', 2002, 'F', '698', 'M');
insert into section values('590', '2', 'Fall', 2003, 'G', '662', 'L');
insert into section values('863', '1', 'Spring', 2003, 'G', '346', 'B');
insert into section values('951', '2', 'Fall', 2004, 'F', '698', 'H');
insert into section values('258', '1', 'Fall', 2008, 'D', '638', 'I');
insert into section values('405', '2', 'Spring', 2008, 'D', '638', 'B');
insert into section values('813', '1', 'Spring', 2002, 'G', '662', 'K');
insert into section values('706', '1', 'Spring', 2007, 'F', '698', 'N');
insert into section values('194', '3', 'Spring', 2002, 'B', '873', 'N');
insert into section values('943', '3', 'Spring', 2001, 'F', '295', 'J');
insert into section values('985', '3', 'Spring', 2003, 'J', '472', 'N');
insert into section values('907', '1', 'Spring', 2006, 'G', '662', 'F');
insert into section values('970', '3', 'Spring', 2009, 'D', '638', 'C');
insert into section values('727', '4', 'Fall', 2002, 'C', '562', 'P');
insert into section values('842', '1', 'Fall', 2002, 'G', '662', 'M');
insert into section values('675', '1', 'Spring', 2009, 'C', '562', 'I');
insert into section values('726', '1', 'Fall', 2001, 'I', '785', 'M');
insert into section values('258', '2', 'Fall', 2007, 'I', '785', 'B');
insert into section values('908', '3', 'Fall', 2006, 'G', '346', 'P');
insert into section values('195', '2', 'Spring', 2004, 'I', '785', 'P');
insert into section values('454', '1', 'Spring', 2003, 'G', '346', 'I');
insert into section values('249', '2', 'Spring', 2002, 'J', '472', 'A');
insert into section values('204', '2', 'Fall', 2005, 'G', '662', 'L');
insert into section values('318', '2', 'Spring', 2006, 'J', '472', 'B');
insert into section values('960', '1', 'Spring', 2001, 'G', '662', 'E');
insert into section values('393', '1', 'Fall', 2010, 'B', '873', 'J');
insert into section values('538', '1', 'Spring', 2004, 'D', '638', 'P');
insert into section values('795', '2', 'Spring', 2009, 'G', '662', 'C');
insert into section values('427', '1', 'Spring', 2006, 'C', '562', 'K');
insert into section values('517', '3', 'Spring', 2001, 'G', '662', 'P');
insert into section values('761', '1', 'Fall', 2005, 'B', '873', 'J');
insert into section values('352', '3', 'Fall', 2009, 'G', '662', 'A');
insert into section values('405', '3', 'Fall', 2001, 'B', '873', 'G');
insert into section values('229', '1', 'Fall', 2008, 'F', '295', 'D');
insert into section values('867', '1', 'Spring', 2008, 'I', '785', 'N');
insert into section values('758', '3', 'Spring', 2004, 'D', '638', 'H');
insert into section values('555', '3', 'Spring', 2001, 'F', '295', 'E');
insert into section values('655', '3', 'Fall', 2002, 'G', '662', 'E');
insert into section values('795', '3', 'Spring', 2007, 'D', '638', 'K');
insert into section values('754', '2', 'Fall', 2005, 'G', '662', 'N');
insert into section values('855', '2', 'Spring', 2005, 'I', '785', 'K');
insert into section values('249', '3', 'Fall', 2003, 'B', '873', 'B');
insert into section values('579', '2', 'Fall', 2009, 'F', '698', 'D');
insert into section values('213', '2', 'Spring', 2003, 'D', '638', 'N');
insert into section values('949', '2', 'Fall', 2005, 'D', '638', 'G');
insert into section values('876', '1', 'Fall', 2001, 'F', '698', 'H');
insert into section values('688', '2', 'Fall', 2003, 'C', '562', 'F');
insert into section values('339', '1', 'Fall', 2007, 'G', '152', 'N');
insert into section values('258', '3', 'Fall', 2006, 'C', '562', 'K');
insert into section values('112', '1', 'Fall', 2010, 'D', '638', 'J');
insert into section values('767', '4', 'Fall', 2007, 'J', '472', 'E');
insert into section values('856', '1', 'Spring', 2006, 'F', '295', 'B');
insert into section values('584', '1', 'Fall', 2009, 'B', '873', 'M');
insert into section values('359', '2', 'Fall', 2006, 'D', '638', 'C');
insert into section values('204', '3', 'Fall', 2005, 'G', '662', 'J');
insert into section values('241', '3', 'Fall', 2007, 'D', '638', 'O');
insert into section values('737', '4', 'Spring', 2003, 'C', '562', 'K');
insert into section values('835', '1', 'Spring', 2009, 'G', '662', 'L');
insert into section values('842', '2', 'Spring', 2001, 'C', '562', 'H');
insert into section values('876', '2', 'Spring', 2007, 'C', '562', 'I');
insert into section values('646', '2', 'Fall', 2008, 'F', '295', 'M');
insert into section values('863', '2', 'Fall', 2004, 'C', '562', 'P');
insert into section values('360', '1', 'Spring', 2006, 'D', '638', 'A');
insert into section values('795', '4', 'Fall', 2004, 'I', '785', 'C');
insert into section values('454', '2', 'Fall', 2002, 'G', '662', 'L');
insert into section values('475', '2', 'Fall', 2008, 'G', '662', 'A');
insert into section values('808', '1', 'Spring', 2006, 'J', '472', 'K');
insert into section values('339', '2', 'Fall', 2003, 'C', '562', 'H');
insert into section values('801', '1', 'Spring', 2008, 'G', '152', 'H');
insert into section values('114', '2', 'Fall', 2004, 'G', '152', 'G');
insert into section values('318', '3', 'Fall', 2008, 'D', '638', 'D');
insert into section values('629', '1', 'Spring', 2007, 'F', '698', 'E');
insert into section values('467', '1', 'Spring', 2002, 'B', '873', 'B');
insert into section values('700', '1', 'Spring', 2005, 'J', '472', 'B');
insert into section values('957', '1', 'Fall', 2004, 'G', '346', 'B');
insert into section values('246', '3', 'Fall', 2006, 'B', '873', 'G');
insert into section values('949', '3', 'Spring', 2008, 'F', '295', 'O');
insert into section values('184', '1', 'Fall', 2005, 'G', '152', 'J');
insert into section values('863', '3', 'Fall', 2001, 'C', '562', 'F');
insert into section values('813', '2', 'Spring', 2001, 'I', '785', 'I');
insert into section values('352', '4', 'Spring', 2010, 'G', '662', 'O');
insert into section values('242', '2', 'Fall', 2001, 'C', '562', 'K');
insert into section values('501', '1', 'Spring', 2008, 'F', '698', 'L');
insert into section values('835', '2', 'Fall', 2009, 'G', '152', 'D');
insert into section values('501', '2', 'Spring', 2005, 'F', '698', 'M');
insert into section values('506', '1', 'Fall', 2008, 'F', '698', 'C');
insert into section values('475', '3', 'Fall', 2009, 'G', '152', 'K');
insert into section values('537', '3', 'Spring', 2003, 'G', '152', 'P');
insert into section values('577', '2', 'Fall', 2010, 'J', '472', 'K');
insert into section values('134', '1', 'Fall', 2004, 'I', '785', 'O');
insert into section values('475', '4', 'Spring', 2003, 'G', '346', 'J');
insert into section values('109', '1', 'Spring', 2003, 'F', '295', 'M');
insert into section values('949', '4', 'Spring', 2003, 'F', '698', 'A');
insert into section values('412', '1', 'Fall', 2009, 'F', '295', 'L');
insert into section values('106', '4', 'Spring', 2003, 'C', '562', 'J');
insert into section values('405', '4', 'Spring', 2001, 'J', '472', 'D');
insert into section values('229', '2', 'Fall', 2010, 'F', '698', 'I');
insert into section values('866', '1', 'Fall', 2008, 'G', '346', 'C');
insert into section values('746', '1', 'Spring', 2006, 'C', '562', 'B');
insert into section values('835', '3', 'Spring', 2009, 'J', '472', 'O');
insert into section values('286', '3', 'Fall', 2009, 'G', '346', 'C');
insert into section values('112', '2', 'Fall', 2009, 'G', '346', 'L');
insert into section values('970', '4', 'Spring', 2002, 'D', '638', 'N');
insert into section values('352', '5', 'Spring', 2002, 'G', '662', 'E');
insert into section values('801', '2', 'Spring', 2006, 'J', '472', 'M');
insert into section values('617', '3', 'Fall', 2008, 'G', '662', 'F');
insert into section values('111', '1', 'Spring', 2004, 'G', '152', 'B');
insert into section values('726', '2', 'Fall', 2004, 'I', '785', 'D');
insert into section values('229', '3', 'Fall', 2006, 'G', '346', 'N');
insert into section values('609', '2', 'Spring', 2005, 'C', '562', 'J');
insert into section values('678', '2', 'Fall', 2008, 'G', '346', 'B');
insert into section values('677', '1', 'Spring', 2009, 'G', '152', 'I');
insert into section values('411', '2', 'Fall', 2009, 'D', '638', 'D');
insert into section values('157', '2', 'Spring', 2001, 'F', '295', 'F');
insert into section values('326', '4', 'Spring', 2006, 'G', '152', 'G');
insert into section values('405', '5', 'Fall', 2010, 'D', '638', 'A');
insert into section values('942', '3', 'Spring', 2010, 'D', '638', 'E');
insert into section values('913', '3', 'Fall', 2008, 'G', '346', 'D');
insert into section values('655', '4', 'Fall', 2003, 'I', '785', 'N');
insert into section values('126', '1', 'Spring', 2001, 'G', '152', 'I');
insert into section values('665', '1', 'Fall', 2005, 'B', '873', 'A');
insert into section values('461', '1', 'Fall', 2005, 'J', '472', 'A');
insert into section values('754', '3', 'Fall', 2008, 'I', '785', 'E');
insert into section values('463', '3', 'Spring', 2001, 'C', '562', 'K');
insert into section values('791', '2', 'Fall', 2007, 'F', '698', 'P');
insert into section values('537', '4', 'Spring', 2008, 'B', '873', 'N');
insert into section values('744', '1', 'Fall', 2005, 'G', '152', 'E');
insert into section values('951', '3', 'Spring', 2006, 'J', '472', 'D');
insert into section values('801', '3', 'Spring', 2002, 'G', '346', 'M');
insert into section values('413', '2', 'Fall', 2009, 'J', '472', 'O');
insert into section values('399', '1', 'Spring', 2002, 'G', '662', 'I');
insert into section values('444', '1', 'Fall', 2005, 'G', '662', 'C');
insert into section values('700', '2', 'Spring', 2010, 'F', '698', 'I');
insert into section values('281', '3', 'Spring', 2008, 'I', '785', 'G');
insert into section values('467', '2', 'Fall', 2009, 'B', '873', 'N');
insert into section values('430', '2', 'Fall', 2001, 'G', '152', 'D');
insert into section values('428', '2', 'Fall', 2003, 'C', '562', 'M');
insert into section values('501', '3', 'Spring', 2001, 'G', '662', 'K');
insert into section values('609', '3', 'Spring', 2001, 'G', '346', 'D');
insert into section values('269', '4', 'Fall', 2001, 'G', '152', 'N');
insert into section values('813', '3', 'Fall', 2009, 'J', '472', 'D');
insert into section values('592', '1', 'Spring', 2001, 'C', '562', 'A');
insert into section values('951', '4', 'Spring', 2005, 'J', '472', 'H');
insert into section values('318', '4', 'Spring', 2008, 'D', '638', 'I');
insert into section values('194', '4', 'Spring', 2003, 'G', '346', 'L');
insert into section values('681', '1', 'Spring', 2002, 'G', '346', 'P');
insert into section values('985', '4', 'Fall', 2009, 'B', '873', 'F');
insert into section values('665', '2', 'Spring', 2002, 'F', '295', 'E');
insert into section values('669', '2', 'Fall', 2004, 'F', '295', 'J');
insert into section values('324', '2', 'Fall', 2008, 'I', '785', 'E');
insert into section values('556', '2', 'Spring', 2009, 'C', '562', 'I');
insert into section values('985', '5', 'Fall', 2003, 'F', '295', 'G');
insert into section values('124', '3', 'Spring', 2007, 'G', '662', 'L');
insert into section values('230', '1', 'Spring', 2009, 'D', '638', 'E');
insert into section values('196', '2', 'Spring', 2005, 'D', '638', 'C');
insert into section values('130', '1', 'Fall', 2002, 'F', '295', 'A');
insert into section values('966', '1', 'Spring', 2010, 'G', '662', 'E');
insert into section values('126', '2', 'Spring', 2001, 'F', '295', 'I');
insert into section values('194', '5', 'Fall', 2004, 'F', '295', 'I');
insert into section values('917', '1', 'Spring', 2007, 'B', '873', 'B');
insert into section values('134', '2', 'Fall', 2007, 'D', '638', 'H');
insert into section values('444', '2', 'Spring', 2009, 'F', '698', 'E');
insert into section values('309', '1', 'Spring', 2010, 'F', '295', 'E');
insert into section values('720', '1', 'Spring', 2010, 'G', '346', 'H');
insert into section values('880', '1', 'Fall', 2010, 'G', '152', 'I');
insert into section values('130', '2', 'Fall', 2006, 'G', '662', 'G');
insert into section values('917', '2', 'Fall', 2010, 'F', '698', 'F');
insert into section values('767', '5', 'Fall', 2003, 'F', '698', 'M');
insert into section values('348', '1', 'Fall', 2001, 'C', '562', 'J');
insert into section values('537', '5', 'Spring', 2003, 'B', '873', 'B');
insert into section values('746', '2', 'Fall', 2006, 'G', '662', 'L');
insert into section values('723', '1', 'Spring', 2001, 'G', '662', 'O');
insert into section values('784', '1', 'Fall', 2005, 'F', '295', 'I');
insert into section values('587', '1', 'Fall', 2009, 'J', '472', 'F');
insert into section values('194', '6', 'Spring', 2010, 'G', '152', 'F');
insert into section values('275', '2', 'Fall', 2009, 'G', '152', 'O');
insert into section values('917', '3', 'Spring', 2002, 'D', '638', 'C');
insert into section values('584', '2', 'Spring', 2003, 'I', '785', 'A');
insert into section values('359', '3', 'Fall', 2005, 'G', '346', 'O');
insert into section values('801', '4', 'Spring', 2005, 'G', '152', 'F');
insert into section values('737', '5', 'Fall', 2001, 'D', '638', 'K');
insert into section values('403', '1', 'Spring', 2010, 'F', '295', 'M');
insert into section values('384', '1', 'Fall', 2004, 'F', '295', 'J');
insert into section values('993', '1', 'Spring', 2005, 'G', '662', 'I');
insert into section values('223', '2', 'Fall', 2007, 'D', '638', 'G');
insert into section values('463', '4', 'Fall', 2009, 'G', '662', 'J');
insert into section values('993', '2', 'Spring', 2007, 'I', '785', 'O');
insert into section values('130', '3', 'Spring', 2001, 'G', '662', 'J');
insert into section values('150', '1', 'Spring', 2008, 'F', '698', 'D');
insert into section values('464', '2', 'Spring', 2002, 'B', '873', 'N');
insert into section values('617', '4', 'Fall', 2004, 'B', '873', 'J');
insert into section values('150', '2', 'Spring', 2004, 'F', '698', 'E');
insert into section values('646', '3', 'Fall', 2001, 'B', '873', 'M');
insert into section values('495', '4', 'Fall', 2005, 'G', '152', 'D');
insert into section values('568', '1', 'Spring', 2008, 'G', '662', 'J');
insert into section values('465', '1', 'Spring', 2009, 'G', '152', 'I');
insert into section values('111', '2', 'Fall', 2001, 'G', '662', 'M');
insert into section values('326', '5', 'Spring', 2005, 'D', '638', 'K');
insert into section values('821', '1', 'Spring', 2005, 'I', '785', 'N');
insert into section values('832', '2', 'Fall', 2002, 'G', '152', 'G');
insert into section values('427', '2', 'Fall', 2003, 'F', '295', 'G');
insert into section values('688', '3', 'Spring', 2005, 'J', '472', 'B');
insert into section values('855', '3', 'Spring', 2002, 'D', '638', 'N');
insert into section values('275', '3', 'Spring', 2004, 'G', '346', 'O');
insert into section values('269', '5', 'Fall', 2005, 'G', '346', 'D');
insert into section values('411', '3', 'Fall', 2010, 'F', '295', 'O');
insert into section values('405', '6', 'Spring', 2007, 'C', '562', 'M');
insert into section values('720', '2', 'Fall', 2009, 'F', '698', 'G');
insert into section values('723', '2', 'Fall', 2003, 'G', '346', 'B');
insert into section values('659', '2', 'Fall', 2001, 'B', '873', 'L');
insert into section values('373', '2', 'Spring', 2001, 'G', '662', 'P');
insert into section values('577', '3', 'Spring', 2007, 'F', '698', 'D');
insert into section values('744', '2', 'Spring', 2001, 'G', '346', 'D');
insert into section values('150', '3', 'Spring', 2003, 'J', '472', 'G');
insert into section values('978', '3', 'Spring', 2006, 'F', '295', 'B');
insert into section values('842', '3', 'Spring', 2006, 'B', '873', 'C');
insert into section values('318', '5', 'Fall', 2006, 'G', '662', 'E');
insert into section values('157', '3', 'Fall', 2008, 'F', '698', 'N');
insert into section values('970', '5', 'Spring', 2007, 'G', '152', 'G');
insert into section values('579', '3', 'Fall', 2008, 'B', '873', 'J');
insert into section values('558', '1', 'Fall', 2005, 'B', '873', 'B');
insert into section values('510', '1', 'Fall', 2002, 'C', '562', 'B');
insert into section values('942', '4', 'Spring', 2003, 'G', '346', 'E');
insert into section values('587', '2', 'Fall', 2007, 'G', '662', 'I');
insert into section values('301', '3', 'Spring', 2003, 'I', '785', 'F');
insert into section values('866', '2', 'Fall', 2007, 'J', '472', 'K');
insert into section values('675', '2', 'Fall', 2003, 'G', '346', 'C');
insert into section values('242', '3', 'Spring', 2007, 'C', '562', 'A');
insert into section values('913', '4', 'Spring', 2002, 'F', '698', 'M');
insert into section values('609', '4', 'Fall', 2002, 'G', '152', 'D');
insert into section values('659', '3', 'Fall', 2002, 'G', '346', 'C');
insert into section values('835', '4', 'Spring', 2008, 'G', '346', 'D');
insert into section values('744', '3', 'Fall', 2007, 'I', '785', 'E');
insert into section values('616', '2', 'Fall', 2007, 'F', '698', 'J');
insert into section values('864', '4', 'Spring', 2003, 'D', '638', 'M');
insert into section values('888', '2', 'Fall', 2006, 'J', '472', 'N');
insert into section values('688', '4', 'Spring', 2005, 'G', '152', 'F');
insert into section values('175', '2', 'Spring', 2005, 'B', '873', 'E');
insert into section values('669', '3', 'Spring', 2010, 'C', '562', 'G');
insert into section values('707', '1', 'Spring', 2008, 'G', '346', 'K');
insert into section values('404', '2', 'Spring', 2005, 'B', '873', 'P');
insert into section values('678', '3', 'Spring', 2007, 'J', '472', 'D');
insert into section values('373', '3', 'Spring', 2003, 'F', '698', 'F');
insert into section values('584', '3', 'Fall', 2001, 'F', '698', 'F');
insert into teaches values('48877', '352', '2', 'Spring', 2009);
insert into teaches values('62626', '758', '3', 'Spring', 2004);
insert into teaches values('78706', '723', '1', 'Spring', 2001);
insert into teaches values('31335', '888', '1', 'Fall', 2007);
insert into teaches values('28588', '109', '1', 'Spring', 2003);
insert into teaches values('62626', '675', '2', 'Fall', 2003);
insert into teaches values('7403', '617', '1', 'Fall', 2007);
insert into teaches values('44131', '832', '1', 'Fall', 2009);
insert into teaches values('83021', '517', '3', 'Spring', 2001);
insert into teaches values('62626', '434', '2', 'Spring', 2010);
insert into teaches values('18822', '682', '1', 'Fall', 2008);
insert into teaches values('21750', '616', '1', 'Fall', 2007);
insert into teaches values('44131', '269', '1', 'Spring', 2003);
insert into teaches values('78706', '286', '3', 'Fall', 2009);
insert into teaches values('21750', '754', '3', 'Fall', 2008);
insert into teaches values('29259', '616', '2', 'Fall', 2007);
insert into teaches values('21484', '464', '1', 'Spring', 2003);
insert into teaches values('62626', '700', '2', 'Spring', 2010);
insert into teaches values('78706', '204', '2', 'Fall', 2005);
insert into teaches values('98753', '194', '4', 'Spring', 2003);
insert into teaches values('26045', '134', '2', 'Fall', 2007);
insert into teaches values('28588', '795', '1', 'Fall', 2008);
insert into teaches values('78706', '719', '1', 'Fall', 2002);
insert into teaches values('48877', '863', '2', 'Fall', 2004);
insert into teaches values('40293', '970', '2', 'Spring', 2003);
insert into teaches values('21750', '275', '3', 'Spring', 2004);
insert into teaches values('28588', '960', '1', 'Spring', 2001);
insert into teaches values('69782', '463', '4', 'Fall', 2009);
insert into teaches values('21750', '275', '2', 'Fall', 2009);
insert into teaches values('31335', '735', '1', 'Spring', 2003);
insert into teaches values('78706', '913', '1', 'Fall', 2007);
insert into teaches values('21484', '241', '3', 'Fall', 2007);
insert into teaches values('40293', '467', '2', 'Fall', 2009);
insert into teaches values('33828', '242', '2', 'Fall', 2001);
insert into teaches values('44131', '230', '1', 'Spring', 2009);
insert into teaches values('78706', '913', '4', 'Spring', 2002);
insert into teaches values('78706', '195', '2', 'Spring', 2004);
insert into teaches values('44131', '269', '4', 'Fall', 2001);
insert into teaches values('28588', '257', '1', 'Spring', 2003);
insert into teaches values('40293', '813', '1', 'Spring', 2002);
insert into teaches values('29259', '213', '1', 'Spring', 2010);
insert into teaches values('21750', '629', '1', 'Spring', 2007);
insert into teaches values('44131', '835', '1', 'Spring', 2009);
insert into teaches values('62626', '454', '1', 'Spring', 2003);
insert into teaches values('21750', '517', '2', 'Spring', 2005);
insert into teaches values('7403', '537', '4', 'Spring', 2008);
insert into teaches values('31335', '720', '1', 'Spring', 2010);
insert into teaches values('78706', '301', '1', 'Fall', 2007);
insert into teaches values('44131', '246', '2', 'Spring', 2003);
insert into teaches values('7403', '384', '1', 'Fall', 2004);
insert into teaches values('44131', '985', '3', 'Spring', 2003);
insert into teaches values('44131', '832', '2', 'Fall', 2002);
insert into teaches values('98753', '157', '1', 'Spring', 2004);
insert into teaches values('40324', '655', '2', 'Fall', 2002);
insert into teaches values('69782', '258', '2', 'Fall', 2007);
insert into teaches values('83021', '915', '2', 'Fall', 2009);
insert into teaches values('80760', '495', '3', 'Fall', 2005);
insert into teaches values('40293', '196', '2', 'Spring', 2005);
insert into teaches values('40293', '784', '1', 'Fall', 2005);
insert into teaches values('44131', '835', '4', 'Spring', 2008);
insert into teaches values('44131', '746', '1', 'Spring', 2006);
insert into teaches values('44131', '985', '4', 'Fall', 2009);
insert into teaches values('7403', '727', '3', 'Spring', 2003);
insert into teaches values('69782', '258', '1', 'Fall', 2008);
insert into teaches values('31335', '114', '1', 'Fall', 2003);
insert into teaches values('21750', '124', '1', 'Spring', 2001);
insert into teaches values('18822', '855', '2', 'Spring', 2005);
insert into teaches values('62626', '842', '1', 'Fall', 2002);
insert into teaches values('48877', '194', '1', 'Fall', 2006);
insert into teaches values('69782', '866', '2', 'Fall', 2007);
insert into teaches values('21484', '246', '1', 'Fall', 2006);
insert into teaches values('30743', '444', '2', 'Spring', 2009);
insert into teaches values('44131', '326', '4', 'Spring', 2006);
insert into teaches values('10022', '842', '2', 'Spring', 2001);
insert into teaches values('28588', '373', '2', 'Spring', 2001);
insert into teaches values('69782', '646', '1', 'Fall', 2010);
insert into teaches values('29259', '568', '1', 'Spring', 2008);
insert into teaches values('28588', '795', '4', 'Fall', 2004);
insert into teaches values('48877', '863', '1', 'Spring', 2003);
insert into teaches values('7403', '249', '2', 'Spring', 2002);
insert into teaches values('50415', '126', '1', 'Spring', 2001);
insert into teaches values('44131', '746', '2', 'Fall', 2006);
insert into teaches values('28588', '257', '2', 'Fall', 2003);
insert into teaches values('69782', '318', '1', 'Spring', 2006);
insert into teaches values('31335', '555', '1', 'Fall', 2006);
insert into teaches values('98753', '194', '5', 'Fall', 2004);
insert into teaches values('7403', '350', '1', 'Spring', 2009);
insert into teaches values('44131', '229', '3', 'Fall', 2006);
insert into teaches values('21750', '587', '2', 'Fall', 2007);
insert into teaches values('40293', '808', '1', 'Spring', 2006);
insert into teaches values('69782', '659', '3', 'Fall', 2002);
insert into teaches values('28588', '791', '2', 'Fall', 2007);
insert into teaches values('28588', '864', '4', 'Spring', 2003);
insert into teaches values('44131', '708', '1', 'Fall', 2001);
insert into teaches values('31335', '688', '3', 'Spring', 2005);
insert into teaches values('7403', '537', '3', 'Spring', 2003);
insert into teaches values('44131', '326', '2', 'Spring', 2004);
insert into teaches values('40293', '970', '1', 'Spring', 2003);
insert into teaches values('11449', '761', '1', 'Fall', 2005);
insert into teaches values('98753', '352', '5', 'Spring', 2002);
insert into student values('57463', 'Johan', 'RR', 118);
insert into student values('59314', 'Yohan', 'DF', 45);
insert into student values('74929', 'Johan', 'DK', 18);
insert into student values('47352', 'Josu', 'MT', 95);
insert into student values('61908', 'Kiki', 'IF', 83);
insert into student values('4037', 'Adri', 'HH', 78);
insert into student values('22070', 'rahmat', 'RR', 1);
insert into student values('76071', 'Ande', 'RR', 96);
insert into student values('14668', 'Kiki', 'DE', 97);
insert into student values('25390', 'Ahmad', 'DF', 45);
insert into student values('11055', 'rahmat', 'DF', 29);
insert into student values('80779', 'Budi', 'HH', 69);
insert into student values('14266', 'Josu', 'WW', 59);
insert into student values('74993', 'rahmat', 'RQ', 99);
insert into student values('82409', 'Ahmad', 'RQ', 118);
insert into student values('92247', 'Adri', 'RR', 44);
insert into student values('83706', 'rahmat', 'RQ', 80);
insert into student values('89172', 'yuyun', 'DK', 44);
insert into student values('63759', 'Ande', 'DE', 68);
insert into student values('33889', 'Ahmad', 'DK', 10);
insert into student values('86858', 'Ahmad', 'DK', 39);
insert into student values('93050', 'Yohan', 'WW', 114);
insert into student values('31120', 'Josu', 'RQ', 27);
insert into student values('26461', 'yuyun', 'RQ', 97);
insert into student values('23430', 'Yohan', 'HH', 10);
insert into student values('19464', 'Yohan', 'MT', 91);
insert into student values('51894', 'Kiki', 'RR', 85);
insert into student values('88926', 'rahmat', 'IF', 76);
insert into student values('37866', 'Yohan', 'DE', 35);
insert into student values('19331', 'Adri', 'DK', 70);
insert into student values('2415', 'rahmat', 'MT', 67);
insert into student values('45691', 'Ande', 'HI', 129);
insert into student values('55316', 'Johan', 'WW', 112);
insert into student values('90894', 'Johan', 'HH', 47);
insert into student values('90376', 'Yohan', 'WW', 20);
insert into student values('99303', 'Johan', 'DF', 3);
insert into student values('25598', 'rahmat', 'IF', 5);
insert into student values('95375', 'yuyun', 'RQ', 12);
insert into student values('47596', 'Budi', 'DE', 68);
insert into student values('75382', 'Johan', 'DK', 27);
insert into student values('93671', 'Josu', 'HH', 69);
insert into student values('60971', 'Budi', 'HH', 125);
insert into student values('50856', 'Adri', 'DF', 99);
insert into student values('26238', 'Kiki', 'MT', 124);
insert into student values('6761', 'Josu', 'RQ', 20);
insert into student values('33604', 'yuyun', 'IF', 7);
insert into student values('8872', 'Adri', 'DK', 116);
insert into student values('54323', 'Ande', 'HH', 82);
insert into student values('14723', 'Budi', 'HI', 27);
insert into student values('89281', 'Ahmad', 'IF', 31);
insert into student values('84154', 'Johan', 'MT', 50);
insert into student values('2056', 'yuyun', 'DF', 44);
insert into student values('15600', 'Ande', 'WW', 94);
insert into student values('69893', 'Ahmad', 'HH', 36);
insert into student values('93162', 'Yohan', 'RQ', 122);
insert into student values('60052', 'Josu', 'RQ', 106);
insert into student values('81261', 'Ahmad', 'MT', 96);
insert into student values('80917', 'Kiki', 'DK', 51);
insert into student values('31811', 'Ahmad', 'RQ', 24);
insert into student values('83978', 'Ahmad', 'HI', 112);
insert into student values('51255', 'yuyun', 'DF', 107);
insert into student values('11286', 'Budi', 'DK', 1);
insert into student values('56851', 'yuyun', 'IF', 96);
insert into student values('26494', 'Ande', 'HI', 78);
insert into student values('77225', 'Johan', 'HI', 124);
insert into student values('68267', 'Yohan', 'RQ', 88);
insert into student values('66695', 'Adri', 'IF', 43);
insert into student values('87398', 'Kiki', 'IF', 11);
insert into student values('27744', 'yuyun', 'MT', 18);
insert into student values('11226', 'Ande', 'MT', 79);
insert into student values('19466', 'Johan', 'WW', 24);
insert into student values('44694', 'Budi', 'HH', 31);
insert into student values('26778', 'Yohan', 'MT', 52);
insert into student values('69864', 'Adri', 'DE', 112);
insert into student values('69897', 'Budi', 'IF', 117);
insert into student values('91426', 'Johan', 'DE', 21);
insert into student values('81234', 'Ahmad', 'HH', 51);
insert into student values('7223', 'Ande', 'DK', 61);
insert into student values('57489', 'Josu', 'HH', 43);
insert into student values('74014', 'Josu', 'MT', 26);
insert into student values('57925', 'Johan', 'IF', 16);
insert into student values('38542', 'rahmat', 'DF', 1);
insert into student values('87630', 'Adri', 'DK', 53);
insert into student values('40256', 'Ande', 'RR', 56);
insert into student values('9103', 'Ahmad', 'DE', 18);
insert into student values('69680', 'Adri', 'DE', 35);
insert into student values('43436', 'rahmat', 'DF', 93);
insert into student values('21980', 'Yohan', 'WW', 35);
insert into student values('34253', 'yuyun', 'IF', 118);
insert into student values('31938', 'Kiki', 'MT', 13);
insert into student values('93593', 'Johan', 'WW', 64);
insert into student values('2342', 'yuyun', 'DE', 75);
insert into student values('97115', 'Kiki', 'DK', 20);
insert into student values('11273', 'yuyun', 'DE', 71);
insert into student values('14144', 'rahmat', 'DE', 8);
insert into student values('49042', 'rahmat', 'DF', 40);
insert into student values('14870', 'Josu', 'HH', 81);
insert into student values('77961', 'Budi', 'RR', 129);
insert into student values('11215', 'yuyun', 'HH', 28);
insert into student values('90806', 'Ahmad', 'HH', 82);
insert into student values('12987', 'Johan', 'RQ', 35);
insert into student values('9382', 'Adri', 'DF', 92);
insert into student values('86193', 'Yohan', 'DE', 107);
insert into student values('7398', 'Johan', 'DK', 21);
insert into student values('33414', 'Kiki', 'RR', 5);
insert into student values('26117', 'Kiki', 'IF', 24);
insert into student values('92307', 'Yohan', 'RR', 78);
insert into student values('88822', 'Budi', 'MT', 65);
insert into student values('55347', 'Josu', 'IF', 103);
insert into student values('89067', 'Ahmad', 'DE', 20);
insert into student values('64066', 'yuyun', 'HH', 28);
insert into student values('6619', 'Kiki', 'RQ', 53);
insert into student values('85118', 'Yohan', 'HH', 86);
insert into student values('26524', 'Ande', 'WW', 127);
insert into student values('24778', 'yuyun', 'RQ', 87);
insert into student values('9192', 'Adri', 'MT', 52);
insert into student values('67206', 'rahmat', 'RR', 52);
insert into student values('51804', 'Budi', 'RR', 9);
insert into student values('82871', 'rahmat', 'HH', 3);
insert into student values('31572', 'rahmat', 'MT', 28);
insert into student values('34853', 'Ande', 'RR', 15);
insert into student values('80304', 'Yohan', 'HH', 48);
insert into student values('76631', 'Adri', 'DE', 94);
insert into student values('53234', 'Yohan', 'DE', 110);
insert into student values('55768', 'Johan', 'HH', 83);
insert into student values('97469', 'Ande', 'IF', 15);
insert into student values('56373', 'yuyun', 'IF', 127);
insert into student values('67031', 'yuyun', 'HH', 114);
insert into student values('86045', 'rahmat', 'HI', 62);
insert into student values('99431', 'Adri', 'MT', 44);
insert into student values('19967', 'rahmat', 'HI', 35);
insert into student values('22103', 'Kiki', 'RQ', 54);
insert into student values('11342', 'Kiki', 'WW', 104);
insert into student values('43026', 'Ahmad', 'DF', 118);
insert into student values('79712', 'Yohan', 'MT', 98);
insert into student values('92807', 'rahmat', 'HH', 88);
insert into student values('99498', 'Josu', 'DF', 33);
insert into student values('72547', 'Ande', 'DK', 2);
insert into student values('93157', 'Budi', 'HH', 6);
insert into student values('12955', 'Adri', 'WW', 29);
insert into student values('14348', 'Yohan', 'HI', 57);
insert into student values('34463', 'rahmat', 'HH', 58);
insert into student values('35547', 'Adri', 'DF', 92);
insert into student values('85575', 'yuyun', 'HH', 47);
insert into student values('58641', 'Ande', 'HI', 31);
insert into student values('72938', 'Josu', 'DF', 6);
insert into student values('41134', 'yuyun', 'MT', 93);
insert into student values('47425', 'Yohan', 'DE', 13);
insert into student values('90485', 'yuyun', 'MT', 45);
insert into student values('22728', 'Kiki', 'DK', 19);
insert into student values('36651', 'Yohan', 'IF', 28);
insert into student values('58525', 'Ahmad', 'DK', 107);
insert into student values('84661', 'rahmat', 'DF', 126);
insert into student values('37887', 'rahmat', 'DK', 121);
insert into student values('77501', 'Yohan', 'WW', 95);
insert into student values('21423', 'Adri', 'RR', 51);
insert into student values('41422', 'Yohan', 'MT', 12);
insert into student values('12786', 'Johan', 'RQ', 129);
insert into student values('26643', 'Josu', 'RQ', 70);
insert into student values('24044', 'Ahmad', 'HI', 73);
insert into student values('79835', 'Ahmad', 'WW', 26);
insert into student values('8421', 'Ande', 'MT', 78);
insert into student values('24759', 'Josu', 'HI', 100);
insert into student values('1704', 'Adri', 'RQ', 90);
insert into student values('1626', 'Ande', 'RR', 4);
insert into student values('15039', 'Adri', 'DK', 34);
insert into student values('97048', 'Josu', 'HI', 76);
insert into student values('25048', 'Ande', 'RQ', 38);
insert into student values('73575', 'Kiki', 'DK', 119);
insert into student values('91394', 'rahmat', 'HH', 109);
insert into student values('43648', 'Johan', 'MT', 52);
insert into student values('11056', 'Kiki', 'DK', 118);
insert into student values('74494', 'yuyun', 'HI', 114);
insert into student values('692', 'Ande', 'DF', 30);
insert into student values('95197', 'Ahmad', 'HI', 6);
insert into student values('44069', 'Budi', 'HI', 31);
insert into student values('94780', 'Yohan', 'MT', 30);
insert into student values('45465', 'rahmat', 'DE', 17);
insert into student values('56955', 'Johan', 'DF', 42);
insert into student values('11211', 'Johan', 'WW', 68);
insert into student values('27325', 'Yohan', 'DE', 92);
insert into student values('41237', 'yuyun', 'DE', 91);
insert into student values('50343', 'rahmat', 'MT', 53);
insert into student values('28150', 'yuyun', 'DE', 95);
insert into student values('12318', 'Budi', 'DF', 3);
insert into student values('58606', 'yuyun', 'HI', 19);
insert into student values('78796', 'rahmat', 'RQ', 106);
insert into student values('56124', 'Budi', 'MT', 3);
insert into student values('47356', 'Yohan', 'WW', 92);
insert into student values('21063', 'yuyun', 'MT', 38);
insert into student values('90617', 'rahmat', 'DE', 47);
insert into student values('89617', 'Ande', 'HH', 50);
insert into student values('38290', 'Josu', 'DF', 54);
insert into student values('16804', 'Budi', 'RQ', 104);
insert into student values('71065', 'Yohan', 'DF', 100);
insert into student values('10281', 'Ahmad', 'WW', 73);
insert into student values('74878', 'Adri', 'MT', 13);
insert into student values('66892', 'Josu', 'HI', 83);
insert into student values('27256', 'yuyun', 'RQ', 24);
insert into student values('93721', 'Ahmad', 'WW', 81);
insert into takes values('11342', '556', '1', 'Fall', 2003, 'C ');
insert into takes values('91394', '949', '2', 'Fall', 2005, 'B ');
insert into takes values('40256', '761', '1', 'Fall', 2005, 'C+');
insert into takes values('69893', '659', '1', 'Fall', 2008, 'C+');
insert into takes values('73575', '737', '3', 'Fall', 2002, 'A ');
insert into takes values('72938', '727', '4', 'Fall', 2002, 'A+');
insert into takes values('44694', '194', '4', 'Spring', 2003, 'C-');
insert into takes values('56955', '970', '4', 'Spring', 2002, 'B+');
insert into takes values('76071', '801', '2', 'Spring', 2006, 'A+');
insert into takes values('34253', '318', '2', 'Spring', 2006, 'C+');
insert into takes values('38290', '412', '1', 'Fall', 2009, 'A ');
insert into takes values('51255', '699', '1', 'Spring', 2006, 'A-');
insert into takes values('4037', '970', '2', 'Spring', 2003, 'A ');
insert into takes values('99303', '465', '1', 'Spring', 2009, 'C ');
insert into takes values('11211', '124', '3', 'Spring', 2007, 'B+');
insert into takes values('99498', '240', '1', 'Spring', 2009, 'B-');
insert into takes values('23430', '795', '1', 'Fall', 2008, 'B-');
insert into takes values('93050', '719', '1', 'Fall', 2002, 'A ');
insert into takes values('90485', '708', '1', 'Fall', 2001, 'A ');
insert into takes values('24759', '204', '1', 'Fall', 2009, 'B ');
insert into takes values('41134', '758', '3', 'Spring', 2004, 'B ');
insert into takes values('11342', '318', '1', 'Spring', 2006, 'C ');
insert into takes values('93671', '665', '2', 'Spring', 2002, 'A ');
insert into takes values('67031', '281', '3', 'Spring', 2008, 'B+');
insert into takes values('31811', '942', '3', 'Spring', 2010, 'A ');
insert into takes values('6761', '537', '1', 'Fall', 2003, 'A ');
insert into takes values('90376', '114', '1', 'Fall', 2003, 'B+');
insert into takes values('83978', '978', '1', 'Spring', 2010, 'C-');
insert into takes values('10281', '517', '2', 'Spring', 2005, 'B-');
insert into takes values('26524', '863', '2', 'Fall', 2004, 'C ');
insert into takes values('73575', '675', '1', 'Spring', 2009, 'A ');
insert into takes values('84661', '359', '3', 'Fall', 2005, 'C+');
insert into takes values('11215', '489', '1', 'Spring', 2006, 'A+');
insert into takes values('66695', '904', '1', 'Fall', 2003, 'C+');
insert into takes values('85575', '186', '1', 'Fall', 2009, 'B-');
insert into takes values('84154', '726', '2', 'Fall', 2004, 'B ');
insert into takes values('1626', '578', '1', 'Spring', 2005, 'B-');
insert into takes values('94780', '281', '2', 'Spring', 2008, 'B-');
insert into takes values('85118', '326', '3', 'Fall', 2007, 'C+');
insert into takes values('81234', '943', '3', 'Spring', 2001, 'B-');
insert into takes values('43026', '915', '3', 'Fall', 2001, 'B+');
insert into takes values('44069', '737', '3', 'Fall', 2002, 'A ');
insert into takes values('33604', '373', '1', 'Spring', 2004, 'C ');
insert into takes values('22070', '538', '1', 'Spring', 2004, 'C+');
insert into takes values('97469', '463', '1', 'Fall', 2002, 'A+');
insert into takes values('47596', '864', '1', 'Fall', 2009, 'A-');
insert into takes values('47356', '867', '1', 'Spring', 2008, 'B ');
insert into takes values('55316', '326', '3', 'Fall', 2007, 'A ');
insert into takes values('90485', '655', '4', 'Fall', 2003, 'B-');
insert into takes values('47596', '269', '3', 'Spring', 2009, 'B-');
insert into takes values('77225', '646', '3', 'Fall', 2001, 'B+');
insert into takes values('74878', '746', '1', 'Spring', 2006, 'B-');
insert into takes values('15600', '767', '5', 'Fall', 2003, 'C-');
insert into takes values('89617', '373', '3', 'Spring', 2003, 'C ');
insert into takes values('12318', '727', '2', 'Spring', 2009, 'C-');
insert into takes values('80917', '577', '1', 'Fall', 2004, 'B ');
insert into takes values('21063', '723', '2', 'Fall', 2003, 'A-');
insert into takes values('90376', '359', '1', 'Fall', 2005, 'B+');
insert into takes values('19331', '835', '2', 'Fall', 2009, 'C-');
insert into takes values('12318', '629', '1', 'Spring', 2007, 'B-');
insert into takes values('97048', '318', '2', 'Spring', 2006, 'C+');
insert into takes values('85118', '669', '2', 'Fall', 2004, 'B ');
insert into takes values('77225', '646', '1', 'Fall', 2010, 'A-');
insert into takes values('90376', '913', '2', 'Fall', 2004, 'A+');
insert into takes values('50856', '195', '2', 'Spring', 2004, 'C ');
insert into takes values('38290', '617', '3', 'Fall', 2008, 'C ');
insert into takes values('77225', '257', '2', 'Fall', 2003, 'B-');
insert into takes values('43436', '617', '2', 'Fall', 2004, 'A-');
insert into takes values('93721', '430', '1', 'Fall', 2008, 'B+');
insert into takes values('12955', '737', '5', 'Fall', 2001, 'A-');
insert into takes values('67031', '915', '2', 'Fall', 2009, 'C ');
insert into takes values('58525', '194', '5', 'Fall', 2004, 'B+');
insert into takes values('79835', '111', '2', 'Fall', 2001, 'C+');
insert into takes values('63759', '195', '2', 'Spring', 2004, 'B+');
insert into takes values('66892', '157', '2', 'Spring', 2001, 'A-');
insert into takes values('90806', '241', '3', 'Fall', 2007, 'C-');
insert into takes values('11056', '324', '2', 'Fall', 2008, 'A-');
insert into takes values('90617', '942', '2', 'Fall', 2003, 'C ');
insert into takes values('93593', '194', '1', 'Fall', 2006, 'B-');
insert into takes values('14348', '204', '3', 'Fall', 2005, 'A-');
insert into takes values('11055', '324', '2', 'Fall', 2008, 'C ');
insert into takes values('60052', '617', '1', 'Fall', 2007, 'C ');
insert into takes values('74014', '475', '1', 'Fall', 2005, 'B+');
insert into takes values('24778', '754', '3', 'Fall', 2008, 'B+');
insert into takes values('97048', '970', '1', 'Spring', 2003, 'B-');
insert into takes values('1626', '655', '1', 'Fall', 2002, 'A+');
insert into takes values('692', '404', '1', 'Fall', 2010, 'B+');
insert into takes values('43436', '258', '2', 'Fall', 2007, 'C-');
insert into takes values('2415', '813', '3', 'Fall', 2009, 'B-');
insert into takes values('57463', '352', '3', 'Fall', 2009, 'A+');
insert into takes values('22103', '126', '1', 'Spring', 2001, 'A+');
insert into takes values('49042', '943', '3', 'Spring', 2001, 'C-');
insert into takes values('22103', '917', '1', 'Spring', 2007, 'C ');
insert into takes values('50856', '832', '1', 'Fall', 2009, 'C-');
insert into takes values('2056', '194', '2', 'Fall', 2007, 'B ');
insert into takes values('92807', '985', '4', 'Fall', 2009, 'A+');
insert into takes values('56851', '719', '1', 'Fall', 2002, 'C ');
insert into takes values('66695', '464', '1', 'Spring', 2003, 'B-');
insert into takes values('692', '866', '2', 'Fall', 2007, 'B-');
insert into takes values('26494', '157', '1', 'Spring', 2004, 'B-');
insert into takes values('60052', '629', '1', 'Spring', 2007, 'B+');
insert into takes values('71065', '150', '1', 'Spring', 2008, 'B ');
insert into takes values('51894', '454', '2', 'Fall', 2002, 'B ');
insert into takes values('47596', '617', '4', 'Fall', 2004, 'A ');
insert into takes values('76071', '269', '2', 'Spring', 2004, 'A ');
insert into takes values('93157', '616', '2', 'Fall', 2007, 'A ');
insert into takes values('69864', '655', '3', 'Fall', 2002, 'A ');
insert into takes values('692', '498', '1', 'Fall', 2007, 'B+');
insert into takes values('43436', '362', '2', 'Fall', 2008, 'B-');
insert into takes values('31811', '558', '1', 'Fall', 2005, 'B+');
insert into takes values('74878', '579', '1', 'Fall', 2009, 'C+');
insert into takes values('6761', '727', '3', 'Spring', 2003, 'B-');
insert into takes values('21063', '978', '2', 'Spring', 2010, 'B ');
insert into takes values('53234', '324', '2', 'Fall', 2008, 'B-');
insert into takes values('11056', '352', '1', 'Spring', 2009, 'A-');
insert into takes values('66892', '784', '1', 'Fall', 2005, 'C-');
insert into takes values('27744', '141', '1', 'Fall', 2002, 'A-');
insert into takes values('19466', '699', '1', 'Spring', 2006, 'B ');
insert into takes values('8872', '758', '3', 'Spring', 2004, 'C+');
insert into takes values('26494', '577', '1', 'Fall', 2004, 'C+');
insert into takes values('2342', '737', '2', 'Fall', 2007, 'B ');
insert into takes values('24759', '590', '1', 'Fall', 2001, 'C ');
insert into takes values('95197', '813', '3', 'Fall', 2009, 'B+');
insert into takes values('91426', '467', '2', 'Fall', 2009, 'B ');
insert into takes values('74494', '754', '3', 'Fall', 2008, 'A ');
insert into takes values('14870', '444', '2', 'Spring', 2009, 'A ');
insert into takes values('1626', '688', '4', 'Spring', 2005, 'B+');
insert into takes values('11055', '269', '1', 'Spring', 2003, 'B+');
insert into takes values('44069', '942', '1', 'Fall', 2001, 'B+');
insert into takes values('66695', '913', '1', 'Fall', 2007, 'C ');
insert into takes values('75382', '629', '1', 'Spring', 2007, 'C+');
insert into takes values('90485', '681', '1', 'Spring', 2002, 'B+');
insert into takes values('83978', '970', '4', 'Spring', 2002, 'B ');
insert into takes values('27256', '498', '1', 'Fall', 2007, 'A+');
insert into takes values('58606', '257', '1', 'Spring', 2003, 'C+');
insert into takes values('60971', '501', '3', 'Spring', 2001, 'A-');
insert into takes values('99303', '517', '2', 'Spring', 2005, 'C ');
insert into takes values('26461', '223', '2', 'Fall', 2007, 'A ');
insert into takes values('63759', '646', '2', 'Fall', 2008, 'B+');
insert into takes values('2056', '517', '2', 'Spring', 2005, 'B+');
insert into takes values('69893', '985', '3', 'Spring', 2003, 'C+');
insert into takes values('88926', '126', '2', 'Spring', 2001, 'B ');
insert into takes values('26238', '801', '4', 'Spring', 2005, 'B ');
insert into takes values('91394', '655', '4', 'Fall', 2003, 'C+');
insert into takes values('27744', '723', '1', 'Spring', 2001, 'C+');
insert into takes values('41237', '213', '2', 'Spring', 2003, 'A ');
insert into takes values('2342', '917', '1', 'Spring', 2007, 'B-');
insert into takes values('55768', '665', '1', 'Fall', 2005, 'C-');
insert into takes values('56373', '943', '3', 'Spring', 2001, 'A+');
insert into takes values('51255', '428', '1', 'Fall', 2008, 'C ');
insert into takes values('6761', '737', '3', 'Fall', 2002, 'B-');
insert into takes values('33604', '978', '3', 'Spring', 2006, 'A+');
insert into takes values('11226', '411', '1', 'Spring', 2003, 'A+');
insert into takes values('57463', '373', '1', 'Spring', 2004, 'A ');
insert into takes values('86193', '655', '3', 'Fall', 2002, 'A ');
insert into takes values('88822', '184', '1', 'Fall', 2005, 'C+');
insert into takes values('71065', '727', '1', 'Spring', 2009, 'A-');
insert into takes values('88822', '720', '2', 'Fall', 2009, 'C-');
insert into takes values('45465', '723', '1', 'Spring', 2001, 'A-');
insert into takes values('89281', '784', '1', 'Fall', 2005, 'A+');
insert into takes values('81234', '943', '2', 'Spring', 2010, 'A-');
insert into takes values('19331', '669', '2', 'Fall', 2004, 'C-');
insert into takes values('36651', '537', '2', 'Fall', 2001, 'B ');
insert into takes values('34463', '867', '1', 'Spring', 2008, 'C ');
insert into takes values('74878', '269', '3', 'Spring', 2009, 'A+');
insert into takes values('57489', '970', '1', 'Spring', 2003, 'B-');
insert into takes values('69680', '257', '2', 'Fall', 2003, 'C ');
insert into takes values('80917', '498', '1', 'Fall', 2007, 'A-');
insert into takes values('80779', '746', '2', 'Fall', 2006, 'A ');
insert into takes values('85575', '699', '1', 'Spring', 2006, 'B-');
insert into takes values('12318', '855', '1', 'Fall', 2003, 'B ');
insert into takes values('34463', '982', '1', 'Spring', 2010, 'B-');
insert into takes values('68267', '537', '2', 'Fall', 2001, 'C-');
insert into takes values('26117', '249', '3', 'Fall', 2003, 'A-');
insert into takes values('47596', '405', '5', 'Fall', 2010, 'B-');
insert into takes values('24759', '489', '1', 'Spring', 2006, 'A-');
insert into takes values('24044', '258', '2', 'Fall', 2007, 'C+');
insert into takes values('53234', '791', '2', 'Fall', 2007, 'C+');
insert into takes values('86045', '434', '2', 'Spring', 2010, 'B+');
insert into takes values('58641', '675', '1', 'Spring', 2009, 'B-');
insert into takes values('93050', '241', '2', 'Fall', 2010, 'B-');
insert into takes values('82409', '777', '1', 'Fall', 2004, 'B+');
insert into takes values('95197', '428', '1', 'Fall', 2008, 'A+');
insert into takes values('25048', '413', '1', 'Fall', 2004, 'B-');
insert into takes values('61908', '908', '1', 'Spring', 2008, 'C-');
insert into takes values('14348', '359', '2', 'Fall', 2006, 'A ');
insert into takes values('58606', '495', '1', 'Fall', 2009, 'C ');
insert into takes values('55316', '795', '4', 'Fall', 2004, 'A-');
insert into takes values('12987', '646', '1', 'Fall', 2010, 'A ');
insert into takes values('56124', '352', '1', 'Spring', 2009, 'B ');
insert into takes values('24759', '124', '1', 'Spring', 2001, 'B ');
insert into takes values('97115', '727', '3', 'Spring', 2003, 'A-');
insert into takes values('11273', '258', '1', 'Fall', 2008, 'C-');
insert into takes values('19466', '324', '1', 'Fall', 2001, 'C ');
insert into takes values('8421', '949', '2', 'Fall', 2005, 'C ');
insert into takes values('47352', '150', '2', 'Spring', 2004, 'A ');
insert into takes values('25390', '970', '3', 'Spring', 2009, 'A ');
insert into takes values('47425', '908', '2', 'Fall', 2005, 'A ');
insert into takes values('22070', '942', '1', 'Fall', 2001, 'B+');
insert into takes values('93162', '184', '1', 'Fall', 2005, 'A+');
insert into takes values('84661', '646', '1', 'Fall', 2010, 'C ');
insert into takes values('7223', '754', '2', 'Fall', 2005, 'B ');
insert into takes values('43648', '501', '1', 'Spring', 2008, 'C+');
insert into takes values('47356', '405', '5', 'Fall', 2010, 'A ');
insert into takes values('66695', '767', '3', 'Fall', 2009, 'C-');
insert into takes values('22103', '943', '1', 'Fall', 2004, 'B-');
insert into takes values('8872', '114', '2', 'Fall', 2004, 'B ');
insert into takes values('57463', '723', '2', 'Fall', 2003, 'B-');
insert into takes values('49042', '249', '1', 'Spring', 2008, 'C ');
insert into takes values('19331', '842', '3', 'Spring', 2006, 'C ');
insert into takes values('8421', '682', '2', 'Spring', 2008, 'B-');
insert into takes values('55316', '258', '2', 'Fall', 2007, 'C-');
insert into takes values('90894', '213', '1', 'Spring', 2010, 'C ');
insert into takes values('22728', '229', '2', 'Fall', 2010, 'C-');
insert into takes values('692', '791', '2', 'Fall', 2007, 'C+');
insert into takes values('97048', '405', '2', 'Spring', 2008, 'A-');
insert into takes values('28150', '555', '3', 'Spring', 2001, 'C+');
insert into takes values('83978', '706', '1', 'Spring', 2007, 'B+');
insert into takes values('24778', '979', '1', 'Fall', 2002, 'A-');
insert into takes values('43648', '876', '2', 'Spring', 2007, 'C-');
insert into takes values('11215', '744', '3', 'Fall', 2007, 'B+');
insert into takes values('28150', '109', '1', 'Spring', 2003, 'C+');
insert into takes values('85118', '405', '4', 'Spring', 2001, 'A ');
insert into takes values('6761', '258', '2', 'Fall', 2007, 'A+');
insert into takes values('14266', '978', '3', 'Spring', 2006, 'C-');
insert into takes values('90376', '130', '1', 'Fall', 2002, 'A+');
insert into takes values('86045', '951', '1', 'Spring', 2007, 'B+');
insert into takes values('86193', '249', '2', 'Spring', 2002, 'B-');
insert into takes values('40256', '908', '2', 'Fall', 2005, 'B-');
insert into takes values('61908', '111', '2', 'Fall', 2001, 'A-');
insert into takes values('33889', '584', '3', 'Fall', 2001, 'B-');
insert into takes values('67031', '359', '1', 'Fall', 2005, 'B-');
insert into takes values('80917', '655', '3', 'Fall', 2002, 'A ');
insert into takes values('31572', '577', '1', 'Fall', 2004, 'C-');
insert into takes values('68267', '157', '2', 'Spring', 2001, 'B-');
insert into takes values('57463', '130', '2', 'Fall', 2006, 'A ');
insert into takes values('14144', '659', '1', 'Fall', 2008, 'B+');
insert into takes values('72938', '707', '1', 'Spring', 2008, 'A+');
insert into takes values('56955', '538', '1', 'Spring', 2004, 'A+');
insert into takes values('92307', '150', '1', 'Spring', 2008, 'B-');
insert into takes values('9192', '970', '4', 'Spring', 2002, 'B ');
insert into takes values('55768', '655', '1', 'Fall', 2002, 'C-');
insert into takes values('28150', '384', '1', 'Fall', 2004, 'C ');
insert into takes values('692', '175', '2', 'Spring', 2005, 'C ');
insert into takes values('69864', '242', '2', 'Fall', 2001, 'A-');
insert into takes values('31938', '106', '2', 'Fall', 2005, 'B-');
insert into takes values('86045', '957', '1', 'Fall', 2004, 'A ');
insert into takes values('31938', '241', '2', 'Fall', 2010, 'C+');
insert into takes values('82871', '463', '2', 'Spring', 2005, 'A-');
insert into takes values('31572', '678', '1', 'Spring', 2008, 'A+');
insert into takes values('92807', '609', '2', 'Spring', 2005, 'B-');
insert into takes values('44069', '949', '1', 'Spring', 2005, 'B-');
insert into takes values('56373', '510', '1', 'Fall', 2002, 'A ');
insert into takes values('81261', '767', '3', 'Fall', 2009, 'B+');
insert into takes values('93593', '463', '1', 'Fall', 2002, 'B ');
insert into takes values('99498', '801', '4', 'Spring', 2005, 'B ');
insert into takes values('19466', '579', '3', 'Fall', 2008, 'B+');
insert into takes values('11211', '405', '6', 'Spring', 2007, 'B+');
insert into takes values('90485', '754', '3', 'Fall', 2008, 'C-');
insert into takes values('11273', '646', '1', 'Fall', 2010, 'C-');
insert into takes values('31938', '124', '1', 'Spring', 2001, 'C ');
insert into takes values('43648', '242', '2', 'Fall', 2001, 'B ');
insert into takes values('67206', '767', '4', 'Fall', 2007, 'B-');
insert into takes values('67206', '489', '2', 'Fall', 2003, 'B+');
insert into takes values('76071', '114', '1', 'Fall', 2003, 'B+');
insert into takes values('11273', '352', '4', 'Spring', 2010, 'A ');
insert into takes values('11342', '434', '1', 'Spring', 2004, 'A+');
insert into takes values('57463', '258', '3', 'Fall', 2006, 'B+');
insert into takes values('85118', '106', '1', 'Spring', 2001, 'A ');
insert into takes values('61908', '269', '1', 'Spring', 2003, 'C ');
insert into takes values('87630', '808', '1', 'Spring', 2006, 'C-');
insert into takes values('85118', '791', '1', 'Fall', 2002, 'A ');
insert into takes values('41422', '669', '2', 'Fall', 2004, 'C ');
insert into takes values('38290', '617', '2', 'Fall', 2004, 'C ');
insert into takes values('37887', '517', '1', 'Fall', 2002, 'A ');
insert into takes values('93162', '410', '1', 'Spring', 2009, 'B ');
insert into takes values('69680', '951', '2', 'Fall', 2004, 'C ');
insert into takes values('80304', '157', '1', 'Spring', 2004, 'C-');
insert into takes values('86045', '350', '1', 'Spring', 2009, 'A+');
insert into takes values('8421', '555', '2', 'Spring', 2006, 'B ');
insert into takes values('47425', '430', '2', 'Fall', 2001, 'A-');
insert into takes values('77225', '410', '2', 'Fall', 2009, 'C-');
insert into takes values('12318', '537', '1', 'Fall', 2003, 'C+');
insert into takes values('11055', '699', '1', 'Spring', 2006, 'A-');
insert into takes values('66892', '258', '1', 'Fall', 2008, 'C+');
insert into takes values('95375', '413', '2', 'Fall', 2009, 'B+');
insert into takes values('91394', '832', '1', 'Fall', 2009, 'A ');
insert into takes values('77961', '106', '2', 'Fall', 2005, 'C ');
insert into takes values('9382', '746', '1', 'Spring', 2006, 'B-');
insert into takes values('19464', '229', '3', 'Fall', 2006, 'B+');
insert into takes values('33604', '688', '1', 'Spring', 2003, 'C-');
insert into takes values('73575', '399', '1', 'Spring', 2002, 'A-');
insert into takes values('1626', '982', '2', 'Spring', 2009, 'B+');
insert into takes values('9103', '744', '3', 'Fall', 2007, 'C-');
insert into takes values('80779', '856', '1', 'Spring', 2006, 'C-');
insert into takes values('31120', '726', '2', 'Fall', 2004, 'B-');
insert into takes values('72547', '726', '2', 'Fall', 2004, 'C-');
insert into takes values('73575', '258', '1', 'Fall', 2008, 'C+');
insert into takes values('10281', '609', '4', 'Fall', 2002, 'C-');
insert into takes values('22728', '754', '2', 'Fall', 2005, 'A-');
insert into takes values('93162', '985', '4', 'Fall', 2009, 'C ');
insert into takes values('26238', '241', '1', 'Fall', 2008, 'C-');
insert into takes values('92807', '777', '1', 'Fall', 2004, 'A-');
insert into takes values('37866', '403', '1', 'Spring', 2010, 'A+');
insert into takes values('93593', '479', '1', 'Spring', 2009, 'C-');
insert into takes values('58641', '348', '1', 'Fall', 2001, 'B-');
insert into takes values('23430', '784', '1', 'Fall', 2005, 'A-');
insert into takes values('26238', '737', '5', 'Fall', 2001, 'A ');
insert into takes values('2415', '464', '1', 'Spring', 2003, 'C-');
insert into takes values('51804', '727', '4', 'Fall', 2002, 'B ');
insert into takes values('97115', '646', '2', 'Fall', 2008, 'A ');
insert into takes values('33604', '373', '3', 'Spring', 2003, 'C+');
insert into takes values('83978', '281', '1', 'Spring', 2009, 'C-');
insert into takes values('34463', '558', '1', 'Fall', 2005, 'C+');
insert into takes values('47596', '246', '1', 'Fall', 2006, 'B ');
insert into takes values('59314', '678', '2', 'Fall', 2008, 'A-');
insert into takes values('72547', '688', '1', 'Spring', 2003, 'A+');
insert into takes values('89617', '584', '1', 'Fall', 2009, 'B ');
insert into takes values('11286', '727', '3', 'Spring', 2003, 'C ');
insert into takes values('60052', '917', '2', 'Fall', 2010, 'C+');
insert into takes values('89172', '229', '3', 'Fall', 2006, 'A ');
insert into takes values('87398', '454', '1', 'Spring', 2003, 'C ');
insert into takes values('66695', '584', '3', 'Fall', 2001, 'A+');
insert into takes values('12318', '352', '1', 'Spring', 2009, 'C+');
insert into takes values('83978', '384', '1', 'Fall', 2004, 'C ');
insert into takes values('88926', '501', '3', 'Spring', 2001, 'A ');
insert into takes values('11226', '832', '2', 'Fall', 2002, 'B ');
insert into takes values('74993', '501', '2', 'Spring', 2005, 'C-');
insert into takes values('38290', '678', '3', 'Spring', 2007, 'A+');
insert into takes values('26461', '195', '2', 'Spring', 2004, 'A ');
insert into takes values('75382', '269', '5', 'Fall', 2005, 'A-');
insert into takes values('93162', '269', '3', 'Spring', 2009, 'C+');
insert into takes values('79835', '196', '1', 'Fall', 2002, 'A ');
insert into takes values('92807', '495', '3', 'Fall', 2005, 'B-');
insert into takes values('19464', '428', '2', 'Fall', 2003, 'C+');
insert into takes values('47425', '413', '2', 'Fall', 2009, 'C-');
insert into takes values('67206', '737', '4', 'Spring', 2003, 'B-');
insert into takes values('74494', '498', '1', 'Fall', 2007, 'C-');
insert into takes values('12955', '746', '1', 'Spring', 2006, 'C+');
insert into takes values('27256', '405', '4', 'Spring', 2001, 'A ');
insert into takes values('86858', '194', '4', 'Spring', 2003, 'B-');
insert into takes values('35547', '949', '2', 'Fall', 2005, 'A-');
insert into takes values('51804', '866', '1', 'Fall', 2008, 'C-');
insert into takes values('64066', '915', '3', 'Fall', 2001, 'C-');
insert into takes values('14870', '767', '2', 'Spring', 2005, 'C ');
insert into takes values('97048', '269', '3', 'Spring', 2009, 'B ');
insert into takes values('58641', '269', '5', 'Fall', 2005, 'C ');
insert into takes values('41422', '555', '3', 'Spring', 2001, 'C-');
insert into takes values('51894', '842', '2', 'Spring', 2001, 'B+');
insert into takes values('41237', '112', '1', 'Fall', 2010, 'C-');
insert into takes values('15039', '767', '5', 'Fall', 2003, 'B-');
insert into takes values('8421', '517', '1', 'Fall', 2002, 'B ');
insert into takes values('77961', '124', '2', 'Spring', 2005, 'A ');
insert into takes values('92307', '463', '1', 'Fall', 2002, 'A-');
insert into takes values('80779', '410', '2', 'Fall', 2009, 'B+');
insert into takes values('15039', '737', '3', 'Fall', 2002, 'C+');
insert into takes values('44694', '475', '3', 'Fall', 2009, 'B-');
insert into takes values('57489', '257', '1', 'Spring', 2003, 'B-');
insert into takes values('15600', '863', '2', 'Fall', 2004, 'A-');
insert into takes values('14870', '318', '5', 'Fall', 2006, 'C+');
insert into takes values('21423', '921', '2', 'Fall', 2001, 'C+');
insert into takes values('80779', '966', '1', 'Spring', 2010, 'B+');
insert into takes values('12318', '913', '4', 'Spring', 2002, 'A-');
insert into takes values('2342', '479', '2', 'Fall', 2002, 'B-');
insert into takes values('44694', '921', '2', 'Fall', 2001, 'A ');
insert into takes values('6619', '286', '2', 'Spring', 2004, 'C ');
insert into takes values('54323', '842', '3', 'Spring', 2006, 'A+');
insert into takes values('31572', '428', '2', 'Fall', 2003, 'C ');
insert into takes values('41134', '727', '4', 'Fall', 2002, 'B-');
insert into takes values('97469', '464', '2', 'Spring', 2002, 'A-');
insert into takes values('91426', '791', '2', 'Fall', 2007, 'C+');
insert into takes values('81234', '301', '1', 'Fall', 2007, 'C+');
insert into takes values('56851', '957', '1', 'Fall', 2004, 'A-');
insert into takes values('74494', '301', '1', 'Fall', 2007, 'B+');
insert into takes values('24759', '249', '3', 'Fall', 2003, 'C ');
insert into takes values('26238', '111', '1', 'Spring', 2004, 'A-');
insert into takes values('87630', '362', '2', 'Fall', 2008, 'A ');
insert into takes values('27325', '951', '4', 'Spring', 2005, 'B-');
insert into takes values('6619', '609', '4', 'Fall', 2002, 'B-');
insert into takes values('37866', '943', '2', 'Spring', 2010, 'A-');
insert into takes values('45691', '269', '3', 'Spring', 2009, 'C-');
insert into takes values('92807', '463', '4', 'Fall', 2009, 'A+');
insert into takes values('26117', '359', '1', 'Fall', 2005, 'B+');
insert into takes values('58525', '665', '2', 'Spring', 2002, 'A ');
insert into takes values('50343', '832', '2', 'Fall', 2002, 'B+');
insert into takes values('34463', '195', '1', 'Fall', 2010, 'B+');
insert into takes values('58606', '281', '3', 'Spring', 2008, 'B+');
insert into takes values('93050', '246', '1', 'Fall', 2006, 'C-');
insert into takes values('89617', '864', '1', 'Fall', 2009, 'A+');
insert into takes values('43436', '970', '1', 'Spring', 2003, 'C ');
insert into takes values('84661', '204', '2', 'Fall', 2005, 'A-');
insert into takes values('45691', '921', '1', 'Fall', 2009, 'A-');
insert into takes values('2342', '682', '2', 'Spring', 2008, 'A-');
insert into takes values('11056', '495', '1', 'Fall', 2009, 'B-');
insert into takes values('21063', '204', '1', 'Fall', 2009, 'B+');
insert into takes values('89067', '835', '1', 'Spring', 2009, 'C+');
insert into takes values('31811', '359', '3', 'Fall', 2005, 'B ');
insert into takes values('81234', '150', '2', 'Spring', 2004, 'A-');
insert into takes values('78796', '577', '2', 'Fall', 2010, 'C-');
insert into takes values('14668', '393', '1', 'Fall', 2010, 'A ');
insert into advisor values('57463', '31335');
insert into advisor values('59314', '62626');
insert into advisor values('74929', '2705');
insert into advisor values('47352', '44131');
insert into advisor values('61908', '80760');
insert into advisor values('4037', '21750');
insert into advisor values('22070', '31335');
insert into advisor values('76071', '33828');
insert into advisor values('14668', '21058');
insert into advisor values('25390', '43365');
insert into advisor values('11055', '18822');
insert into advisor values('80779', '2705');
insert into advisor values('14266', '8473');
insert into advisor values('74993', '56501');
insert into advisor values('82409', '88149');
insert into advisor values('92247', '88149');
insert into advisor values('83706', '21750');
insert into advisor values('89172', '23324');
insert into advisor values('63759', '31335');
insert into advisor values('33889', '29259');
insert into advisor values('86858', '46988');
insert into advisor values('93050', '44131');
insert into advisor values('31120', '27355');
insert into advisor values('26461', '77903');
insert into advisor values('23430', '62626');
insert into advisor values('19464', '25644');
insert into advisor values('51894', '22524');
insert into advisor values('88926', '27607');
insert into advisor values('37866', '21058');
insert into advisor values('19331', '80760');
insert into advisor values('2415', '38316');
insert into advisor values('45691', '30743');
insert into advisor values('55316', '39706');
insert into advisor values('90894', '7403');
insert into advisor values('90376', '31335');
insert into advisor values('99303', '23324');
insert into advisor values('25598', '25644');
insert into advisor values('95375', '98753');
insert into advisor values('47596', '26045');
insert into advisor values('75382', '14517');
insert into advisor values('93671', '77903');
insert into advisor values('60971', '29259');
insert into advisor values('50856', '78706');
insert into advisor values('26238', '88149');
insert into advisor values('6761', '40324');
insert into advisor values('33604', '83021');
insert into advisor values('8872', '77903');
insert into advisor values('54323', '8473');
insert into advisor values('14723', '99162');
insert into advisor values('89281', '99162');
insert into advisor values('84154', '43365');
insert into advisor values('2056', '88149');
insert into advisor values('15600', '8473');
insert into advisor values('69893', '20388');
insert into advisor values('93162', '7403');
insert into advisor values('60052', '26045');
insert into advisor values('81261', '80480');
insert into advisor values('80917', '23324');
insert into advisor values('31811', '32983');
insert into advisor values('83978', '30743');
insert into advisor values('51255', '22524');
insert into advisor values('11286', '98753');
insert into advisor values('56851', '29259');
insert into advisor values('26494', '25644');
insert into advisor values('77225', '43365');
insert into advisor values('68267', '32983');
insert into advisor values('66695', '69782');
insert into advisor values('87398', '31335');
insert into advisor values('27744', '38316');
insert into advisor values('11226', '43365');
insert into advisor values('19466', '31335');
insert into advisor values('44694', '28588');
insert into advisor values('26778', '42285');
insert into advisor values('69864', '62626');
insert into advisor values('69897', '78706');
insert into advisor values('91426', '8473');
insert into advisor values('81234', '14517');
insert into advisor values('7223', '83021');
insert into advisor values('57489', '40324');
insert into advisor values('74014', '63441');
insert into advisor values('57925', '30743');
insert into advisor values('38542', '99162');
insert into advisor values('87630', '29259');
insert into advisor values('40256', '88149');
insert into advisor values('9103', '32983');
insert into advisor values('69680', '77903');
insert into advisor values('43436', '56919');
insert into advisor values('21980', '48877');
insert into advisor values('34253', '69782');
insert into advisor values('31938', '40293');
insert into advisor values('93593', '56501');
insert into advisor values('2342', '83021');
insert into advisor values('97115', '26045');
insert into advisor values('11273', '80760');
insert into advisor values('14144', '43365');
insert into advisor values('49042', '46988');
insert into advisor values('14870', '98753');
insert into advisor values('77961', '83021');
insert into advisor values('11215', '80480');
insert into advisor values('90806', '39706');
insert into advisor values('12987', '62626');
insert into advisor values('9382', '8473');
insert into advisor values('86193', '21750');
insert into advisor values('7398', '50415');
insert into advisor values('33414', '56919');
insert into advisor values('26117', '25644');
insert into advisor values('92307', '14517');
insert into advisor values('88822', '30743');
insert into advisor values('55347', '7403');
insert into advisor values('89067', '78706');
insert into advisor values('64066', '42032');
insert into advisor values('6619', '50415');
insert into advisor values('85118', '42285');
insert into advisor values('26524', '56919');
insert into advisor values('24778', '10022');
insert into advisor values('9192', '63441');
insert into advisor values('67206', '80480');
insert into advisor values('51804', '7403');
insert into advisor values('82871', '98753');
insert into advisor values('31572', '40324');
insert into advisor values('34853', '18822');
insert into advisor values('80304', '39706');
insert into advisor values('76631', '83021');
insert into advisor values('53234', '44131');
insert into advisor values('55768', '78706');
insert into advisor values('97469', '56919');
insert into advisor values('56373', '21484');
insert into advisor values('67031', '18879');
insert into advisor values('86045', '80480');
insert into advisor values('99431', '23324');
insert into advisor values('19967', '18822');
insert into advisor values('22103', '8473');
insert into advisor values('11342', '11449');
insert into advisor values('43026', '30743');
insert into advisor values('79712', '21058');
insert into advisor values('92807', '31335');
insert into advisor values('99498', '99162');
insert into advisor values('72547', '22524');
insert into advisor values('93157', '40293');
insert into advisor values('12955', '14517');
insert into advisor values('14348', '99162');
insert into advisor values('34463', '10022');
insert into advisor values('35547', '40293');
insert into advisor values('85575', '32983');
insert into advisor values('58641', '2705');
insert into advisor values('72938', '56919');
insert into advisor values('41134', '62626');
insert into advisor values('47425', '21058');
insert into advisor values('90485', '29259');
insert into advisor values('22728', '11449');
insert into advisor values('36651', '2705');
insert into advisor values('58525', '2705');
insert into advisor values('84661', '8473');
insert into advisor values('37887', '27355');
insert into advisor values('77501', '38316');
insert into advisor values('21423', '69782');
insert into advisor values('41422', '26045');
insert into advisor values('12786', '7403');
insert into advisor values('26643', '56919');
insert into advisor values('24044', '21484');
insert into advisor values('79835', '83021');
insert into advisor values('8421', '11449');
insert into advisor values('24759', '20388');
insert into advisor values('1704', '30743');
insert into advisor values('1626', '11449');
insert into advisor values('15039', '48877');
insert into advisor values('97048', '20388');
insert into advisor values('25048', '20388');
insert into advisor values('73575', '80480');
insert into advisor values('91394', '42032');
insert into advisor values('43648', '62626');
insert into advisor values('11056', '30743');
insert into advisor values('74494', '31335');
insert into advisor values('692', '27607');
insert into advisor values('95197', '56910');
insert into advisor values('44069', '21750');
insert into advisor values('94780', '21058');
insert into advisor values('45465', '43365');
insert into advisor values('56955', '88149');
insert into advisor values('11211', '26045');
insert into advisor values('27325', '21750');
insert into advisor values('41237', '11721');
insert into advisor values('50343', '48877');
insert into advisor values('28150', '2705');
insert into advisor values('12318', '42032');
insert into advisor values('58606', '33828');
insert into advisor values('78796', '69782');
insert into advisor values('56124', '40293');
insert into advisor values('47356', '26045');
insert into advisor values('21063', '23324');
insert into advisor values('90617', '69782');
insert into advisor values('89617', '30743');
insert into advisor values('38290', '38316');
insert into advisor values('16804', '11449');
insert into advisor values('71065', '44131');
insert into advisor values('10281', '2705');
insert into advisor values('74878', '21484');
insert into advisor values('66892', '25644');
insert into advisor values('27256', '22524');
insert into advisor values('93721', '42032');
insert into prereq values('278', '240');
insert into prereq values('309', '587');
insert into prereq values('407', '982');
insert into prereq values('904', '746');
insert into prereq values('904', '617');
insert into prereq values('915', '556');
insert into prereq values('866', '350');
insert into prereq values('275', '821');
insert into prereq values('150', '980');
insert into prereq values('223', '740');
insert into prereq values('327', '766');
insert into prereq values('610', '921');
insert into prereq values('985', '362');
insert into prereq values('130', '106');
insert into prereq values('420', '795');
insert into prereq values('726', '359');
insert into prereq values('479', '324');
insert into prereq values('677', '114');
insert into prereq values('754', '467');
insert into prereq values('700', '678');
insert into prereq values('957', '590');
insert into prereq values('653', '921');
insert into prereq values('495', '558');
insert into prereq values('982', '407');
insert into prereq values('352', '613');
insert into prereq values('993', '467');
insert into prereq values('766', '176');
insert into prereq values('579', '904');
insert into prereq values('979', '230');
insert into prereq values('420', '855');
insert into prereq values('681', '258');
insert into prereq values('677', '834');
insert into prereq values('479', '292');
insert into prereq values('175', '495');
insert into prereq values('515', '653');
insert into prereq values('363', '592');
insert into prereq values('281', '720');
insert into prereq values('204', '613');
insert into prereq values('784', '350');
insert into prereq values('106', '726');
insert into prereq values('917', '592');
insert into prereq values('584', '249');
insert into prereq values('213', '333');
insert into prereq values('230', '669');
insert into prereq values('708', '655');
insert into prereq values('821', '777');
insert into prereq values('134', '479');
insert into prereq values('141', '510');
insert into prereq values('373', '213');
insert into prereq values('407', '464');
insert into prereq values('982', '195');
insert into prereq values('301', '758');
insert into prereq values('419', '993');
insert into prereq values('163', '921');
insert into prereq values('834', '681');
insert into prereq values('913', '735');
insert into prereq values('579', '366');
insert into prereq values('791', '257');
insert into prereq values('186', '484');
insert into prereq values('475', '555');
insert into prereq values('766', '766');
insert into prereq values('114', '293');
insert into prereq values('795', '352');
insert into prereq values('979', '558');
insert into prereq values('320', '908');
insert into prereq values('655', '856');
insert into prereq values('384', '324');
insert into prereq values('655', '754');
insert into prereq values('867', '801');
insert into prereq values('184', '419');
insert into prereq values('688', '324');
insert into prereq values('982', '309');
insert into prereq values('978', '363');
insert into prereq values('150', '754');
insert into prereq values('708', '813');
insert into prereq values('957', '241');
insert into prereq values('141', '350');
insert into prereq values('501', '811');
insert into prereq values('655', '373');
insert into prereq values('740', '479');
insert into prereq values('475', '242');
insert into prereq values('592', '111');
insert into prereq values('293', '204');
insert into prereq values('979', '430');
insert into prereq values('349', '777');
insert into prereq values('921', '495');
insert into prereq values('740', '195');
insert into prereq values('339', '163');
insert into prereq values('479', '258');
insert into prereq values('106', '130');
insert into prereq values('275', '349');
insert into prereq values('278', '832');
insert into prereq values('907', '646');
insert into prereq values('257', '428');
insert into prereq values('489', '556');
insert into prereq values('774', '856');
insert into prereq values('957', '740');
insert into prereq values('176', '758');
insert into prereq values('194', '556');
insert into prereq values('114', '399');
