insert into classroom values('D', 605, 153);
insert into classroom values('I', 914, 31);
insert into classroom values('D', 50, 12);
insert into classroom values('B', 48, 14);
insert into classroom values('F', 579, 13);
insert into classroom values('I', 450, 20);
insert into classroom values('C', 558, 15);
insert into classroom values('F', 68, 12);
insert into classroom values('I', 606, 21);
insert into classroom values('C', 884, 15);
insert into department values('MT', 'E', 546432.66);
insert into department values('WW', 'J', 903422.29);
insert into department values('GF', 'A', 928013.17);
insert into department values('IF', 'I', 831129.79);
insert into department values('BN', 'A', 702639.53);
insert into department values('DE', 'B', 293288.83);
insert into department values('FR', 'A', 987429.17);
insert into department values('ED', 'J', 923729.21);
insert into department values('DK', 'J', 113233.16);
insert into department values('SS', 'J', 471162.44);
insert into course values('259', 'IF3211', 'MT', 4);
insert into course values('755', 'IF4321', 'ED', 3);
insert into course values('349', 'IF3022', 'SS', 4);
insert into course values('435', 'IF0230', 'MT', 4);
insert into course values('635', 'IF4041', 'DE', 3);
insert into course values('959', 'IF3022', 'DK', 4);
insert into course values('523', 'IF3031', 'SS', 3);
insert into course values('543', 'IF3022', 'FR', 3);
insert into course values('189', 'IF4041', 'ED', 3);
insert into course values('911', 'IF4321', 'DE', 3);
insert into course values('402', 'IF3120', 'WW', 4);
insert into course values('874', 'IF3333', 'ED', 3);
insert into course values('667', 'IF3022', 'BN', 4);
insert into course values('997', 'IF3030', 'BN', 3);
insert into course values('790', 'IF3333', 'BN', 4);
insert into course values('453', 'IF4041', 'SS', 3);
insert into course values('972', 'IF3120', 'GF', 4);
insert into course values('858', 'IF4321', 'SS', 3);
insert into course values('854', 'IF3030', 'DE', 3);
insert into course values('928', 'IF4041', 'ED', 3);
insert into course values('463', 'IF4321', 'IF', 4);
insert into course values('926', 'IF4321', 'MT', 3);
insert into course values('549', 'IF3120', 'MT', 3);
insert into course values('377', 'IF3030', 'FR', 4);
insert into course values('154', 'IF3030', 'ED', 4);
insert into course values('490', 'IF0230', 'MT', 3);
insert into course values('515', 'IF3211', 'MT', 4);
insert into course values('174', 'IF3022', 'IF', 4);
insert into course values('600', 'IF5555', 'IF', 4);
insert into course values('574', 'IF3022', 'DE', 4);
insert into course values('282', 'IF0230', 'MT', 3);
insert into course values('941', 'IF3333', 'SS', 4);
insert into course values('285', 'IF3211', 'WW', 3);
insert into course values('297', 'IF3030', 'GF', 4);
insert into course values('221', 'IF3120', 'MT', 4);
insert into course values('146', 'IF3333', 'BN', 3);
insert into course values('778', 'IF0230', 'FR', 3);
insert into course values('843', 'IF3030', 'WW', 3);
insert into course values('163', 'IF4041', 'SS', 4);
insert into course values('795', 'IF0230', 'MT', 3);
insert into course values('618', 'IF3333', 'WW', 4);
insert into course values('454', 'IF3120', 'BN', 4);
insert into course values('630', 'IF4041', 'ED', 4);
insert into course values('754', 'IF3030', 'SS', 3);
insert into course values('659', 'IF3031', 'WW', 4);
insert into course values('789', 'IF3211', 'ED', 3);
insert into course values('274', 'IF3030', 'WW', 3);
insert into course values('803', 'IF3030', 'IF', 4);
insert into course values('364', 'IF0230', 'SS', 4);
insert into course values('455', 'IF3031', 'MT', 4);
insert into course values('985', 'IF3022', 'SS', 3);
insert into course values('512', 'IF3022', 'WW', 3);
insert into course values('691', 'IF0230', 'DE', 3);
insert into course values('263', 'IF0230', 'SS', 4);
insert into course values('668', 'IF3333', 'SS', 3);
insert into course values('912', 'IF3030', 'IF', 4);
insert into course values('504', 'IF3031', 'DK', 4);
insert into course values('895', 'IF3120', 'MT', 4);
insert into course values('623', 'IF4041', 'FR', 4);
insert into course values('996', 'IF3030', 'FR', 4);
insert into course values('920', 'IF4041', 'DE', 3);
insert into course values('476', 'IF3031', 'DE', 4);
insert into course values('857', 'IF0230', 'BN', 4);
insert into course values('627', 'IF3030', 'WW', 3);
insert into course values('413', 'IF4041', 'IF', 4);
insert into course values('643', 'IF3031', 'ED', 3);
insert into course values('213', 'IF4321', 'DE', 4);
insert into course values('747', 'IF4321', 'DE', 3);
insert into course values('506', 'IF3211', 'DE', 3);
insert into course values('905', 'IF3211', 'GF', 3);
insert into course values('816', 'IF3333', 'MT', 4);
insert into course values('887', 'IF3031', 'FR', 3);
insert into course values('262', 'IF4321', 'ED', 3);
insert into course values('624', 'IF4041', 'FR', 3);
insert into course values('520', 'IF4041', 'MT', 4);
insert into course values('145', 'IF3030', 'BN', 3);
insert into course values('925', 'IF3022', 'SS', 3);
insert into course values('855', 'IF3211', 'MT', 4);
insert into course values('540', 'IF3031', 'FR', 3);
insert into course values('239', 'IF4041', 'SS', 4);
insert into course values('741', 'IF3030', 'FR', 4);
insert into course values('567', 'IF4321', 'GF', 4);
insert into course values('333', 'IF3022', 'MT', 4);
insert into course values('711', 'IF3031', 'MT', 3);
insert into course values('302', 'IF3022', 'BN', 3);
insert into course values('421', 'IF4321', 'WW', 3);
insert into course values('131', 'IF3030', 'SS', 4);
insert into course values('178', 'IF4321', 'IF', 3);
insert into course values('736', 'IF4321', 'WW', 4);
insert into course values('581', 'IF0230', 'SS', 4);
insert into course values('456', 'IF3333', 'DE', 4);
insert into course values('307', 'IF3030', 'DE', 3);
insert into course values('346', 'IF4041', 'BN', 4);
insert into course values('397', 'IF3120', 'SS', 3);
insert into course values('322', 'IF3120', 'IF', 4);
insert into course values('318', 'IF4321', 'IF', 4);
insert into course values('814', 'IF3120', 'IF', 3);
insert into course values('889', 'IF3211', 'BN', 3);
insert into course values('655', 'IF0230', 'DE', 4);
insert into course values('292', 'IF4321', 'ED', 4);
insert into course values('886', 'IF4041', 'DE', 4);
insert into course values('728', 'IF5555', 'BN', 4);
insert into course values('744', 'IF3333', 'SS', 3);
insert into course values('798', 'IF5555', 'MT', 4);
insert into course values('486', 'IF3022', 'DE', 3);
insert into course values('661', 'IF0230', 'GF', 3);
insert into course values('602', 'IF4321', 'SS', 3);
insert into course values('596', 'IF3022', 'DE', 4);
insert into course values('548', 'IF3120', 'DK', 4);
insert into course values('573', 'IF3333', 'WW', 3);
insert into course values('191', 'IF0230', 'MT', 3);
insert into course values('484', 'IF4041', 'BN', 3);
insert into course values('698', 'IF3030', 'MT', 4);
insert into course values('369', 'IF3022', 'FR', 4);
insert into course values('481', 'IF3120', 'GF', 4);
insert into course values('107', 'IF4321', 'WW', 3);
insert into course values('449', 'IF3031', 'FR', 4);
insert into course values('466', 'IF5555', 'GF', 3);
insert into course values('964', 'IF4041', 'SS', 3);
insert into course values('585', 'IF3120', 'IF', 3);
insert into course values('368', 'IF3333', 'ED', 3);
insert into course values('793', 'IF3333', 'WW', 3);
insert into course values('681', 'IF3120', 'BN', 3);
insert into course values('396', 'IF4321', 'IF', 3);
insert into course values('124', 'IF4041', 'SS', 4);
insert into course values('283', 'IF4321', 'DK', 4);
insert into course values('517', 'IF4321', 'FR', 4);
insert into course values('569', 'IF3030', 'GF', 4);
insert into course values('412', 'IF5555', 'IF', 4);
insert into course values('195', 'IF3031', 'DE', 3);
insert into course values('531', 'IF4321', 'WW', 3);
insert into course values('296', 'IF3211', 'ED', 3);
insert into course values('952', 'IF4321', 'GF', 3);
insert into course values('998', 'IF5555', 'BN', 3);
insert into course values('529', 'IF3333', 'DE', 4);
insert into course values('164', 'IF3030', 'ED', 3);
insert into course values('729', 'IF3022', 'GF', 3);
insert into course values('528', 'IF3030', 'DE', 3);
insert into course values('143', 'IF5555', 'GF', 4);
insert into course values('597', 'IF3333', 'GF', 4);
insert into course values('334', 'IF3031', 'DK', 4);
insert into course values('570', 'IF3211', 'ED', 4);
insert into course values('207', 'IF3120', 'FR', 3);
insert into course values('765', 'IF0230', 'ED', 4);
insert into course values('423', 'IF3120', 'GF', 3);
insert into course values('493', 'IF4321', 'DE', 3);
insert into course values('209', 'IF5555', 'SS', 3);
insert into course values('824', 'IF3333', 'SS', 3);
insert into course values('425', 'IF3211', 'DK', 3);
insert into course values('781', 'IF3120', 'IF', 4);
insert into course values('381', 'IF4321', 'SS', 4);
insert into course values('516', 'IF0230', 'MT', 3);
insert into course values('468', 'IF3022', 'WW', 4);
insert into course values('945', 'IF4041', 'WW', 3);
insert into course values('156', 'IF3211', 'IF', 4);
insert into course values('713', 'IF3031', 'ED', 3);
insert into course values('719', 'IF0230', 'SS', 3);
insert into course values('565', 'IF3022', 'IF', 4);
insert into course values('478', 'IF4321', 'ED', 3);
insert into course values('301', 'IF3030', 'WW', 4);
insert into course values('393', 'IF4321', 'WW', 4);
insert into course values('910', 'IF3030', 'WW', 3);
insert into course values('211', 'IF3211', 'GF', 4);
insert into course values('757', 'IF4041', 'ED', 4);
insert into course values('995', 'IF3333', 'ED', 3);
insert into course values('961', 'IF3120', 'BN', 4);
insert into course values('182', 'IF3030', 'MT', 4);
insert into course values('669', 'IF5555', 'IF', 4);
insert into course values('829', 'IF3031', 'MT', 3);
insert into course values('256', 'IF3120', 'BN', 4);
insert into course values('851', 'IF3030', 'MT', 3);
insert into course values('983', 'IF3120', 'DK', 3);
insert into course values('403', 'IF3333', 'ED', 3);
insert into course values('616', 'IF0230', 'GF', 3);
insert into course values('218', 'IF3031', 'BN', 3);
insert into course values('392', 'IF0230', 'MT', 3);
insert into course values('772', 'IF3022', 'IF', 4);
insert into course values('225', 'IF3022', 'MT', 4);
insert into course values('140', 'IF3211', 'MT', 4);
insert into course values('846', 'IF3333', 'ED', 4);
insert into course values('934', 'IF5555', 'ED', 3);
insert into course values('474', 'IF3211', 'SS', 4);
insert into course values('255', 'IF3211', 'DK', 4);
insert into course values('665', 'IF3211', 'FR', 3);
insert into course values('948', 'IF3211', 'MT', 3);
insert into course values('992', 'IF0230', 'FR', 3);
insert into course values('840', 'IF4041', 'MT', 3);
insert into course values('366', 'IF3333', 'SS', 3);
insert into course values('401', 'IF3022', 'MT', 4);
insert into course values('250', 'IF3030', 'WW', 4);
insert into course values('788', 'IF4041', 'MT', 4);
insert into course values('571', 'IF3030', 'BN', 3);
insert into course values('188', 'IF5555', 'DK', 4);
insert into course values('101', 'IF4041', 'FR', 4);
insert into course values('837', 'IF3211', 'IF', 4);
insert into course values('908', 'IF3211', 'DK', 3);
insert into course values('777', 'IF3030', 'SS', 4);
insert into course values('353', 'IF3211', 'ED', 3);
insert into course values('672', 'IF4041', 'FR', 3);
insert into course values('994', 'IF4321', 'GF', 3);
insert into instructor values('5920', 'Yohan', 'DK', 86634.99);
insert into instructor values('1896', 'Josu', 'BN', 105768.39);
insert into instructor values('10773', 'Ande', 'MT', 86058.49);
insert into instructor values('26119', 'Ahmad', 'DK', 99813.47);
insert into instructor values('38253', 'Ande', 'SS', 88791.26);
insert into instructor values('59499', 'Yohan', 'IF', 65676.93);
insert into instructor values('73384', 'Budi', 'SS', 92245.33);
insert into instructor values('8754', 'Budi', 'DE', 39798.41);
insert into instructor values('39310', 'Ande', 'FR', 73224.07);
insert into instructor values('29216', 'rahmat', 'WW', 38277.61);
insert into instructor values('93107', 'Ande', 'FR', 123316.35);
insert into instructor values('26949', 'Kiki', 'SS', 51664.08);
insert into instructor values('48562', 'rahmat', 'SS', 93048.44);
insert into instructor values('2780', 'Yohan', 'DE', 55208.04);
insert into instructor values('70292', 'rahmat', 'FR', 86935.66);
insert into instructor values('86951', 'Kiki', 'DK', 37700.28);
insert into instructor values('70088', 'Yohan', 'GF', 36829.11);
insert into instructor values('4374', 'rahmat', 'WW', 76345.64);
insert into instructor values('29738', 'Ande', 'SS', 69332.34);
insert into instructor values('72287', 'rahmat', 'WW', 62556.01);
insert into instructor values('6014', 'Johan', 'SS', 74566.03);
insert into instructor values('67108', 'yuyun', 'BN', 114114.91);
insert into instructor values('4883', 'Johan', 'WW', 78188.44);
insert into instructor values('43634', 'Kiki', 'SS', 92857.55);
insert into instructor values('19201', 'Ahmad', 'GF', 116332.48);
insert into instructor values('95422', 'rahmat', 'ED', 83826.31);
insert into instructor values('82189', 'Josu', 'MT', 113999.87);
insert into instructor values('65448', 'Adri', 'IF', 81803.22);
insert into instructor values('48674', 'Ahmad', 'IF', 71456.33);
insert into instructor values('96281', 'Adri', 'SS', 74187.22);
insert into instructor values('37304', 'yuyun', 'SS', 70300.75);
insert into instructor values('46534', 'Ande', 'BN', 105375.66);
insert into instructor values('38831', 'Johan', 'SS', 121135.26);
insert into instructor values('14732', 'Ahmad', 'WW', 57125.61);
insert into instructor values('57937', 'Ande', 'BN', 88142.01);
insert into instructor values('76595', 'Budi', 'DK', 81812.15);
insert into instructor values('53429', 'Kiki', 'BN', 42376.30);
insert into instructor values('92846', 'Kiki', 'BN', 81067.17);
insert into instructor values('8632', 'rahmat', 'MT', 115214.67);
insert into instructor values('95319', 'Kiki', 'GF', 30973.58);
insert into instructor values('77219', 'Johan', 'WW', 46150.55);
insert into instructor values('86036', 'Budi', 'GF', 116806.31);
insert into instructor values('28906', 'Ahmad', 'GF', 45008.62);
insert into instructor values('71927', 'Ahmad', 'BN', 55252.76);
insert into instructor values('48841', 'Johan', 'DE', 117653.61);
insert into instructor values('26551', 'Johan', 'IF', 50111.92);
insert into instructor values('88806', 'Kiki', 'IF', 36397.32);
insert into instructor values('46553', 'rahmat', 'ED', 48662.66);
insert into instructor values('36980', 'Budi', 'ED', 71562.32);
insert into instructor values('42635', 'Yohan', 'SS', 40208.22);
insert into section values('548', '1', 'Fall', 2007, 'B', '48', 'O');
insert into section values('218', '1', 'Spring', 2004, 'F', '579', 'I');
insert into section values('174', '1', 'Fall', 2001, 'D', '605', 'H');
insert into section values('795', '1', 'Fall', 2008, 'F', '579', 'H');
insert into section values('948', '1', 'Fall', 2002, 'F', '579', 'D');
insert into section values('283', '1', 'Fall', 2003, 'F', '68', 'H');
insert into section values('531', '1', 'Fall', 2009, 'F', '68', 'H');
insert into section values('263', '1', 'Fall', 2008, 'F', '579', 'L');
insert into section values('218', '2', 'Spring', 2002, 'C', '884', 'L');
insert into section values('691', '1', 'Spring', 2009, 'I', '450', 'N');
insert into section values('512', '1', 'Fall', 2005, 'I', '450', 'F');
insert into section values('296', '1', 'Spring', 2001, 'C', '558', 'F');
insert into section values('711', '1', 'Spring', 2003, 'F', '68', 'F');
insert into section values('655', '1', 'Fall', 2006, 'F', '68', 'M');
insert into section values('255', '1', 'Spring', 2004, 'I', '914', 'M');
insert into section values('908', '1', 'Spring', 2003, 'I', '914', 'D');
insert into section values('209', '1', 'Fall', 2004, 'I', '606', 'M');
insert into section values('435', '1', 'Fall', 2010, 'F', '68', 'K');
insert into section values('889', '1', 'Spring', 2001, 'D', '50', 'F');
insert into section values('283', '2', 'Spring', 2007, 'F', '579', 'I');
insert into section values('630', '1', 'Fall', 2001, 'F', '579', 'P');
insert into section values('178', '1', 'Spring', 2001, 'F', '579', 'L');
insert into section values('998', '1', 'Fall', 2006, 'I', '450', 'O');
insert into section values('182', '1', 'Spring', 2004, 'F', '68', 'O');
insert into section values('681', '1', 'Spring', 2009, 'D', '605', 'O');
insert into section values('369', '1', 'Spring', 2005, 'D', '605', 'I');
insert into section values('263', '2', 'Spring', 2008, 'C', '884', 'E');
insert into section values('377', '1', 'Spring', 2009, 'I', '606', 'A');
insert into section values('790', '1', 'Fall', 2008, 'D', '605', 'H');
insert into section values('506', '1', 'Fall', 2006, 'C', '884', 'K');
insert into section values('854', '1', 'Fall', 2004, 'C', '884', 'N');
insert into section values('755', '1', 'Spring', 2001, 'F', '579', 'O');
insert into section values('567', '1', 'Spring', 2007, 'I', '450', 'E');
insert into section values('798', '1', 'Fall', 2009, 'F', '579', 'L');
insert into section values('781', '1', 'Fall', 2004, 'D', '50', 'N');
insert into section values('476', '1', 'Fall', 2009, 'I', '606', 'K');
insert into section values('282', '1', 'Spring', 2001, 'F', '68', 'G');
insert into section values('349', '1', 'Spring', 2005, 'C', '884', 'E');
insert into section values('454', '1', 'Spring', 2004, 'C', '884', 'E');
insert into section values('729', '1', 'Fall', 2001, 'I', '606', 'M');
insert into section values('449', '1', 'Spring', 2008, 'C', '558', 'C');
insert into section values('156', '1', 'Fall', 2010, 'I', '606', 'G');
insert into section values('463', '1', 'Spring', 2006, 'F', '68', 'D');
insert into section values('600', '1', 'Fall', 2010, 'I', '914', 'N');
insert into section values('961', '1', 'Fall', 2004, 'I', '914', 'D');
insert into section values('301', '1', 'Fall', 2004, 'I', '914', 'K');
insert into section values('824', '1', 'Spring', 2007, 'D', '50', 'H');
insert into section values('435', '2', 'Fall', 2010, 'D', '50', 'N');
insert into section values('874', '1', 'Spring', 2004, 'I', '450', 'E');
insert into section values('672', '1', 'Fall', 2004, 'F', '579', 'C');
insert into section values('322', '1', 'Fall', 2004, 'I', '914', 'O');
insert into section values('668', '1', 'Fall', 2004, 'C', '884', 'C');
insert into section values('412', '1', 'Fall', 2006, 'C', '884', 'O');
insert into section values('661', '1', 'Fall', 2009, 'F', '579', 'I');
insert into section values('282', '2', 'Spring', 2001, 'I', '914', 'C');
insert into section values('209', '2', 'Fall', 2003, 'C', '558', 'L');
insert into section values('285', '1', 'Fall', 2008, 'B', '48', 'C');
insert into section values('824', '2', 'Fall', 2001, 'I', '606', 'B');
insert into section values('221', '1', 'Spring', 2003, 'F', '579', 'G');
insert into section values('156', '2', 'Spring', 2003, 'B', '48', 'M');
insert into section values('961', '2', 'Spring', 2005, 'F', '68', 'F');
insert into section values('772', '1', 'Spring', 2005, 'D', '50', 'O');
insert into section values('412', '2', 'Fall', 2006, 'D', '605', 'B');
insert into section values('486', '1', 'Fall', 2010, 'F', '68', 'H');
insert into section values('274', '1', 'Spring', 2001, 'F', '68', 'C');
insert into section values('515', '1', 'Spring', 2002, 'B', '48', 'L');
insert into section values('274', '2', 'Spring', 2008, 'B', '48', 'H');
insert into section values('163', '1', 'Spring', 2010, 'B', '48', 'P');
insert into section values('283', '3', 'Spring', 2003, 'I', '450', 'E');
insert into section values('478', '1', 'Spring', 2002, 'D', '605', 'L');
insert into section values('476', '2', 'Spring', 2008, 'D', '605', 'G');
insert into section values('333', '1', 'Spring', 2008, 'I', '914', 'M');
insert into section values('512', '2', 'Fall', 2004, 'C', '558', 'H');
insert into section values('182', '2', 'Fall', 2010, 'F', '68', 'A');
insert into section values('218', '3', 'Spring', 2004, 'I', '450', 'G');
insert into section values('282', '3', 'Fall', 2006, 'D', '605', 'K');
insert into section values('213', '1', 'Fall', 2007, 'I', '606', 'J');
insert into section values('972', '1', 'Fall', 2004, 'I', '606', 'L');
insert into section values('995', '1', 'Spring', 2006, 'I', '606', 'F');
insert into section values('816', '1', 'Fall', 2001, 'D', '50', 'F');
insert into section values('994', '1', 'Fall', 2008, 'I', '606', 'J');
insert into section values('777', '1', 'Spring', 2009, 'I', '914', 'P');
insert into section values('476', '3', 'Fall', 2001, 'C', '884', 'C');
insert into section values('596', '1', 'Fall', 2003, 'D', '50', 'L');
insert into section values('945', '1', 'Fall', 2001, 'D', '50', 'A');
insert into section values('855', '1', 'Fall', 2008, 'D', '605', 'A');
insert into section values('744', '1', 'Spring', 2002, 'D', '50', 'D');
insert into section values('255', '2', 'Spring', 2010, 'D', '605', 'M');
insert into section values('515', '2', 'Spring', 2009, 'B', '48', 'N');
insert into section values('998', '2', 'Fall', 2002, 'B', '48', 'H');
insert into section values('297', '1', 'Fall', 2003, 'I', '914', 'N');
insert into section values('585', '1', 'Fall', 2003, 'B', '48', 'N');
insert into section values('188', '1', 'Fall', 2002, 'D', '605', 'G');
insert into section values('174', '2', 'Fall', 2007, 'C', '884', 'B');
insert into section values('529', '1', 'Spring', 2002, 'I', '914', 'A');
insert into section values('995', '2', 'Spring', 2008, 'I', '606', 'B');
insert into section values('154', '1', 'Spring', 2006, 'C', '884', 'L');
insert into section values('195', '1', 'Fall', 2001, 'C', '884', 'K');
insert into section values('597', '1', 'Spring', 2010, 'I', '914', 'F');
insert into section values('523', '1', 'Fall', 2010, 'D', '50', 'J');
insert into section values('423', '1', 'Fall', 2004, 'C', '884', 'E');
insert into section values('540', '1', 'Spring', 2010, 'D', '605', 'P');
insert into section values('101', '1', 'Fall', 2006, 'D', '605', 'J');
insert into section values('616', '1', 'Spring', 2009, 'I', '450', 'M');
insert into section values('413', '1', 'Spring', 2003, 'C', '884', 'N');
insert into section values('296', '2', 'Spring', 2001, 'I', '606', 'A');
insert into section values('616', '2', 'Fall', 2008, 'I', '914', 'C');
insert into section values('952', '1', 'Fall', 2003, 'I', '914', 'F');
insert into section values('401', '1', 'Spring', 2002, 'F', '579', 'D');
insert into section values('851', '1', 'Fall', 2006, 'F', '68', 'B');
insert into section values('322', '2', 'Fall', 2004, 'I', '914', 'G');
insert into section values('736', '1', 'Spring', 2001, 'F', '68', 'I');
insert into section values('154', '2', 'Fall', 2006, 'F', '579', 'M');
insert into section values('490', '1', 'Fall', 2004, 'I', '450', 'L');
insert into section values('911', '1', 'Spring', 2005, 'I', '606', 'J');
insert into section values('874', '2', 'Spring', 2007, 'F', '579', 'I');
insert into section values('829', '1', 'Fall', 2002, 'F', '579', 'P');
insert into section values('570', '1', 'Spring', 2004, 'F', '579', 'I');
insert into section values('765', '1', 'Spring', 2005, 'D', '50', 'G');
insert into section values('250', '1', 'Fall', 2001, 'I', '450', 'F');
insert into section values('146', '1', 'Fall', 2008, 'C', '884', 'C');
insert into section values('854', '2', 'Spring', 2007, 'C', '884', 'I');
insert into section values('413', '2', 'Fall', 2003, 'I', '606', 'D');
insert into section values('107', '1', 'Fall', 2010, 'B', '48', 'C');
insert into section values('747', '1', 'Fall', 2009, 'I', '450', 'O');
insert into section values('468', '1', 'Fall', 2003, 'I', '450', 'A');
insert into section values('191', '1', 'Spring', 2008, 'I', '914', 'G');
insert into section values('486', '2', 'Fall', 2010, 'C', '884', 'N');
insert into section values('597', '2', 'Spring', 2010, 'I', '450', 'N');
insert into section values('698', '1', 'Fall', 2009, 'C', '884', 'G');
insert into section values('741', '1', 'Spring', 2006, 'I', '914', 'O');
insert into section values('493', '1', 'Spring', 2007, 'C', '558', 'C');
insert into section values('250', '2', 'Spring', 2004, 'I', '450', 'L');
insert into section values('474', '1', 'Spring', 2002, 'I', '914', 'B');
insert into section values('455', '1', 'Fall', 2008, 'D', '50', 'C');
insert into section values('255', '3', 'Fall', 2004, 'D', '605', 'N');
insert into section values('964', '1', 'Spring', 2010, 'I', '450', 'N');
insert into section values('672', '2', 'Fall', 2002, 'F', '579', 'B');
insert into section values('659', '1', 'Spring', 2008, 'F', '579', 'F');
insert into section values('623', '1', 'Fall', 2009, 'I', '606', 'N');
insert into section values('858', '1', 'Spring', 2009, 'B', '48', 'A');
insert into section values('618', '1', 'Spring', 2001, 'F', '68', 'H');
insert into section values('218', '4', 'Fall', 2003, 'F', '68', 'M');
insert into section values('449', '2', 'Fall', 2004, 'C', '558', 'E');
insert into section values('691', '2', 'Fall', 2005, 'D', '605', 'C');
insert into section values('528', '1', 'Fall', 2004, 'B', '48', 'L');
insert into section values('571', '1', 'Spring', 2010, 'I', '914', 'H');
insert into section values('795', '2', 'Spring', 2004, 'I', '450', 'P');
insert into section values('435', '3', 'Fall', 2009, 'D', '605', 'K');
insert into section values('803', '1', 'Spring', 2002, 'C', '884', 'M');
insert into section values('912', '1', 'Fall', 2005, 'B', '48', 'G');
insert into section values('548', '2', 'Spring', 2010, 'B', '48', 'I');
insert into section values('178', '2', 'Fall', 2010, 'C', '884', 'M');
insert into section values('504', '1', 'Fall', 2005, 'B', '48', 'B');
insert into section values('911', '2', 'Fall', 2009, 'D', '50', 'M');
insert into section values('393', '1', 'Spring', 2009, 'F', '579', 'C');
insert into section values('623', '2', 'Spring', 2004, 'I', '914', 'C');
insert into section values('145', '1', 'Fall', 2007, 'C', '558', 'I');
insert into section values('163', '2', 'Spring', 2002, 'F', '579', 'B');
insert into section values('493', '2', 'Spring', 2004, 'B', '48', 'I');
insert into section values('854', '3', 'Spring', 2005, 'D', '50', 'O');
insert into section values('466', '1', 'Spring', 2004, 'F', '579', 'I');
insert into section values('948', '2', 'Spring', 2008, 'D', '605', 'L');
insert into section values('596', '2', 'Fall', 2005, 'D', '605', 'H');
insert into section values('857', '1', 'Spring', 2009, 'I', '914', 'J');
insert into section values('571', '2', 'Fall', 2007, 'I', '450', 'E');
insert into section values('945', '2', 'Spring', 2002, 'C', '558', 'M');
insert into section values('736', '2', 'Spring', 2009, 'F', '579', 'J');
insert into section values('837', '1', 'Spring', 2001, 'I', '914', 'A');
insert into section values('983', '1', 'Spring', 2009, 'I', '606', 'K');
insert into section values('393', '2', 'Fall', 2008, 'D', '50', 'C');
insert into section values('920', '1', 'Spring', 2001, 'I', '606', 'O');
insert into section values('366', '1', 'Spring', 2001, 'D', '50', 'B');
insert into section values('255', '4', 'Spring', 2002, 'I', '606', 'A');
insert into section values('994', '2', 'Fall', 2009, 'D', '50', 'B');
insert into section values('585', '2', 'Spring', 2006, 'F', '68', 'L');
insert into section values('516', '1', 'Fall', 2001, 'I', '606', 'N');
insert into section values('318', '1', 'Fall', 2005, 'C', '558', 'J');
insert into section values('596', '3', 'Spring', 2008, 'C', '558', 'M');
insert into section values('691', '3', 'Fall', 2007, 'F', '68', 'D');
insert into section values('334', '1', 'Spring', 2002, 'I', '450', 'P');
insert into section values('964', '2', 'Fall', 2010, 'D', '605', 'O');
insert into section values('486', '3', 'Fall', 2003, 'C', '558', 'M');
insert into section values('798', '2', 'Spring', 2006, 'D', '605', 'G');
insert into section values('292', '1', 'Spring', 2002, 'C', '884', 'B');
insert into section values('643', '1', 'Fall', 2001, 'C', '884', 'P');
insert into section values('195', '2', 'Fall', 2010, 'F', '579', 'B');
insert into section values('425', '1', 'Fall', 2001, 'C', '558', 'M');
insert into section values('829', '2', 'Spring', 2010, 'I', '606', 'O');
insert into section values('256', '1', 'Spring', 2008, 'I', '606', 'D');
insert into section values('256', '2', 'Fall', 2010, 'B', '48', 'K');
insert into section values('928', '1', 'Spring', 2008, 'D', '605', 'K');
insert into section values('256', '3', 'Spring', 2008, 'I', '450', 'O');
insert into section values('209', '3', 'Spring', 2003, 'D', '50', 'M');
insert into section values('772', '2', 'Fall', 2005, 'F', '68', 'G');
insert into section values('948', '3', 'Spring', 2001, 'C', '558', 'P');
insert into section values('793', '1', 'Spring', 2001, 'C', '558', 'I');
insert into section values('468', '2', 'Fall', 2008, 'C', '884', 'J');
insert into section values('959', '1', 'Spring', 2002, 'C', '884', 'B');
insert into section values('912', '2', 'Spring', 2002, 'C', '884', 'H');
insert into section values('569', '1', 'Fall', 2006, 'C', '558', 'I');
insert into section values('476', '4', 'Fall', 2001, 'F', '68', 'L');
insert into section values('401', '2', 'Spring', 2007, 'I', '914', 'I');
insert into section values('529', '2', 'Spring', 2001, 'D', '50', 'I');
insert into section values('569', '2', 'Fall', 2001, 'F', '579', 'N');
insert into section values('285', '2', 'Spring', 2009, 'B', '48', 'P');
insert into section values('997', '1', 'Fall', 2005, 'F', '68', 'G');
insert into section values('346', '1', 'Fall', 2003, 'D', '50', 'O');
insert into section values('719', '1', 'Fall', 2005, 'C', '884', 'J');
insert into section values('486', '4', 'Spring', 2010, 'I', '606', 'G');
insert into section values('364', '1', 'Spring', 2006, 'I', '606', 'M');
insert into section values('191', '2', 'Spring', 2007, 'C', '558', 'F');
insert into section values('486', '5', 'Spring', 2009, 'I', '914', 'C');
insert into section values('516', '2', 'Spring', 2004, 'I', '606', 'M');
insert into section values('412', '3', 'Spring', 2001, 'I', '914', 'M');
insert into section values('368', '1', 'Spring', 2004, 'I', '450', 'N');
insert into section values('211', '1', 'Fall', 2005, 'F', '68', 'K');
insert into section values('623', '3', 'Fall', 2003, 'C', '558', 'M');
insert into section values('596', '4', 'Fall', 2010, 'D', '605', 'N');
insert into section values('755', '2', 'Fall', 2009, 'F', '579', 'M');
insert into section values('512', '3', 'Fall', 2004, 'D', '605', 'G');
insert into section values('959', '2', 'Fall', 2001, 'F', '579', 'N');
insert into section values('396', '1', 'Fall', 2004, 'D', '605', 'C');
insert into section values('188', '2', 'Spring', 2008, 'F', '68', 'N');
insert into section values('886', '1', 'Spring', 2008, 'F', '579', 'C');
insert into section values('691', '4', 'Fall', 2005, 'I', '914', 'P');
insert into section values('334', '2', 'Fall', 2002, 'C', '884', 'A');
insert into section values('449', '3', 'Spring', 2007, 'I', '914', 'J');
insert into section values('412', '4', 'Fall', 2002, 'F', '68', 'M');
insert into section values('466', '2', 'Fall', 2002, 'F', '68', 'B');
insert into section values('333', '2', 'Fall', 2001, 'D', '605', 'K');
insert into section values('154', '3', 'Fall', 2002, 'D', '605', 'G');
insert into section values('369', '2', 'Spring', 2010, 'C', '884', 'C');
insert into section values('515', '3', 'Spring', 2005, 'C', '884', 'B');
insert into section values('728', '1', 'Spring', 2005, 'D', '605', 'M');
insert into section values('920', '2', 'Fall', 2002, 'I', '606', 'E');
insert into section values('858', '2', 'Spring', 2005, 'I', '914', 'E');
insert into section values('840', '1', 'Spring', 2004, 'I', '450', 'B');
insert into section values('777', '2', 'Fall', 2008, 'F', '68', 'P');
insert into section values('392', '1', 'Fall', 2003, 'F', '68', 'L');
insert into section values('377', '2', 'Fall', 2005, 'I', '606', 'G');
insert into section values('972', '2', 'Fall', 2005, 'B', '48', 'N');
insert into section values('747', '2', 'Spring', 2007, 'I', '450', 'J');
insert into section values('624', '1', 'Spring', 2001, 'C', '558', 'M');
insert into section values('296', '3', 'Fall', 2004, 'I', '914', 'D');
insert into section values('920', '3', 'Fall', 2007, 'C', '884', 'H');
insert into section values('837', '2', 'Fall', 2008, 'B', '48', 'D');
insert into section values('790', '2', 'Fall', 2009, 'D', '50', 'A');
insert into section values('581', '1', 'Spring', 2007, 'B', '48', 'B');
insert into section values('569', '3', 'Spring', 2002, 'F', '579', 'M');
insert into section values('334', '3', 'Fall', 2005, 'C', '558', 'L');
insert into section values('781', '2', 'Fall', 2009, 'C', '884', 'M');
insert into section values('744', '2', 'Fall', 2004, 'D', '605', 'A');
insert into section values('747', '3', 'Spring', 2007, 'I', '450', 'B');
insert into section values('736', '3', 'Spring', 2002, 'F', '68', 'E');
insert into section values('803', '2', 'Spring', 2007, 'C', '884', 'M');
insert into section values('454', '2', 'Spring', 2004, 'C', '884', 'A');
insert into section values('453', '1', 'Spring', 2008, 'B', '48', 'H');
insert into section values('765', '2', 'Spring', 2007, 'D', '605', 'F');
insert into section values('512', '4', 'Fall', 2009, 'C', '558', 'F');
insert into section values('829', '3', 'Fall', 2002, 'D', '50', 'D');
insert into section values('413', '3', 'Fall', 2009, 'B', '48', 'A');
insert into section values('515', '4', 'Fall', 2007, 'I', '450', 'P');
insert into section values('994', '3', 'Spring', 2006, 'I', '450', 'H');
insert into section values('843', '1', 'Spring', 2002, 'I', '450', 'G');
insert into section values('920', '4', 'Spring', 2003, 'C', '884', 'H');
insert into section values('392', '2', 'Spring', 2008, 'I', '914', 'N');
insert into section values('333', '3', 'Spring', 2008, 'D', '605', 'M');
insert into section values('905', '1', 'Fall', 2004, 'C', '884', 'N');
insert into section values('624', '2', 'Fall', 2003, 'C', '558', 'N');
insert into section values('814', '1', 'Spring', 2001, 'C', '558', 'M');
insert into section values('997', '2', 'Spring', 2008, 'D', '50', 'G');
insert into section values('843', '2', 'Spring', 2010, 'C', '884', 'K');
insert into section values('713', '1', 'Fall', 2004, 'F', '68', 'K');
insert into section values('829', '4', 'Fall', 2001, 'I', '606', 'I');
insert into section values('225', '1', 'Spring', 2002, 'C', '558', 'M');
insert into section values('630', '2', 'Spring', 2006, 'I', '606', 'M');
insert into section values('174', '3', 'Fall', 2001, 'F', '68', 'O');
insert into section values('681', '2', 'Spring', 2010, 'I', '914', 'D');
insert into section values('435', '4', 'Fall', 2010, 'F', '68', 'P');
insert into section values('512', '5', 'Spring', 2005, 'I', '914', 'C');
insert into section values('506', '2', 'Fall', 2001, 'F', '68', 'J');
insert into section values('618', '2', 'Fall', 2005, 'C', '884', 'P');
insert into section values('156', '3', 'Fall', 2001, 'D', '50', 'A');
insert into section values('401', '3', 'Fall', 2005, 'B', '48', 'N');
insert into section values('994', '4', 'Spring', 2009, 'C', '558', 'H');
insert into section values('346', '2', 'Spring', 2004, 'C', '884', 'J');
insert into section values('623', '4', 'Fall', 2010, 'I', '450', 'J');
insert into section values('455', '2', 'Spring', 2003, 'C', '884', 'M');
insert into section values('377', '3', 'Spring', 2005, 'F', '579', 'A');
insert into section values('218', '5', 'Spring', 2006, 'I', '914', 'C');
insert into section values('195', '3', 'Spring', 2009, 'I', '450', 'F');
insert into section values('855', '2', 'Fall', 2006, 'I', '450', 'N');
insert into section values('189', '1', 'Fall', 2010, 'D', '605', 'C');
insert into section values('754', '1', 'Fall', 2002, 'I', '914', 'F');
insert into section values('765', '3', 'Spring', 2008, 'C', '558', 'D');
insert into section values('381', '1', 'Fall', 2002, 'F', '579', 'D');
insert into section values('736', '4', 'Fall', 2002, 'D', '50', 'A');
insert into section values('163', '3', 'Fall', 2003, 'F', '579', 'M');
insert into section values('952', '2', 'Fall', 2002, 'D', '50', 'D');
insert into section values('627', '1', 'Fall', 2002, 'I', '914', 'D');
insert into section values('698', '2', 'Fall', 2008, 'I', '914', 'C');
insert into section values('998', '3', 'Fall', 2010, 'C', '884', 'I');
insert into section values('985', '1', 'Fall', 2006, 'I', '450', 'B');
insert into section values('101', '2', 'Spring', 2002, 'C', '558', 'G');
insert into section values('421', '1', 'Spring', 2003, 'D', '605', 'F');
insert into section values('840', '2', 'Spring', 2006, 'F', '579', 'P');
insert into section values('209', '4', 'Fall', 2004, 'F', '579', 'N');
insert into section values('392', '3', 'Spring', 2005, 'B', '48', 'N');
insert into section values('154', '4', 'Fall', 2009, 'I', '606', 'I');
insert into section values('476', '5', 'Spring', 2010, 'I', '914', 'O');
insert into section values('366', '2', 'Spring', 2004, 'C', '558', 'L');
insert into section values('934', '1', 'Fall', 2004, 'F', '579', 'O');
insert into section values('667', '1', 'Fall', 2009, 'D', '50', 'B');
insert into section values('209', '5', 'Fall', 2007, 'I', '914', 'I');
insert into section values('857', '2', 'Spring', 2010, 'F', '579', 'M');
insert into section values('837', '3', 'Spring', 2003, 'F', '68', 'O');
insert into section values('964', '3', 'Fall', 2007, 'C', '558', 'I');
insert into section values('403', '1', 'Fall', 2004, 'D', '605', 'N');
insert into section values('616', '3', 'Fall', 2009, 'I', '606', 'G');
insert into section values('333', '4', 'Spring', 2009, 'C', '884', 'O');
insert into section values('164', '1', 'Fall', 2001, 'C', '884', 'D');
insert into section values('353', '1', 'Spring', 2001, 'C', '558', 'B');
insert into section values('333', '5', 'Fall', 2003, 'I', '914', 'L');
insert into section values('983', '2', 'Fall', 2005, 'F', '68', 'E');
insert into section values('540', '2', 'Spring', 2001, 'I', '450', 'E');
insert into section values('262', '1', 'Fall', 2008, 'B', '48', 'L');
insert into section values('959', '3', 'Fall', 2007, 'F', '68', 'P');
insert into section values('256', '4', 'Spring', 2008, 'F', '579', 'O');
insert into section values('630', '3', 'Fall', 2005, 'D', '605', 'J');
insert into section values('476', '6', 'Spring', 2003, 'F', '579', 'B');
insert into section values('857', '3', 'Spring', 2003, 'B', '48', 'B');
insert into section values('713', '2', 'Fall', 2010, 'I', '914', 'M');
insert into section values('667', '2', 'Spring', 2004, 'C', '884', 'P');
insert into section values('393', '3', 'Fall', 2005, 'F', '579', 'E');
insert into section values('910', '1', 'Spring', 2008, 'D', '50', 'P');
insert into section values('814', '2', 'Fall', 2010, 'I', '606', 'L');
insert into section values('581', '2', 'Spring', 2002, 'B', '48', 'C');
insert into section values('816', '2', 'Fall', 2005, 'F', '579', 'O');
insert into section values('262', '2', 'Fall', 2009, 'C', '884', 'P');
insert into section values('529', '3', 'Fall', 2010, 'B', '48', 'C');
insert into section values('781', '3', 'Fall', 2006, 'B', '48', 'J');
insert into section values('476', '7', 'Fall', 2001, 'I', '914', 'C');
insert into section values('307', '1', 'Spring', 2010, 'B', '48', 'G');
insert into section values('895', '1', 'Fall', 2007, 'I', '914', 'M');
insert into section values('548', '3', 'Spring', 2001, 'F', '68', 'J');
insert into section values('994', '5', 'Spring', 2002, 'F', '579', 'L');
insert into section values('292', '2', 'Fall', 2008, 'I', '450', 'G');
insert into section values('905', '2', 'Fall', 2001, 'D', '50', 'P');
insert into section values('757', '1', 'Fall', 2008, 'F', '68', 'M');
insert into section values('854', '4', 'Fall', 2005, 'B', '48', 'G');
insert into section values('397', '1', 'Fall', 2002, 'I', '606', 'P');
insert into section values('887', '1', 'Spring', 2010, 'D', '50', 'C');
insert into section values('600', '2', 'Fall', 2005, 'D', '50', 'A');
insert into section values('301', '2', 'Spring', 2005, 'F', '579', 'L');
insert into section values('996', '1', 'Spring', 2001, 'I', '606', 'K');
insert into section values('668', '2', 'Fall', 2001, 'I', '606', 'B');
insert into section values('729', '2', 'Spring', 2010, 'F', '579', 'I');
insert into section values('905', '3', 'Spring', 2008, 'C', '884', 'G');
insert into section values('463', '2', 'Fall', 2002, 'I', '606', 'O');
insert into section values('581', '3', 'Spring', 2003, 'I', '450', 'L');
insert into section values('789', '1', 'Fall', 2003, 'C', '884', 'E');
insert into section values('910', '2', 'Fall', 2008, 'D', '605', 'D');
insert into section values('463', '3', 'Spring', 2003, 'I', '606', 'E');
insert into section values('667', '3', 'Spring', 2010, 'I', '450', 'K');
insert into section values('798', '3', 'Spring', 2009, 'C', '884', 'C');
insert into section values('463', '4', 'Spring', 2006, 'C', '884', 'E');
insert into section values('392', '4', 'Spring', 2009, 'F', '579', 'K');
insert into section values('843', '3', 'Spring', 2008, 'F', '579', 'D');
insert into section values('659', '2', 'Fall', 2002, 'B', '48', 'P');
insert into section values('188', '3', 'Fall', 2002, 'B', '48', 'P');
insert into section values('948', '4', 'Fall', 2006, 'D', '605', 'A');
insert into section values('250', '3', 'Spring', 2003, 'I', '450', 'H');
insert into section values('468', '3', 'Fall', 2007, 'D', '605', 'F');
insert into section values('772', '3', 'Spring', 2009, 'C', '884', 'H');
insert into section values('569', '4', 'Spring', 2003, 'I', '450', 'G');
insert into section values('959', '4', 'Fall', 2006, 'D', '50', 'E');
insert into section values('972', '3', 'Fall', 2001, 'C', '558', 'P');
insert into section values('107', '2', 'Fall', 2008, 'I', '450', 'C');
insert into section values('318', '2', 'Fall', 2009, 'I', '606', 'K');
insert into section values('585', '3', 'Spring', 2009, 'F', '68', 'L');
insert into section values('757', '2', 'Spring', 2008, 'D', '50', 'G');
insert into section values('506', '3', 'Fall', 2007, 'D', '50', 'N');
insert into section values('478', '2', 'Fall', 2007, 'D', '605', 'P');
insert into section values('961', '3', 'Spring', 2003, 'D', '50', 'F');
insert into section values('211', '2', 'Spring', 2010, 'I', '450', 'G');
insert into section values('454', '3', 'Spring', 2005, 'I', '914', 'N');
insert into section values('131', '1', 'Spring', 2008, 'F', '68', 'F');
insert into section values('858', '3', 'Spring', 2003, 'D', '605', 'P');
insert into section values('195', '4', 'Spring', 2007, 'C', '558', 'D');
insert into section values('790', '3', 'Fall', 2002, 'I', '450', 'L');
insert into section values('755', '3', 'Spring', 2002, 'D', '50', 'I');
insert into section values('156', '4', 'Spring', 2006, 'D', '605', 'J');
insert into section values('798', '4', 'Fall', 2007, 'I', '914', 'A');
insert into section values('905', '4', 'Spring', 2002, 'C', '884', 'E');
insert into section values('213', '2', 'Spring', 2007, 'C', '884', 'G');
insert into section values('423', '2', 'Spring', 2009, 'I', '606', 'B');
insert into section values('627', '2', 'Fall', 2001, 'C', '884', 'K');
insert into section values('995', '3', 'Fall', 2005, 'I', '450', 'O');
insert into section values('423', '3', 'Spring', 2002, 'I', '450', 'D');
insert into teaches values('71927', '790', '1', 'Fall', 2008);
insert into teaches values('70292', '449', '1', 'Spring', 2008);
insert into teaches values('36980', '874', '2', 'Spring', 2007);
insert into teaches values('42635', '163', '1', 'Spring', 2010);
insert into teaches values('48841', '920', '3', 'Fall', 2007);
insert into teaches values('71927', '681', '1', 'Spring', 2009);
insert into teaches values('92846', '454', '3', 'Spring', 2005);
insert into teaches values('42635', '453', '1', 'Spring', 2008);
insert into teaches values('8632', '333', '1', 'Spring', 2008);
insert into teaches values('26119', '283', '1', 'Fall', 2003);
insert into teaches values('28906', '569', '1', 'Fall', 2006);
insert into teaches values('77219', '843', '2', 'Spring', 2010);
insert into teaches values('71927', '667', '2', 'Spring', 2004);
insert into teaches values('82189', '392', '1', 'Fall', 2003);
insert into teaches values('42635', '263', '1', 'Fall', 2008);
insert into teaches values('42635', '366', '1', 'Spring', 2001);
insert into teaches values('88806', '413', '1', 'Spring', 2003);
insert into teaches values('70292', '741', '1', 'Spring', 2006);
insert into teaches values('8632', '435', '4', 'Fall', 2010);
insert into teaches values('28906', '423', '1', 'Fall', 2004);
insert into teaches values('71927', '667', '3', 'Spring', 2010);
insert into teaches values('82189', '221', '1', 'Spring', 2003);
insert into teaches values('48841', '486', '1', 'Fall', 2010);
insert into teaches values('76595', '334', '3', 'Fall', 2005);
insert into teaches values('95422', '154', '4', 'Fall', 2009);
insert into teaches values('28906', '569', '3', 'Spring', 2002);
insert into teaches values('77219', '910', '2', 'Fall', 2008);
insert into teaches values('38831', '824', '2', 'Fall', 2001);
insert into teaches values('77219', '393', '2', 'Fall', 2008);
insert into teaches values('92846', '889', '1', 'Spring', 2001);
insert into teaches values('8632', '829', '1', 'Fall', 2002);
insert into teaches values('42635', '209', '4', 'Fall', 2004);
insert into teaches values('77219', '945', '2', 'Spring', 2002);
insert into teaches values('86036', '616', '2', 'Fall', 2008);
insert into teaches values('48841', '854', '2', 'Spring', 2007);
insert into teaches values('36980', '874', '1', 'Spring', 2004);
insert into teaches values('71927', '681', '2', 'Spring', 2010);
insert into teaches values('70292', '369', '2', 'Spring', 2010);
insert into teaches values('8632', '895', '1', 'Fall', 2007);
insert into teaches values('48841', '854', '4', 'Fall', 2005);
insert into teaches values('48841', '486', '3', 'Fall', 2003);
insert into teaches values('8632', '401', '3', 'Fall', 2005);
insert into teaches values('36980', '478', '1', 'Spring', 2002);
insert into teaches values('71927', '218', '1', 'Spring', 2004);
insert into teaches values('46553', '353', '1', 'Spring', 2001);
insert into teaches values('71927', '961', '3', 'Spring', 2003);
insert into teaches values('82189', '282', '2', 'Spring', 2001);
insert into teaches values('76595', '283', '2', 'Spring', 2007);
insert into teaches values('88806', '772', '3', 'Spring', 2009);
insert into teaches values('28906', '905', '1', 'Fall', 2004);
insert into teaches values('36980', '789', '1', 'Fall', 2003);
insert into teaches values('48841', '596', '2', 'Fall', 2005);
insert into teaches values('88806', '174', '2', 'Fall', 2007);
insert into teaches values('70292', '672', '2', 'Fall', 2002);
insert into teaches values('8632', '392', '2', 'Spring', 2008);
insert into teaches values('71927', '256', '4', 'Spring', 2008);
insert into teaches values('77219', '301', '1', 'Fall', 2004);
insert into teaches values('28906', '994', '3', 'Spring', 2006);
insert into teaches values('70292', '540', '2', 'Spring', 2001);
insert into teaches values('42635', '964', '3', 'Fall', 2007);
insert into teaches values('86036', '423', '3', 'Spring', 2002);
insert into teaches values('36980', '755', '3', 'Spring', 2002);
insert into teaches values('71927', '346', '1', 'Fall', 2003);
insert into teaches values('77219', '910', '1', 'Spring', 2008);
insert into teaches values('14732', '843', '3', 'Spring', 2008);
insert into teaches values('76595', '959', '4', 'Fall', 2006);
insert into teaches values('88806', '585', '1', 'Fall', 2003);
insert into teaches values('28906', '972', '2', 'Fall', 2005);
insert into teaches values('8754', '747', '2', 'Spring', 2007);
insert into teaches values('88806', '412', '2', 'Fall', 2006);
insert into teaches values('48841', '195', '3', 'Spring', 2009);
insert into teaches values('88806', '463', '4', 'Spring', 2006);
insert into teaches values('86036', '972', '3', 'Fall', 2001);
insert into teaches values('88806', '318', '1', 'Fall', 2005);
insert into teaches values('48841', '195', '2', 'Fall', 2010);
insert into teaches values('92846', '790', '2', 'Fall', 2009);
insert into teaches values('8632', '516', '1', 'Fall', 2001);
insert into teaches values('86951', '959', '1', 'Spring', 2002);
insert into teaches values('14732', '512', '5', 'Spring', 2005);
insert into teaches values('8632', '392', '4', 'Spring', 2009);
insert into teaches values('93107', '672', '1', 'Fall', 2004);
insert into teaches values('28906', '297', '1', 'Fall', 2003);
insert into teaches values('71927', '571', '1', 'Spring', 2010);
insert into teaches values('88806', '413', '2', 'Fall', 2003);
insert into teaches values('36980', '765', '1', 'Spring', 2005);
insert into teaches values('42635', '719', '1', 'Fall', 2005);
insert into teaches values('36980', '403', '1', 'Fall', 2004);
insert into teaches values('86951', '908', '1', 'Spring', 2003);
insert into teaches values('48841', '493', '1', 'Spring', 2007);
insert into teaches values('8632', '455', '2', 'Spring', 2003);
insert into teaches values('42635', '777', '2', 'Fall', 2008);
insert into teaches values('28906', '211', '1', 'Fall', 2005);
insert into teaches values('70292', '101', '2', 'Spring', 2002);
insert into teaches values('10773', '798', '1', 'Fall', 2009);
insert into teaches values('77219', '468', '2', 'Fall', 2008);
insert into teaches values('8632', '333', '3', 'Spring', 2008);
insert into teaches values('42635', '824', '1', 'Spring', 2007);
insert into teaches values('86036', '569', '2', 'Fall', 2001);
insert into teaches values('93107', '996', '1', 'Spring', 2001);
insert into teaches values('70292', '449', '2', 'Fall', 2004);
insert into student values('95434', 'Ande', 'BN', 42);
insert into student values('2338', 'Josu', 'ED', 98);
insert into student values('49862', 'Yohan', 'IF', 98);
insert into student values('53930', 'Johan', 'SS', 9);
insert into student values('11698', 'rahmat', 'DK', 93);
insert into student values('3505', 'Johan', 'SS', 0);
insert into student values('98093', 'Yohan', 'BN', 38);
insert into student values('88991', 'Josu', 'ED', 0);
insert into student values('1174', 'Josu', 'BN', 101);
insert into student values('43419', 'Adri', 'SS', 99);
insert into student values('75790', 'Ande', 'GF', 38);
insert into student values('97264', 'rahmat', 'DE', 26);
insert into student values('22714', 'Ande', 'BN', 70);
insert into student values('44011', 'Ahmad', 'FR', 66);
insert into student values('48063', 'Budi', 'SS', 2);
insert into student values('87994', 'Ande', 'DK', 88);
insert into student values('88548', 'Kiki', 'IF', 123);
insert into student values('46446', 'Kiki', 'IF', 10);
insert into student values('30450', 'yuyun', 'SS', 98);
insert into student values('98713', 'Josu', 'GF', 28);
insert into student values('47543', 'Ande', 'SS', 38);
insert into student values('20752', 'Adri', 'DK', 12);
insert into student values('62782', 'yuyun', 'ED', 78);
insert into student values('53162', 'Ahmad', 'IF', 91);
insert into student values('70328', 'Johan', 'IF', 89);
insert into student values('58847', 'Kiki', 'IF', 64);
insert into student values('51445', 'rahmat', 'GF', 43);
insert into student values('83530', 'Ande', 'WW', 55);
insert into student values('92779', 'Adri', 'IF', 99);
insert into student values('36199', 'Johan', 'DK', 48);
insert into student values('95950', 'Josu', 'IF', 24);
insert into student values('70420', 'Josu', 'DK', 23);
insert into student values('61653', 'Adri', 'DE', 29);
insert into student values('92627', 'Kiki', 'MT', 13);
insert into student values('71451', 'Johan', 'ED', 73);
insert into student values('95942', 'Yohan', 'BN', 95);
insert into student values('33531', 'Ahmad', 'IF', 118);
insert into student values('46738', 'Johan', 'DK', 90);
insert into student values('28723', 'Adri', 'ED', 29);
insert into student values('93820', 'Adri', 'MT', 34);
insert into student values('81857', 'Budi', 'FR', 47);
insert into student values('1710', 'rahmat', 'DK', 101);
insert into student values('76008', 'yuyun', 'DE', 34);
insert into student values('92242', 'rahmat', 'DE', 110);
insert into student values('1292', 'Adri', 'MT', 13);
insert into student values('45941', 'Budi', 'BN', 74);
insert into student values('56753', 'rahmat', 'DE', 4);
insert into student values('20453', 'Budi', 'DK', 126);
insert into student values('36799', 'Ande', 'BN', 26);
insert into student values('4691', 'Yohan', 'WW', 9);
insert into student values('55264', 'yuyun', 'WW', 9);
insert into student values('49330', 'Kiki', 'DE', 89);
insert into student values('92416', 'Yohan', 'BN', 104);
insert into student values('45909', 'Ahmad', 'IF', 111);
insert into student values('43980', 'Yohan', 'MT', 31);
insert into student values('84436', 'Adri', 'SS', 106);
insert into student values('66931', 'Adri', 'IF', 75);
insert into student values('78471', 'Yohan', 'SS', 63);
insert into student values('31752', 'Ahmad', 'ED', 105);
insert into student values('46889', 'Kiki', 'FR', 78);
insert into student values('13245', 'Adri', 'IF', 54);
insert into student values('67702', 'Budi', 'MT', 63);
insert into student values('88776', 'Josu', 'WW', 49);
insert into student values('95436', 'Yohan', 'FR', 37);
insert into student values('61409', 'Ahmad', 'FR', 106);
insert into student values('80941', 'Josu', 'BN', 25);
insert into student values('80226', 'Kiki', 'FR', 76);
insert into student values('44891', 'Adri', 'FR', 113);
insert into student values('43941', 'Ande', 'FR', 88);
insert into student values('99035', 'yuyun', 'DE', 2);
insert into student values('5897', 'Adri', 'FR', 33);
insert into student values('59794', 'Josu', 'DE', 116);
insert into student values('21581', 'Kiki', 'DK', 62);
insert into student values('11850', 'Budi', 'GF', 127);
insert into student values('74483', 'yuyun', 'SS', 41);
insert into student values('87565', 'Budi', 'MT', 121);
insert into student values('89918', 'Yohan', 'FR', 25);
insert into student values('10120', 'Yohan', 'DK', 69);
insert into student values('84307', 'rahmat', 'DE', 52);
insert into student values('33609', 'Johan', 'BN', 36);
insert into student values('72283', 'Yohan', 'IF', 32);
insert into student values('68129', 'Ahmad', 'MT', 117);
insert into student values('93535', 'Yohan', 'MT', 57);
insert into student values('69987', 'Kiki', 'DE', 116);
insert into student values('86570', 'Budi', 'BN', 55);
insert into student values('34882', 'Budi', 'BN', 80);
insert into student values('97290', 'Budi', 'ED', 50);
insert into student values('5590', 'Kiki', 'DK', 94);
insert into student values('73455', 'Adri', 'DE', 89);
insert into student values('71991', 'Budi', 'DK', 124);
insert into student values('18282', 'Ahmad', 'WW', 105);
insert into student values('94656', 'rahmat', 'WW', 106);
insert into student values('6063', 'Yohan', 'GF', 121);
insert into student values('46797', 'yuyun', 'SS', 59);
insert into student values('53843', 'Ahmad', 'IF', 18);
insert into student values('11869', 'Adri', 'IF', 115);
insert into student values('46861', 'Budi', 'SS', 70);
insert into student values('77136', 'Ande', 'DK', 67);
insert into student values('9560', 'Ahmad', 'SS', 99);
insert into student values('8937', 'Yohan', 'DK', 44);
insert into student values('84719', 'Johan', 'GF', 8);
insert into student values('14572', 'Ahmad', 'DE', 10);
insert into student values('20592', 'Kiki', 'BN', 33);
insert into student values('84353', 'yuyun', 'IF', 106);
insert into student values('35834', 'Yohan', 'BN', 63);
insert into student values('29487', 'Budi', 'DE', 102);
insert into student values('38318', 'rahmat', 'IF', 62);
insert into student values('99777', 'yuyun', 'FR', 113);
insert into student values('38000', 'Johan', 'DE', 98);
insert into student values('52452', 'rahmat', 'IF', 112);
insert into student values('15814', 'Ande', 'GF', 23);
insert into student values('41734', 'yuyun', 'SS', 19);
insert into student values('78232', 'rahmat', 'GF', 75);
insert into student values('6040', 'Yohan', 'IF', 5);
insert into student values('33646', 'yuyun', 'ED', 61);
insert into student values('20237', 'Josu', 'FR', 42);
insert into student values('8661', 'Budi', 'BN', 122);
insert into student values('3192', 'Adri', 'MT', 121);
insert into student values('24922', 'Johan', 'WW', 53);
insert into student values('85105', 'rahmat', 'IF', 100);
insert into student values('99852', 'Josu', 'GF', 44);
insert into student values('61072', 'Adri', 'GF', 116);
insert into student values('64701', 'Yohan', 'BN', 44);
insert into student values('85872', 'Adri', 'DE', 51);
insert into student values('57218', 'Adri', 'DE', 11);
insert into student values('44589', 'Adri', 'GF', 5);
insert into student values('89934', 'Josu', 'MT', 86);
insert into student values('1638', 'Kiki', 'WW', 64);
insert into student values('17274', 'Budi', 'SS', 19);
insert into student values('13979', 'Kiki', 'SS', 33);
insert into student values('40480', 'yuyun', 'WW', 82);
insert into student values('6703', 'Ahmad', 'SS', 31);
insert into student values('30874', 'Adri', 'BN', 22);
insert into student values('81510', 'Budi', 'ED', 27);
insert into student values('295', 'rahmat', 'FR', 122);
insert into student values('40168', 'Ande', 'IF', 39);
insert into student values('46694', 'Ahmad', 'ED', 89);
insert into student values('28124', 'Yohan', 'SS', 63);
insert into student values('45369', 'rahmat', 'MT', 16);
insert into student values('89037', 'Budi', 'DK', 108);
insert into student values('11235', 'Johan', 'SS', 115);
insert into student values('77832', 'Kiki', 'DK', 119);
insert into student values('94154', 'Kiki', 'MT', 72);
insert into student values('9307', 'rahmat', 'ED', 67);
insert into student values('54901', 'Ande', 'FR', 48);
insert into student values('67799', 'Ahmad', 'MT', 11);
insert into student values('72430', 'yuyun', 'IF', 129);
insert into student values('52751', 'Johan', 'WW', 91);
insert into student values('56832', 'Kiki', 'DK', 48);
insert into student values('57526', 'Budi', 'WW', 8);
insert into student values('93689', 'Ahmad', 'FR', 33);
insert into student values('49348', 'yuyun', 'SS', 81);
insert into student values('81641', 'Yohan', 'ED', 123);
insert into student values('7825', 'Kiki', 'FR', 79);
insert into student values('79873', 'Adri', 'SS', 67);
insert into student values('5848', 'Adri', 'SS', 42);
insert into student values('89845', 'Josu', 'DE', 120);
insert into student values('27413', 'Budi', 'ED', 48);
insert into student values('14426', 'Ande', 'BN', 7);
insert into student values('77639', 'rahmat', 'DK', 117);
insert into student values('40615', 'rahmat', 'ED', 31);
insert into student values('75982', 'Adri', 'BN', 21);
insert into student values('25144', 'Kiki', 'ED', 94);
insert into student values('16237', 'Ande', 'BN', 113);
insert into student values('95878', 'yuyun', 'DE', 69);
insert into student values('36361', 'Budi', 'GF', 95);
insert into student values('63311', 'Josu', 'DK', 37);
insert into student values('22215', 'Ahmad', 'BN', 117);
insert into student values('88084', 'Ahmad', 'DK', 99);
insert into student values('78897', 'Budi', 'IF', 25);
insert into student values('24085', 'Budi', 'ED', 61);
insert into student values('38898', 'Josu', 'FR', 81);
insert into student values('82391', 'rahmat', 'WW', 37);
insert into student values('41685', 'Adri', 'BN', 105);
insert into student values('8894', 'Budi', 'WW', 48);
insert into student values('79849', 'Budi', 'ED', 76);
insert into student values('39282', 'yuyun', 'DE', 89);
insert into student values('77119', 'Adri', 'ED', 87);
insert into student values('87710', 'Budi', 'GF', 67);
insert into student values('93097', 'Budi', 'WW', 110);
insert into student values('35724', 'Josu', 'WW', 48);
insert into student values('91869', 'Johan', 'GF', 88);
insert into student values('87433', 'Kiki', 'BN', 101);
insert into student values('27760', 'rahmat', 'BN', 24);
insert into student values('52455', 'Budi', 'DE', 72);
insert into student values('61883', 'rahmat', 'FR', 90);
insert into student values('33109', 'Ande', 'GF', 127);
insert into student values('27705', 'Ahmad', 'DK', 26);
insert into student values('2184', 'Josu', 'DE', 37);
insert into student values('18374', 'Yohan', 'WW', 109);
insert into student values('52182', 'Johan', 'BN', 92);
insert into student values('63521', 'Ahmad', 'IF', 19);
insert into student values('91509', 'Ande', 'DK', 69);
insert into student values('13770', 'rahmat', 'SS', 60);
insert into student values('88320', 'Josu', 'ED', 112);
insert into student values('34660', 'Yohan', 'MT', 71);
insert into student values('2321', 'yuyun', 'DE', 73);
insert into student values('76468', 'Kiki', 'IF', 129);
insert into student values('7656', 'Yohan', 'MT', 123);
insert into student values('11199', 'yuyun', 'MT', 48);
insert into takes values('33646', '334', '1', 'Spring', 2002, 'B-');
insert into takes values('84436', '209', '3', 'Spring', 2003, 'B+');
insert into takes values('33646', '747', '3', 'Spring', 2007, 'B-');
insert into takes values('1638', '163', '1', 'Spring', 2010, 'B ');
insert into takes values('44891', '218', '5', 'Spring', 2006, 'C ');
insert into takes values('93535', '681', '2', 'Spring', 2010, 'B ');
insert into takes values('72430', '493', '1', 'Spring', 2007, 'A+');
insert into takes values('63521', '757', '2', 'Spring', 2008, 'A ');
insert into takes values('91509', '515', '4', 'Fall', 2007, 'A+');
insert into takes values('77639', '729', '2', 'Spring', 2010, 'C ');
insert into takes values('88776', '623', '4', 'Fall', 2010, 'A+');
insert into takes values('99035', '516', '2', 'Spring', 2004, 'C ');
insert into takes values('99852', '221', '1', 'Spring', 2003, 'B+');
insert into takes values('43941', '486', '1', 'Fall', 2010, 'B+');
insert into takes values('38318', '972', '1', 'Fall', 2004, 'B ');
insert into takes values('47543', '910', '1', 'Spring', 2008, 'C-');
insert into takes values('57526', '515', '3', 'Spring', 2005, 'B-');
insert into takes values('10120', '581', '1', 'Spring', 2007, 'C ');
insert into takes values('30450', '681', '1', 'Spring', 2009, 'B ');
insert into takes values('76008', '667', '3', 'Spring', 2010, 'A-');
insert into takes values('46738', '972', '1', 'Fall', 2004, 'A ');
insert into takes values('41734', '301', '2', 'Spring', 2005, 'C-');
insert into takes values('46889', '789', '1', 'Fall', 2003, 'C ');
insert into takes values('99777', '423', '3', 'Spring', 2002, 'C+');
insert into takes values('30874', '188', '3', 'Fall', 2002, 'A+');
insert into takes values('15814', '874', '1', 'Spring', 2004, 'C ');
insert into takes values('46446', '781', '2', 'Fall', 2009, 'C+');
insert into takes values('44891', '790', '1', 'Fall', 2008, 'A-');
insert into takes values('63311', '961', '3', 'Spring', 2003, 'C+');
insert into takes values('27760', '948', '4', 'Fall', 2006, 'C-');
insert into takes values('88084', '569', '1', 'Fall', 2006, 'A+');
insert into takes values('81857', '596', '1', 'Fall', 2003, 'C+');
insert into takes values('91509', '512', '4', 'Fall', 2009, 'A-');
insert into takes values('295', '755', '1', 'Spring', 2001, 'C-');
insert into takes values('93689', '744', '2', 'Fall', 2004, 'A-');
insert into takes values('33531', '146', '1', 'Fall', 2008, 'B+');
insert into takes values('20453', '476', '7', 'Fall', 2001, 'C+');
insert into takes values('33609', '282', '2', 'Spring', 2001, 'B+');
insert into takes values('22215', '843', '2', 'Spring', 2010, 'B+');
insert into takes values('43980', '757', '2', 'Spring', 2008, 'A-');
insert into takes values('40168', '209', '4', 'Fall', 2004, 'C-');
insert into takes values('88548', '623', '1', 'Fall', 2009, 'B-');
insert into takes values('41734', '843', '2', 'Spring', 2010, 'C-');
insert into takes values('35834', '998', '1', 'Fall', 2006, 'B+');
insert into takes values('2321', '983', '2', 'Fall', 2005, 'B ');
insert into takes values('92779', '486', '1', 'Fall', 2010, 'A ');
insert into takes values('87565', '964', '2', 'Fall', 2010, 'C ');
insert into takes values('28124', '225', '1', 'Spring', 2002, 'C+');
insert into takes values('2321', '131', '1', 'Spring', 2008, 'B-');
insert into takes values('88548', '945', '2', 'Spring', 2002, 'C-');
insert into takes values('77639', '163', '3', 'Fall', 2003, 'A+');
insert into takes values('22714', '581', '3', 'Spring', 2003, 'A+');
insert into takes values('78471', '655', '1', 'Fall', 2006, 'B ');
insert into takes values('92627', '334', '2', 'Fall', 2002, 'C-');
insert into takes values('1174', '334', '3', 'Fall', 2005, 'C ');
insert into takes values('84307', '255', '2', 'Spring', 2010, 'C ');
insert into takes values('24085', '209', '5', 'Fall', 2007, 'A+');
insert into takes values('92242', '540', '2', 'Spring', 2001, 'A+');
insert into takes values('72430', '995', '3', 'Fall', 2005, 'C+');
insert into takes values('83530', '283', '2', 'Spring', 2007, 'C-');
insert into takes values('34660', '570', '1', 'Spring', 2004, 'B ');
insert into takes values('49330', '209', '4', 'Fall', 2004, 'C-');
insert into takes values('79873', '333', '5', 'Fall', 2003, 'A+');
insert into takes values('71991', '322', '2', 'Fall', 2004, 'C+');
insert into takes values('53162', '736', '4', 'Fall', 2002, 'C-');
insert into takes values('81510', '585', '3', 'Spring', 2009, 'A ');
insert into takes values('6063', '581', '2', 'Spring', 2002, 'B ');
insert into takes values('79873', '755', '2', 'Fall', 2009, 'C ');
insert into takes values('84719', '486', '4', 'Spring', 2010, 'C ');
insert into takes values('81510', '540', '2', 'Spring', 2001, 'A+');
insert into takes values('14572', '570', '1', 'Spring', 2004, 'C-');
insert into takes values('81510', '301', '1', 'Fall', 2004, 'C+');
insert into takes values('53843', '998', '1', 'Fall', 2006, 'C ');
insert into takes values('71991', '423', '3', 'Spring', 2002, 'A-');
insert into takes values('68129', '250', '1', 'Fall', 2001, 'B ');
insert into takes values('44589', '334', '1', 'Spring', 2002, 'A+');
insert into takes values('77119', '283', '3', 'Spring', 2003, 'B+');
insert into takes values('43941', '757', '2', 'Spring', 2008, 'B-');
insert into takes values('46738', '874', '2', 'Spring', 2007, 'A-');
insert into takes values('63311', '912', '1', 'Fall', 2005, 'C ');
insert into takes values('92242', '283', '3', 'Spring', 2003, 'B-');
insert into takes values('22714', '274', '2', 'Spring', 2008, 'A-');
insert into takes values('77832', '691', '3', 'Fall', 2007, 'A-');
insert into takes values('43980', '911', '1', 'Spring', 2005, 'B+');
insert into takes values('45941', '333', '4', 'Spring', 2009, 'C+');
insert into takes values('73455', '377', '2', 'Fall', 2005, 'C ');
insert into takes values('70420', '154', '2', 'Fall', 2006, 'B-');
insert into takes values('97290', '772', '3', 'Spring', 2009, 'C-');
insert into takes values('70420', '515', '1', 'Spring', 2002, 'A+');
insert into takes values('95436', '911', '2', 'Fall', 2009, 'C ');
insert into takes values('88320', '412', '3', 'Spring', 2001, 'B-');
insert into takes values('11199', '156', '3', 'Fall', 2001, 'C+');
insert into takes values('62782', '961', '2', 'Spring', 2005, 'C+');
insert into takes values('18374', '996', '1', 'Spring', 2001, 'A+');
insert into takes values('80226', '994', '5', 'Spring', 2002, 'B+');
insert into takes values('83530', '548', '2', 'Spring', 2010, 'A-');
insert into takes values('75982', '672', '1', 'Fall', 2004, 'C-');
insert into takes values('49330', '795', '1', 'Fall', 2008, 'C ');
insert into takes values('93820', '423', '2', 'Spring', 2009, 'C ');
insert into takes values('83530', '585', '2', 'Spring', 2006, 'C ');
insert into takes values('45369', '403', '1', 'Fall', 2004, 'C ');
insert into takes values('31752', '493', '2', 'Spring', 2004, 'A+');
insert into takes values('11850', '681', '1', 'Spring', 2009, 'A+');
insert into takes values('72283', '829', '2', 'Spring', 2010, 'A-');
insert into takes values('17274', '911', '1', 'Spring', 2005, 'B ');
insert into takes values('71991', '255', '1', 'Spring', 2004, 'C ');
insert into takes values('33109', '506', '3', 'Fall', 2007, 'C ');
insert into takes values('74483', '262', '2', 'Fall', 2009, 'C+');
insert into takes values('76468', '209', '5', 'Fall', 2007, 'A ');
insert into takes values('88320', '476', '7', 'Fall', 2001, 'B ');
insert into takes values('71991', '627', '1', 'Fall', 2002, 'B+');
insert into takes values('45369', '920', '1', 'Spring', 2001, 'A ');
insert into takes values('66931', '781', '3', 'Fall', 2006, 'C ');
insert into takes values('44011', '995', '2', 'Spring', 2008, 'C-');
insert into takes values('41734', '435', '1', 'Fall', 2010, 'C ');
insert into takes values('61409', '618', '2', 'Fall', 2005, 'B ');
insert into takes values('85872', '512', '4', 'Fall', 2009, 'A-');
insert into takes values('33109', '412', '2', 'Fall', 2006, 'A-');
insert into takes values('81510', '857', '3', 'Spring', 2003, 'B ');
insert into takes values('45941', '412', '3', 'Spring', 2001, 'B-');
insert into takes values('8894', '659', '2', 'Fall', 2002, 'B ');
insert into takes values('98713', '910', '2', 'Fall', 2008, 'C-');
insert into takes values('85872', '964', '1', 'Spring', 2010, 'A ');
insert into takes values('78471', '333', '1', 'Spring', 2008, 'B+');
insert into takes values('11850', '218', '4', 'Fall', 2003, 'C ');
insert into takes values('53843', '983', '1', 'Spring', 2009, 'C-');
insert into takes values('78471', '211', '1', 'Fall', 2005, 'B-');
insert into takes values('89918', '209', '4', 'Fall', 2004, 'C-');
insert into takes values('41685', '843', '1', 'Spring', 2002, 'C+');
insert into takes values('94154', '191', '2', 'Spring', 2007, 'B-');
insert into takes values('7825', '569', '3', 'Spring', 2002, 'C+');
insert into takes values('17274', '548', '1', 'Fall', 2007, 'C ');
insert into takes values('74483', '529', '1', 'Spring', 2002, 'B+');
insert into takes values('87710', '959', '2', 'Fall', 2001, 'C ');
insert into takes values('24085', '959', '4', 'Fall', 2006, 'B+');
insert into takes values('3505', '964', '2', 'Fall', 2010, 'C+');
insert into takes values('67799', '736', '1', 'Spring', 2001, 'B-');
insert into takes values('5848', '393', '3', 'Fall', 2005, 'A+');
insert into takes values('44589', '570', '1', 'Spring', 2004, 'B+');
insert into takes values('49862', '285', '1', 'Fall', 2008, 'B ');
insert into takes values('97264', '218', '2', 'Spring', 2002, 'B-');
insert into takes values('31752', '468', '1', 'Fall', 2003, 'C-');
insert into takes values('72430', '435', '2', 'Fall', 2010, 'B+');
insert into takes values('40480', '333', '4', 'Spring', 2009, 'C+');
insert into takes values('88991', '736', '4', 'Fall', 2002, 'B ');
insert into takes values('94154', '377', '2', 'Fall', 2005, 'A-');
insert into takes values('85872', '948', '4', 'Fall', 2006, 'A ');
insert into takes values('16237', '668', '2', 'Fall', 2001, 'A-');
insert into takes values('48063', '377', '2', 'Fall', 2005, 'B+');
insert into takes values('58847', '798', '3', 'Spring', 2009, 'B+');
insert into takes values('95434', '101', '2', 'Spring', 2002, 'C-');
insert into takes values('61653', '630', '3', 'Fall', 2005, 'B ');
insert into takes values('7825', '961', '2', 'Spring', 2005, 'B ');
insert into takes values('94656', '667', '3', 'Spring', 2010, 'C+');
insert into takes values('61409', '729', '2', 'Spring', 2010, 'A-');
insert into takes values('79849', '412', '3', 'Spring', 2001, 'C-');
insert into takes values('28124', '393', '2', 'Fall', 2008, 'A ');
insert into takes values('82391', '353', '1', 'Spring', 2001, 'C ');
insert into takes values('44011', '274', '1', 'Spring', 2001, 'A ');
insert into takes values('87710', '840', '2', 'Spring', 2006, 'C+');
insert into takes values('76468', '672', '2', 'Fall', 2002, 'A-');
insert into takes values('10120', '476', '2', 'Spring', 2008, 'A ');
insert into takes values('84436', '333', '4', 'Spring', 2009, 'C ');
insert into takes values('30450', '250', '3', 'Spring', 2003, 'A ');
insert into takes values('41734', '972', '3', 'Fall', 2001, 'B-');
insert into takes values('1638', '463', '4', 'Spring', 2006, 'C+');
insert into takes values('56753', '948', '3', 'Spring', 2001, 'A ');
insert into takes values('95950', '421', '1', 'Spring', 2003, 'C ');
insert into takes values('95436', '250', '1', 'Fall', 2001, 'C ');
insert into takes values('7825', '188', '3', 'Fall', 2002, 'B+');
insert into takes values('2184', '449', '1', 'Spring', 2008, 'B-');
insert into takes values('53162', '256', '3', 'Spring', 2008, 'B ');
insert into takes values('44589', '322', '1', 'Fall', 2004, 'A ');
insert into takes values('27413', '729', '1', 'Fall', 2001, 'C+');
insert into takes values('66931', '905', '1', 'Fall', 2004, 'B+');
insert into takes values('62782', '630', '3', 'Fall', 2005, 'A-');
insert into takes values('2338', '843', '1', 'Spring', 2002, 'C ');
insert into takes values('69987', '668', '2', 'Fall', 2001, 'C+');
insert into takes values('13245', '843', '3', 'Spring', 2008, 'B-');
insert into takes values('98713', '597', '2', 'Spring', 2010, 'C-');
insert into takes values('44011', '569', '1', 'Fall', 2006, 'A ');
insert into takes values('6063', '209', '1', 'Fall', 2004, 'B+');
insert into takes values('79849', '516', '1', 'Fall', 2001, 'A-');
insert into takes values('59794', '396', '1', 'Fall', 2004, 'C ');
insert into takes values('43419', '490', '1', 'Fall', 2004, 'B ');
insert into takes values('27760', '209', '1', 'Fall', 2004, 'C ');
insert into takes values('55264', '961', '2', 'Spring', 2005, 'C+');
insert into takes values('93535', '333', '1', 'Spring', 2008, 'B+');
insert into takes values('27413', '455', '2', 'Spring', 2003, 'B-');
insert into takes values('52182', '145', '1', 'Fall', 2007, 'A-');
insert into takes values('67702', '691', '3', 'Fall', 2007, 'A-');
insert into takes values('46738', '412', '1', 'Fall', 2006, 'B ');
insert into takes values('80226', '570', '1', 'Spring', 2004, 'C+');
insert into takes values('2338', '296', '1', 'Spring', 2001, 'C ');
insert into takes values('30450', '353', '1', 'Spring', 2001, 'C ');
insert into takes values('81857', '297', '1', 'Fall', 2003, 'C+');
insert into takes values('13979', '218', '4', 'Fall', 2003, 'B-');
insert into takes values('52455', '816', '2', 'Fall', 2005, 'C-');
insert into takes values('99852', '512', '2', 'Fall', 2004, 'B+');
insert into takes values('97264', '997', '2', 'Spring', 2008, 'B+');
insert into takes values('4691', '691', '1', 'Spring', 2009, 'A-');
insert into takes values('22714', '681', '1', 'Spring', 2009, 'B+');
insert into takes values('46694', '283', '3', 'Spring', 2003, 'C+');
insert into takes values('52455', '333', '3', 'Spring', 2008, 'A-');
insert into takes values('85872', '178', '1', 'Spring', 2001, 'B+');
insert into takes values('97290', '163', '1', 'Spring', 2010, 'A+');
insert into takes values('93097', '983', '2', 'Fall', 2005, 'C-');
insert into takes values('40168', '855', '2', 'Fall', 2006, 'C+');
insert into takes values('58847', '209', '3', 'Spring', 2003, 'C ');
insert into takes values('45909', '297', '1', 'Fall', 2003, 'B-');
insert into takes values('13979', '307', '1', 'Spring', 2010, 'C+');
insert into takes values('11199', '887', '1', 'Spring', 2010, 'A-');
insert into takes values('61072', '296', '1', 'Spring', 2001, 'B+');
insert into takes values('52751', '334', '1', 'Spring', 2002, 'B-');
insert into takes values('18282', '781', '2', 'Fall', 2009, 'A-');
insert into takes values('53930', '413', '3', 'Fall', 2009, 'C+');
insert into takes values('20592', '597', '2', 'Spring', 2010, 'C+');
insert into takes values('78232', '156', '4', 'Spring', 2006, 'A-');
insert into takes values('72283', '998', '3', 'Fall', 2010, 'B+');
insert into takes values('77119', '529', '2', 'Spring', 2001, 'B+');
insert into takes values('95950', '435', '1', 'Fall', 2010, 'A ');
insert into takes values('57526', '195', '2', 'Fall', 2010, 'C ');
insert into takes values('18282', '454', '2', 'Spring', 2004, 'A ');
insert into takes values('2184', '369', '2', 'Spring', 2010, 'C+');
insert into takes values('22714', '425', '1', 'Fall', 2001, 'B-');
insert into takes values('75982', '191', '2', 'Spring', 2007, 'B ');
insert into takes values('6040', '322', '2', 'Fall', 2004, 'C ');
insert into takes values('79873', '747', '2', 'Spring', 2007, 'B+');
insert into takes values('53162', '814', '1', 'Spring', 2001, 'A ');
insert into takes values('8894', '211', '1', 'Fall', 2005, 'A+');
insert into takes values('95950', '895', '1', 'Fall', 2007, 'B ');
insert into takes values('44589', '719', '1', 'Fall', 2005, 'B ');
insert into takes values('95436', '476', '7', 'Fall', 2001, 'B ');
insert into takes values('92416', '377', '2', 'Fall', 2005, 'A ');
insert into takes values('88084', '213', '2', 'Spring', 2007, 'C ');
insert into takes values('14426', '178', '2', 'Fall', 2010, 'C-');
insert into takes values('20592', '529', '3', 'Fall', 2010, 'A+');
insert into takes values('69987', '218', '5', 'Spring', 2006, 'C ');
insert into takes values('30450', '368', '1', 'Spring', 2004, 'C ');
insert into takes values('47543', '195', '1', 'Fall', 2001, 'A ');
insert into takes values('43941', '964', '2', 'Fall', 2010, 'B+');
insert into takes values('1292', '874', '2', 'Spring', 2007, 'B-');
insert into takes values('33109', '854', '2', 'Spring', 2007, 'A ');
insert into takes values('52455', '798', '1', 'Fall', 2009, 'C ');
insert into takes values('7825', '368', '1', 'Spring', 2004, 'B+');
insert into takes values('41734', '961', '1', 'Fall', 2004, 'C ');
insert into takes values('93535', '886', '1', 'Spring', 2008, 'B-');
insert into takes values('6703', '392', '1', 'Fall', 2003, 'B+');
insert into takes values('87433', '296', '1', 'Spring', 2001, 'A-');
insert into takes values('15814', '435', '1', 'Fall', 2010, 'C-');
insert into takes values('87710', '529', '2', 'Spring', 2001, 'A-');
insert into takes values('20752', '659', '2', 'Fall', 2002, 'A+');
insert into takes values('92779', '994', '4', 'Spring', 2009, 'C+');
insert into takes values('61409', '401', '2', 'Spring', 2007, 'A+');
insert into takes values('5848', '256', '4', 'Spring', 2008, 'A ');
insert into takes values('49348', '623', '4', 'Fall', 2010, 'C ');
insert into takes values('33109', '961', '1', 'Fall', 2004, 'C-');
insert into takes values('43980', '285', '2', 'Spring', 2009, 'C+');
insert into takes values('46738', '468', '3', 'Fall', 2007, 'C ');
insert into takes values('71991', '468', '1', 'Fall', 2003, 'B+');
insert into takes values('75982', '256', '4', 'Spring', 2008, 'A+');
insert into takes values('46861', '886', '1', 'Spring', 2008, 'C ');
insert into takes values('46861', '816', '2', 'Fall', 2005, 'A ');
insert into takes values('2321', '163', '1', 'Spring', 2010, 'A ');
insert into takes values('79873', '854', '4', 'Fall', 2005, 'A-');
insert into takes values('22215', '529', '2', 'Spring', 2001, 'B+');
insert into takes values('45909', '964', '3', 'Fall', 2007, 'A+');
insert into takes values('88084', '837', '1', 'Spring', 2001, 'A ');
insert into takes values('97290', '858', '1', 'Spring', 2009, 'A-');
insert into takes values('89918', '523', '1', 'Fall', 2010, 'A-');
insert into takes values('3192', '449', '3', 'Spring', 2007, 'A ');
insert into takes values('67702', '798', '1', 'Fall', 2009, 'C+');
insert into takes values('1292', '795', '1', 'Fall', 2008, 'C ');
insert into takes values('77639', '623', '4', 'Fall', 2010, 'B ');
insert into takes values('61653', '920', '3', 'Fall', 2007, 'B-');
insert into takes values('67702', '964', '2', 'Fall', 2010, 'C-');
insert into takes values('88776', '908', '1', 'Spring', 2003, 'B-');
insert into takes values('36799', '905', '3', 'Spring', 2008, 'C ');
insert into takes values('49348', '997', '2', 'Spring', 2008, 'B ');
insert into takes values('36799', '905', '1', 'Fall', 2004, 'C+');
insert into takes values('13245', '985', '1', 'Fall', 2006, 'A ');
insert into takes values('36799', '757', '1', 'Fall', 2008, 'B+');
insert into takes values('46446', '713', '1', 'Fall', 2004, 'A ');
insert into takes values('95950', '728', '1', 'Spring', 2005, 'A ');
insert into takes values('14426', '948', '3', 'Spring', 2001, 'A+');
insert into takes values('95436', '713', '2', 'Fall', 2010, 'A ');
insert into takes values('81857', '163', '3', 'Fall', 2003, 'B-');
insert into takes values('87994', '218', '2', 'Spring', 2002, 'C+');
insert into takes values('47543', '256', '4', 'Spring', 2008, 'B+');
insert into takes values('49348', '195', '2', 'Fall', 2010, 'C+');
insert into takes values('36361', '463', '2', 'Fall', 2002, 'B+');
insert into takes values('44011', '463', '1', 'Spring', 2006, 'A+');
insert into takes values('35834', '744', '2', 'Fall', 2004, 'B-');
insert into takes values('59794', '425', '1', 'Fall', 2001, 'B-');
insert into takes values('93820', '790', '2', 'Fall', 2009, 'C ');
insert into takes values('93820', '630', '3', 'Fall', 2005, 'A ');
insert into takes values('33109', '843', '2', 'Spring', 2010, 'A+');
insert into takes values('70328', '413', '1', 'Spring', 2003, 'A+');
insert into takes values('33609', '504', '1', 'Fall', 2005, 'A ');
insert into takes values('52182', '221', '1', 'Spring', 2003, 'C ');
insert into takes values('18282', '209', '1', 'Fall', 2004, 'C ');
insert into takes values('40480', '548', '2', 'Spring', 2010, 'B+');
insert into takes values('45941', '156', '2', 'Spring', 2003, 'C+');
insert into takes values('92416', '523', '1', 'Fall', 2010, 'B-');
insert into takes values('43419', '529', '2', 'Spring', 2001, 'C ');
insert into takes values('20592', '747', '3', 'Spring', 2007, 'B-');
insert into takes values('95942', '755', '2', 'Fall', 2009, 'A+');
insert into takes values('41734', '213', '1', 'Fall', 2007, 'B ');
insert into takes values('63521', '972', '2', 'Fall', 2005, 'B-');
insert into takes values('99035', '765', '2', 'Spring', 2007, 'A-');
insert into takes values('39282', '854', '2', 'Spring', 2007, 'B ');
insert into takes values('71991', '292', '2', 'Fall', 2008, 'B-');
insert into takes values('20592', '403', '1', 'Fall', 2004, 'B+');
insert into takes values('93820', '213', '1', 'Fall', 2007, 'C ');
insert into takes values('20752', '523', '1', 'Fall', 2010, 'A-');
insert into takes values('49862', '455', '1', 'Fall', 2008, 'B ');
insert into takes values('89918', '493', '1', 'Spring', 2007, 'B+');
insert into takes values('57218', '218', '1', 'Spring', 2004, 'B ');
insert into takes values('93097', '681', '2', 'Spring', 2010, 'C ');
insert into takes values('87565', '795', '2', 'Spring', 2004, 'C+');
insert into takes values('34660', '772', '1', 'Spring', 2005, 'B ');
insert into takes values('76468', '623', '3', 'Fall', 2003, 'B+');
insert into takes values('11850', '874', '2', 'Spring', 2007, 'A-');
insert into takes values('34882', '393', '2', 'Fall', 2008, 'C+');
insert into takes values('22714', '857', '3', 'Spring', 2003, 'C+');
insert into takes values('51445', '156', '1', 'Fall', 2010, 'C+');
insert into takes values('76008', '515', '4', 'Fall', 2007, 'C-');
insert into takes values('93689', '466', '1', 'Spring', 2004, 'C ');
insert into takes values('94154', '585', '3', 'Spring', 2009, 'B+');
insert into takes values('77832', '515', '2', 'Spring', 2009, 'C-');
insert into takes values('57218', '423', '3', 'Spring', 2002, 'C ');
insert into takes values('68129', '191', '1', 'Spring', 2008, 'A ');
insert into takes values('94656', '618', '1', 'Spring', 2001, 'C ');
insert into takes values('95878', '468', '1', 'Fall', 2003, 'B+');
insert into takes values('13770', '757', '1', 'Fall', 2008, 'B+');
insert into takes values('295', '413', '1', 'Spring', 2003, 'C+');
insert into takes values('80226', '463', '4', 'Spring', 2006, 'C+');
insert into takes values('24085', '772', '1', 'Spring', 2005, 'C+');
insert into takes values('88320', '506', '1', 'Fall', 2006, 'B+');
insert into takes values('77832', '570', '1', 'Spring', 2004, 'A-');
insert into takes values('76468', '627', '2', 'Fall', 2001, 'B ');
insert into takes values('20592', '435', '1', 'Fall', 2010, 'A ');
insert into takes values('91869', '998', '3', 'Fall', 2010, 'C-');
insert into takes values('41734', '512', '3', 'Fall', 2004, 'A+');
insert into takes values('22714', '512', '5', 'Spring', 2005, 'A-');
insert into takes values('64701', '624', '2', 'Fall', 2003, 'A+');
insert into takes values('46738', '486', '2', 'Fall', 2010, 'C+');
insert into takes values('92779', '493', '1', 'Spring', 2007, 'C-');
insert into takes values('84353', '396', '1', 'Fall', 2004, 'B+');
insert into takes values('92416', '506', '2', 'Fall', 2001, 'C+');
insert into takes values('6040', '255', '1', 'Spring', 2004, 'B+');
insert into takes values('89918', '777', '1', 'Spring', 2009, 'C+');
insert into takes values('20453', '854', '1', 'Fall', 2004, 'C+');
insert into takes values('49348', '213', '2', 'Spring', 2007, 'B-');
insert into takes values('8937', '920', '4', 'Spring', 2003, 'A+');
insert into takes values('1710', '655', '1', 'Fall', 2006, 'C+');
insert into takes values('8661', '781', '3', 'Fall', 2006, 'B ');
insert into takes values('93535', '506', '2', 'Fall', 2001, 'B-');
insert into takes values('33646', '454', '2', 'Spring', 2004, 'B+');
insert into takes values('88320', '401', '3', 'Fall', 2005, 'A ');
insert into takes values('11199', '333', '5', 'Fall', 2003, 'C+');
insert into takes values('87433', '107', '1', 'Fall', 2010, 'C ');
insert into takes values('53162', '154', '1', 'Spring', 2006, 'C ');
insert into takes values('61072', '571', '2', 'Fall', 2007, 'A-');
insert into takes values('52455', '515', '4', 'Fall', 2007, 'A-');
insert into takes values('20237', '466', '2', 'Fall', 2002, 'B-');
insert into takes values('88320', '983', '1', 'Spring', 2009, 'C ');
insert into takes values('76468', '910', '1', 'Spring', 2008, 'B ');
insert into takes values('81857', '711', '1', 'Spring', 2003, 'C-');
insert into takes values('89037', '274', '1', 'Spring', 2001, 'B ');
insert into takes values('14572', '369', '2', 'Spring', 2010, 'C+');
insert into takes values('73455', '211', '2', 'Spring', 2010, 'B ');
insert into takes values('41734', '529', '3', 'Fall', 2010, 'C-');
insert into takes values('56832', '322', '1', 'Fall', 2004, 'A ');
insert into takes values('49348', '285', '2', 'Spring', 2009, 'B-');
insert into takes values('61883', '994', '1', 'Fall', 2008, 'B+');
insert into takes values('63521', '858', '1', 'Spring', 2009, 'B+');
insert into takes values('77136', '672', '1', 'Fall', 2004, 'B+');
insert into takes values('9560', '195', '4', 'Spring', 2007, 'A ');
insert into takes values('38318', '283', '3', 'Spring', 2003, 'B ');
insert into takes values('28723', '858', '3', 'Spring', 2003, 'C-');
insert into takes values('71991', '512', '4', 'Fall', 2009, 'C+');
insert into takes values('38000', '616', '3', 'Fall', 2009, 'B+');
insert into takes values('88320', '765', '2', 'Spring', 2007, 'B ');
insert into takes values('5590', '934', '1', 'Fall', 2004, 'C-');
insert into takes values('24922', '435', '2', 'Fall', 2010, 'B-');
insert into takes values('35834', '994', '5', 'Spring', 2002, 'B+');
insert into takes values('33109', '840', '2', 'Spring', 2006, 'B+');
insert into takes values('39282', '182', '2', 'Fall', 2010, 'A-');
insert into takes values('20592', '858', '2', 'Spring', 2005, 'B ');
insert into takes values('93689', '250', '3', 'Spring', 2003, 'B ');
insert into takes values('34660', '983', '1', 'Spring', 2009, 'B-');
insert into takes values('89918', '435', '3', 'Fall', 2009, 'B ');
insert into takes values('56832', '435', '2', 'Fall', 2010, 'B-');
insert into takes values('5897', '512', '3', 'Fall', 2004, 'C ');
insert into takes values('27413', '423', '3', 'Spring', 2002, 'B+');
insert into takes values('55264', '681', '1', 'Spring', 2009, 'A ');
insert into takes values('88991', '490', '1', 'Fall', 2004, 'A ');
insert into takes values('73455', '887', '1', 'Spring', 2010, 'A-');
insert into takes values('75982', '667', '1', 'Fall', 2009, 'A+');
insert into advisor values('95434', '38831');
insert into advisor values('2338', '48562');
insert into advisor values('49862', '38831');
insert into advisor values('53930', '29216');
insert into advisor values('11698', '38253');
insert into advisor values('3505', '38831');
insert into advisor values('98093', '43634');
insert into advisor values('88991', '46553');
insert into advisor values('1174', '59499');
insert into advisor values('43419', '95319');
insert into advisor values('75790', '26949');
insert into advisor values('97264', '96281');
insert into advisor values('22714', '26551');
insert into advisor values('44011', '46553');
insert into advisor values('48063', '38831');
insert into advisor values('87994', '36980');
insert into advisor values('88548', '38253');
insert into advisor values('46446', '59499');
insert into advisor values('30450', '43634');
insert into advisor values('98713', '42635');
insert into advisor values('47543', '26949');
insert into advisor values('20752', '37304');
insert into advisor values('62782', '76595');
insert into advisor values('53162', '93107');
insert into advisor values('70328', '77219');
insert into advisor values('58847', '8632');
insert into advisor values('51445', '43634');
insert into advisor values('83530', '38831');
insert into advisor values('92779', '38831');
insert into advisor values('36199', '96281');
insert into advisor values('95950', '88806');
insert into advisor values('70420', '48674');
insert into advisor values('61653', '77219');
insert into advisor values('92627', '65448');
insert into advisor values('71451', '38253');
insert into advisor values('95942', '4883');
insert into advisor values('33531', '72287');
insert into advisor values('46738', '71927');
insert into advisor values('28723', '8754');
insert into advisor values('93820', '95422');
insert into advisor values('81857', '14732');
insert into advisor values('1710', '48841');
insert into advisor values('76008', '57937');
insert into advisor values('92242', '88806');
insert into advisor values('1292', '36980');
insert into advisor values('45941', '19201');
insert into advisor values('56753', '46534');
insert into advisor values('20453', '28906');
insert into advisor values('36799', '19201');
insert into advisor values('4691', '39310');
insert into advisor values('55264', '38253');
insert into advisor values('49330', '2780');
insert into advisor values('92416', '92846');
insert into advisor values('45909', '92846');
insert into advisor values('43980', '19201');
insert into advisor values('84436', '2780');
insert into advisor values('66931', '19201');
insert into advisor values('78471', '4374');
insert into advisor values('31752', '59499');
insert into advisor values('46889', '96281');
insert into advisor values('13245', '38831');
insert into advisor values('67702', '2780');
insert into advisor values('88776', '70292');
insert into advisor values('95436', '26119');
insert into advisor values('61409', '2780');
insert into advisor values('80941', '6014');
insert into advisor values('80226', '71927');
insert into advisor values('44891', '29216');
insert into advisor values('43941', '86036');
insert into advisor values('99035', '88806');
insert into advisor values('5897', '43634');
insert into advisor values('59794', '37304');
insert into advisor values('21581', '26551');
insert into advisor values('11850', '8632');
insert into advisor values('74483', '57937');
insert into advisor values('87565', '37304');
insert into advisor values('89918', '67108');
insert into advisor values('10120', '65448');
insert into advisor values('84307', '88806');
insert into advisor values('33609', '67108');
insert into advisor values('72283', '42635');
insert into advisor values('68129', '4883');
insert into advisor values('93535', '46553');
insert into advisor values('69987', '43634');
insert into advisor values('86570', '86951');
insert into advisor values('34882', '29216');
insert into advisor values('97290', '4883');
insert into advisor values('5590', '39310');
insert into advisor values('73455', '59499');
insert into advisor values('71991', '46553');
insert into advisor values('18282', '48841');
insert into advisor values('94656', '8754');
insert into advisor values('6063', '19201');
insert into advisor values('46797', '46553');
insert into advisor values('53843', '70292');
insert into advisor values('11869', '82189');
insert into advisor values('46861', '67108');
insert into advisor values('77136', '88806');
insert into advisor values('9560', '59499');
insert into advisor values('8937', '48841');
insert into advisor values('84719', '93107');
insert into advisor values('14572', '76595');
insert into advisor values('20592', '92846');
insert into advisor values('84353', '88806');
insert into advisor values('35834', '26551');
insert into advisor values('29487', '73384');
insert into advisor values('38318', '73384');
insert into advisor values('99777', '59499');
insert into advisor values('38000', '57937');
insert into advisor values('52452', '26551');
insert into advisor values('15814', '93107');
insert into advisor values('41734', '37304');
insert into advisor values('78232', '70088');
insert into advisor values('6040', '39310');
insert into advisor values('33646', '36980');
insert into advisor values('20237', '77219');
insert into advisor values('8661', '26119');
insert into advisor values('3192', '4883');
insert into advisor values('24922', '8632');
insert into advisor values('85105', '36980');
insert into advisor values('99852', '8632');
insert into advisor values('61072', '95422');
insert into advisor values('64701', '1896');
insert into advisor values('85872', '93107');
insert into advisor values('57218', '8754');
insert into advisor values('44589', '95319');
insert into advisor values('89934', '57937');
insert into advisor values('1638', '36980');
insert into advisor values('17274', '86036');
insert into advisor values('13979', '48841');
insert into advisor values('40480', '29216');
insert into advisor values('6703', '37304');
insert into advisor values('30874', '4374');
insert into advisor values('81510', '38253');
insert into advisor values('295', '28906');
insert into advisor values('40168', '71927');
insert into advisor values('46694', '46534');
insert into advisor values('28124', '26551');
insert into advisor values('45369', '96281');
insert into advisor values('89037', '71927');
insert into advisor values('11235', '26119');
insert into advisor values('77832', '19201');
insert into advisor values('94154', '72287');
insert into advisor values('9307', '96281');
insert into advisor values('54901', '46553');
insert into advisor values('67799', '1896');
insert into advisor values('72430', '48562');
insert into advisor values('52751', '88806');
insert into advisor values('56832', '8632');
insert into advisor values('57526', '8632');
insert into advisor values('93689', '38253');
insert into advisor values('49348', '46553');
insert into advisor values('81641', '95319');
insert into advisor values('7825', '28906');
insert into advisor values('79873', '93107');
insert into advisor values('5848', '88806');
insert into advisor values('89845', '72287');
insert into advisor values('27413', '46534');
insert into advisor values('14426', '86036');
insert into advisor values('77639', '8754');
insert into advisor values('40615', '28906');
insert into advisor values('75982', '6014');
insert into advisor values('25144', '2780');
insert into advisor values('16237', '72287');
insert into advisor values('95878', '77219');
insert into advisor values('36361', '92846');
insert into advisor values('63311', '8754');
insert into advisor values('22215', '4374');
insert into advisor values('88084', '77219');
insert into advisor values('78897', '8754');
insert into advisor values('24085', '48562');
insert into advisor values('38898', '70088');
insert into advisor values('82391', '8754');
insert into advisor values('41685', '77219');
insert into advisor values('8894', '73384');
insert into advisor values('79849', '46553');
insert into advisor values('39282', '38253');
insert into advisor values('77119', '6014');
insert into advisor values('87710', '93107');
insert into advisor values('93097', '39310');
insert into advisor values('35724', '42635');
insert into advisor values('91869', '77219');
insert into advisor values('87433', '72287');
insert into advisor values('27760', '96281');
insert into advisor values('52455', '48562');
insert into advisor values('61883', '93107');
insert into advisor values('33109', '28906');
insert into advisor values('27705', '2780');
insert into advisor values('2184', '93107');
insert into advisor values('18374', '96281');
insert into advisor values('52182', '92846');
insert into advisor values('63521', '53429');
insert into advisor values('91509', '82189');
insert into advisor values('13770', '6014');
insert into advisor values('88320', '77219');
insert into advisor values('34660', '19201');
insert into advisor values('2321', '77219');
insert into advisor values('76468', '86951');
insert into advisor values('7656', '53429');
insert into advisor values('11199', '57937');
insert into prereq values('225', '425');
insert into prereq values('211', '282');
insert into prereq values('945', '996');
insert into prereq values('665', '741');
insert into prereq values('516', '858');
insert into prereq values('478', '729');
insert into prereq values('403', '364');
insert into prereq values('131', '747');
insert into prereq values('425', '691');
insert into prereq values('369', '421');
insert into prereq values('143', '145');
insert into prereq values('101', '571');
insert into prereq values('512', '585');
insert into prereq values('274', '741');
insert into prereq values('728', '945');
insert into prereq values('596', '795');
insert into prereq values('225', '754');
insert into prereq values('672', '140');
insert into prereq values('754', '225');
insert into prereq values('905', '816');
insert into prereq values('140', '997');
insert into prereq values('163', '667');
insert into prereq values('146', '912');
insert into prereq values('516', '778');
insert into prereq values('948', '570');
insert into prereq values('667', '895');
insert into prereq values('163', '403');
insert into prereq values('164', '895');
insert into prereq values('124', '435');
insert into prereq values('140', '543');
insert into prereq values('569', '468');
insert into prereq values('772', '282');
insert into prereq values('840', '213');
insert into prereq values('945', '934');
insert into prereq values('307', '711');
insert into prereq values('778', '729');
insert into prereq values('195', '665');
insert into prereq values('516', '681');
insert into prereq values('910', '616');
insert into prereq values('140', '322');
insert into prereq values('618', '528');
insert into prereq values('992', '959');
insert into prereq values('754', '146');
insert into prereq values('618', '729');
insert into prereq values('481', '948');
insert into prereq values('195', '455');
insert into prereq values('366', '143');
insert into prereq values('486', '736');
insert into prereq values('840', '665');
insert into prereq values('741', '163');
insert into prereq values('540', '908');
insert into prereq values('665', '840');
insert into prereq values('803', '754');
insert into prereq values('934', '788');
insert into prereq values('124', '948');
insert into prereq values('889', '574');
insert into prereq values('455', '928');
insert into prereq values('296', '983');
insert into prereq values('353', '711');
insert into prereq values('191', '772');
insert into prereq values('101', '772');
insert into prereq values('517', '846');
insert into prereq values('959', '366');
insert into prereq values('486', '972');
insert into prereq values('283', '659');
insert into prereq values('669', '905');
insert into prereq values('698', '178');
insert into prereq values('456', '665');
insert into prereq values('624', '425');
insert into prereq values('623', '145');
insert into prereq values('816', '837');
insert into prereq values('840', '711');
insert into prereq values('131', '829');
insert into prereq values('484', '729');
insert into prereq values('368', '285');
insert into prereq values('912', '318');
insert into prereq values('529', '154');
insert into prereq values('540', '195');
insert into prereq values('393', '476');
insert into prereq values('596', '143');
insert into prereq values('789', '274');
insert into prereq values('195', '964');
insert into prereq values('781', '515');
insert into prereq values('455', '366');
insert into prereq values('661', '948');
insert into prereq values('353', '941');
insert into prereq values('691', '490');
insert into prereq values('765', '912');
insert into prereq values('145', '667');
insert into prereq values('262', '736');
insert into prereq values('571', '964');
insert into prereq values('474', '218');
insert into prereq values('920', '435');
insert into prereq values('346', '164');
insert into prereq values('624', '843');
insert into prereq values('425', '757');
insert into prereq values('741', '829');
insert into prereq values('681', '292');
insert into prereq values('154', '189');
insert into prereq values('829', '213');
