insert into classroom values('C', 118, 196);
insert into classroom values('I', 386, 13);
insert into classroom values('J', 36, 37);
insert into classroom values('J', 25, 11);
insert into classroom values('F', 622, 125);
insert into classroom values('J', 885, 11);
insert into classroom values('F', 823, 42);
insert into classroom values('B', 968, 148);
insert into classroom values('A', 163, 71);
insert into classroom values('G', 947, 203);
insert into department values('BN', 'A', 211474.86);
insert into department values('DK', 'J', 652119.04);
insert into department values('GO', 'B', 159886.14);
insert into department values('DF', 'B', 363724.17);
insert into department values('FR', 'F', 943288.81);
insert into department values('RR', 'H', 141949.87);
insert into department values('WW', 'F', 868921.72);
insert into department values('GF', 'A', 427735.44);
insert into department values('ED', 'I', 896985.89);
insert into department values('KL', 'B', 988807.17);
insert into course values('336', 'IF3333', 'ED', 4);
insert into course values('804', 'IF3211', 'GO', 3);
insert into course values('154', 'IF3333', 'RR', 3);
insert into course values('482', 'IF3030', 'FR', 3);
insert into course values('941', 'IF3031', 'WW', 4);
insert into course values('850', 'IF3333', 'FR', 4);
insert into course values('958', 'IF3211', 'KL', 3);
insert into course values('641', 'IF3120', 'WW', 3);
insert into course values('216', 'IF3031', 'RR', 4);
insert into course values('650', 'IF3031', 'BN', 4);
insert into course values('742', 'IF3031', 'FR', 3);
insert into course values('547', 'IF3211', 'DK', 3);
insert into course values('332', 'IF4321', 'DK', 3);
insert into course values('221', 'IF4321', 'RR', 4);
insert into course values('481', 'IF3031', 'WW', 3);
insert into course values('373', 'IF3211', 'WW', 3);
insert into course values('490', 'IF4041', 'GF', 4);
insert into course values('113', 'IF4321', 'GO', 4);
insert into course values('591', 'IF5555', 'FR', 3);
insert into course values('690', 'IF3333', 'DF', 3);
insert into course values('895', 'IF3030', 'GF', 3);
insert into course values('914', 'IF3022', 'DK', 4);
insert into course values('253', 'IF4041', 'RR', 4);
insert into course values('922', 'IF5555', 'DK', 4);
insert into course values('468', 'IF3031', 'RR', 3);
insert into course values('796', 'IF3120', 'FR', 3);
insert into course values('422', 'IF4321', 'BN', 3);
insert into course values('673', 'IF4041', 'BN', 3);
insert into course values('244', 'IF3022', 'ED', 4);
insert into course values('246', 'IF3211', 'KL', 4);
insert into course values('436', 'IF3211', 'DF', 3);
insert into course values('115', 'IF3030', 'KL', 3);
insert into course values('645', 'IF3022', 'WW', 3);
insert into course values('698', 'IF3120', 'WW', 4);
insert into course values('320', 'IF5555', 'FR', 3);
insert into course values('998', 'IF3120', 'FR', 3);
insert into course values('579', 'IF3211', 'RR', 4);
insert into course values('771', 'IF3030', 'WW', 3);
insert into course values('150', 'IF4321', 'BN', 3);
insert into course values('624', 'IF3031', 'RR', 4);
insert into course values('697', 'IF4321', 'FR', 3);
insert into course values('764', 'IF4321', 'FR', 3);
insert into course values('293', 'IF5555', 'DF', 4);
insert into course values('656', 'IF3211', 'ED', 3);
insert into course values('203', 'IF4321', 'BN', 4);
insert into course values('447', 'IF3030', 'GF', 3);
insert into course values('514', 'IF0230', 'RR', 4);
insert into course values('919', 'IF0230', 'FR', 3);
insert into course values('829', 'IF4041', 'DK', 4);
insert into course values('139', 'IF4041', 'GF', 4);
insert into course values('532', 'IF4041', 'DF', 4);
insert into course values('176', 'IF3022', 'BN', 4);
insert into course values('758', 'IF5555', 'ED', 3);
insert into course values('592', 'IF3333', 'BN', 3);
insert into course values('553', 'IF5555', 'FR', 3);
insert into course values('310', 'IF0230', 'WW', 3);
insert into course values('542', 'IF4041', 'DF', 4);
insert into course values('928', 'IF5555', 'RR', 4);
insert into course values('550', 'IF3211', 'BN', 4);
insert into course values('685', 'IF0230', 'GO', 3);
insert into course values('283', 'IF3030', 'ED', 4);
insert into course values('192', 'IF3030', 'GF', 3);
insert into course values('680', 'IF4041', 'WW', 3);
insert into course values('852', 'IF4321', 'FR', 4);
insert into course values('125', 'IF3031', 'WW', 4);
insert into course values('732', 'IF4321', 'ED', 3);
insert into course values('976', 'IF3333', 'DF', 4);
insert into course values('665', 'IF3120', 'KL', 3);
insert into course values('406', 'IF3022', 'GO', 4);
insert into course values('712', 'IF4041', 'BN', 4);
insert into course values('530', 'IF0230', 'ED', 3);
insert into course values('951', 'IF3022', 'ED', 3);
insert into course values('135', 'IF3120', 'FR', 3);
insert into course values('943', 'IF3022', 'DK', 3);
insert into course values('990', 'IF3211', 'ED', 3);
insert into course values('266', 'IF3211', 'GF', 3);
insert into course values('351', 'IF3333', 'GF', 3);
insert into course values('472', 'IF0230', 'KL', 3);
insert into course values('809', 'IF3333', 'FR', 3);
insert into course values('217', 'IF4321', 'DF', 3);
insert into course values('335', 'IF3031', 'BN', 4);
insert into course values('955', 'IF3211', 'RR', 4);
insert into course values('220', 'IF3211', 'ED', 4);
insert into course values('211', 'IF0230', 'DF', 3);
insert into course values('695', 'IF3333', 'DF', 3);
insert into course values('956', 'IF3120', 'KL', 3);
insert into course values('173', 'IF3030', 'DF', 4);
insert into course values('854', 'IF0230', 'DF', 3);
insert into course values('155', 'IF3120', 'RR', 3);
insert into course values('480', 'IF4041', 'WW', 3);
insert into course values('671', 'IF3022', 'DF', 4);
insert into course values('890', 'IF4041', 'GF', 3);
insert into course values('160', 'IF3333', 'DF', 4);
insert into course values('170', 'IF4041', 'GO', 3);
insert into course values('636', 'IF3120', 'DK', 4);
insert into course values('418', 'IF3333', 'DF', 4);
insert into course values('396', 'IF3031', 'GO', 3);
insert into course values('119', 'IF5555', 'BN', 4);
insert into course values('945', 'IF3211', 'WW', 4);
insert into course values('589', 'IF4041', 'GO', 3);
insert into course values('479', 'IF5555', 'ED', 4);
insert into course values('524', 'IF3333', 'BN', 4);
insert into course values('746', 'IF3211', 'RR', 3);
insert into course values('569', 'IF0230', 'DK', 3);
insert into course values('996', 'IF3030', 'RR', 4);
insert into course values('546', 'IF3022', 'GO', 3);
insert into course values('538', 'IF3333', 'DF', 3);
insert into course values('269', 'IF3211', 'GO', 3);
insert into course values('995', 'IF5555', 'KL', 3);
insert into course values('915', 'IF3030', 'GF', 3);
insert into course values('475', 'IF3022', 'BN', 4);
insert into course values('327', 'IF5555', 'FR', 3);
insert into course values('608', 'IF3120', 'DF', 3);
insert into course values('319', 'IF3022', 'WW', 4);
insert into course values('560', 'IF3031', 'DK', 4);
insert into course values('161', 'IF4321', 'BN', 3);
insert into course values('982', 'IF3211', 'FR', 3);
insert into course values('305', 'IF3211', 'RR', 3);
insert into course values('740', 'IF3211', 'GO', 3);
insert into course values('772', 'IF4041', 'RR', 3);
insert into course values('138', 'IF5555', 'KL', 3);
insert into course values('557', 'IF0230', 'BN', 4);
insert into course values('769', 'IF0230', 'GO', 3);
insert into course values('195', 'IF3031', 'WW', 4);
insert into course values('901', 'IF4041', 'GF', 4);
insert into course values('684', 'IF3022', 'KL', 3);
insert into course values('957', 'IF4321', 'WW', 3);
insert into course values('277', 'IF0230', 'ED', 3);
insert into course values('585', 'IF3333', 'GF', 4);
insert into course values('647', 'IF3120', 'BN', 3);
insert into course values('977', 'IF4321', 'DF', 4);
insert into course values('828', 'IF4321', 'DF', 4);
insert into course values('172', 'IF5555', 'KL', 3);
insert into course values('289', 'IF3031', 'BN', 3);
insert into course values('795', 'IF3022', 'DF', 4);
insert into course values('846', 'IF4041', 'DK', 4);
insert into course values('997', 'IF3211', 'GO', 4);
insert into course values('913', 'IF3031', 'WW', 4);
insert into course values('808', 'IF3030', 'FR', 3);
insert into course values('814', 'IF3022', 'ED', 4);
insert into course values('894', 'IF3120', 'DK', 3);
insert into course values('886', 'IF3211', 'FR', 3);
insert into course values('738', 'IF3211', 'ED', 4);
insert into course values('189', 'IF3120', 'DF', 4);
insert into course values('442', 'IF3031', 'RR', 3);
insert into course values('693', 'IF3031', 'BN', 4);
insert into course values('737', 'IF3120', 'FR', 4);
insert into course values('191', 'IF5555', 'GO', 4);
insert into course values('231', 'IF4321', 'RR', 3);
insert into course values('387', 'IF4041', 'GO', 3);
insert into course values('571', 'IF3120', 'ED', 4);
insert into course values('777', 'IF3030', 'FR', 3);
insert into course values('638', 'IF3333', 'BN', 4);
insert into course values('299', 'IF3120', 'BN', 4);
insert into course values('927', 'IF3022', 'DF', 3);
insert into course values('916', 'IF3120', 'DK', 4);
insert into course values('448', 'IF0230', 'KL', 3);
insert into course values('121', 'IF0230', 'RR', 3);
insert into course values('438', 'IF3211', 'KL', 4);
insert into course values('116', 'IF3211', 'ED', 3);
insert into course values('476', 'IF4041', 'WW', 3);
insert into course values('355', 'IF3031', 'BN', 3);
insert into course values('106', 'IF3030', 'DF', 3);
insert into course values('788', 'IF3120', 'RR', 3);
insert into course values('500', 'IF4041', 'DK', 4);
insert into course values('431', 'IF3333', 'DK', 4);
insert into course values('120', 'IF3030', 'DK', 3);
insert into course values('681', 'IF4321', 'GF', 4);
insert into course values('392', 'IF5555', 'GO', 3);
insert into course values('722', 'IF5555', 'RR', 4);
insert into course values('937', 'IF3211', 'FR', 3);
insert into course values('933', 'IF0230', 'GO', 3);
insert into course values('872', 'IF0230', 'ED', 4);
insert into course values('947', 'IF4321', 'DF', 3);
insert into course values('384', 'IF3030', 'KL', 4);
insert into course values('374', 'IF3333', 'KL', 3);
insert into course values('581', 'IF3030', 'BN', 3);
insert into course values('274', 'IF3333', 'GO', 4);
insert into course values('190', 'IF5555', 'KL', 3);
insert into course values('521', 'IF0230', 'KL', 3);
insert into course values('864', 'IF3120', 'FR', 3);
insert into course values('403', 'IF3030', 'FR', 3);
insert into course values('607', 'IF4041', 'BN', 3);
insert into course values('766', 'IF3333', 'DF', 3);
insert into course values('502', 'IF0230', 'RR', 4);
insert into course values('863', 'IF5555', 'RR', 4);
insert into course values('520', 'IF3120', 'ED', 3);
insert into course values('459', 'IF3120', 'WW', 4);
insert into course values('616', 'IF3333', 'BN', 4);
insert into course values('356', 'IF3333', 'BN', 3);
insert into course values('153', 'IF5555', 'WW', 3);
insert into course values('586', 'IF4041', 'BN', 4);
insert into course values('844', 'IF3120', 'WW', 4);
insert into course values('674', 'IF4041', 'GO', 3);
insert into course values('721', 'IF3031', 'ED', 3);
insert into course values('605', 'IF3120', 'FR', 3);
insert into course values('391', 'IF3022', 'KL', 3);
insert into course values('884', 'IF3030', 'FR', 3);
insert into course values('243', 'IF3333', 'DF', 4);
insert into course values('903', 'IF3211', 'BN', 3);
insert into instructor values('41684', 'Budi', 'DK', 38240.64);
insert into instructor values('91219', 'Ahmad', 'GF', 55668.57);
insert into instructor values('12081', 'Adri', 'WW', 111328.78);
insert into instructor values('70234', 'Johan', 'FR', 128894.36);
insert into instructor values('83067', 'Kiki', 'BN', 110870.97);
insert into instructor values('95368', 'Ande', 'FR', 62587.46);
insert into instructor values('36666', 'Johan', 'WW', 86560.97);
insert into instructor values('53072', 'Josu', 'WW', 88801.90);
insert into instructor values('69686', 'Ande', 'ED', 118972.74);
insert into instructor values('59235', 'Johan', 'DK', 109877.66);
insert into instructor values('1020', 'Budi', 'RR', 67149.48);
insert into instructor values('52246', 'Budi', 'FR', 98644.19);
insert into instructor values('90585', 'rahmat', 'WW', 34187.93);
insert into instructor values('77248', 'Adri', 'FR', 121997.88);
insert into instructor values('85980', 'Ande', 'DF', 58181.72);
insert into instructor values('64504', 'Budi', 'DK', 102883.27);
insert into instructor values('28184', 'yuyun', 'BN', 111375.91);
insert into instructor values('61914', 'Ande', 'GF', 94008.78);
insert into instructor values('73471', 'Johan', 'RR', 56498.20);
insert into instructor values('85571', 'Josu', 'WW', 35553.42);
insert into instructor values('14503', 'Ande', 'ED', 65970.64);
insert into instructor values('16112', 'Ahmad', 'BN', 108671.64);
insert into instructor values('65160', 'yuyun', 'DF', 57068.72);
insert into instructor values('46499', 'Budi', 'RR', 76779.46);
insert into instructor values('79132', 'Johan', 'KL', 34083.21);
insert into instructor values('28477', 'Kiki', 'KL', 127405.71);
insert into instructor values('64414', 'Ande', 'GO', 57153.29);
insert into instructor values('24452', 'Ande', 'WW', 88817.75);
insert into instructor values('49771', 'Ande', 'BN', 76677.91);
insert into instructor values('77694', 'Ahmad', 'WW', 97682.40);
insert into instructor values('76323', 'Ande', 'GF', 82075.41);
insert into instructor values('24020', 'Josu', 'DK', 36697.93);
insert into instructor values('84904', 'Yohan', 'RR', 114149.88);
insert into instructor values('19376', 'Josu', 'GF', 44434.22);
insert into instructor values('47741', 'Budi', 'KL', 81436.06);
insert into instructor values('97950', 'yuyun', 'BN', 123543.73);
insert into instructor values('26791', 'rahmat', 'KL', 102632.50);
insert into instructor values('86926', 'Yohan', 'GF', 38056.85);
insert into instructor values('62159', 'Johan', 'KL', 69596.56);
insert into instructor values('74160', 'Ahmad', 'DF', 95650.81);
insert into instructor values('92382', 'yuyun', 'GO', 88362.61);
insert into instructor values('63414', 'rahmat', 'KL', 56582.32);
insert into instructor values('38720', 'yuyun', 'BN', 109258.26);
insert into instructor values('72693', 'yuyun', 'DK', 97399.76);
insert into instructor values('15809', 'Yohan', 'BN', 101431.82);
insert into instructor values('70627', 'Ahmad', 'WW', 84601.44);
insert into instructor values('2706', 'yuyun', 'GF', 61967.33);
insert into instructor values('31994', 'Kiki', 'DF', 81082.52);
insert into instructor values('5668', 'Kiki', 'DK', 75251.80);
insert into instructor values('54035', 'Josu', 'ED', 116513.63);
insert into section values('742', '1', 'Spring', 2001, 'G', '947', 'O');
insert into section values('161', '1', 'Fall', 2006, 'J', '25', 'N');
insert into section values('581', '1', 'Spring', 2002, 'C', '118', 'A');
insert into section values('914', '1', 'Fall', 2004, 'F', '823', 'A');
insert into section values('846', '1', 'Fall', 2004, 'J', '885', 'J');
insert into section values('530', '1', 'Spring', 2009, 'F', '622', 'O');
insert into section values('956', '1', 'Spring', 2003, 'A', '163', 'L');
insert into section values('579', '1', 'Fall', 2010, 'B', '968', 'O');
insert into section values('176', '1', 'Spring', 2006, 'C', '118', 'M');
insert into section values('269', '1', 'Spring', 2002, 'G', '947', 'A');
insert into section values('120', '1', 'Fall', 2004, 'C', '118', 'B');
insert into section values('581', '2', 'Spring', 2001, 'F', '823', 'K');
insert into section values('947', '1', 'Fall', 2007, 'J', '25', 'C');
insert into section values('772', '1', 'Spring', 2008, 'F', '823', 'E');
insert into section values('976', '1', 'Spring', 2007, 'F', '622', 'H');
insert into section values('176', '2', 'Spring', 2002, 'F', '823', 'O');
insert into section values('170', '1', 'Fall', 2007, 'G', '947', 'C');
insert into section values('192', '1', 'Spring', 2002, 'C', '118', 'H');
insert into section values('919', '1', 'Spring', 2008, 'J', '36', 'N');
insert into section values('829', '1', 'Fall', 2008, 'F', '823', 'E');
insert into section values('500', '1', 'Fall', 2002, 'F', '622', 'P');
insert into section values('403', '1', 'Spring', 2007, 'F', '823', 'N');
insert into section values('769', '1', 'Spring', 2009, 'J', '885', 'E');
insert into section values('283', '1', 'Fall', 2005, 'C', '118', 'L');
insert into section values('638', '1', 'Spring', 2008, 'B', '968', 'H');
insert into section values('852', '1', 'Fall', 2006, 'F', '622', 'F');
insert into section values('772', '2', 'Spring', 2003, 'J', '25', 'B');
insert into section values('266', '1', 'Fall', 2007, 'A', '163', 'G');
insert into section values('616', '1', 'Fall', 2006, 'F', '622', 'M');
insert into section values('886', '1', 'Spring', 2010, 'B', '968', 'P');
insert into section values('957', '1', 'Spring', 2008, 'J', '885', 'N');
insert into section values('170', '2', 'Spring', 2002, 'F', '622', 'B');
insert into section values('153', '1', 'Spring', 2005, 'F', '823', 'I');
insert into section values('176', '3', 'Spring', 2003, 'J', '36', 'H');
insert into section values('327', '1', 'Fall', 2005, 'G', '947', 'G');
insert into section values('532', '1', 'Spring', 2001, 'I', '386', 'F');
insert into section values('650', '1', 'Fall', 2008, 'J', '25', 'B');
insert into section values('690', '1', 'Fall', 2009, 'F', '823', 'I');
insert into section values('246', '1', 'Spring', 2009, 'F', '823', 'B');
insert into section values('299', '1', 'Fall', 2010, 'J', '25', 'E');
insert into section values('546', '1', 'Spring', 2005, 'C', '118', 'H');
insert into section values('396', '1', 'Fall', 2007, 'C', '118', 'K');
insert into section values('115', '1', 'Fall', 2006, 'C', '118', 'E');
insert into section values('396', '2', 'Spring', 2004, 'A', '163', 'F');
insert into section values('221', '1', 'Fall', 2005, 'I', '386', 'D');
insert into section values('957', '2', 'Fall', 2007, 'F', '622', 'O');
insert into section values('431', '1', 'Spring', 2002, 'J', '25', 'M');
insert into section values('138', '1', 'Spring', 2003, 'F', '622', 'O');
insert into section values('569', '1', 'Fall', 2010, 'J', '25', 'C');
insert into section values('332', '1', 'Spring', 2001, 'F', '622', 'F');
insert into section values('809', '1', 'Spring', 2010, 'C', '118', 'M');
insert into section values('955', '1', 'Fall', 2009, 'B', '968', 'L');
insert into section values('586', '1', 'Spring', 2008, 'J', '25', 'G');
insert into section values('852', '2', 'Fall', 2010, 'J', '885', 'A');
insert into section values('553', '1', 'Spring', 2004, 'F', '823', 'F');
insert into section values('592', '1', 'Spring', 2010, 'F', '823', 'L');
insert into section values('243', '1', 'Fall', 2005, 'G', '947', 'O');
insert into section values('592', '2', 'Spring', 2008, 'J', '36', 'I');
insert into section values('192', '2', 'Spring', 2007, 'I', '386', 'A');
insert into section values('448', '1', 'Spring', 2006, 'J', '25', 'E');
insert into section values('829', '2', 'Spring', 2009, 'J', '25', 'M');
insert into section values('106', '1', 'Fall', 2001, 'J', '885', 'P');
insert into section values('982', '1', 'Spring', 2003, 'A', '163', 'K');
insert into section values('665', '1', 'Fall', 2004, 'J', '36', 'I');
insert into section values('520', '1', 'Fall', 2005, 'I', '386', 'B');
insert into section values('591', '1', 'Spring', 2005, 'C', '118', 'N');
insert into section values('721', '1', 'Fall', 2004, 'J', '885', 'N');
insert into section values('557', '1', 'Spring', 2006, 'J', '885', 'C');
insert into section values('293', '1', 'Fall', 2009, 'J', '885', 'M');
insert into section values('283', '2', 'Spring', 2008, 'F', '823', 'E');
insert into section values('998', '1', 'Spring', 2007, 'J', '36', 'J');
insert into section values('681', '1', 'Spring', 2004, 'C', '118', 'E');
insert into section values('283', '3', 'Spring', 2003, 'F', '823', 'A');
insert into section values('481', '1', 'Spring', 2007, 'A', '163', 'J');
insert into section values('476', '1', 'Spring', 2003, 'F', '823', 'G');
insert into section values('976', '2', 'Fall', 2010, 'J', '25', 'L');
insert into section values('796', '1', 'Spring', 2007, 'F', '622', 'A');
insert into section values('320', '1', 'Spring', 2006, 'C', '118', 'G');
insert into section values('945', '1', 'Fall', 2008, 'F', '622', 'C');
insert into section values('442', '1', 'Fall', 2003, 'B', '968', 'M');
insert into section values('916', '1', 'Spring', 2010, 'J', '25', 'I');
insert into section values('712', '1', 'Fall', 2001, 'A', '163', 'I');
insert into section values('693', '1', 'Spring', 2008, 'J', '36', 'F');
insert into section values('153', '2', 'Spring', 2001, 'F', '622', 'M');
insert into section values('459', '1', 'Spring', 2008, 'I', '386', 'L');
insert into section values('392', '1', 'Fall', 2010, 'F', '823', 'F');
insert into section values('916', '2', 'Spring', 2005, 'J', '36', 'O');
insert into section values('546', '2', 'Spring', 2003, 'G', '947', 'A');
insert into section values('864', '1', 'Fall', 2004, 'F', '823', 'O');
insert into section values('289', '1', 'Spring', 2002, 'F', '622', 'L');
insert into section values('438', '1', 'Spring', 2002, 'J', '25', 'O');
insert into section values('913', '1', 'Spring', 2008, 'F', '622', 'F');
insert into section values('976', '3', 'Fall', 2004, 'G', '947', 'J');
insert into section values('374', '1', 'Fall', 2010, 'A', '163', 'I');
insert into section values('514', '1', 'Spring', 2004, 'F', '622', 'A');
insert into section values('153', '3', 'Fall', 2002, 'A', '163', 'H');
insert into section values('656', '1', 'Spring', 2010, 'F', '622', 'C');
insert into section values('886', '2', 'Fall', 2007, 'F', '622', 'A');
insert into section values('176', '4', 'Fall', 2008, 'B', '968', 'M');
insert into section values('351', '1', 'Fall', 2005, 'I', '386', 'F');
insert into section values('530', '2', 'Fall', 2010, 'I', '386', 'M');
insert into section values('170', '3', 'Spring', 2007, 'F', '622', 'K');
insert into section values('521', '1', 'Spring', 2008, 'A', '163', 'K');
insert into section values('671', '1', 'Spring', 2009, 'J', '36', 'K');
insert into section values('650', '2', 'Fall', 2004, 'J', '885', 'L');
insert into section values('674', '1', 'Fall', 2003, 'F', '622', 'L');
insert into section values('356', '1', 'Spring', 2010, 'I', '386', 'M');
insert into section values('916', '3', 'Spring', 2001, 'J', '25', 'K');
insert into section values('221', '2', 'Fall', 2009, 'F', '823', 'D');
insert into section values('138', '2', 'Fall', 2003, 'F', '622', 'A');
insert into section values('571', '1', 'Fall', 2006, 'G', '947', 'D');
insert into section values('951', '1', 'Spring', 2001, 'J', '885', 'F');
insert into section values('712', '2', 'Spring', 2009, 'I', '386', 'L');
insert into section values('872', '1', 'Spring', 2002, 'J', '25', 'E');
insert into section values('571', '2', 'Fall', 2002, 'F', '622', 'D');
insert into section values('274', '1', 'Fall', 2004, 'J', '885', 'B');
insert into section values('121', '1', 'Spring', 2004, 'J', '25', 'J');
insert into section values('154', '1', 'Fall', 2009, 'A', '163', 'K');
insert into section values('154', '2', 'Fall', 2002, 'G', '947', 'E');
insert into section values('192', '3', 'Fall', 2009, 'F', '622', 'I');
insert into section values('607', '1', 'Spring', 2004, 'B', '968', 'A');
insert into section values('191', '1', 'Fall', 2002, 'I', '386', 'J');
insert into section values('170', '4', 'Fall', 2010, 'J', '36', 'J');
insert into section values('121', '2', 'Spring', 2009, 'J', '885', 'F');
insert into section values('153', '4', 'Spring', 2009, 'B', '968', 'I');
insert into section values('681', '2', 'Spring', 2007, 'F', '823', 'E');
insert into section values('674', '2', 'Spring', 2003, 'I', '386', 'J');
insert into section values('119', '1', 'Fall', 2001, 'J', '25', 'I');
insert into section values('192', '4', 'Fall', 2008, 'J', '25', 'A');
insert into section values('135', '1', 'Fall', 2005, 'J', '885', 'I');
insert into section values('310', '1', 'Fall', 2003, 'B', '968', 'G');
insert into section values('125', '1', 'Fall', 2002, 'I', '386', 'G');
insert into section values('532', '2', 'Spring', 2004, 'C', '118', 'A');
insert into section values('769', '2', 'Spring', 2003, 'G', '947', 'N');
insert into section values('336', '1', 'Spring', 2009, 'I', '386', 'A');
insert into section values('115', '2', 'Fall', 2009, 'C', '118', 'O');
insert into section values('895', '1', 'Fall', 2006, 'F', '823', 'D');
insert into section values('479', '1', 'Spring', 2009, 'A', '163', 'K');
insert into section values('211', '1', 'Fall', 2007, 'F', '622', 'C');
insert into section values('447', '1', 'Fall', 2009, 'A', '163', 'F');
insert into section values('530', '3', 'Fall', 2003, 'F', '823', 'J');
insert into section values('656', '2', 'Spring', 2009, 'A', '163', 'M');
insert into section values('431', '2', 'Fall', 2009, 'F', '823', 'O');
insert into section values('396', '3', 'Fall', 2004, 'F', '622', 'O');
insert into section values('547', '1', 'Spring', 2008, 'J', '36', 'P');
insert into section values('864', '2', 'Fall', 2008, 'C', '118', 'A');
insert into section values('569', '2', 'Fall', 2003, 'J', '885', 'P');
insert into section values('569', '3', 'Spring', 2004, 'A', '163', 'H');
insert into section values('155', '1', 'Spring', 2002, 'C', '118', 'O');
insert into section values('269', '2', 'Fall', 2001, 'A', '163', 'J');
insert into section values('913', '2', 'Spring', 2004, 'C', '118', 'D');
insert into section values('982', '2', 'Fall', 2008, 'G', '947', 'H');
insert into section values('624', '1', 'Fall', 2006, 'C', '118', 'H');
insert into section values('684', '1', 'Fall', 2002, 'C', '118', 'M');
insert into section values('795', '1', 'Fall', 2001, 'I', '386', 'C');
insert into section values('738', '1', 'Fall', 2003, 'J', '25', 'C');
insert into section values('585', '1', 'Fall', 2006, 'F', '622', 'K');
insert into section values('305', '1', 'Fall', 2006, 'J', '885', 'C');
insert into section values('645', '1', 'Fall', 2007, 'J', '25', 'C');
insert into section values('502', '1', 'Fall', 2008, 'F', '823', 'H');
insert into section values('665', '2', 'Fall', 2004, 'B', '968', 'N');
insert into section values('569', '4', 'Fall', 2005, 'J', '36', 'K');
insert into section values('211', '2', 'Fall', 2009, 'F', '823', 'D');
insert into section values('674', '3', 'Spring', 2001, 'G', '947', 'P');
insert into section values('480', '1', 'Fall', 2009, 'J', '25', 'K');
insert into section values('681', '3', 'Spring', 2003, 'J', '36', 'C');
insert into section values('636', '1', 'Fall', 2010, 'J', '36', 'B');
insert into section values('546', '3', 'Spring', 2001, 'J', '36', 'N');
insert into section values('732', '1', 'Spring', 2002, 'A', '163', 'O');
insert into section values('758', '1', 'Spring', 2001, 'J', '885', 'G');
insert into section values('758', '2', 'Spring', 2007, 'J', '25', 'F');
insert into section values('771', '1', 'Fall', 2004, 'B', '968', 'L');
insert into section values('854', '1', 'Spring', 2008, 'J', '885', 'I');
insert into section values('374', '2', 'Fall', 2009, 'J', '36', 'A');
insert into section values('737', '1', 'Spring', 2002, 'I', '386', 'K');
insert into section values('854', '2', 'Spring', 2007, 'A', '163', 'B');
insert into section values('189', '1', 'Spring', 2010, 'A', '163', 'M');
insert into section values('320', '2', 'Fall', 2004, 'F', '622', 'C');
insert into section values('976', '4', 'Fall', 2002, 'G', '947', 'G');
insert into section values('901', '1', 'Spring', 2005, 'C', '118', 'J');
insert into section values('542', '1', 'Fall', 2009, 'J', '36', 'J');
insert into section values('514', '2', 'Spring', 2010, 'J', '36', 'G');
insert into section values('579', '2', 'Fall', 2005, 'I', '386', 'G');
insert into section values('195', '1', 'Fall', 2010, 'C', '118', 'M');
insert into section values('886', '3', 'Spring', 2001, 'J', '36', 'A');
insert into section values('758', '3', 'Spring', 2005, 'A', '163', 'B');
insert into section values('712', '3', 'Spring', 2009, 'J', '36', 'B');
insert into section values('607', '2', 'Spring', 2009, 'F', '622', 'C');
insert into section values('695', '1', 'Spring', 2008, 'F', '823', 'G');
insert into section values('374', '3', 'Fall', 2001, 'J', '885', 'A');
insert into section values('829', '3', 'Spring', 2008, 'J', '36', 'L');
insert into section values('996', '1', 'Fall', 2004, 'F', '823', 'N');
insert into section values('671', '2', 'Fall', 2006, 'A', '163', 'B');
insert into section values('289', '2', 'Spring', 2004, 'A', '163', 'K');
insert into section values('557', '2', 'Spring', 2009, 'B', '968', 'L');
insert into section values('814', '1', 'Fall', 2004, 'I', '386', 'L');
insert into section values('217', '1', 'Fall', 2004, 'I', '386', 'C');
insert into section values('608', '1', 'Fall', 2004, 'B', '968', 'A');
insert into section values('977', '1', 'Fall', 2010, 'F', '823', 'A');
insert into section values('121', '3', 'Spring', 2004, 'J', '885', 'E');
insert into section values('160', '1', 'Spring', 2006, 'G', '947', 'D');
insert into section values('192', '5', 'Spring', 2002, 'G', '947', 'H');
insert into section values('514', '3', 'Fall', 2005, 'J', '885', 'L');
insert into section values('809', '2', 'Spring', 2010, 'J', '25', 'L');
insert into section values('894', '1', 'Spring', 2001, 'C', '118', 'B');
insert into section values('585', '2', 'Fall', 2008, 'F', '823', 'O');
insert into section values('928', '1', 'Spring', 2003, 'F', '823', 'A');
insert into section values('468', '1', 'Fall', 2008, 'J', '885', 'P');
insert into section values('809', '3', 'Fall', 2004, 'J', '25', 'A');
insert into section values('355', '1', 'Fall', 2008, 'B', '968', 'A');
insert into section values('674', '4', 'Spring', 2006, 'A', '163', 'O');
insert into section values('203', '1', 'Fall', 2007, 'F', '823', 'K');
insert into section values('674', '5', 'Spring', 2001, 'F', '622', 'J');
insert into section values('772', '3', 'Fall', 2005, 'B', '968', 'E');
insert into section values('854', '3', 'Fall', 2003, 'F', '823', 'G');
insert into section values('695', '2', 'Spring', 2004, 'J', '36', 'I');
insert into section values('732', '2', 'Spring', 2008, 'J', '25', 'O');
insert into section values('903', '1', 'Fall', 2001, 'F', '823', 'G');
insert into section values('795', '2', 'Spring', 2010, 'B', '968', 'N');
insert into section values('742', '2', 'Fall', 2001, 'F', '622', 'G');
insert into section values('922', '1', 'Fall', 2004, 'F', '823', 'G');
insert into section values('698', '1', 'Fall', 2002, 'C', '118', 'O');
insert into section values('995', '1', 'Spring', 2006, 'F', '622', 'C');
insert into section values('160', '2', 'Fall', 2003, 'A', '163', 'J');
insert into section values('438', '2', 'Spring', 2001, 'C', '118', 'I');
insert into section values('373', '1', 'Spring', 2005, 'J', '36', 'N');
insert into section values('852', '3', 'Spring', 2006, 'A', '163', 'A');
insert into section values('937', '1', 'Fall', 2009, 'J', '25', 'N');
insert into section values('913', '3', 'Fall', 2007, 'J', '885', 'H');
insert into section values('937', '2', 'Spring', 2004, 'G', '947', 'C');
insert into section values('476', '2', 'Spring', 2006, 'C', '118', 'H');
insert into section values('120', '2', 'Spring', 2001, 'J', '36', 'M');
insert into section values('829', '4', 'Fall', 2003, 'J', '36', 'P');
insert into section values('211', '3', 'Fall', 2008, 'B', '968', 'D');
insert into section values('211', '4', 'Fall', 2005, 'G', '947', 'O');
insert into section values('957', '3', 'Fall', 2001, 'F', '622', 'G');
insert into section values('274', '2', 'Fall', 2004, 'A', '163', 'B');
insert into section values('591', '2', 'Spring', 2010, 'J', '36', 'H');
insert into section values('336', '2', 'Fall', 2004, 'F', '622', 'L');
insert into section values('490', '1', 'Fall', 2006, 'J', '885', 'C');
insert into section values('160', '3', 'Spring', 2003, 'G', '947', 'F');
insert into section values('795', '3', 'Fall', 2009, 'F', '823', 'B');
insert into section values('422', '1', 'Spring', 2009, 'F', '622', 'J');
insert into section values('605', '1', 'Spring', 2002, 'G', '947', 'C');
insert into section values('336', '3', 'Fall', 2006, 'B', '968', 'G');
insert into section values('937', '3', 'Spring', 2007, 'F', '622', 'E');
insert into section values('244', '1', 'Fall', 2002, 'F', '622', 'N');
insert into section values('958', '1', 'Fall', 2006, 'A', '163', 'P');
insert into section values('538', '1', 'Spring', 2007, 'J', '885', 'M');
insert into section values('996', '2', 'Spring', 2004, 'G', '947', 'A');
insert into section values('592', '3', 'Spring', 2004, 'J', '25', 'O');
insert into section values('624', '2', 'Fall', 2002, 'F', '823', 'C');
insert into section values('283', '4', 'Spring', 2008, 'B', '968', 'P');
insert into section values('121', '4', 'Fall', 2002, 'F', '622', 'A');
insert into section values('796', '2', 'Fall', 2003, 'F', '622', 'B');
insert into section values('913', '4', 'Fall', 2003, 'G', '947', 'O');
insert into section values('916', '4', 'Spring', 2005, 'F', '823', 'K');
insert into section values('697', '1', 'Spring', 2004, 'J', '25', 'E');
insert into section values('476', '3', 'Spring', 2003, 'A', '163', 'D');
insert into section values('742', '3', 'Fall', 2010, 'G', '947', 'I');
insert into section values('647', '1', 'Fall', 2004, 'G', '947', 'J');
insert into section values('996', '3', 'Spring', 2008, 'F', '622', 'C');
insert into section values('605', '2', 'Spring', 2008, 'F', '622', 'G');
insert into section values('468', '2', 'Fall', 2009, 'B', '968', 'K');
insert into section values('154', '3', 'Fall', 2010, 'F', '622', 'N');
insert into section values('299', '2', 'Fall', 2006, 'J', '885', 'P');
insert into section values('647', '2', 'Spring', 2010, 'C', '118', 'D');
insert into section values('468', '3', 'Fall', 2001, 'F', '823', 'D');
insert into section values('673', '1', 'Spring', 2010, 'I', '386', 'C');
insert into section values('721', '2', 'Fall', 2005, 'C', '118', 'F');
insert into section values('442', '2', 'Fall', 2007, 'J', '885', 'D');
insert into section values('673', '2', 'Spring', 2007, 'I', '386', 'B');
insert into section values('914', '2', 'Spring', 2003, 'G', '947', 'H');
insert into section values('246', '2', 'Spring', 2003, 'F', '622', 'J');
insert into section values('919', '2', 'Spring', 2006, 'J', '885', 'A');
insert into section values('684', '2', 'Spring', 2004, 'F', '823', 'L');
insert into section values('335', '1', 'Fall', 2006, 'G', '947', 'G');
insert into section values('941', '1', 'Fall', 2007, 'J', '885', 'D');
insert into section values('532', '3', 'Fall', 2007, 'G', '947', 'O');
insert into section values('945', '2', 'Fall', 2004, 'J', '25', 'L');
insert into section values('459', '2', 'Fall', 2003, 'B', '968', 'K');
insert into section values('283', '5', 'Fall', 2001, 'A', '163', 'C');
insert into section values('680', '1', 'Fall', 2007, 'C', '118', 'D');
insert into section values('189', '2', 'Spring', 2004, 'B', '968', 'F');
insert into section values('581', '3', 'Spring', 2010, 'G', '947', 'I');
insert into section values('693', '2', 'Fall', 2004, 'J', '25', 'P');
insert into section values('814', '2', 'Fall', 2003, 'J', '36', 'F');
insert into section values('976', '5', 'Fall', 2007, 'F', '622', 'H');
insert into section values('850', '1', 'Fall', 2008, 'C', '118', 'E');
insert into section values('530', '4', 'Fall', 2009, 'A', '163', 'K');
insert into section values('115', '3', 'Spring', 2010, 'F', '823', 'K');
insert into section values('777', '1', 'Spring', 2003, 'J', '885', 'O');
insert into section values('387', '1', 'Spring', 2003, 'G', '947', 'P');
insert into section values('795', '4', 'Spring', 2005, 'F', '823', 'M');
insert into section values('697', '2', 'Fall', 2007, 'J', '25', 'C');
insert into section values('585', '3', 'Spring', 2009, 'J', '36', 'N');
insert into section values('243', '2', 'Fall', 2010, 'I', '386', 'N');
insert into section values('656', '3', 'Fall', 2008, 'J', '36', 'G');
insert into section values('591', '3', 'Fall', 2005, 'I', '386', 'J');
insert into section values('919', '3', 'Fall', 2009, 'A', '163', 'N');
insert into section values('221', '3', 'Spring', 2001, 'J', '25', 'I');
insert into section values('550', '1', 'Fall', 2009, 'J', '36', 'N');
insert into section values('418', '1', 'Spring', 2005, 'J', '25', 'D');
insert into section values('695', '3', 'Fall', 2002, 'J', '25', 'M');
insert into section values('771', '2', 'Fall', 2003, 'G', '947', 'L');
insert into section values('945', '3', 'Fall', 2008, 'F', '622', 'C');
insert into section values('173', '1', 'Spring', 2008, 'F', '622', 'O');
insert into section values('170', '5', 'Fall', 2003, 'F', '622', 'E');
insert into section values('387', '2', 'Fall', 2005, 'G', '947', 'K');
insert into section values('641', '1', 'Fall', 2009, 'G', '947', 'L');
insert into section values('690', '2', 'Spring', 2002, 'I', '386', 'A');
insert into section values('740', '1', 'Fall', 2005, 'G', '947', 'A');
insert into section values('766', '1', 'Spring', 2006, 'G', '947', 'I');
insert into section values('624', '3', 'Fall', 2002, 'F', '823', 'L');
insert into section values('850', '2', 'Fall', 2003, 'G', '947', 'B');
insert into section values('310', '2', 'Spring', 2005, 'J', '25', 'P');
insert into section values('592', '4', 'Spring', 2006, 'J', '885', 'I');
insert into section values('586', '2', 'Spring', 2008, 'F', '823', 'B');
insert into section values('472', '1', 'Fall', 2005, 'J', '36', 'K');
insert into section values('616', '2', 'Spring', 2006, 'G', '947', 'C');
insert into section values('919', '4', 'Fall', 2001, 'F', '622', 'D');
insert into section values('550', '2', 'Spring', 2008, 'F', '622', 'L');
insert into section values('560', '1', 'Fall', 2004, 'J', '885', 'J');
insert into section values('864', '3', 'Fall', 2004, 'G', '947', 'G');
insert into section values('139', '1', 'Spring', 2007, 'F', '823', 'B');
insert into section values('638', '2', 'Fall', 2005, 'F', '622', 'C');
insert into section values('220', '1', 'Fall', 2010, 'G', '947', 'H');
insert into section values('764', '1', 'Spring', 2004, 'C', '118', 'M');
insert into section values('645', '2', 'Fall', 2010, 'I', '386', 'B');
insert into section values('277', '1', 'Fall', 2004, 'B', '968', 'D');
insert into section values('203', '2', 'Fall', 2008, 'A', '163', 'E');
insert into section values('928', '2', 'Fall', 2007, 'J', '36', 'F');
insert into section values('814', '3', 'Spring', 2010, 'I', '386', 'B');
insert into section values('844', '1', 'Fall', 2007, 'B', '968', 'K');
insert into section values('863', '1', 'Fall', 2007, 'F', '823', 'A');
insert into section values('418', '2', 'Spring', 2007, 'F', '823', 'H');
insert into section values('919', '5', 'Spring', 2002, 'J', '885', 'D');
insert into section values('468', '4', 'Fall', 2005, 'F', '823', 'M');
insert into section values('520', '2', 'Spring', 2005, 'J', '885', 'B');
insert into section values('119', '2', 'Spring', 2007, 'J', '25', 'H');
insert into section values('500', '2', 'Fall', 2008, 'J', '36', 'O');
insert into section values('913', '5', 'Spring', 2009, 'F', '622', 'F');
insert into section values('211', '5', 'Spring', 2001, 'F', '823', 'F');
insert into section values('173', '2', 'Fall', 2009, 'F', '622', 'O');
insert into section values('195', '2', 'Spring', 2008, 'G', '947', 'L');
insert into section values('864', '4', 'Spring', 2001, 'C', '118', 'B');
insert into section values('173', '3', 'Fall', 2002, 'I', '386', 'L');
insert into section values('690', '3', 'Fall', 2004, 'A', '163', 'F');
insert into section values('693', '3', 'Spring', 2007, 'A', '163', 'A');
insert into section values('592', '5', 'Fall', 2008, 'I', '386', 'L');
insert into section values('656', '4', 'Fall', 2003, 'C', '118', 'C');
insert into section values('220', '2', 'Spring', 2007, 'F', '622', 'C');
insert into section values('253', '1', 'Spring', 2004, 'J', '25', 'P');
insert into section values('176', '5', 'Fall', 2008, 'G', '947', 'L');
insert into section values('448', '2', 'Fall', 2010, 'F', '823', 'B');
insert into section values('373', '2', 'Spring', 2001, 'B', '968', 'G');
insert into section values('373', '3', 'Fall', 2008, 'C', '118', 'D');
insert into section values('737', '2', 'Spring', 2008, 'C', '118', 'J');
insert into section values('150', '1', 'Fall', 2004, 'A', '163', 'G');
insert into section values('829', '5', 'Fall', 2003, 'C', '118', 'E');
insert into section values('269', '3', 'Spring', 2002, 'G', '947', 'I');
insert into section values('115', '4', 'Spring', 2005, 'I', '386', 'M');
insert into section values('943', '1', 'Fall', 2004, 'C', '118', 'G');
insert into section values('155', '2', 'Spring', 2008, 'I', '386', 'I');
insert into section values('977', '2', 'Spring', 2007, 'I', '386', 'N');
insert into section values('772', '4', 'Fall', 2002, 'J', '885', 'E');
insert into section values('722', '1', 'Spring', 2008, 'A', '163', 'P');
insert into section values('693', '4', 'Fall', 2001, 'G', '947', 'F');
insert into section values('335', '2', 'Spring', 2005, 'J', '36', 'N');
insert into section values('448', '3', 'Fall', 2008, 'F', '823', 'G');
insert into section values('958', '2', 'Spring', 2004, 'I', '386', 'F');
insert into section values('176', '6', 'Spring', 2004, 'F', '823', 'F');
insert into section values('777', '2', 'Spring', 2009, 'J', '25', 'J');
insert into section values('579', '3', 'Fall', 2010, 'F', '823', 'C');
insert into section values('624', '4', 'Spring', 2009, 'F', '622', 'I');
insert into section values('914', '3', 'Fall', 2009, 'I', '386', 'M');
insert into section values('211', '6', 'Spring', 2007, 'J', '25', 'M');
insert into section values('335', '3', 'Spring', 2010, 'C', '118', 'F');
insert into section values('886', '4', 'Spring', 2006, 'F', '622', 'O');
insert into section values('253', '2', 'Fall', 2001, 'G', '947', 'D');
insert into section values('392', '2', 'Fall', 2003, 'C', '118', 'M');
insert into section values('636', '2', 'Spring', 2008, 'G', '947', 'D');
insert into section values('520', '3', 'Spring', 2002, 'I', '386', 'P');
insert into section values('216', '1', 'Spring', 2001, 'F', '823', 'H');
insert into section values('740', '2', 'Spring', 2010, 'B', '968', 'O');
insert into section values('605', '3', 'Spring', 2002, 'J', '36', 'F');
insert into section values('829', '6', 'Spring', 2004, 'F', '823', 'C');
insert into section values('532', '4', 'Spring', 2010, 'G', '947', 'M');
insert into section values('289', '3', 'Spring', 2010, 'I', '386', 'L');
insert into section values('468', '5', 'Fall', 2009, 'G', '947', 'C');
insert into section values('681', '4', 'Spring', 2005, 'F', '622', 'N');
insert into section values('829', '7', 'Fall', 2003, 'J', '36', 'M');
insert into section values('289', '4', 'Spring', 2005, 'F', '622', 'N');
insert into section values('418', '3', 'Spring', 2006, 'B', '968', 'L');
insert into section values('922', '2', 'Spring', 2006, 'C', '118', 'B');
insert into section values('422', '2', 'Fall', 2008, 'J', '25', 'O');
insert into section values('956', '2', 'Fall', 2005, 'J', '25', 'N');
insert into section values('521', '2', 'Spring', 2003, 'J', '25', 'D');
insert into section values('500', '3', 'Fall', 2006, 'C', '118', 'D');
insert into section values('447', '2', 'Fall', 2008, 'F', '622', 'O');
insert into teaches values('54035', '283', '4', 'Spring', 2008);
insert into teaches values('46499', '579', '2', 'Fall', 2005);
insert into teaches values('38720', '581', '1', 'Spring', 2002);
insert into teaches values('77694', '373', '1', 'Spring', 2005);
insert into teaches values('24020', '914', '2', 'Spring', 2003);
insert into teaches values('92382', '674', '3', 'Spring', 2001);
insert into teaches values('64414', '274', '1', 'Fall', 2004);
insert into teaches values('77248', '809', '3', 'Fall', 2004);
insert into teaches values('77248', '919', '3', 'Fall', 2009);
insert into teaches values('92382', '396', '2', 'Spring', 2004);
insert into teaches values('54035', '872', '1', 'Spring', 2002);
insert into teaches values('47741', '956', '1', 'Spring', 2003);
insert into teaches values('84904', '442', '1', 'Fall', 2003);
insert into teaches values('77248', '737', '1', 'Spring', 2002);
insert into teaches values('14503', '814', '1', 'Fall', 2004);
insert into teaches values('63414', '448', '3', 'Fall', 2008);
insert into teaches values('54035', '283', '5', 'Fall', 2001);
insert into teaches values('15809', '592', '2', 'Spring', 2008);
insert into teaches values('15809', '673', '2', 'Spring', 2007);
insert into teaches values('2706', '681', '1', 'Spring', 2004);
insert into teaches values('92382', '269', '2', 'Fall', 2001);
insert into teaches values('14503', '220', '1', 'Fall', 2010);
insert into teaches values('46499', '468', '3', 'Fall', 2001);
insert into teaches values('15809', '176', '2', 'Spring', 2002);
insert into teaches values('24020', '569', '4', 'Fall', 2005);
insert into teaches values('77248', '886', '3', 'Spring', 2001);
insert into teaches values('5668', '120', '1', 'Fall', 2004);
insert into teaches values('54035', '738', '1', 'Fall', 2003);
insert into teaches values('70627', '459', '2', 'Fall', 2003);
insert into teaches values('77248', '320', '1', 'Spring', 2006);
insert into teaches values('70627', '945', '3', 'Fall', 2008);
insert into teaches values('92382', '740', '1', 'Fall', 2005);
insert into teaches values('70627', '480', '1', 'Fall', 2009);
insert into teaches values('77248', '864', '1', 'Fall', 2004);
insert into teaches values('54035', '814', '2', 'Fall', 2003);
insert into teaches values('77248', '864', '4', 'Spring', 2001);
insert into teaches values('15809', '638', '1', 'Spring', 2008);
insert into teaches values('92382', '392', '2', 'Fall', 2003);
insert into teaches values('92382', '674', '2', 'Spring', 2003);
insert into teaches values('70627', '153', '3', 'Fall', 2002);
insert into teaches values('2706', '585', '2', 'Fall', 2008);
insert into teaches values('63414', '374', '2', 'Fall', 2009);
insert into teaches values('31994', '542', '1', 'Fall', 2009);
insert into teaches values('38720', '176', '6', 'Spring', 2004);
insert into teaches values('31994', '532', '3', 'Fall', 2007);
insert into teaches values('46499', '121', '3', 'Spring', 2004);
insert into teaches values('74160', '795', '2', 'Spring', 2010);
insert into teaches values('77248', '742', '3', 'Fall', 2010);
insert into teaches values('15809', '176', '3', 'Spring', 2003);
insert into teaches values('70234', '777', '2', 'Spring', 2009);
insert into teaches values('63414', '665', '2', 'Fall', 2004);
insert into teaches values('31994', '854', '3', 'Fall', 2003);
insert into teaches values('77248', '937', '3', 'Spring', 2007);
insert into teaches values('84904', '468', '4', 'Fall', 2005);
insert into teaches values('31994', '211', '6', 'Spring', 2007);
insert into teaches values('5668', '120', '2', 'Spring', 2001);
insert into teaches values('70627', '645', '1', 'Fall', 2007);
insert into teaches values('5668', '916', '1', 'Spring', 2010);
insert into teaches values('54035', '283', '3', 'Spring', 2003);
insert into teaches values('52246', '809', '2', 'Spring', 2010);
insert into teaches values('63414', '684', '1', 'Fall', 2002);
insert into teaches values('64414', '674', '4', 'Spring', 2006);
insert into teaches values('14503', '571', '2', 'Fall', 2002);
insert into teaches values('64414', '191', '1', 'Fall', 2002);
insert into teaches values('73471', '253', '1', 'Spring', 2004);
insert into teaches values('77248', '919', '2', 'Spring', 2006);
insert into teaches values('63414', '246', '1', 'Spring', 2009);
insert into teaches values('24020', '500', '2', 'Fall', 2008);
insert into teaches values('64414', '546', '3', 'Spring', 2001);
insert into teaches values('62159', '956', '2', 'Fall', 2005);
insert into teaches values('86926', '901', '1', 'Spring', 2005);
insert into teaches values('77248', '742', '2', 'Fall', 2001);
insert into teaches values('5668', '914', '3', 'Fall', 2009);
insert into teaches values('38720', '616', '1', 'Fall', 2006);
insert into teaches values('5668', '846', '1', 'Fall', 2004);
insert into teaches values('84904', '154', '2', 'Fall', 2002);
insert into teaches values('5668', '894', '1', 'Spring', 2001);
insert into teaches values('31994', '211', '3', 'Fall', 2008);
insert into teaches values('65160', '947', '1', 'Fall', 2007);
insert into teaches values('84904', '121', '1', 'Spring', 2004);
insert into teaches values('15809', '607', '2', 'Spring', 2009);
insert into teaches values('15809', '607', '1', 'Spring', 2004);
insert into teaches values('84904', '722', '1', 'Spring', 2008);
insert into teaches values('15809', '289', '4', 'Spring', 2005);
insert into teaches values('54035', '277', '1', 'Fall', 2004);
insert into teaches values('70627', '476', '3', 'Spring', 2003);
insert into teaches values('54035', '814', '3', 'Spring', 2010);
insert into teaches values('77248', '850', '2', 'Fall', 2003);
insert into teaches values('31994', '243', '1', 'Fall', 2005);
insert into teaches values('54035', '336', '3', 'Fall', 2006);
insert into teaches values('15809', '422', '2', 'Fall', 2008);
insert into teaches values('77248', '852', '1', 'Fall', 2006);
insert into teaches values('31994', '173', '1', 'Spring', 2008);
insert into teaches values('15809', '903', '1', 'Fall', 2001);
insert into teaches values('54035', '479', '1', 'Spring', 2009);
insert into teaches values('70627', '913', '2', 'Spring', 2004);
insert into teaches values('31994', '977', '1', 'Fall', 2010);
insert into teaches values('46499', '579', '3', 'Fall', 2010);
insert into teaches values('2706', '192', '1', 'Spring', 2002);
insert into teaches values('84904', '216', '1', 'Spring', 2001);
insert into student values('6276', 'Budi', 'GO', 58);
insert into student values('41131', 'Kiki', 'BN', 91);
insert into student values('82003', 'Ande', 'GO', 91);
insert into student values('59200', 'Josu', 'ED', 55);
insert into student values('56056', 'Ande', 'WW', 75);
insert into student values('84743', 'Kiki', 'KL', 94);
insert into student values('62978', 'yuyun', 'GO', 82);
insert into student values('9032', 'Yohan', 'GO', 11);
insert into student values('25669', 'Johan', 'KL', 94);
insert into student values('11536', 'Ahmad', 'RR', 49);
insert into student values('31508', 'Yohan', 'KL', 11);
insert into student values('22124', 'Kiki', 'GF', 19);
insert into student values('2695', 'Kiki', 'FR', 113);
insert into student values('82348', 'Josu', 'GF', 118);
insert into student values('63223', 'Josu', 'RR', 21);
insert into student values('94976', 'Ande', 'WW', 86);
insert into student values('67389', 'Budi', 'BN', 108);
insert into student values('36254', 'Ahmad', 'FR', 74);
insert into student values('18678', 'Ande', 'DF', 16);
insert into student values('88025', 'Josu', 'RR', 28);
insert into student values('75137', 'yuyun', 'KL', 33);
insert into student values('11851', 'Budi', 'GO', 70);
insert into student values('50174', 'rahmat', 'DF', 33);
insert into student values('38251', 'Adri', 'DF', 113);
insert into student values('73488', 'Johan', 'KL', 118);
insert into student values('37943', 'Ahmad', 'GO', 89);
insert into student values('32828', 'Ahmad', 'KL', 36);
insert into student values('54379', 'Johan', 'ED', 109);
insert into student values('83560', 'Kiki', 'KL', 46);
insert into student values('81128', 'Josu', 'RR', 123);
insert into student values('14108', 'Adri', 'GO', 56);
insert into student values('95598', 'Ande', 'DK', 9);
insert into student values('6307', 'Kiki', 'BN', 53);
insert into student values('92321', 'Budi', 'DK', 65);
insert into student values('99786', 'Johan', 'ED', 110);
insert into student values('45895', 'Ande', 'GO', 7);
insert into student values('8960', 'Johan', 'GF', 42);
insert into student values('81543', 'yuyun', 'FR', 70);
insert into student values('48820', 'Yohan', 'DF', 3);
insert into student values('83371', 'Yohan', 'RR', 74);
insert into student values('1466', 'Yohan', 'DF', 19);
insert into student values('66462', 'Kiki', 'DF', 119);
insert into student values('33158', 'Budi', 'ED', 58);
insert into student values('25487', 'Johan', 'GF', 118);
insert into student values('72398', 'Ande', 'GO', 5);
insert into student values('55148', 'Adri', 'RR', 20);
insert into student values('96939', 'Yohan', 'ED', 71);
insert into student values('42375', 'Josu', 'BN', 38);
insert into student values('43544', 'Kiki', 'BN', 39);
insert into student values('46580', 'Budi', 'GF', 85);
insert into student values('43729', 'Adri', 'RR', 110);
insert into student values('32072', 'Yohan', 'WW', 19);
insert into student values('17973', 'yuyun', 'WW', 50);
insert into student values('69435', 'Yohan', 'FR', 104);
insert into student values('42532', 'Johan', 'RR', 85);
insert into student values('84070', 'Josu', 'GO', 52);
insert into student values('38978', 'Kiki', 'GF', 65);
insert into student values('98982', 'Ahmad', 'DF', 89);
insert into student values('97905', 'Adri', 'GO', 105);
insert into student values('54294', 'Ande', 'RR', 47);
insert into student values('45690', 'Ahmad', 'KL', 123);
insert into student values('65368', 'yuyun', 'GO', 38);
insert into student values('72708', 'Johan', 'DK', 45);
insert into student values('39853', 'Adri', 'GF', 47);
insert into student values('62587', 'Johan', 'FR', 113);
insert into student values('20503', 'Johan', 'GO', 84);
insert into student values('21706', 'Johan', 'DF', 19);
insert into student values('59998', 'Yohan', 'RR', 84);
insert into student values('39808', 'Budi', 'WW', 106);
insert into student values('31207', 'Ahmad', 'KL', 16);
insert into student values('70159', 'yuyun', 'BN', 95);
insert into student values('44542', 'Josu', 'KL', 120);
insert into student values('84968', 'Johan', 'RR', 27);
insert into student values('7661', 'Yohan', 'DK', 113);
insert into student values('15423', 'Budi', 'WW', 116);
insert into student values('63522', 'Adri', 'DF', 73);
insert into student values('81676', 'Budi', 'ED', 114);
insert into student values('31373', 'Adri', 'ED', 33);
insert into student values('60232', 'Adri', 'BN', 125);
insert into student values('70110', 'Johan', 'GO', 81);
insert into student values('40812', 'Budi', 'KL', 125);
insert into student values('78795', 'yuyun', 'ED', 65);
insert into student values('66677', 'Ande', 'BN', 85);
insert into student values('50631', 'Budi', 'KL', 101);
insert into student values('7106', 'Josu', 'KL', 15);
insert into student values('12044', 'Johan', 'WW', 24);
insert into student values('17875', 'Josu', 'FR', 111);
insert into student values('28210', 'Budi', 'FR', 29);
insert into student values('76204', 'Budi', 'GO', 68);
insert into student values('98580', 'rahmat', 'ED', 15);
insert into student values('41423', 'Yohan', 'ED', 128);
insert into student values('55730', 'Yohan', 'KL', 116);
insert into student values('64581', 'Josu', 'DK', 59);
insert into student values('78153', 'Yohan', 'GF', 110);
insert into student values('65589', 'rahmat', 'GF', 70);
insert into student values('22940', 'Johan', 'FR', 77);
insert into student values('20491', 'Adri', 'GO', 29);
insert into student values('75662', 'Josu', 'DF', 81);
insert into student values('2290', 'Adri', 'WW', 17);
insert into student values('64005', 'Yohan', 'ED', 129);
insert into student values('68954', 'Ande', 'FR', 82);
insert into student values('96168', 'Kiki', 'RR', 118);
insert into student values('31250', 'Yohan', 'KL', 123);
insert into student values('5121', 'Ande', 'BN', 67);
insert into student values('57262', 'Adri', 'BN', 84);
insert into student values('58876', 'Johan', 'FR', 62);
insert into student values('61473', 'Ahmad', 'WW', 84);
insert into student values('31270', 'Kiki', 'RR', 63);
insert into student values('55972', 'rahmat', 'DK', 64);
insert into student values('2862', 'Johan', 'DF', 104);
insert into student values('45997', 'Budi', 'WW', 23);
insert into student values('62342', 'Johan', 'DK', 16);
insert into student values('65176', 'Budi', 'FR', 90);
insert into student values('41186', 'Josu', 'GO', 27);
insert into student values('89889', 'Yohan', 'BN', 63);
insert into student values('16151', 'Johan', 'BN', 60);
insert into student values('97703', 'Yohan', 'DK', 66);
insert into student values('7165', 'yuyun', 'GO', 19);
insert into student values('51051', 'Josu', 'RR', 106);
insert into student values('39437', 'Adri', 'ED', 123);
insert into student values('92494', 'Adri', 'BN', 124);
insert into student values('94916', 'yuyun', 'DK', 52);
insert into student values('60886', 'Kiki', 'DF', 103);
insert into student values('7966', 'Kiki', 'FR', 59);
insert into student values('4329', 'Adri', 'FR', 67);
insert into student values('45178', 'Yohan', 'FR', 4);
insert into student values('62831', 'Ahmad', 'DF', 20);
insert into student values('49468', 'Yohan', 'DF', 113);
insert into student values('70643', 'Josu', 'GO', 99);
insert into student values('67526', 'Yohan', 'KL', 98);
insert into student values('84803', 'Johan', 'WW', 45);
insert into student values('3421', 'Josu', 'BN', 101);
insert into student values('68587', 'Adri', 'GO', 107);
insert into student values('48394', 'Kiki', 'BN', 69);
insert into student values('65246', 'Josu', 'WW', 15);
insert into student values('62294', 'Yohan', 'RR', 80);
insert into student values('59596', 'yuyun', 'FR', 75);
insert into student values('72204', 'rahmat', 'DK', 115);
insert into student values('29036', 'Yohan', 'RR', 91);
insert into student values('62650', 'Kiki', 'BN', 23);
insert into student values('78356', 'Josu', 'ED', 70);
insert into student values('63183', 'Ahmad', 'KL', 23);
insert into student values('5563', 'Ahmad', 'GO', 54);
insert into student values('67294', 'Kiki', 'DF', 125);
insert into student values('81341', 'yuyun', 'ED', 24);
insert into student values('88058', 'Ande', 'WW', 120);
insert into student values('76118', 'rahmat', 'ED', 101);
insert into student values('44887', 'Yohan', 'RR', 7);
insert into student values('42949', 'rahmat', 'DF', 12);
insert into student values('81615', 'Josu', 'DK', 81);
insert into student values('70283', 'Adri', 'WW', 34);
insert into student values('15578', 'yuyun', 'DF', 110);
insert into student values('3401', 'Kiki', 'WW', 8);
insert into student values('93492', 'Johan', 'FR', 0);
insert into student values('52837', 'Kiki', 'GO', 59);
insert into student values('59962', 'Kiki', 'DF', 127);
insert into student values('83781', 'Johan', 'GF', 25);
insert into student values('61900', 'Kiki', 'FR', 41);
insert into student values('33777', 'yuyun', 'GO', 34);
insert into student values('67148', 'Ande', 'RR', 110);
insert into student values('26805', 'Josu', 'DK', 74);
insert into student values('38110', 'Budi', 'WW', 75);
insert into student values('64668', 'Adri', 'FR', 45);
insert into student values('46598', 'Johan', 'BN', 125);
insert into student values('6037', 'Josu', 'WW', 114);
insert into student values('72748', 'rahmat', 'DK', 40);
insert into student values('48562', 'Josu', 'WW', 120);
insert into student values('52154', 'yuyun', 'BN', 102);
insert into student values('89508', 'Johan', 'WW', 52);
insert into student values('98748', 'Ande', 'BN', 67);
insert into student values('64767', 'yuyun', 'GO', 86);
insert into student values('52062', 'Johan', 'DF', 110);
insert into student values('36604', 'Ahmad', 'ED', 0);
insert into student values('94641', 'Adri', 'DF', 5);
insert into student values('61169', 'Kiki', 'DF', 44);
insert into student values('53447', 'rahmat', 'ED', 72);
insert into student values('10746', 'Johan', 'GO', 114);
insert into student values('41330', 'Ande', 'RR', 18);
insert into student values('13812', 'Yohan', 'FR', 48);
insert into student values('36744', 'Adri', 'RR', 52);
insert into student values('41116', 'Ande', 'BN', 103);
insert into student values('95969', 'Kiki', 'ED', 52);
insert into student values('53299', 'yuyun', 'ED', 66);
insert into student values('86871', 'Adri', 'WW', 18);
insert into student values('63420', 'Kiki', 'BN', 43);
insert into student values('34148', 'Ahmad', 'BN', 118);
insert into student values('25340', 'yuyun', 'BN', 35);
insert into student values('81959', 'rahmat', 'KL', 93);
insert into student values('90905', 'rahmat', 'DK', 119);
insert into student values('82431', 'Ande', 'GF', 82);
insert into student values('90332', 'Ahmad', 'DK', 107);
insert into student values('70157', 'Adri', 'DF', 0);
insert into student values('40238', 'Ahmad', 'RR', 55);
insert into student values('81430', 'rahmat', 'DK', 23);
insert into student values('34653', 'Ande', 'RR', 62);
insert into student values('88095', 'Ande', 'DF', 18);
insert into student values('92728', 'Ahmad', 'DK', 78);
insert into student values('72238', 'yuyun', 'BN', 72);
insert into student values('29710', 'Kiki', 'BN', 13);
insert into student values('71311', 'Ande', 'RR', 40);
insert into takes values('55730', '189', '2', 'Spring', 2004, 'C ');
insert into takes values('75137', '418', '2', 'Spring', 2007, 'B+');
insert into takes values('81959', '690', '3', 'Fall', 2004, 'B+');
insert into takes values('62650', '530', '3', 'Fall', 2003, 'B ');
insert into takes values('81128', '796', '2', 'Fall', 2003, 'A ');
insert into takes values('75137', '514', '1', 'Spring', 2004, 'C+');
insert into takes values('40238', '684', '1', 'Fall', 2002, 'B ');
insert into takes values('43544', '160', '2', 'Fall', 2003, 'C-');
insert into takes values('65176', '591', '3', 'Fall', 2005, 'A-');
insert into takes values('34653', '769', '2', 'Spring', 2003, 'B ');
insert into takes values('41131', '155', '2', 'Spring', 2008, 'A+');
insert into takes values('72204', '829', '3', 'Spring', 2008, 'C-');
insert into takes values('62650', '916', '4', 'Spring', 2005, 'C-');
insert into takes values('41116', '550', '2', 'Spring', 2008, 'A-');
insert into takes values('2695', '269', '2', 'Fall', 2001, 'B-');
insert into takes values('39808', '872', '1', 'Spring', 2002, 'A+');
insert into takes values('40812', '173', '1', 'Spring', 2008, 'B ');
insert into takes values('61900', '738', '1', 'Fall', 2003, 'B ');
insert into takes values('45690', '903', '1', 'Fall', 2001, 'A+');
insert into takes values('83560', '387', '1', 'Spring', 2003, 'B ');
insert into takes values('48562', '335', '1', 'Fall', 2006, 'C-');
insert into takes values('29036', '305', '1', 'Fall', 2006, 'B+');
insert into takes values('39437', '396', '1', 'Fall', 2007, 'C-');
insert into takes values('62294', '161', '1', 'Fall', 2006, 'C ');
insert into takes values('59596', '681', '1', 'Spring', 2004, 'B ');
insert into takes values('42375', '125', '1', 'Fall', 2002, 'C-');
insert into takes values('6276', '538', '1', 'Spring', 2007, 'C-');
insert into takes values('6307', '176', '6', 'Spring', 2004, 'A ');
insert into takes values('88025', '119', '1', 'Fall', 2001, 'C-');
insert into takes values('7661', '681', '1', 'Spring', 2004, 'A+');
insert into takes values('4329', '852', '1', 'Fall', 2006, 'A+');
insert into takes values('12044', '274', '1', 'Fall', 2004, 'C-');
insert into takes values('7106', '336', '2', 'Fall', 2004, 'C-');
insert into takes values('82431', '203', '1', 'Fall', 2007, 'C-');
insert into takes values('71311', '674', '2', 'Spring', 2003, 'B-');
insert into takes values('88058', '418', '1', 'Spring', 2005, 'B ');
insert into takes values('33777', '769', '2', 'Spring', 2003, 'C-');
insert into takes values('28210', '173', '1', 'Spring', 2008, 'C ');
insert into takes values('53447', '335', '3', 'Spring', 2010, 'A ');
insert into takes values('61473', '673', '1', 'Spring', 2010, 'C ');
insert into takes values('5563', '650', '2', 'Fall', 2004, 'B-');
insert into takes values('75137', '673', '2', 'Spring', 2007, 'C-');
insert into takes values('92494', '138', '2', 'Fall', 2003, 'B-');
insert into takes values('81959', '656', '3', 'Fall', 2008, 'B ');
insert into takes values('52837', '772', '2', 'Spring', 2003, 'C ');
insert into takes values('44542', '532', '1', 'Spring', 2001, 'C-');
insert into takes values('63183', '681', '2', 'Spring', 2007, 'C+');
insert into takes values('29036', '665', '1', 'Fall', 2004, 'C+');
insert into takes values('65368', '673', '1', 'Spring', 2010, 'B-');
insert into takes values('61169', '120', '1', 'Fall', 2004, 'A+');
insert into takes values('82431', '647', '2', 'Spring', 2010, 'A+');
insert into takes values('32828', '277', '1', 'Fall', 2004, 'A+');
insert into takes values('83781', '448', '2', 'Fall', 2010, 'A+');
insert into takes values('84743', '698', '1', 'Fall', 2002, 'C+');
insert into takes values('89889', '243', '2', 'Fall', 2010, 'A ');
insert into takes values('34148', '135', '1', 'Fall', 2005, 'A-');
insert into takes values('54294', '374', '1', 'Fall', 2010, 'B ');
insert into takes values('67389', '160', '1', 'Spring', 2006, 'B-');
insert into takes values('13812', '903', '1', 'Fall', 2001, 'B-');
insert into takes values('99786', '530', '4', 'Fall', 2009, 'B+');
insert into takes values('39437', '176', '5', 'Fall', 2008, 'A ');
insert into takes values('84743', '795', '4', 'Spring', 2005, 'B-');
insert into takes values('41330', '189', '1', 'Spring', 2010, 'C+');
insert into takes values('22124', '269', '2', 'Fall', 2001, 'C+');
insert into takes values('90905', '220', '2', 'Spring', 2007, 'A ');
insert into takes values('83371', '995', '1', 'Spring', 2006, 'B-');
insert into takes values('39808', '913', '4', 'Fall', 2003, 'C-');
insert into takes values('53447', '769', '1', 'Spring', 2009, 'A-');
insert into takes values('6276', '712', '3', 'Spring', 2009, 'C+');
insert into takes values('44887', '976', '1', 'Spring', 2007, 'C+');
insert into takes values('15578', '289', '4', 'Spring', 2005, 'B-');
insert into takes values('72398', '913', '4', 'Fall', 2003, 'A ');
insert into takes values('94641', '956', '1', 'Spring', 2003, 'A ');
insert into takes values('78153', '996', '1', 'Fall', 2004, 'C-');
insert into takes values('62294', '796', '2', 'Fall', 2003, 'A-');
insert into takes values('31373', '928', '2', 'Fall', 2007, 'B ');
insert into takes values('97905', '119', '2', 'Spring', 2007, 'C-');
insert into takes values('81959', '585', '1', 'Fall', 2006, 'B+');
insert into takes values('22940', '373', '2', 'Spring', 2001, 'C+');
insert into takes values('25669', '289', '3', 'Spring', 2010, 'C+');
insert into takes values('21706', '913', '5', 'Spring', 2009, 'A-');
insert into takes values('81341', '693', '4', 'Fall', 2001, 'B ');
insert into takes values('72708', '356', '1', 'Spring', 2010, 'A-');
insert into takes values('81341', '170', '3', 'Spring', 2007, 'B ');
insert into takes values('64668', '431', '2', 'Fall', 2009, 'B+');
insert into takes values('94916', '542', '1', 'Fall', 2009, 'B ');
insert into takes values('60232', '681', '4', 'Spring', 2005, 'C ');
insert into takes values('54379', '695', '2', 'Spring', 2004, 'A+');
insert into takes values('65589', '161', '1', 'Fall', 2006, 'A+');
insert into takes values('76118', '532', '4', 'Spring', 2010, 'C ');
insert into takes values('63183', '192', '5', 'Spring', 2002, 'B ');
insert into takes values('63183', '958', '1', 'Fall', 2006, 'A ');
insert into takes values('63522', '176', '3', 'Spring', 2003, 'B ');
insert into takes values('72204', '335', '3', 'Spring', 2010, 'A+');
insert into takes values('53447', '579', '2', 'Fall', 2005, 'A ');
insert into takes values('81430', '592', '5', 'Fall', 2008, 'C-');
insert into takes values('72238', '418', '2', 'Spring', 2007, 'C ');
insert into takes values('11536', '996', '1', 'Fall', 2004, 'B-');
insert into takes values('93492', '442', '2', 'Fall', 2007, 'B-');
insert into takes values('63223', '913', '5', 'Spring', 2009, 'A+');
insert into takes values('99786', '722', '1', 'Spring', 2008, 'A+');
insert into takes values('70157', '996', '1', 'Fall', 2004, 'B+');
insert into takes values('44542', '996', '3', 'Spring', 2008, 'C+');
insert into takes values('84070', '864', '4', 'Spring', 2001, 'A-');
insert into takes values('48394', '591', '1', 'Spring', 2005, 'A-');
insert into takes values('70643', '336', '1', 'Spring', 2009, 'A+');
insert into takes values('50174', '922', '1', 'Fall', 2004, 'B+');
insert into takes values('43544', '373', '3', 'Fall', 2008, 'C+');
insert into takes values('2290', '591', '3', 'Fall', 2005, 'A-');
insert into takes values('15578', '189', '2', 'Spring', 2004, 'C-');
insert into takes values('29036', '732', '2', 'Spring', 2008, 'B+');
insert into takes values('86871', '418', '2', 'Spring', 2007, 'B-');
insert into takes values('62342', '221', '1', 'Fall', 2005, 'B+');
insert into takes values('76118', '947', '1', 'Fall', 2007, 'C-');
insert into takes values('42375', '299', '2', 'Fall', 2006, 'B+');
insert into takes values('9032', '115', '2', 'Fall', 2009, 'A ');
insert into takes values('57262', '903', '1', 'Fall', 2001, 'C ');
insert into takes values('78153', '355', '1', 'Fall', 2008, 'A ');
insert into takes values('63522', '274', '1', 'Fall', 2004, 'C+');
insert into takes values('42532', '373', '3', 'Fall', 2008, 'B-');
insert into takes values('81430', '500', '2', 'Fall', 2008, 'A+');
insert into takes values('55148', '795', '4', 'Spring', 2005, 'A-');
insert into takes values('92321', '740', '1', 'Fall', 2005, 'A+');
insert into takes values('43544', '976', '4', 'Fall', 2002, 'B+');
insert into takes values('40238', '616', '2', 'Spring', 2006, 'A+');
insert into takes values('50174', '542', '1', 'Fall', 2009, 'B-');
insert into takes values('70159', '922', '2', 'Spring', 2006, 'A-');
insert into takes values('57262', '422', '2', 'Fall', 2008, 'B+');
insert into takes values('53447', '721', '2', 'Fall', 2005, 'A ');
insert into takes values('45690', '916', '2', 'Spring', 2005, 'B+');
insert into takes values('53447', '283', '4', 'Spring', 2008, 'A ');
insert into takes values('48394', '120', '1', 'Fall', 2004, 'B-');
insert into takes values('31373', '771', '2', 'Fall', 2003, 'C-');
insert into takes values('56056', '766', '1', 'Spring', 2006, 'B-');
insert into takes values('6307', '740', '2', 'Spring', 2010, 'C ');
insert into takes values('2290', '479', '1', 'Spring', 2009, 'B+');
insert into takes values('83560', '422', '2', 'Fall', 2008, 'B+');
insert into takes values('89889', '569', '3', 'Spring', 2004, 'A-');
insert into takes values('48820', '795', '2', 'Spring', 2010, 'B+');
insert into takes values('31270', '829', '1', 'Fall', 2008, 'A ');
insert into takes values('88095', '153', '1', 'Spring', 2005, 'A-');
insert into takes values('6037', '289', '2', 'Spring', 2004, 'C ');
insert into takes values('31373', '253', '2', 'Fall', 2001, 'B+');
insert into takes values('60232', '605', '3', 'Spring', 2002, 'A ');
insert into takes values('63183', '919', '2', 'Spring', 2006, 'B ');
insert into takes values('69435', '520', '3', 'Spring', 2002, 'C+');
insert into takes values('36254', '246', '1', 'Spring', 2009, 'C+');
insert into takes values('86871', '502', '1', 'Fall', 2008, 'B ');
insert into takes values('9032', '777', '1', 'Spring', 2003, 'B ');
insert into takes values('41423', '459', '1', 'Spring', 2008, 'A+');
insert into takes values('20491', '645', '1', 'Fall', 2007, 'B-');
insert into takes values('94916', '645', '2', 'Fall', 2010, 'A+');
insert into takes values('96168', '681', '4', 'Spring', 2005, 'A+');
insert into takes values('73488', '431', '2', 'Fall', 2009, 'C+');
insert into takes values('94641', '674', '5', 'Spring', 2001, 'A+');
insert into takes values('52062', '468', '5', 'Fall', 2009, 'B ');
insert into takes values('65368', '221', '1', 'Fall', 2005, 'A-');
insert into takes values('59998', '170', '3', 'Spring', 2007, 'A-');
insert into takes values('81543', '274', '2', 'Fall', 2004, 'C ');
insert into takes values('59596', '530', '4', 'Fall', 2009, 'B-');
insert into takes values('67526', '795', '1', 'Fall', 2001, 'A-');
insert into takes values('62342', '846', '1', 'Fall', 2004, 'A ');
insert into takes values('72238', '283', '3', 'Spring', 2003, 'A ');
insert into takes values('78153', '220', '1', 'Fall', 2010, 'B-');
insert into takes values('65176', '569', '4', 'Fall', 2005, 'A+');
insert into takes values('93492', '546', '3', 'Spring', 2001, 'C-');
insert into takes values('88058', '203', '2', 'Fall', 2008, 'A+');
insert into takes values('2862', '569', '1', 'Fall', 2010, 'B ');
insert into takes values('31207', '586', '1', 'Spring', 2008, 'C ');
insert into takes values('50174', '956', '1', 'Spring', 2003, 'A+');
insert into takes values('62978', '220', '1', 'Fall', 2010, 'C ');
insert into takes values('53447', '638', '1', 'Spring', 2008, 'B-');
insert into takes values('97703', '336', '3', 'Fall', 2006, 'A-');
insert into takes values('46580', '645', '1', 'Fall', 2007, 'A+');
insert into takes values('40812', '121', '4', 'Fall', 2002, 'B+');
insert into takes values('65246', '191', '1', 'Fall', 2002, 'A-');
insert into takes values('45690', '246', '1', 'Spring', 2009, 'C-');
insert into takes values('73488', '650', '2', 'Fall', 2004, 'C ');
insert into takes values('36604', '327', '1', 'Fall', 2005, 'B-');
insert into takes values('50174', '737', '1', 'Spring', 2002, 'C-');
insert into takes values('53447', '422', '2', 'Fall', 2008, 'A+');
insert into takes values('6276', '722', '1', 'Spring', 2008, 'A-');
insert into takes values('96168', '829', '5', 'Fall', 2003, 'A+');
insert into takes values('61900', '173', '1', 'Spring', 2008, 'C-');
insert into takes values('60886', '941', '1', 'Fall', 2007, 'A-');
insert into takes values('44887', '695', '1', 'Spring', 2008, 'C ');
insert into takes values('84803', '665', '1', 'Fall', 2004, 'B-');
insert into takes values('62294', '681', '2', 'Spring', 2007, 'A-');
insert into takes values('99786', '243', '1', 'Fall', 2005, 'C+');
insert into takes values('6307', '956', '2', 'Fall', 2005, 'C+');
insert into takes values('2862', '374', '3', 'Fall', 2001, 'C-');
insert into takes values('3401', '922', '1', 'Fall', 2004, 'C-');
insert into takes values('72398', '641', '1', 'Fall', 2009, 'A ');
insert into takes values('82003', '283', '5', 'Fall', 2001, 'B-');
insert into takes values('56056', '119', '2', 'Spring', 2007, 'A-');
insert into takes values('63183', '864', '1', 'Fall', 2004, 'B ');
insert into takes values('36604', '520', '1', 'Fall', 2005, 'C ');
insert into takes values('9032', '695', '1', 'Spring', 2008, 'B-');
insert into takes values('63522', '814', '1', 'Fall', 2004, 'B-');
insert into takes values('29036', '636', '2', 'Spring', 2008, 'B ');
insert into takes values('5563', '189', '2', 'Spring', 2004, 'B ');
insert into takes values('75662', '153', '1', 'Spring', 2005, 'B ');
insert into takes values('62294', '742', '1', 'Spring', 2001, 'C+');
insert into takes values('81959', '586', '1', 'Spring', 2008, 'B-');
insert into takes values('33777', '740', '1', 'Fall', 2005, 'A ');
insert into takes values('52154', '246', '2', 'Spring', 2003, 'C-');
insert into takes values('45690', '320', '1', 'Spring', 2006, 'B ');
insert into takes values('63223', '766', '1', 'Spring', 2006, 'C+');
insert into takes values('59962', '269', '1', 'Spring', 2002, 'C ');
insert into takes values('39808', '592', '1', 'Spring', 2010, 'A+');
insert into takes values('38251', '673', '1', 'Spring', 2010, 'B+');
insert into takes values('49468', '777', '2', 'Spring', 2009, 'A-');
insert into takes values('94976', '135', '1', 'Fall', 2005, 'B-');
insert into takes values('61169', '665', '1', 'Fall', 2004, 'A+');
insert into takes values('54379', '468', '1', 'Fall', 2008, 'A+');
insert into takes values('18678', '693', '1', 'Spring', 2008, 'B+');
insert into takes values('9032', '500', '1', 'Fall', 2002, 'C ');
insert into takes values('86871', '176', '4', 'Fall', 2008, 'A-');
insert into takes values('22940', '481', '1', 'Spring', 2007, 'C ');
insert into takes values('90905', '656', '2', 'Spring', 2009, 'C+');
insert into takes values('3401', '976', '4', 'Fall', 2002, 'B+');
insert into takes values('17875', '624', '2', 'Fall', 2002, 'A+');
insert into takes values('81615', '530', '3', 'Fall', 2003, 'B+');
insert into takes values('72204', '514', '1', 'Spring', 2004, 'B ');
insert into takes values('67294', '665', '1', 'Fall', 2004, 'C+');
insert into takes values('5563', '674', '5', 'Spring', 2001, 'A ');
insert into takes values('7966', '695', '1', 'Spring', 2008, 'A ');
insert into takes values('45178', '373', '1', 'Spring', 2005, 'A ');
insert into takes values('6276', '645', '1', 'Fall', 2007, 'A+');
insert into takes values('31207', '766', '1', 'Spring', 2006, 'A+');
insert into takes values('72708', '115', '1', 'Fall', 2006, 'C-');
insert into takes values('72708', '795', '3', 'Fall', 2009, 'A-');
insert into takes values('28210', '520', '1', 'Fall', 2005, 'A-');
insert into takes values('11851', '591', '1', 'Spring', 2005, 'C-');
insert into takes values('6276', '269', '1', 'Spring', 2002, 'A ');
insert into takes values('81341', '914', '3', 'Fall', 2009, 'C-');
insert into takes values('20503', '191', '1', 'Fall', 2002, 'A ');
insert into takes values('61900', '758', '2', 'Spring', 2007, 'A ');
insert into takes values('43544', '153', '4', 'Spring', 2009, 'A ');
insert into takes values('84070', '472', '1', 'Fall', 2005, 'A+');
insert into takes values('13812', '758', '2', 'Spring', 2007, 'A-');
insert into takes values('67526', '814', '2', 'Fall', 2003, 'C ');
insert into takes values('31508', '647', '1', 'Fall', 2004, 'B+');
insert into takes values('6307', '809', '3', 'Fall', 2004, 'A ');
insert into takes values('38251', '956', '1', 'Spring', 2003, 'B-');
insert into takes values('90905', '977', '1', 'Fall', 2010, 'A ');
insert into takes values('13812', '638', '2', 'Fall', 2005, 'A+');
insert into takes values('70110', '864', '4', 'Spring', 2001, 'A ');
insert into takes values('94641', '916', '4', 'Spring', 2005, 'A+');
insert into takes values('6037', '976', '1', 'Spring', 2007, 'A+');
insert into takes values('75137', '530', '4', 'Fall', 2009, 'B-');
insert into takes values('98580', '958', '2', 'Spring', 2004, 'A-');
insert into takes values('49468', '913', '1', 'Spring', 2008, 'C+');
insert into takes values('69435', '138', '1', 'Spring', 2003, 'C ');
insert into takes values('61169', '680', '1', 'Fall', 2007, 'B ');
insert into takes values('82003', '958', '1', 'Fall', 2006, 'B+');
insert into takes values('45895', '160', '1', 'Spring', 2006, 'C-');
insert into takes values('54294', '937', '2', 'Spring', 2004, 'A ');
insert into takes values('54294', '459', '1', 'Spring', 2008, 'B+');
insert into takes values('62831', '355', '1', 'Fall', 2008, 'A+');
insert into takes values('96168', '592', '3', 'Spring', 2004, 'C+');
insert into takes values('25487', '192', '2', 'Spring', 2007, 'B-');
insert into takes values('1466', '547', '1', 'Spring', 2008, 'C-');
insert into takes values('45895', '581', '2', 'Spring', 2001, 'B-');
insert into takes values('92321', '387', '2', 'Fall', 2005, 'A-');
insert into takes values('97905', '645', '2', 'Fall', 2010, 'C-');
insert into takes values('18678', '530', '4', 'Fall', 2009, 'B-');
insert into takes values('11851', '153', '1', 'Spring', 2005, 'A+');
insert into takes values('2695', '607', '1', 'Spring', 2004, 'B+');
insert into takes values('78356', '712', '3', 'Spring', 2009, 'A+');
insert into takes values('31207', '289', '1', 'Spring', 2002, 'B ');
insert into takes values('67389', '758', '1', 'Spring', 2001, 'A-');
insert into takes values('18678', '684', '1', 'Fall', 2002, 'A-');
insert into takes values('84743', '712', '3', 'Spring', 2009, 'B ');
insert into takes values('48820', '266', '1', 'Fall', 2007, 'B ');
insert into takes values('7661', '864', '3', 'Fall', 2004, 'A+');
insert into takes values('25669', '592', '3', 'Spring', 2004, 'B ');
insert into takes values('62650', '532', '1', 'Spring', 2001, 'C ');
insert into takes values('81430', '476', '1', 'Spring', 2003, 'B-');
insert into takes values('78356', '246', '1', 'Spring', 2009, 'C-');
insert into takes values('50631', '592', '4', 'Spring', 2006, 'B ');
insert into takes values('94916', '192', '4', 'Fall', 2008, 'A-');
insert into takes values('84803', '864', '1', 'Fall', 2004, 'B+');
insert into takes values('50174', '695', '3', 'Fall', 2002, 'C ');
insert into takes values('42532', '520', '2', 'Spring', 2005, 'B-');
insert into takes values('97703', '211', '1', 'Fall', 2007, 'B+');
insert into takes values('95598', '121', '3', 'Spring', 2004, 'B-');
insert into takes values('45895', '624', '4', 'Spring', 2009, 'B-');
insert into takes values('38251', '220', '2', 'Spring', 2007, 'A ');
insert into takes values('57262', '586', '2', 'Spring', 2008, 'C+');
insert into takes values('31270', '192', '2', 'Spring', 2007, 'A+');
insert into takes values('40812', '299', '1', 'Fall', 2010, 'A-');
insert into takes values('29036', '530', '1', 'Spring', 2009, 'A ');
insert into takes values('84803', '777', '1', 'Spring', 2003, 'C-');
insert into takes values('4329', '459', '1', 'Spring', 2008, 'B+');
insert into takes values('92321', '673', '1', 'Spring', 2010, 'C ');
insert into takes values('54294', '121', '3', 'Spring', 2004, 'C+');
insert into takes values('84070', '150', '1', 'Fall', 2004, 'A ');
insert into takes values('31207', '764', '1', 'Spring', 2004, 'A ');
insert into takes values('22124', '138', '1', 'Spring', 2003, 'C ');
insert into takes values('70110', '192', '3', 'Fall', 2009, 'C+');
insert into takes values('7966', '547', '1', 'Spring', 2008, 'B+');
insert into takes values('59998', '769', '2', 'Spring', 2003, 'A-');
insert into takes values('25340', '695', '1', 'Spring', 2008, 'B+');
insert into takes values('84803', '243', '2', 'Fall', 2010, 'C+');
insert into takes values('62650', '982', '1', 'Spring', 2003, 'B+');
insert into takes values('64005', '605', '3', 'Spring', 2002, 'A ');
insert into takes values('36744', '585', '1', 'Fall', 2006, 'A-');
insert into takes values('31508', '695', '1', 'Spring', 2008, 'B-');
insert into takes values('41423', '624', '1', 'Fall', 2006, 'C+');
insert into takes values('6307', '957', '2', 'Fall', 2007, 'C-');
insert into takes values('99786', '115', '1', 'Fall', 2006, 'A-');
insert into takes values('36254', '690', '1', 'Fall', 2009, 'A+');
insert into takes values('42532', '656', '3', 'Fall', 2008, 'C ');
insert into takes values('11536', '693', '2', 'Fall', 2004, 'A ');
insert into takes values('78356', '795', '3', 'Fall', 2009, 'C-');
insert into takes values('42532', '579', '1', 'Fall', 2010, 'B ');
insert into takes values('59998', '673', '1', 'Spring', 2010, 'C-');
insert into takes values('34148', '919', '1', 'Spring', 2008, 'B ');
insert into takes values('69435', '957', '3', 'Fall', 2001, 'C-');
insert into takes values('92728', '530', '2', 'Fall', 2010, 'A-');
insert into takes values('29710', '581', '3', 'Spring', 2010, 'A-');
insert into takes values('72398', '176', '2', 'Spring', 2002, 'C+');
insert into takes values('31508', '605', '1', 'Spring', 2002, 'A+');
insert into takes values('76204', '814', '2', 'Fall', 2003, 'A-');
insert into takes values('84803', '176', '4', 'Fall', 2008, 'C-');
insert into takes values('95598', '521', '1', 'Spring', 2008, 'B-');
insert into takes values('39853', '373', '2', 'Spring', 2001, 'B ');
insert into takes values('65246', '864', '1', 'Fall', 2004, 'A-');
insert into takes values('55148', '647', '2', 'Spring', 2010, 'A ');
insert into takes values('70110', '742', '2', 'Fall', 2001, 'A-');
insert into takes values('41330', '530', '1', 'Spring', 2009, 'B+');
insert into takes values('3421', '777', '2', 'Spring', 2009, 'A-');
insert into takes values('64005', '772', '1', 'Spring', 2008, 'C ');
insert into takes values('34148', '490', '1', 'Fall', 2006, 'C+');
insert into takes values('7106', '269', '2', 'Fall', 2001, 'A ');
insert into takes values('22124', '777', '2', 'Spring', 2009, 'C ');
insert into takes values('94916', '671', '1', 'Spring', 2009, 'A+');
insert into takes values('67294', '937', '2', 'Spring', 2004, 'C+');
insert into takes values('45178', '153', '4', 'Spring', 2009, 'C ');
insert into takes values('7106', '221', '3', 'Spring', 2001, 'C-');
insert into takes values('25340', '176', '4', 'Fall', 2008, 'C ');
insert into takes values('40238', '468', '1', 'Fall', 2008, 'B-');
insert into takes values('98748', '769', '2', 'Spring', 2003, 'A ');
insert into takes values('62587', '829', '3', 'Spring', 2008, 'A+');
insert into takes values('75137', '732', '1', 'Spring', 2002, 'C-');
insert into takes values('73488', '591', '1', 'Spring', 2005, 'A+');
insert into takes values('52062', '957', '3', 'Fall', 2001, 'B ');
insert into takes values('90332', '422', '2', 'Fall', 2008, 'B-');
insert into takes values('46598', '650', '1', 'Fall', 2008, 'B+');
insert into takes values('54379', '738', '1', 'Fall', 2003, 'C-');
insert into takes values('43544', '173', '2', 'Fall', 2009, 'A ');
insert into takes values('72204', '732', '1', 'Spring', 2002, 'A+');
insert into takes values('90905', '320', '2', 'Fall', 2004, 'C-');
insert into takes values('81615', '571', '2', 'Fall', 2002, 'C+');
insert into takes values('72238', '636', '1', 'Fall', 2010, 'A+');
insert into takes values('65589', '150', '1', 'Fall', 2004, 'B+');
insert into takes values('25340', '243', '1', 'Fall', 2005, 'A ');
insert into takes values('2695', '459', '2', 'Fall', 2003, 'C ');
insert into takes values('63223', '771', '2', 'Fall', 2003, 'A ');
insert into takes values('34148', '121', '3', 'Spring', 2004, 'B ');
insert into takes values('32072', '121', '1', 'Spring', 2004, 'A ');
insert into takes values('59200', '796', '2', 'Fall', 2003, 'B ');
insert into takes values('26805', '211', '2', 'Fall', 2009, 'A+');
insert into takes values('83371', '442', '1', 'Fall', 2003, 'B+');
insert into takes values('32072', '712', '1', 'Fall', 2001, 'B-');
insert into takes values('70157', '289', '4', 'Spring', 2005, 'C ');
insert into takes values('9032', '647', '1', 'Fall', 2004, 'A+');
insert into takes values('94641', '220', '2', 'Spring', 2007, 'A ');
insert into takes values('67294', '982', '2', 'Fall', 2008, 'B+');
insert into takes values('7165', '121', '3', 'Spring', 2004, 'A+');
insert into takes values('40238', '520', '2', 'Spring', 2005, 'A-');
insert into takes values('62831', '738', '1', 'Fall', 2003, 'A-');
insert into takes values('88095', '901', '1', 'Spring', 2005, 'A-');
insert into takes values('98580', '742', '1', 'Spring', 2001, 'C-');
insert into takes values('62294', '605', '2', 'Spring', 2008, 'C ');
insert into takes values('10746', '336', '3', 'Fall', 2006, 'A-');
insert into takes values('55730', '500', '3', 'Fall', 2006, 'B ');
insert into takes values('43544', '532', '1', 'Spring', 2001, 'A+');
insert into takes values('21706', '173', '3', 'Fall', 2002, 'B ');
insert into takes values('22940', '336', '2', 'Fall', 2004, 'C ');
insert into takes values('81676', '864', '3', 'Fall', 2004, 'C-');
insert into takes values('7165', '203', '1', 'Fall', 2007, 'C-');
insert into takes values('44887', '795', '2', 'Spring', 2010, 'A ');
insert into takes values('39437', '795', '2', 'Spring', 2010, 'C+');
insert into takes values('2290', '977', '2', 'Spring', 2007, 'A ');
insert into takes values('38251', '335', '1', 'Fall', 2006, 'B+');
insert into takes values('67389', '119', '1', 'Fall', 2001, 'B ');
insert into takes values('65368', '796', '1', 'Spring', 2007, 'A+');
insert into takes values('59200', '586', '1', 'Spring', 2008, 'C-');
insert into takes values('67389', '585', '3', 'Spring', 2009, 'B ');
insert into takes values('69435', '852', '2', 'Fall', 2010, 'A+');
insert into takes values('81128', '772', '3', 'Fall', 2005, 'B+');
insert into takes values('84803', '392', '1', 'Fall', 2010, 'C+');
insert into takes values('95598', '693', '4', 'Fall', 2001, 'B+');
insert into takes values('38251', '579', '3', 'Fall', 2010, 'C+');
insert into takes values('55972', '479', '1', 'Spring', 2009, 'A-');
insert into takes values('68954', '266', '1', 'Fall', 2007, 'C ');
insert into takes values('31250', '976', '5', 'Fall', 2007, 'B ');
insert into takes values('50631', '886', '4', 'Spring', 2006, 'A ');
insert into advisor values('6276', '24452');
insert into advisor values('41131', '97950');
insert into advisor values('82003', '1020');
insert into advisor values('59200', '70234');
insert into advisor values('56056', '5668');
insert into advisor values('84743', '65160');
insert into advisor values('62978', '76323');
insert into advisor values('9032', '31994');
insert into advisor values('25669', '77694');
insert into advisor values('11536', '69686');
insert into advisor values('31508', '28477');
insert into advisor values('22124', '49771');
insert into advisor values('2695', '83067');
insert into advisor values('82348', '14503');
insert into advisor values('63223', '26791');
insert into advisor values('94976', '83067');
insert into advisor values('67389', '91219');
insert into advisor values('36254', '28184');
insert into advisor values('18678', '85980');
insert into advisor values('88025', '47741');
insert into advisor values('75137', '59235');
insert into advisor values('11851', '16112');
insert into advisor values('50174', '79132');
insert into advisor values('38251', '28477');
insert into advisor values('73488', '47741');
insert into advisor values('37943', '79132');
insert into advisor values('32828', '83067');
insert into advisor values('54379', '47741');
insert into advisor values('83560', '70234');
insert into advisor values('81128', '16112');
insert into advisor values('14108', '79132');
insert into advisor values('95598', '5668');
insert into advisor values('6307', '85980');
insert into advisor values('92321', '62159');
insert into advisor values('99786', '26791');
insert into advisor values('45895', '19376');
insert into advisor values('8960', '36666');
insert into advisor values('81543', '65160');
insert into advisor values('48820', '19376');
insert into advisor values('83371', '72693');
insert into advisor values('1466', '15809');
insert into advisor values('66462', '61914');
insert into advisor values('33158', '64504');
insert into advisor values('25487', '26791');
insert into advisor values('72398', '91219');
insert into advisor values('55148', '64504');
insert into advisor values('96939', '46499');
insert into advisor values('42375', '24452');
insert into advisor values('43544', '36666');
insert into advisor values('46580', '52246');
insert into advisor values('43729', '85980');
insert into advisor values('32072', '61914');
insert into advisor values('17973', '86926');
insert into advisor values('69435', '85980');
insert into advisor values('42532', '79132');
insert into advisor values('84070', '91219');
insert into advisor values('38978', '70234');
insert into advisor values('98982', '69686');
insert into advisor values('97905', '79132');
insert into advisor values('54294', '47741');
insert into advisor values('45690', '36666');
insert into advisor values('65368', '61914');
insert into advisor values('72708', '84904');
insert into advisor values('39853', '90585');
insert into advisor values('62587', '46499');
insert into advisor values('20503', '63414');
insert into advisor values('21706', '5668');
insert into advisor values('59998', '85980');
insert into advisor values('39808', '19376');
insert into advisor values('31207', '92382');
insert into advisor values('70159', '47741');
insert into advisor values('44542', '90585');
insert into advisor values('84968', '77694');
insert into advisor values('7661', '65160');
insert into advisor values('15423', '69686');
insert into advisor values('63522', '28477');
insert into advisor values('81676', '72693');
insert into advisor values('31373', '70627');
insert into advisor values('60232', '14503');
insert into advisor values('70110', '74160');
insert into advisor values('40812', '14503');
insert into advisor values('78795', '97950');
insert into advisor values('66677', '62159');
insert into advisor values('50631', '49771');
insert into advisor values('7106', '76323');
insert into advisor values('12044', '91219');
insert into advisor values('17875', '28184');
insert into advisor values('28210', '54035');
insert into advisor values('76204', '62159');
insert into advisor values('98580', '16112');
insert into advisor values('41423', '63414');
insert into advisor values('55730', '91219');
insert into advisor values('64581', '24452');
insert into advisor values('78153', '77248');
insert into advisor values('65589', '77694');
insert into advisor values('22940', '24452');
insert into advisor values('20491', '54035');
insert into advisor values('75662', '28184');
insert into advisor values('2290', '70627');
insert into advisor values('64005', '77694');
insert into advisor values('68954', '86926');
insert into advisor values('96168', '31994');
insert into advisor values('31250', '12081');
insert into advisor values('5121', '24020');
insert into advisor values('57262', '86926');
insert into advisor values('58876', '24020');
insert into advisor values('61473', '79132');
insert into advisor values('31270', '79132');
insert into advisor values('55972', '53072');
insert into advisor values('2862', '69686');
insert into advisor values('45997', '72693');
insert into advisor values('62342', '2706');
insert into advisor values('65176', '69686');
insert into advisor values('41186', '46499');
insert into advisor values('89889', '73471');
insert into advisor values('16151', '62159');
insert into advisor values('97703', '95368');
insert into advisor values('7165', '72693');
insert into advisor values('51051', '63414');
insert into advisor values('39437', '73471');
insert into advisor values('92494', '64504');
insert into advisor values('94916', '85571');
insert into advisor values('60886', '92382');
insert into advisor values('7966', '79132');
insert into advisor values('4329', '79132');
insert into advisor values('45178', '64414');
insert into advisor values('62831', '70627');
insert into advisor values('49468', '92382');
insert into advisor values('70643', '54035');
insert into advisor values('67526', '95368');
insert into advisor values('84803', '54035');
insert into advisor values('3421', '64504');
insert into advisor values('68587', '97950');
insert into advisor values('48394', '77694');
insert into advisor values('65246', '54035');
insert into advisor values('62294', '85980');
insert into advisor values('59596', '97950');
insert into advisor values('72204', '5668');
insert into advisor values('29036', '70627');
insert into advisor values('62650', '26791');
insert into advisor values('78356', '74160');
insert into advisor values('63183', '84904');
insert into advisor values('5563', '54035');
insert into advisor values('67294', '24452');
insert into advisor values('81341', '61914');
insert into advisor values('88058', '26791');
insert into advisor values('76118', '28477');
insert into advisor values('44887', '92382');
insert into advisor values('42949', '95368');
insert into advisor values('81615', '97950');
insert into advisor values('70283', '74160');
insert into advisor values('15578', '52246');
insert into advisor values('3401', '90585');
insert into advisor values('93492', '83067');
insert into advisor values('52837', '63414');
insert into advisor values('59962', '15809');
insert into advisor values('83781', '24452');
insert into advisor values('61900', '52246');
insert into advisor values('33777', '16112');
insert into advisor values('67148', '62159');
insert into advisor values('26805', '52246');
insert into advisor values('38110', '53072');
insert into advisor values('64668', '69686');
insert into advisor values('46598', '85571');
insert into advisor values('6037', '61914');
insert into advisor values('72748', '28477');
insert into advisor values('48562', '86926');
insert into advisor values('52154', '28184');
insert into advisor values('89508', '84904');
insert into advisor values('98748', '91219');
insert into advisor values('64767', '64414');
insert into advisor values('52062', '90585');
insert into advisor values('36604', '19376');
insert into advisor values('94641', '97950');
insert into advisor values('61169', '83067');
insert into advisor values('53447', '91219');
insert into advisor values('10746', '24020');
insert into advisor values('41330', '16112');
insert into advisor values('13812', '62159');
insert into advisor values('36744', '76323');
insert into advisor values('41116', '5668');
insert into advisor values('95969', '1020');
insert into advisor values('53299', '53072');
insert into advisor values('86871', '15809');
insert into advisor values('63420', '5668');
insert into advisor values('34148', '54035');
insert into advisor values('25340', '70234');
insert into advisor values('81959', '31994');
insert into advisor values('90905', '14503');
insert into advisor values('82431', '70234');
insert into advisor values('90332', '41684');
insert into advisor values('70157', '28477');
insert into advisor values('40238', '69686');
insert into advisor values('81430', '53072');
insert into advisor values('34653', '92382');
insert into advisor values('88095', '19376');
insert into advisor values('92728', '46499');
insert into advisor values('72238', '1020');
insert into advisor values('29710', '74160');
insert into advisor values('71311', '49771');
insert into prereq values('448', '195');
insert into prereq values('589', '468');
insert into prereq values('608', '481');
insert into prereq values('113', '150');
insert into prereq values('448', '283');
insert into prereq values('886', '447');
insert into prereq values('957', '138');
insert into prereq values('391', '560');
insert into prereq values('895', '550');
insert into prereq values('305', '636');
insert into prereq values('472', '804');
insert into prereq values('769', '356');
insert into prereq values('740', '884');
insert into prereq values('721', '459');
insert into prereq values('732', '521');
insert into prereq values('937', '106');
insert into prereq values('155', '958');
insert into prereq values('976', '283');
insert into prereq values('766', '809');
insert into prereq values('521', '274');
insert into prereq values('586', '996');
insert into prereq values('173', '957');
insert into prereq values('951', '532');
insert into prereq values('216', '977');
insert into prereq values('246', '647');
insert into prereq values('937', '438');
insert into prereq values('521', '943');
insert into prereq values('244', '319');
insert into prereq values('895', '138');
insert into prereq values('732', '886');
insert into prereq values('915', '418');
insert into prereq values('384', '863');
insert into prereq values('542', '957');
insert into prereq values('172', '758');
insert into prereq values('172', '211');
insert into prereq values('153', '656');
insert into prereq values('693', '586');
insert into prereq values('864', '586');
insert into prereq values('766', '884');
insert into prereq values('356', '150');
insert into prereq values('746', '476');
insert into prereq values('998', '894');
insert into prereq values('903', '468');
insert into prereq values('997', '192');
insert into prereq values('106', '396');
insert into prereq values('681', '293');
insert into prereq values('693', '116');
insert into prereq values('680', '738');
insert into prereq values('274', '135');
insert into prereq values('641', '160');
insert into prereq values('674', '274');
insert into prereq values('289', '116');
insert into prereq values('864', '192');
insert into prereq values('521', '246');
insert into prereq values('335', '438');
insert into prereq values('468', '546');
insert into prereq values('542', '945');
insert into prereq values('277', '479');
insert into prereq values('373', '319');
insert into prereq values('828', '373');
insert into prereq values('589', '650');
insert into prereq values('216', '641');
insert into prereq values('647', '592');
insert into prereq values('872', '684');
insert into prereq values('310', '844');
insert into prereq values('771', '955');
insert into prereq values('941', '106');
insert into prereq values('995', '927');
insert into prereq values('894', '475');
insert into prereq values('951', '387');
insert into prereq values('542', '336');
insert into prereq values('982', '138');
insert into prereq values('945', '771');
insert into prereq values('542', '937');
insert into prereq values('530', '697');
insert into prereq values('997', '955');
insert into prereq values('266', '153');
insert into prereq values('681', '903');
insert into prereq values('139', '844');
insert into prereq values('624', '647');
insert into prereq values('289', '673');
insert into prereq values('161', '221');
insert into prereq values('396', '524');
insert into prereq values('138', '502');
insert into prereq values('607', '712');
insert into prereq values('482', '538');
insert into prereq values('119', '772');
insert into prereq values('472', '854');
insert into prereq values('384', '231');
insert into prereq values('244', '422');
insert into prereq values('217', '293');
insert into prereq values('191', '638');
insert into prereq values('697', '592');
insert into prereq values('154', '481');
insert into prereq values('472', '955');
insert into prereq values('216', '116');
insert into prereq values('125', '195');
insert into prereq values('160', '150');
insert into prereq values('557', '665');
insert into prereq values('673', '886');
