insert into classroom values('I', 654, 10);
insert into classroom values('I', 23, 25);
insert into classroom values('D', 761, 119);
insert into classroom values('G', 666, 52);
insert into classroom values('D', 476, 102);
insert into classroom values('H', 839, 27);
insert into classroom values('E', 336, 11);
insert into classroom values('E', 656, 102);
insert into classroom values('G', 796, 20);
insert into classroom values('C', 964, 123);
insert into department values('WW', 'H', 893220.96);
insert into department values('FR', 'J', 477580.19);
insert into department values('GT', 'B', 297042.13);
insert into department values('HH', 'E', 830199.37);
insert into department values('EL', 'H', 223799.90);
insert into department values('HI', 'A', 175763.43);
insert into department values('DK', 'I', 411069.88);
insert into department values('IF', 'I', 460207.12);
insert into department values('MT', 'I', 900268.19);
insert into department values('GF', 'I', 939230.81);
insert into course values('416', 'IF0230', 'WW', 4);
insert into course values('527', 'IF4041', 'MT', 4);
insert into course values('900', 'IF4041', 'WW', 4);
insert into course values('826', 'IF3211', 'WW', 4);
insert into course values('352', 'IF3031', 'GT', 4);
insert into course values('226', 'IF3120', 'MT', 3);
insert into course values('992', 'IF5555', 'GF', 3);
insert into course values('138', 'IF3120', 'MT', 4);
insert into course values('682', 'IF3333', 'EL', 4);
insert into course values('213', 'IF0230', 'DK', 3);
insert into course values('704', 'IF3120', 'FR', 4);
insert into course values('241', 'IF3333', 'HI', 4);
insert into course values('108', 'IF3333', 'WW', 3);
insert into course values('235', 'IF3030', 'FR', 3);
insert into course values('453', 'IF3120', 'GT', 3);
insert into course values('983', 'IF3333', 'EL', 3);
insert into course values('121', 'IF4041', 'GF', 4);
insert into course values('131', 'IF3211', 'HH', 3);
insert into course values('417', 'IF3333', 'IF', 3);
insert into course values('964', 'IF0230', 'FR', 4);
insert into course values('190', 'IF3211', 'EL', 4);
insert into course values('509', 'IF4041', 'HI', 4);
insert into course values('661', 'IF3030', 'FR', 4);
insert into course values('469', 'IF0230', 'IF', 3);
insert into course values('496', 'IF3211', 'FR', 4);
insert into course values('211', 'IF3333', 'EL', 4);
insert into course values('672', 'IF3022', 'DK', 4);
insert into course values('626', 'IF4041', 'GT', 3);
insert into course values('265', 'IF3031', 'GT', 4);
insert into course values('660', 'IF4321', 'GF', 3);
insert into course values('230', 'IF4321', 'MT', 3);
insert into course values('162', 'IF4041', 'DK', 3);
insert into course values('294', 'IF3030', 'WW', 4);
insert into course values('181', 'IF4321', 'FR', 3);
insert into course values('125', 'IF5555', 'FR', 4);
insert into course values('356', 'IF3120', 'IF', 4);
insert into course values('624', 'IF5555', 'DK', 3);
insert into course values('713', 'IF3211', 'DK', 3);
insert into course values('132', 'IF3031', 'DK', 3);
insert into course values('878', 'IF3031', 'EL', 4);
insert into course values('692', 'IF4321', 'WW', 3);
insert into course values('321', 'IF3211', 'HH', 3);
insert into course values('898', 'IF0230', 'WW', 3);
insert into course values('894', 'IF4321', 'DK', 3);
insert into course values('734', 'IF4321', 'FR', 3);
insert into course values('427', 'IF3022', 'HH', 4);
insert into course values('839', 'IF4041', 'WW', 4);
insert into course values('486', 'IF3031', 'FR', 3);
insert into course values('646', 'IF3333', 'HI', 4);
insert into course values('612', 'IF3030', 'MT', 4);
insert into course values('904', 'IF3211', 'DK', 3);
insert into course values('482', 'IF3333', 'GT', 4);
insert into course values('714', 'IF3030', 'MT', 4);
insert into course values('370', 'IF3031', 'EL', 3);
insert into course values('381', 'IF3333', 'HI', 3);
insert into course values('793', 'IF3031', 'HH', 4);
insert into course values('289', 'IF3031', 'WW', 4);
insert into course values('555', 'IF4321', 'WW', 3);
insert into course values('497', 'IF3031', 'GF', 4);
insert into course values('670', 'IF4321', 'HH', 4);
insert into course values('570', 'IF3211', 'EL', 4);
insert into course values('805', 'IF4321', 'FR', 4);
insert into course values('561', 'IF3022', 'EL', 3);
insert into course values('581', 'IF3030', 'EL', 4);
insert into course values('196', 'IF3333', 'FR', 4);
insert into course values('559', 'IF0230', 'FR', 3);
insert into course values('641', 'IF4041', 'WW', 4);
insert into course values('238', 'IF0230', 'FR', 3);
insert into course values('107', 'IF4041', 'DK', 3);
insert into course values('449', 'IF3031', 'WW', 4);
insert into course values('739', 'IF3030', 'GF', 3);
insert into course values('319', 'IF3211', 'EL', 4);
insert into course values('432', 'IF4321', 'HH', 3);
insert into course values('442', 'IF3120', 'HI', 3);
insert into course values('707', 'IF3022', 'GT', 4);
insert into course values('484', 'IF3333', 'WW', 4);
insert into course values('549', 'IF5555', 'HI', 3);
insert into course values('248', 'IF3030', 'HI', 3);
insert into course values('387', 'IF0230', 'DK', 4);
insert into course values('731', 'IF3022', 'WW', 4);
insert into course values('759', 'IF4041', 'IF', 4);
insert into course values('899', 'IF3120', 'GT', 4);
insert into course values('689', 'IF5555', 'MT', 3);
insert into course values('309', 'IF3030', 'IF', 4);
insert into course values('405', 'IF3211', 'WW', 3);
insert into course values('401', 'IF3030', 'GT', 3);
insert into course values('209', 'IF3022', 'EL', 4);
insert into course values('597', 'IF3030', 'GT', 4);
insert into course values('151', 'IF3030', 'WW', 4);
insert into course values('285', 'IF3211', 'MT', 4);
insert into course values('830', 'IF3031', 'IF', 4);
insert into course values('489', 'IF3333', 'WW', 4);
insert into course values('613', 'IF4321', 'HH', 3);
insert into course values('703', 'IF4041', 'GT', 4);
insert into course values('275', 'IF3031', 'HI', 3);
insert into course values('873', 'IF3031', 'IF', 4);
insert into course values('981', 'IF3031', 'DK', 3);
insert into course values('444', 'IF3211', 'GF', 3);
insert into course values('569', 'IF4041', 'MT', 3);
insert into course values('375', 'IF4041', 'GT', 4);
insert into course values('879', 'IF3333', 'MT', 3);
insert into course values('893', 'IF3333', 'IF', 4);
insert into course values('143', 'IF4321', 'HI', 3);
insert into course values('640', 'IF5555', 'FR', 4);
insert into course values('725', 'IF3120', 'GT', 3);
insert into course values('744', 'IF3030', 'MT', 3);
insert into course values('609', 'IF3030', 'DK', 3);
insert into course values('936', 'IF3120', 'FR', 4);
insert into course values('608', 'IF3120', 'HI', 3);
insert into course values('218', 'IF4041', 'HI', 4);
insert into course values('336', 'IF5555', 'HI', 3);
insert into course values('768', 'IF3030', 'IF', 3);
insert into course values('109', 'IF5555', 'FR', 4);
insert into course values('696', 'IF5555', 'DK', 3);
insert into course values('712', 'IF4321', 'DK', 3);
insert into course values('719', 'IF3022', 'IF', 3);
insert into course values('393', 'IF0230', 'HH', 4);
insert into course values('402', 'IF3333', 'IF', 4);
insert into course values('864', 'IF3022', 'HI', 3);
insert into course values('659', 'IF4041', 'HI', 3);
insert into course values('360', 'IF5555', 'FR', 4);
insert into course values('876', 'IF3030', 'EL', 4);
insert into course values('168', 'IF3030', 'HH', 3);
insert into course values('558', 'IF4321', 'WW', 4);
insert into course values('970', 'IF4041', 'MT', 4);
insert into course values('186', 'IF4041', 'IF', 4);
insert into course values('860', 'IF0230', 'EL', 4);
insert into course values('858', 'IF3022', 'FR', 3);
insert into course values('177', 'IF3030', 'IF', 4);
insert into course values('101', 'IF3031', 'WW', 4);
insert into course values('341', 'IF4041', 'EL', 4);
insert into course values('911', 'IF3120', 'MT', 3);
insert into course values('351', 'IF3211', 'WW', 4);
insert into course values('299', 'IF3022', 'DK', 3);
insert into course values('532', 'IF3022', 'HH', 3);
insert into course values('443', 'IF4041', 'HI', 3);
insert into course values('193', 'IF3030', 'HI', 3);
insert into course values('679', 'IF3120', 'GF', 4);
insert into course values('487', 'IF3120', 'GF', 4);
insert into course values('490', 'IF3022', 'DK', 3);
insert into course values('968', 'IF0230', 'IF', 3);
insert into course values('378', 'IF3211', 'WW', 3);
insert into course values('204', 'IF3022', 'HH', 3);
insert into course values('435', 'IF3031', 'EL', 4);
insert into course values('529', 'IF3333', 'WW', 3);
insert into course values('111', 'IF3333', 'EL', 4);
insert into course values('454', 'IF3120', 'GF', 4);
insert into course values('334', 'IF3030', 'IF', 4);
insert into course values('891', 'IF3333', 'FR', 4);
insert into course values('404', 'IF3211', 'GF', 3);
insert into course values('458', 'IF3120', 'DK', 4);
insert into course values('781', 'IF5555', 'WW', 3);
insert into course values('141', 'IF5555', 'IF', 3);
insert into course values('716', 'IF3211', 'DK', 3);
insert into course values('957', 'IF4041', 'EL', 4);
insert into course values('819', 'IF5555', 'FR', 3);
insert into course values('322', 'IF4041', 'FR', 3);
insert into course values('896', 'IF3211', 'HI', 3);
insert into course values('888', 'IF4321', 'FR', 3);
insert into course values('598', 'IF3031', 'GT', 3);
insert into course values('816', 'IF3333', 'MT', 4);
insert into course values('872', 'IF3211', 'IF', 4);
insert into course values('750', 'IF4321', 'MT', 4);
insert into course values('102', 'IF3333', 'DK', 3);
insert into course values('831', 'IF3030', 'MT', 3);
insert into course values('850', 'IF3030', 'WW', 3);
insert into course values('236', 'IF3211', 'HI', 3);
insert into course values('397', 'IF4321', 'FR', 4);
insert into course values('623', 'IF3030', 'WW', 3);
insert into course values('763', 'IF3031', 'MT', 3);
insert into course values('621', 'IF3120', 'GF', 4);
insert into course values('857', 'IF3120', 'GT', 3);
insert into course values('182', 'IF5555', 'GF', 4);
insert into course values('467', 'IF3031', 'MT', 3);
insert into course values('648', 'IF5555', 'GT', 3);
insert into course values('355', 'IF3120', 'GF', 4);
insert into course values('737', 'IF3120', 'WW', 3);
insert into course values('195', 'IF5555', 'HI', 4);
insert into course values('301', 'IF3333', 'FR', 4);
insert into course values('197', 'IF3022', 'IF', 4);
insert into course values('274', 'IF4041', 'GF', 4);
insert into course values('947', 'IF0230', 'MT', 3);
insert into course values('395', 'IF3211', 'WW', 4);
insert into course values('364', 'IF4041', 'DK', 4);
insert into course values('730', 'IF0230', 'MT', 3);
insert into course values('144', 'IF3031', 'MT', 3);
insert into course values('654', 'IF4041', 'GF', 3);
insert into course values('478', 'IF4321', 'GT', 3);
insert into course values('117', 'IF5555', 'IF', 3);
insert into course values('871', 'IF3022', 'IF', 3);
insert into course values('933', 'IF3333', 'DK', 4);
insert into course values('136', 'IF3211', 'FR', 4);
insert into course values('389', 'IF4041', 'WW', 4);
insert into course values('515', 'IF3031', 'FR', 3);
insert into course values('270', 'IF3022', 'HH', 3);
insert into course values('727', 'IF4041', 'FR', 4);
insert into course values('965', 'IF3030', 'WW', 3);
insert into course values('338', 'IF3211', 'DK', 4);
insert into course values('506', 'IF3022', 'MT', 3);
insert into course values('359', 'IF3120', 'EL', 3);
insert into instructor values('32715', 'rahmat', 'FR', 54629.91);
insert into instructor values('58913', 'Adri', 'GF', 108559.14);
insert into instructor values('82297', 'Ahmad', 'EL', 68215.20);
insert into instructor values('36062', 'Ande', 'DK', 105195.86);
insert into instructor values('98011', 'Budi', 'EL', 78804.63);
insert into instructor values('86398', 'Johan', 'DK', 84112.43);
insert into instructor values('54504', 'Yohan', 'GF', 56382.63);
insert into instructor values('25422', 'Yohan', 'IF', 84357.83);
insert into instructor values('26896', 'Josu', 'EL', 51532.95);
insert into instructor values('47380', 'Yohan', 'DK', 110214.77);
insert into instructor values('96958', 'yuyun', 'EL', 76114.99);
insert into instructor values('99341', 'yuyun', 'FR', 116228.28);
insert into instructor values('27125', 'rahmat', 'FR', 46154.92);
insert into instructor values('3572', 'rahmat', 'GF', 87751.37);
insert into instructor values('74835', 'Adri', 'HH', 98502.41);
insert into instructor values('90556', 'Josu', 'GF', 31341.78);
insert into instructor values('6739', 'Adri', 'WW', 30401.62);
insert into instructor values('58834', 'Ande', 'IF', 103504.32);
insert into instructor values('17220', 'Ande', 'WW', 126847.62);
insert into instructor values('12414', 'rahmat', 'HI', 48557.85);
insert into instructor values('5621', 'Yohan', 'HI', 34447.12);
insert into instructor values('26176', 'yuyun', 'MT', 86816.90);
insert into instructor values('64203', 'Josu', 'IF', 112474.99);
insert into instructor values('85268', 'Johan', 'HI', 92812.33);
insert into instructor values('36038', 'Adri', 'FR', 41915.87);
insert into instructor values('29008', 'Kiki', 'MT', 29936.00);
insert into instructor values('79522', 'Yohan', 'MT', 101502.59);
insert into instructor values('90755', 'Yohan', 'GT', 62679.67);
insert into instructor values('57489', 'Adri', 'MT', 126110.94);
insert into instructor values('72598', 'rahmat', 'IF', 50548.02);
insert into instructor values('60259', 'Kiki', 'EL', 47343.02);
insert into instructor values('30700', 'Kiki', 'IF', 38761.47);
insert into instructor values('98431', 'yuyun', 'HH', 78728.84);
insert into instructor values('50466', 'Ande', 'EL', 100024.05);
insert into instructor values('59241', 'Johan', 'EL', 48698.72);
insert into instructor values('81745', 'Budi', 'FR', 48917.17);
insert into instructor values('42972', 'Ande', 'HI', 103326.62);
insert into instructor values('8809', 'Budi', 'MT', 45889.95);
insert into instructor values('85935', 'yuyun', 'HI', 97817.16);
insert into instructor values('51702', 'Johan', 'IF', 31352.34);
insert into instructor values('2322', 'Adri', 'HI', 70806.72);
insert into instructor values('30204', 'Kiki', 'DK', 82036.83);
insert into instructor values('63439', 'Yohan', 'HH', 48771.77);
insert into instructor values('84988', 'Johan', 'HH', 61580.35);
insert into instructor values('12683', 'yuyun', 'EL', 59185.24);
insert into instructor values('95855', 'yuyun', 'DK', 45187.66);
insert into instructor values('47300', 'yuyun', 'DK', 40534.08);
insert into instructor values('59335', 'Yohan', 'WW', 34272.84);
insert into instructor values('8626', 'rahmat', 'WW', 124909.40);
insert into instructor values('67826', 'Ande', 'GT', 41135.65);
insert into section values('355', '1', 'Fall', 2004, 'I', '23', 'B');
insert into section values('704', '1', 'Fall', 2004, 'D', '761', 'J');
insert into section values('569', '1', 'Fall', 2004, 'I', '654', 'M');
insert into section values('442', '1', 'Fall', 2002, 'I', '23', 'D');
insert into section values('670', '1', 'Fall', 2006, 'D', '476', 'O');
insert into section values('968', '1', 'Spring', 2005, 'D', '761', 'D');
insert into section values('289', '1', 'Spring', 2010, 'H', '839', 'I');
insert into section values('416', '1', 'Spring', 2008, 'I', '23', 'L');
insert into section values('672', '1', 'Fall', 2007, 'E', '336', 'F');
insert into section values('248', '1', 'Fall', 2005, 'E', '336', 'N');
insert into section values('417', '1', 'Spring', 2008, 'D', '476', 'E');
insert into section values('186', '1', 'Fall', 2009, 'I', '654', 'H');
insert into section values('569', '2', 'Fall', 2004, 'E', '656', 'J');
insert into section values('879', '1', 'Fall', 2008, 'E', '336', 'H');
insert into section values('947', '1', 'Spring', 2002, 'I', '23', 'D');
insert into section values('826', '1', 'Fall', 2005, 'I', '23', 'C');
insert into section values('879', '2', 'Spring', 2003, 'H', '839', 'I');
insert into section values('759', '1', 'Fall', 2003, 'D', '761', 'F');
insert into section values('321', '1', 'Spring', 2009, 'E', '336', 'K');
insert into section values('405', '1', 'Spring', 2003, 'I', '23', 'C');
insert into section values('270', '1', 'Spring', 2008, 'D', '761', 'N');
insert into section values('151', '1', 'Spring', 2005, 'H', '839', 'D');
insert into section values('654', '1', 'Fall', 2003, 'G', '796', 'C');
insert into section values('102', '1', 'Fall', 2009, 'C', '964', 'I');
insert into section values('355', '2', 'Fall', 2010, 'G', '796', 'E');
insert into section values('319', '1', 'Spring', 2010, 'H', '839', 'P');
insert into section values('356', '1', 'Fall', 2001, 'E', '656', 'C');
insert into section values('151', '2', 'Fall', 2007, 'C', '964', 'F');
insert into section values('482', '1', 'Spring', 2007, 'D', '476', 'H');
insert into section values('831', '1', 'Spring', 2003, 'G', '666', 'I');
insert into section values('432', '1', 'Spring', 2003, 'H', '839', 'B');
insert into section values('442', '2', 'Fall', 2010, 'C', '964', 'G');
insert into section values('181', '1', 'Spring', 2003, 'D', '476', 'G');
insert into section values('486', '1', 'Spring', 2010, 'D', '476', 'N');
insert into section values('661', '1', 'Spring', 2010, 'H', '839', 'M');
insert into section values('714', '1', 'Spring', 2002, 'G', '796', 'L');
insert into section values('597', '1', 'Spring', 2002, 'E', '656', 'O');
insert into section values('453', '1', 'Spring', 2009, 'E', '336', 'H');
insert into section values('612', '1', 'Spring', 2004, 'G', '666', 'J');
insert into section values('872', '1', 'Spring', 2006, 'E', '336', 'I');
insert into section values('195', '1', 'Spring', 2003, 'E', '656', 'G');
insert into section values('387', '1', 'Spring', 2009, 'I', '654', 'O');
insert into section values('555', '1', 'Fall', 2001, 'I', '654', 'J');
insert into section values('805', '1', 'Spring', 2001, 'G', '796', 'F');
insert into section values('125', '1', 'Fall', 2001, 'I', '23', 'J');
insert into section values('236', '1', 'Fall', 2001, 'E', '656', 'B');
insert into section values('876', '1', 'Fall', 2008, 'G', '666', 'P');
insert into section values('487', '1', 'Fall', 2010, 'D', '476', 'M');
insert into section values('816', '1', 'Fall', 2006, 'D', '761', 'C');
insert into section values('378', '1', 'Fall', 2009, 'E', '336', 'L');
insert into section values('275', '1', 'Spring', 2006, 'I', '23', 'O');
insert into section values('558', '1', 'Spring', 2002, 'E', '656', 'J');
insert into section values('654', '2', 'Spring', 2009, 'G', '796', 'J');
insert into section values('891', '1', 'Spring', 2001, 'I', '23', 'I');
insert into section values('121', '1', 'Fall', 2007, 'G', '796', 'P');
insert into section values('570', '1', 'Spring', 2005, 'E', '336', 'F');
insert into section values('389', '1', 'Spring', 2002, 'D', '476', 'I');
insert into section values('858', '1', 'Fall', 2010, 'I', '654', 'H');
insert into section values('768', '1', 'Spring', 2003, 'I', '654', 'H');
insert into section values('209', '1', 'Fall', 2001, 'H', '839', 'F');
insert into section values('768', '2', 'Spring', 2007, 'H', '839', 'K');
insert into section values('395', '1', 'Fall', 2005, 'D', '761', 'G');
insert into section values('299', '1', 'Spring', 2007, 'G', '666', 'M');
insert into section values('131', '1', 'Spring', 2002, 'C', '964', 'C');
insert into section values('141', '1', 'Fall', 2001, 'I', '654', 'F');
insert into section values('876', '2', 'Spring', 2004, 'E', '336', 'O');
insert into section values('322', '1', 'Fall', 2010, 'G', '796', 'A');
insert into section values('879', '3', 'Fall', 2008, 'I', '654', 'I');
insert into section values('894', '1', 'Fall', 2010, 'E', '656', 'D');
insert into section values('321', '2', 'Spring', 2003, 'E', '656', 'K');
insert into section values('965', '1', 'Fall', 2001, 'I', '23', 'H');
insert into section values('486', '2', 'Spring', 2002, 'I', '23', 'P');
insert into section values('427', '1', 'Fall', 2006, 'I', '654', 'P');
insert into section values('444', '1', 'Fall', 2004, 'G', '796', 'I');
insert into section values('484', '1', 'Fall', 2009, 'D', '761', 'I');
insert into section values('355', '3', 'Spring', 2007, 'G', '796', 'A');
insert into section values('719', '1', 'Fall', 2003, 'H', '839', 'J');
insert into section values('352', '1', 'Fall', 2003, 'H', '839', 'C');
insert into section values('496', '1', 'Spring', 2009, 'G', '796', 'E');
insert into section values('497', '1', 'Spring', 2003, 'G', '796', 'L');
insert into section values('555', '2', 'Fall', 2010, 'E', '336', 'C');
insert into section values('696', '1', 'Spring', 2005, 'G', '796', 'N');
insert into section values('864', '1', 'Fall', 2003, 'D', '761', 'I');
insert into section values('696', '2', 'Fall', 2003, 'G', '666', 'M');
insert into section values('117', '1', 'Spring', 2002, 'I', '654', 'G');
insert into section values('898', '1', 'Spring', 2003, 'E', '656', 'O');
insert into section values('716', '1', 'Spring', 2006, 'E', '336', 'C');
insert into section values('375', '1', 'Spring', 2005, 'D', '761', 'C');
insert into section values('193', '1', 'Fall', 2001, 'G', '666', 'F');
insert into section values('719', '2', 'Fall', 2002, 'G', '796', 'P');
insert into section values('389', '2', 'Fall', 2005, 'D', '761', 'K');
insert into section values('168', '1', 'Spring', 2004, 'E', '336', 'J');
insert into section values('209', '2', 'Spring', 2006, 'E', '336', 'P');
insert into section values('143', '1', 'Spring', 2002, 'D', '476', 'C');
insert into section values('319', '2', 'Fall', 2005, 'E', '336', 'F');
insert into section values('660', '1', 'Spring', 2008, 'G', '666', 'P');
insert into section values('661', '2', 'Fall', 2004, 'E', '336', 'K');
insert into section values('613', '1', 'Spring', 2002, 'G', '666', 'M');
insert into section values('319', '3', 'Spring', 2004, 'D', '476', 'O');
insert into section values('299', '2', 'Fall', 2003, 'E', '336', 'B');
insert into section values('613', '2', 'Spring', 2007, 'E', '656', 'H');
insert into section values('364', '1', 'Spring', 2006, 'D', '476', 'M');
insert into section values('370', '1', 'Spring', 2003, 'G', '666', 'N');
insert into section values('549', '1', 'Spring', 2004, 'H', '839', 'M');
insert into section values('654', '3', 'Fall', 2005, 'H', '839', 'O');
insert into section values('490', '1', 'Spring', 2008, 'G', '796', 'N');
insert into section values('375', '2', 'Fall', 2001, 'D', '476', 'K');
insert into section values('213', '1', 'Fall', 2006, 'C', '964', 'E');
insert into section values('704', '2', 'Spring', 2004, 'D', '476', 'D');
insert into section values('117', '2', 'Spring', 2005, 'I', '23', 'J');
insert into section values('209', '3', 'Spring', 2003, 'D', '761', 'L');
insert into section values('581', '1', 'Fall', 2003, 'E', '336', 'M');
insert into section values('235', '1', 'Fall', 2006, 'D', '476', 'B');
insert into section values('763', '1', 'Spring', 2005, 'D', '761', 'L');
insert into section values('186', '2', 'Spring', 2007, 'D', '476', 'L');
insert into section values('857', '1', 'Spring', 2007, 'I', '654', 'L');
insert into section values('370', '2', 'Spring', 2008, 'G', '666', 'K');
insert into section values('458', '1', 'Spring', 2005, 'G', '796', 'K');
insert into section values('894', '2', 'Fall', 2006, 'G', '666', 'B');
insert into section values('703', '1', 'Fall', 2010, 'I', '23', 'H');
insert into section values('626', '1', 'Spring', 2008, 'C', '964', 'K');
insert into section values('759', '2', 'Fall', 2009, 'H', '839', 'E');
insert into section values('696', '3', 'Spring', 2002, 'C', '964', 'K');
insert into section values('204', '1', 'Spring', 2008, 'I', '654', 'P');
insert into section values('839', '1', 'Fall', 2004, 'D', '476', 'L');
insert into section values('168', '2', 'Fall', 2001, 'D', '761', 'F');
insert into section values('621', '1', 'Fall', 2005, 'D', '761', 'P');
insert into section values('679', '1', 'Fall', 2008, 'I', '654', 'I');
insert into section values('360', '1', 'Fall', 2010, 'D', '476', 'D');
insert into section values('378', '2', 'Spring', 2003, 'I', '654', 'G');
insert into section values('613', '3', 'Fall', 2007, 'I', '23', 'M');
insert into section values('235', '2', 'Fall', 2007, 'E', '336', 'O');
insert into section values('458', '2', 'Fall', 2005, 'G', '666', 'A');
insert into section values('703', '2', 'Spring', 2009, 'I', '654', 'K');
insert into section values('151', '3', 'Spring', 2006, 'H', '839', 'M');
insert into section values('136', '1', 'Fall', 2001, 'D', '761', 'G');
insert into section values('393', '1', 'Fall', 2001, 'G', '796', 'N');
insert into section values('737', '1', 'Fall', 2002, 'E', '656', 'G');
insert into section values('236', '2', 'Spring', 2010, 'I', '654', 'I');
insert into section values('713', '1', 'Spring', 2004, 'I', '23', 'A');
insert into section values('707', '1', 'Fall', 2005, 'E', '336', 'G');
insert into section values('496', '2', 'Spring', 2003, 'D', '761', 'C');
insert into section values('659', '1', 'Spring', 2002, 'I', '23', 'E');
insert into section values('218', '1', 'Spring', 2008, 'D', '761', 'L');
insert into section values('443', '1', 'Spring', 2010, 'D', '476', 'I');
insert into section values('196', '1', 'Spring', 2009, 'D', '476', 'B');
insert into section values('816', '2', 'Fall', 2008, 'H', '839', 'I');
insert into section values('850', '1', 'Spring', 2003, 'D', '476', 'M');
insert into section values('682', '1', 'Fall', 2003, 'E', '336', 'B');
insert into section values('107', '1', 'Fall', 2010, 'I', '23', 'H');
insert into section values('646', '1', 'Fall', 2001, 'I', '654', 'C');
insert into section values('893', '1', 'Fall', 2006, 'I', '654', 'A');
insert into section values('401', '1', 'Spring', 2008, 'G', '666', 'M');
insert into section values('101', '1', 'Fall', 2005, 'E', '336', 'G');
insert into section values('209', '4', 'Spring', 2001, 'D', '761', 'G');
insert into section values('469', '1', 'Fall', 2010, 'C', '964', 'O');
insert into section values('646', '2', 'Fall', 2007, 'E', '336', 'L');
insert into section values('117', '3', 'Spring', 2005, 'G', '796', 'A');
insert into section values('898', '2', 'Fall', 2003, 'E', '656', 'K');
insert into section values('983', '1', 'Fall', 2002, 'G', '796', 'O');
insert into section values('936', '1', 'Fall', 2005, 'H', '839', 'O');
insert into section values('121', '2', 'Fall', 2006, 'I', '654', 'M');
insert into section values('933', '1', 'Fall', 2009, 'E', '656', 'L');
insert into section values('132', '1', 'Fall', 2008, 'G', '796', 'H');
insert into section values('879', '4', 'Spring', 2008, 'D', '761', 'O');
insert into section values('432', '2', 'Fall', 2008, 'D', '476', 'B');
insert into section values('496', '3', 'Spring', 2002, 'D', '761', 'G');
insert into section values('899', '1', 'Fall', 2007, 'G', '666', 'D');
insert into section values('136', '2', 'Fall', 2004, 'E', '656', 'A');
insert into section values('670', '2', 'Spring', 2004, 'E', '656', 'A');
insert into section values('878', '1', 'Spring', 2007, 'I', '23', 'A');
insert into section values('682', '2', 'Spring', 2006, 'C', '964', 'A');
insert into section values('195', '2', 'Spring', 2003, 'D', '476', 'I');
insert into section values('236', '3', 'Spring', 2002, 'G', '666', 'N');
insert into section values('793', '1', 'Spring', 2004, 'I', '23', 'E');
insert into section values('442', '3', 'Spring', 2004, 'G', '666', 'I');
insert into section values('819', '1', 'Spring', 2010, 'E', '656', 'J');
insert into section values('894', '3', 'Fall', 2001, 'C', '964', 'C');
insert into section values('487', '2', 'Fall', 2003, 'I', '23', 'M');
insert into section values('819', '2', 'Spring', 2001, 'C', '964', 'B');
insert into section values('482', '2', 'Fall', 2009, 'I', '654', 'L');
insert into section values('151', '4', 'Fall', 2007, 'E', '336', 'G');
insert into section values('427', '2', 'Spring', 2007, 'C', '964', 'C');
insert into section values('873', '1', 'Spring', 2002, 'G', '796', 'P');
insert into section values('964', '1', 'Fall', 2003, 'D', '761', 'K');
insert into section values('857', '2', 'Spring', 2010, 'E', '656', 'B');
insert into section values('624', '1', 'Spring', 2005, 'D', '761', 'D');
insert into section values('444', '2', 'Fall', 2001, 'D', '761', 'O');
insert into section values('558', '2', 'Spring', 2003, 'E', '656', 'D');
insert into section values('125', '2', 'Fall', 2009, 'H', '839', 'L');
insert into section values('356', '2', 'Fall', 2007, 'I', '654', 'F');
insert into section values('850', '2', 'Fall', 2010, 'G', '796', 'G');
insert into section values('689', '1', 'Spring', 2006, 'E', '656', 'I');
insert into section values('692', '1', 'Spring', 2009, 'C', '964', 'K');
insert into section values('321', '3', 'Spring', 2002, 'C', '964', 'O');
insert into section values('226', '1', 'Fall', 2010, 'G', '796', 'J');
insert into section values('405', '2', 'Spring', 2004, 'H', '839', 'I');
insert into section values('341', '1', 'Spring', 2002, 'G', '666', 'M');
insert into section values('334', '1', 'Spring', 2005, 'G', '796', 'E');
insert into section values('360', '2', 'Spring', 2010, 'H', '839', 'I');
insert into section values('389', '3', 'Fall', 2008, 'G', '796', 'J');
insert into section values('321', '4', 'Spring', 2003, 'I', '23', 'A');
insert into section values('270', '2', 'Spring', 2004, 'G', '796', 'B');
insert into section values('660', '2', 'Fall', 2010, 'E', '656', 'E');
insert into section values('529', '1', 'Spring', 2007, 'G', '666', 'K');
insert into section values('196', '2', 'Fall', 2001, 'C', '964', 'G');
insert into section values('707', '2', 'Spring', 2007, 'I', '23', 'I');
insert into section values('506', '1', 'Fall', 2002, 'E', '656', 'B');
insert into section values('209', '5', 'Spring', 2003, 'H', '839', 'H');
insert into section values('338', '1', 'Fall', 2008, 'G', '666', 'M');
insert into section values('196', '3', 'Spring', 2010, 'H', '839', 'D');
insert into section values('646', '3', 'Spring', 2010, 'E', '336', 'H');
insert into section values('692', '2', 'Spring', 2001, 'D', '761', 'N');
insert into section values('395', '2', 'Fall', 2010, 'G', '796', 'C');
insert into section values('336', '1', 'Fall', 2009, 'H', '839', 'D');
insert into section values('598', '1', 'Fall', 2009, 'I', '23', 'O');
insert into section values('364', '2', 'Spring', 2001, 'D', '476', 'I');
insert into section values('689', '2', 'Fall', 2009, 'D', '476', 'I');
insert into section values('395', '3', 'Fall', 2006, 'G', '666', 'H');
insert into section values('432', '3', 'Spring', 2003, 'G', '666', 'E');
insert into section values('131', '2', 'Spring', 2002, 'D', '476', 'M');
insert into section values('858', '2', 'Fall', 2003, 'I', '23', 'C');
insert into section values('696', '4', 'Fall', 2005, 'E', '336', 'H');
insert into section values('132', '2', 'Spring', 2008, 'I', '23', 'A');
insert into section values('442', '4', 'Fall', 2001, 'D', '761', 'C');
insert into section values('689', '3', 'Spring', 2006, 'D', '476', 'O');
insert into section values('900', '1', 'Spring', 2009, 'D', '476', 'C');
insert into section values('143', '2', 'Fall', 2005, 'I', '654', 'D');
insert into section values('781', '1', 'Fall', 2002, 'H', '839', 'G');
insert into section values('444', '3', 'Fall', 2006, 'I', '654', 'E');
insert into section values('970', '1', 'Spring', 2008, 'G', '666', 'P');
insert into section values('768', '3', 'Fall', 2006, 'E', '656', 'P');
insert into section values('111', '1', 'Fall', 2004, 'G', '796', 'D');
insert into section values('427', '3', 'Fall', 2003, 'G', '796', 'G');
insert into section values('624', '2', 'Spring', 2006, 'I', '654', 'P');
insert into section values('621', '2', 'Fall', 2009, 'E', '656', 'A');
insert into section values('992', '1', 'Spring', 2008, 'I', '654', 'B');
insert into section values('351', '1', 'Spring', 2008, 'E', '656', 'M');
insert into section values('107', '2', 'Fall', 2009, 'G', '796', 'E');
insert into section values('816', '3', 'Fall', 2003, 'C', '964', 'P');
insert into section values('168', '3', 'Fall', 2006, 'I', '654', 'D');
insert into section values('375', '3', 'Spring', 2001, 'D', '761', 'M');
insert into section values('299', '3', 'Fall', 2002, 'D', '761', 'E');
insert into section values('497', '2', 'Spring', 2005, 'E', '656', 'C');
insert into section values('719', '3', 'Fall', 2006, 'E', '656', 'J');
insert into section values('904', '1', 'Fall', 2006, 'G', '796', 'K');
insert into section values('443', '2', 'Fall', 2009, 'I', '654', 'B');
insert into section values('609', '1', 'Spring', 2002, 'E', '336', 'G');
insert into section values('793', '2', 'Fall', 2001, 'G', '796', 'K');
insert into section values('444', '4', 'Fall', 2006, 'C', '964', 'F');
insert into section values('285', '1', 'Spring', 2006, 'I', '654', 'H');
insert into section values('781', '2', 'Fall', 2009, 'G', '796', 'F');
insert into section values('397', '1', 'Fall', 2010, 'E', '656', 'P');
insert into section values('204', '2', 'Spring', 2004, 'D', '761', 'M');
insert into section values('858', '3', 'Spring', 2001, 'C', '964', 'L');
insert into section values('661', '3', 'Spring', 2006, 'E', '656', 'A');
insert into section values('190', '1', 'Fall', 2007, 'I', '23', 'I');
insert into section values('559', '1', 'Spring', 2005, 'E', '656', 'H');
insert into section values('338', '2', 'Spring', 2001, 'E', '336', 'F');
insert into section values('338', '3', 'Spring', 2008, 'G', '666', 'B');
insert into section values('352', '2', 'Spring', 2001, 'I', '654', 'C');
insert into section values('364', '3', 'Spring', 2006, 'D', '761', 'O');
insert into section values('143', '3', 'Spring', 2007, 'G', '666', 'P');
insert into section values('704', '3', 'Fall', 2005, 'D', '476', 'N');
insert into section values('725', '1', 'Spring', 2002, 'H', '839', 'J');
insert into section values('626', '2', 'Fall', 2008, 'C', '964', 'F');
insert into section values('109', '1', 'Fall', 2001, 'E', '656', 'I');
insert into section values('612', '2', 'Spring', 2005, 'I', '23', 'G');
insert into section values('893', '2', 'Fall', 2006, 'H', '839', 'C');
insert into section values('850', '3', 'Spring', 2001, 'E', '656', 'H');
insert into section values('682', '3', 'Fall', 2007, 'G', '796', 'D');
insert into section values('965', '2', 'Spring', 2005, 'G', '796', 'H');
insert into section values('338', '4', 'Spring', 2007, 'H', '839', 'B');
insert into section values('744', '1', 'Spring', 2003, 'G', '796', 'B');
insert into section values('204', '3', 'Fall', 2001, 'H', '839', 'P');
insert into section values('484', '2', 'Fall', 2007, 'E', '336', 'J');
insert into section values('716', '2', 'Spring', 2004, 'G', '796', 'F');
insert into section values('730', '1', 'Spring', 2008, 'E', '656', 'D');
insert into section values('322', '2', 'Spring', 2010, 'D', '761', 'J');
insert into section values('197', '1', 'Spring', 2006, 'I', '654', 'A');
insert into section values('506', '2', 'Fall', 2004, 'G', '666', 'I');
insert into section values('274', '1', 'Spring', 2001, 'I', '654', 'P');
insert into section values('360', '3', 'Spring', 2003, 'G', '796', 'G');
insert into section values('857', '3', 'Fall', 2003, 'D', '761', 'D');
insert into section values('289', '2', 'Spring', 2003, 'I', '654', 'L');
insert into section values('427', '4', 'Fall', 2003, 'E', '336', 'E');
insert into section values('238', '1', 'Fall', 2007, 'E', '656', 'L');
insert into section values('270', '3', 'Fall', 2005, 'H', '839', 'D');
insert into section values('793', '3', 'Spring', 2003, 'D', '476', 'P');
insert into section values('497', '3', 'Spring', 2006, 'E', '336', 'L');
insert into section values('108', '1', 'Spring', 2003, 'G', '666', 'E');
insert into section values('532', '1', 'Spring', 2003, 'D', '761', 'M');
insert into section values('947', '2', 'Spring', 2003, 'E', '336', 'N');
insert into section values('341', '2', 'Spring', 2001, 'I', '23', 'C');
insert into section values('581', '2', 'Fall', 2009, 'D', '761', 'H');
insert into section values('532', '2', 'Spring', 2001, 'D', '476', 'K');
insert into section values('759', '3', 'Fall', 2001, 'D', '761', 'C');
insert into section values('899', '2', 'Fall', 2005, 'I', '23', 'A');
insert into section values('626', '3', 'Fall', 2010, 'I', '23', 'P');
insert into section values('878', '2', 'Fall', 2008, 'C', '964', 'B');
insert into section values('750', '1', 'Spring', 2007, 'G', '666', 'G');
insert into section values('888', '1', 'Spring', 2002, 'E', '336', 'A');
insert into section values('714', '2', 'Spring', 2010, 'I', '654', 'M');
insert into section values('322', '3', 'Spring', 2001, 'E', '336', 'A');
insert into section values('904', '2', 'Fall', 2003, 'I', '654', 'H');
insert into section values('341', '3', 'Spring', 2004, 'G', '666', 'F');
insert into section values('404', '1', 'Fall', 2004, 'I', '654', 'O');
insert into section values('981', '1', 'Fall', 2005, 'G', '666', 'N');
insert into section values('336', '2', 'Spring', 2001, 'I', '23', 'G');
insert into section values('117', '4', 'Fall', 2004, 'G', '796', 'K');
insert into section values('181', '2', 'Fall', 2010, 'D', '761', 'N');
insert into section values('236', '4', 'Fall', 2009, 'C', '964', 'J');
insert into section values('469', '2', 'Fall', 2008, 'C', '964', 'G');
insert into section values('360', '4', 'Spring', 2005, 'C', '964', 'H');
insert into section values('435', '1', 'Fall', 2001, 'D', '761', 'F');
insert into section values('289', '3', 'Fall', 2006, 'I', '23', 'J');
insert into section values('689', '4', 'Spring', 2006, 'D', '761', 'J');
insert into section values('359', '1', 'Spring', 2010, 'C', '964', 'B');
insert into section values('793', '4', 'Fall', 2003, 'H', '839', 'P');
insert into section values('402', '1', 'Fall', 2005, 'D', '761', 'K');
insert into section values('661', '4', 'Fall', 2007, 'I', '654', 'O');
insert into section values('682', '4', 'Fall', 2004, 'I', '23', 'L');
insert into section values('235', '3', 'Spring', 2008, 'I', '654', 'C');
insert into section values('549', '2', 'Spring', 2001, 'G', '666', 'K');
insert into section values('275', '2', 'Fall', 2010, 'E', '336', 'C');
insert into section values('190', '2', 'Spring', 2002, 'G', '796', 'H');
insert into section values('444', '5', 'Spring', 2006, 'D', '476', 'B');
insert into section values('561', '1', 'Fall', 2005, 'G', '796', 'E');
insert into section values('218', '2', 'Spring', 2004, 'E', '656', 'H');
insert into section values('646', '4', 'Fall', 2003, 'D', '476', 'I');
insert into section values('981', '2', 'Fall', 2005, 'E', '336', 'A');
insert into section values('432', '4', 'Fall', 2007, 'E', '336', 'G');
insert into section values('692', '3', 'Spring', 2007, 'G', '796', 'H');
insert into section values('378', '3', 'Fall', 2009, 'C', '964', 'I');
insert into section values('641', '1', 'Spring', 2010, 'E', '336', 'G');
insert into section values('864', '2', 'Fall', 2001, 'D', '476', 'F');
insert into section values('893', '3', 'Spring', 2009, 'D', '761', 'M');
insert into section values('830', '1', 'Spring', 2004, 'E', '656', 'H');
insert into section values('899', '3', 'Fall', 2005, 'I', '23', 'C');
insert into section values('831', '2', 'Fall', 2010, 'C', '964', 'N');
insert into section values('839', '2', 'Spring', 2009, 'E', '656', 'P');
insert into section values('750', '2', 'Spring', 2001, 'H', '839', 'K');
insert into section values('898', '3', 'Fall', 2010, 'D', '761', 'D');
insert into section values('141', '2', 'Fall', 2002, 'I', '654', 'E');
insert into section values('181', '3', 'Fall', 2004, 'E', '656', 'K');
insert into section values('744', '2', 'Spring', 2006, 'G', '666', 'N');
insert into section values('819', '3', 'Fall', 2003, 'H', '839', 'E');
insert into section values('904', '3', 'Spring', 2008, 'I', '23', 'D');
insert into section values('933', '2', 'Fall', 2001, 'D', '761', 'D');
insert into section values('355', '4', 'Fall', 2008, 'D', '476', 'M');
insert into section values('131', '3', 'Spring', 2009, 'E', '656', 'B');
insert into section values('490', '2', 'Spring', 2008, 'I', '23', 'L');
insert into section values('506', '3', 'Fall', 2002, 'G', '666', 'I');
insert into section values('294', '1', 'Spring', 2007, 'C', '964', 'J');
insert into section values('182', '1', 'Spring', 2004, 'G', '796', 'G');
insert into section values('970', '2', 'Spring', 2007, 'G', '796', 'O');
insert into section values('218', '3', 'Fall', 2001, 'E', '336', 'H');
insert into section values('309', '1', 'Fall', 2003, 'D', '761', 'H');
insert into section values('321', '5', 'Fall', 2009, 'G', '796', 'H');
insert into section values('648', '1', 'Spring', 2009, 'C', '964', 'E');
insert into section values('478', '1', 'Spring', 2005, 'G', '666', 'B');
insert into section values('443', '3', 'Spring', 2003, 'C', '964', 'J');
insert into section values('624', '3', 'Fall', 2001, 'D', '761', 'K');
insert into section values('981', '3', 'Spring', 2002, 'H', '839', 'F');
insert into section values('117', '5', 'Fall', 2006, 'E', '656', 'D');
insert into section values('896', '1', 'Fall', 2004, 'H', '839', 'B');
insert into section values('983', '2', 'Spring', 2008, 'D', '476', 'N');
insert into section values('395', '4', 'Fall', 2007, 'I', '23', 'G');
insert into section values('621', '3', 'Fall', 2001, 'E', '656', 'N');
insert into section values('230', '1', 'Spring', 2001, 'G', '796', 'F');
insert into section values('375', '4', 'Spring', 2008, 'C', '964', 'N');
insert into section values('509', '1', 'Spring', 2007, 'G', '796', 'M');
insert into section values('970', '3', 'Fall', 2007, 'E', '336', 'H');
insert into section values('839', '3', 'Fall', 2006, 'I', '23', 'C');
insert into section values('936', '2', 'Fall', 2002, 'H', '839', 'H');
insert into section values('478', '2', 'Fall', 2007, 'D', '476', 'C');
insert into section values('871', '1', 'Spring', 2007, 'G', '666', 'A');
insert into section values('641', '2', 'Spring', 2002, 'I', '654', 'M');
insert into section values('359', '2', 'Fall', 2006, 'D', '761', 'G');
insert into section values('274', '2', 'Fall', 2007, 'E', '336', 'J');
insert into section values('857', '4', 'Spring', 2004, 'I', '23', 'P');
insert into section values('936', '3', 'Fall', 2010, 'G', '666', 'O');
insert into section values('334', '2', 'Fall', 2008, 'I', '23', 'O');
insert into section values('876', '3', 'Spring', 2005, 'G', '796', 'J');
insert into section values('679', '2', 'Spring', 2003, 'E', '656', 'P');
insert into section values('299', '4', 'Fall', 2004, 'D', '761', 'M');
insert into section values('891', '2', 'Spring', 2006, 'G', '666', 'H');
insert into section values('168', '4', 'Spring', 2008, 'C', '964', 'J');
insert into section values('182', '2', 'Fall', 2001, 'G', '796', 'M');
insert into section values('830', '2', 'Fall', 2009, 'I', '23', 'E');
insert into section values('375', '5', 'Fall', 2006, 'D', '476', 'O');
insert into section values('168', '5', 'Spring', 2003, 'G', '666', 'N');
insert into section values('275', '3', 'Fall', 2009, 'D', '476', 'O');
insert into section values('389', '4', 'Fall', 2002, 'E', '336', 'F');
insert into section values('195', '3', 'Spring', 2003, 'G', '666', 'B');
insert into section values('341', '4', 'Fall', 2004, 'D', '761', 'D');
insert into section values('898', '4', 'Spring', 2007, 'C', '964', 'A');
insert into section values('454', '1', 'Fall', 2004, 'C', '964', 'D');
insert into section values('692', '4', 'Fall', 2010, 'I', '23', 'G');
insert into section values('648', '2', 'Spring', 2009, 'I', '654', 'C');
insert into teaches values('8809', '879', '1', 'Fall', 2008);
insert into teaches values('2322', '236', '2', 'Spring', 2010);
insert into teaches values('8626', '294', '1', 'Spring', 2007);
insert into teaches values('51702', '117', '4', 'Fall', 2004);
insert into teaches values('64203', '186', '1', 'Fall', 2009);
insert into teaches values('59335', '555', '1', 'Fall', 2001);
insert into teaches values('51702', '356', '2', 'Fall', 2007);
insert into teaches values('12683', '341', '1', 'Spring', 2002);
insert into teaches values('8626', '416', '1', 'Spring', 2008);
insert into teaches values('57489', '230', '1', 'Spring', 2001);
insert into teaches values('2322', '195', '1', 'Spring', 2003);
insert into teaches values('8626', '484', '2', 'Fall', 2007);
insert into teaches values('30700', '873', '1', 'Spring', 2002);
insert into teaches values('81745', '819', '3', 'Fall', 2003);
insert into teaches values('8626', '395', '2', 'Fall', 2010);
insert into teaches values('98431', '427', '2', 'Spring', 2007);
insert into teaches values('8626', '898', '4', 'Spring', 2007);
insert into teaches values('2322', '143', '3', 'Spring', 2007);
insert into teaches values('90556', '121', '2', 'Fall', 2006);
insert into teaches values('8626', '558', '2', 'Spring', 2003);
insert into teaches values('8626', '839', '3', 'Fall', 2006);
insert into teaches values('47300', '338', '4', 'Spring', 2007);
insert into teaches values('12683', '209', '4', 'Spring', 2001);
insert into teaches values('59241', '983', '1', 'Fall', 2002);
insert into teaches values('12683', '319', '2', 'Fall', 2005);
insert into teaches values('84988', '168', '5', 'Spring', 2003);
insert into teaches values('8809', '689', '3', 'Spring', 2006);
insert into teaches values('8626', '389', '2', 'Fall', 2005);
insert into teaches values('3572', '444', '1', 'Fall', 2004);
insert into teaches values('2322', '864', '2', 'Fall', 2001);
insert into teaches values('47300', '904', '2', 'Fall', 2003);
insert into teaches values('51702', '141', '2', 'Fall', 2002);
insert into teaches values('81745', '704', '1', 'Fall', 2004);
insert into teaches values('81745', '397', '1', 'Fall', 2010);
insert into teaches values('8626', '378', '2', 'Spring', 2003);
insert into teaches values('81745', '936', '2', 'Fall', 2002);
insert into teaches values('51702', '759', '2', 'Fall', 2009);
insert into teaches values('2322', '442', '3', 'Spring', 2004);
insert into teaches values('81745', '360', '2', 'Spring', 2010);
insert into teaches values('8626', '965', '2', 'Spring', 2005);
insert into teaches values('67826', '857', '4', 'Spring', 2004);
insert into teaches values('81745', '936', '1', 'Fall', 2005);
insert into teaches values('59241', '209', '5', 'Spring', 2003);
insert into teaches values('47300', '933', '1', 'Fall', 2009);
insert into teaches values('98431', '793', '2', 'Fall', 2001);
insert into teaches values('59335', '395', '1', 'Fall', 2005);
insert into teaches values('81745', '235', '3', 'Spring', 2008);
insert into teaches values('50466', '876', '3', 'Spring', 2005);
insert into teaches values('95855', '696', '1', 'Spring', 2005);
insert into teaches values('63439', '432', '2', 'Fall', 2008);
insert into teaches values('67826', '453', '1', 'Spring', 2009);
insert into teaches values('59241', '341', '3', 'Spring', 2004);
insert into teaches values('47300', '364', '3', 'Spring', 2006);
insert into teaches values('12683', '878', '1', 'Spring', 2007);
insert into teaches values('47300', '213', '1', 'Fall', 2006);
insert into teaches values('47300', '904', '3', 'Spring', 2008);
insert into teaches values('2322', '218', '3', 'Fall', 2001);
insert into teaches values('2322', '443', '1', 'Spring', 2010);
insert into teaches values('67826', '648', '2', 'Spring', 2009);
insert into teaches values('84988', '793', '1', 'Spring', 2004);
insert into teaches values('63439', '168', '1', 'Spring', 2004);
insert into teaches values('84988', '613', '1', 'Spring', 2002);
insert into teaches values('81745', '360', '3', 'Spring', 2003);
insert into teaches values('8626', '108', '1', 'Spring', 2003);
insert into teaches values('85935', '248', '1', 'Fall', 2005);
insert into teaches values('81745', '322', '1', 'Fall', 2010);
insert into teaches values('67826', '899', '3', 'Fall', 2005);
insert into teaches values('30700', '719', '3', 'Fall', 2006);
insert into teaches values('85935', '236', '4', 'Fall', 2009);
insert into teaches values('3572', '444', '3', 'Fall', 2006);
insert into teaches values('12683', '319', '1', 'Spring', 2010);
insert into teaches values('81745', '858', '3', 'Spring', 2001);
insert into teaches values('57489', '689', '2', 'Fall', 2009);
insert into teaches values('67826', '482', '1', 'Spring', 2007);
insert into teaches values('51702', '768', '2', 'Spring', 2007);
insert into teaches values('8809', '689', '4', 'Spring', 2006);
insert into teaches values('47300', '894', '3', 'Fall', 2001);
insert into teaches values('63439', '613', '2', 'Spring', 2007);
insert into teaches values('12683', '581', '1', 'Fall', 2003);
insert into teaches values('84988', '204', '1', 'Spring', 2008);
insert into teaches values('3572', '182', '2', 'Fall', 2001);
insert into teaches values('81745', '196', '2', 'Fall', 2001);
insert into teaches values('47300', '624', '2', 'Spring', 2006);
insert into teaches values('81745', '661', '1', 'Spring', 2010);
insert into teaches values('2322', '549', '2', 'Spring', 2001);
insert into teaches values('81745', '181', '3', 'Fall', 2004);
insert into teaches values('47300', '981', '2', 'Fall', 2005);
insert into teaches values('12683', '319', '3', 'Spring', 2004);
insert into teaches values('84988', '670', '1', 'Fall', 2006);
insert into teaches values('8809', '744', '2', 'Spring', 2006);
insert into teaches values('59335', '395', '3', 'Fall', 2006);
insert into teaches values('84988', '204', '3', 'Fall', 2001);
insert into teaches values('47300', '672', '1', 'Fall', 2007);
insert into teaches values('8809', '285', '1', 'Spring', 2006);
insert into teaches values('47300', '716', '1', 'Spring', 2006);
insert into teaches values('81745', '805', '1', 'Spring', 2001);
insert into teaches values('8626', '898', '1', 'Spring', 2003);
insert into teaches values('90755', '899', '2', 'Fall', 2005);
insert into teaches values('59241', '370', '1', 'Spring', 2003);
insert into teaches values('30700', '759', '1', 'Fall', 2003);
insert into student values('51853', 'Ande', 'HH', 3);
insert into student values('33021', 'Kiki', 'GF', 99);
insert into student values('39062', 'Josu', 'MT', 19);
insert into student values('48492', 'Kiki', 'GT', 22);
insert into student values('77277', 'Kiki', 'DK', 22);
insert into student values('53531', 'Yohan', 'HH', 43);
insert into student values('80087', 'Ahmad', 'WW', 127);
insert into student values('18699', 'Yohan', 'IF', 124);
insert into student values('32675', 'Adri', 'FR', 43);
insert into student values('69865', 'yuyun', 'HI', 34);
insert into student values('32589', 'Josu', 'HI', 53);
insert into student values('87597', 'Yohan', 'MT', 115);
insert into student values('42278', 'Josu', 'GT', 81);
insert into student values('14743', 'Yohan', 'MT', 32);
insert into student values('87087', 'Yohan', 'HH', 79);
insert into student values('72915', 'Kiki', 'HI', 72);
insert into student values('63533', 'Johan', 'HH', 94);
insert into student values('18323', 'Ahmad', 'FR', 44);
insert into student values('37107', 'rahmat', 'FR', 71);
insert into student values('16537', 'Josu', 'EL', 82);
insert into student values('52189', 'Budi', 'IF', 15);
insert into student values('99820', 'Johan', 'MT', 14);
insert into student values('14609', 'yuyun', 'HH', 5);
insert into student values('46527', 'yuyun', 'HH', 107);
insert into student values('31550', 'Josu', 'IF', 108);
insert into student values('16463', 'Ande', 'FR', 128);
insert into student values('97086', 'Budi', 'WW', 46);
insert into student values('60995', 'Josu', 'EL', 126);
insert into student values('69429', 'yuyun', 'DK', 54);
insert into student values('1932', 'Johan', 'DK', 107);
insert into student values('52721', 'yuyun', 'FR', 47);
insert into student values('14308', 'Yohan', 'FR', 97);
insert into student values('30377', 'Ahmad', 'MT', 49);
insert into student values('57681', 'Johan', 'DK', 77);
insert into student values('62752', 'Josu', 'HH', 62);
insert into student values('91616', 'rahmat', 'HI', 86);
insert into student values('32194', 'yuyun', 'MT', 9);
insert into student values('95020', 'Kiki', 'EL', 81);
insert into student values('51267', 'Johan', 'IF', 80);
insert into student values('14134', 'yuyun', 'IF', 75);
insert into student values('61380', 'Budi', 'WW', 2);
insert into student values('70924', 'Ande', 'WW', 22);
insert into student values('81391', 'Adri', 'DK', 16);
insert into student values('1092', 'Johan', 'HH', 90);
insert into student values('24056', 'Budi', 'HI', 24);
insert into student values('1279', 'Budi', 'EL', 4);
insert into student values('75452', 'Ande', 'DK', 55);
insert into student values('56264', 'yuyun', 'EL', 105);
insert into student values('75971', 'Yohan', 'DK', 44);
insert into student values('16244', 'Budi', 'FR', 42);
insert into student values('43550', 'rahmat', 'HH', 101);
insert into student values('26690', 'Kiki', 'MT', 38);
insert into student values('84555', 'Josu', 'WW', 116);
insert into student values('26650', 'Johan', 'WW', 1);
insert into student values('18062', 'Ahmad', 'MT', 40);
insert into student values('81679', 'Kiki', 'DK', 35);
insert into student values('21048', 'rahmat', 'FR', 85);
insert into student values('37503', 'Adri', 'FR', 66);
insert into student values('56802', 'rahmat', 'HI', 29);
insert into student values('1551', 'Josu', 'DK', 59);
insert into student values('64879', 'Ahmad', 'GT', 76);
insert into student values('89777', 'yuyun', 'WW', 72);
insert into student values('13935', 'Ahmad', 'GF', 21);
insert into student values('23871', 'Josu', 'IF', 22);
insert into student values('92888', 'Johan', 'GF', 16);
insert into student values('14047', 'Budi', 'MT', 31);
insert into student values('41709', 'Ahmad', 'WW', 85);
insert into student values('87902', 'Adri', 'FR', 43);
insert into student values('8185', 'Ande', 'DK', 2);
insert into student values('4503', 'rahmat', 'GT', 77);
insert into student values('41874', 'Kiki', 'IF', 55);
insert into student values('32267', 'Adri', 'IF', 19);
insert into student values('92248', 'Adri', 'FR', 82);
insert into student values('49416', 'Ande', 'HH', 80);
insert into student values('53461', 'Kiki', 'HH', 121);
insert into student values('20805', 'Johan', 'HI', 31);
insert into student values('56764', 'Adri', 'IF', 13);
insert into student values('72193', 'Johan', 'IF', 31);
insert into student values('94219', 'Ahmad', 'WW', 46);
insert into student values('35592', 'Josu', 'FR', 18);
insert into student values('24395', 'Yohan', 'EL', 121);
insert into student values('77264', 'Budi', 'DK', 89);
insert into student values('42060', 'Ahmad', 'EL', 10);
insert into student values('48278', 'rahmat', 'DK', 67);
insert into student values('3979', 'yuyun', 'IF', 75);
insert into student values('11235', 'rahmat', 'IF', 49);
insert into student values('4942', 'Kiki', 'HH', 1);
insert into student values('34154', 'Johan', 'IF', 61);
insert into student values('14821', 'Kiki', 'GF', 83);
insert into student values('91721', 'Yohan', 'HI', 19);
insert into student values('40072', 'Ande', 'HH', 102);
insert into student values('69381', 'rahmat', 'GF', 117);
insert into student values('1981', 'Ahmad', 'IF', 48);
insert into student values('61776', 'Johan', 'MT', 83);
insert into student values('41616', 'Josu', 'DK', 43);
insert into student values('28293', 'rahmat', 'EL', 85);
insert into student values('86234', 'Ahmad', 'GF', 61);
insert into student values('5671', 'rahmat', 'EL', 118);
insert into student values('21628', 'Adri', 'DK', 45);
insert into student values('99495', 'Budi', 'WW', 122);
insert into student values('50659', 'Adri', 'EL', 105);
insert into student values('62237', 'Ande', 'EL', 89);
insert into student values('90499', 'yuyun', 'MT', 126);
insert into student values('28588', 'Budi', 'IF', 52);
insert into student values('2174', 'Budi', 'GT', 30);
insert into student values('84416', 'Kiki', 'FR', 128);
insert into student values('88988', 'Kiki', 'MT', 49);
insert into student values('49904', 'Budi', 'HH', 90);
insert into student values('42386', 'Ahmad', 'FR', 85);
insert into student values('82814', 'Kiki', 'HI', 108);
insert into student values('38205', 'Ahmad', 'WW', 27);
insert into student values('85875', 'Kiki', 'FR', 49);
insert into student values('55557', 'Yohan', 'IF', 20);
insert into student values('45606', 'Ahmad', 'WW', 36);
insert into student values('95773', 'rahmat', 'IF', 9);
insert into student values('20116', 'Ahmad', 'MT', 86);
insert into student values('67870', 'Johan', 'GF', 95);
insert into student values('16294', 'Yohan', 'GT', 10);
insert into student values('81073', 'Kiki', 'HH', 70);
insert into student values('1136', 'Ande', 'HH', 26);
insert into student values('23844', 'Ande', 'EL', 128);
insert into student values('12557', 'Ande', 'DK', 87);
insert into student values('48689', 'Adri', 'GT', 41);
insert into student values('18950', 'yuyun', 'HH', 127);
insert into student values('16156', 'Adri', 'FR', 87);
insert into student values('74922', 'rahmat', 'FR', 55);
insert into student values('80179', 'Ande', 'MT', 62);
insert into student values('89780', 'rahmat', 'FR', 7);
insert into student values('50894', 'Josu', 'IF', 44);
insert into student values('35722', 'Adri', 'IF', 127);
insert into student values('80526', 'Yohan', 'GT', 25);
insert into student values('82010', 'yuyun', 'GF', 83);
insert into student values('31967', 'Johan', 'EL', 3);
insert into student values('42685', 'Josu', 'WW', 70);
insert into student values('44055', 'rahmat', 'IF', 124);
insert into student values('9462', 'Josu', 'GT', 93);
insert into student values('30038', 'Ahmad', 'MT', 120);
insert into student values('83889', 'Budi', 'IF', 32);
insert into student values('99750', 'Ahmad', 'MT', 61);
insert into student values('36166', 'Johan', 'GT', 36);
insert into student values('18139', 'Josu', 'DK', 78);
insert into student values('37429', 'Ahmad', 'FR', 114);
insert into student values('7986', 'rahmat', 'GF', 112);
insert into student values('56744', 'Adri', 'DK', 8);
insert into student values('13842', 'Johan', 'IF', 124);
insert into student values('54486', 'rahmat', 'EL', 111);
insert into student values('78671', 'Kiki', 'WW', 52);
insert into student values('91228', 'Budi', 'MT', 106);
insert into student values('97284', 'yuyun', 'GT', 25);
insert into student values('40964', 'Kiki', 'DK', 121);
insert into student values('22774', 'Johan', 'FR', 48);
insert into student values('63775', 'rahmat', 'GF', 7);
insert into student values('8726', 'Kiki', 'IF', 48);
insert into student values('2668', 'Budi', 'GT', 16);
insert into student values('1852', 'Kiki', 'FR', 69);
insert into student values('82417', 'Ande', 'FR', 78);
insert into student values('98414', 'Ahmad', 'GF', 53);
insert into student values('59134', 'Adri', 'HH', 9);
insert into student values('74681', 'yuyun', 'MT', 39);
insert into student values('29231', 'yuyun', 'IF', 30);
insert into student values('45332', 'Ahmad', 'GT', 52);
insert into student values('5864', 'Adri', 'MT', 67);
insert into student values('2146', 'Ande', 'GF', 105);
insert into student values('52600', 'Johan', 'IF', 71);
insert into student values('55630', 'rahmat', 'IF', 128);
insert into student values('15288', 'Adri', 'FR', 75);
insert into student values('47534', 'Josu', 'GF', 18);
insert into student values('63723', 'Yohan', 'HI', 75);
insert into student values('17409', 'Yohan', 'HH', 106);
insert into student values('16286', 'yuyun', 'EL', 55);
insert into student values('58867', 'yuyun', 'GT', 90);
insert into student values('36262', 'yuyun', 'GF', 105);
insert into student values('80822', 'Johan', 'HI', 36);
insert into student values('4518', 'Yohan', 'EL', 11);
insert into student values('99657', 'Yohan', 'EL', 43);
insert into student values('5960', 'Yohan', 'HI', 126);
insert into student values('47378', 'Josu', 'IF', 72);
insert into student values('10529', 'Yohan', 'EL', 85);
insert into student values('65349', 'Budi', 'MT', 90);
insert into student values('3375', 'Kiki', 'GF', 32);
insert into student values('48444', 'Josu', 'IF', 8);
insert into student values('36028', 'Adri', 'GT', 36);
insert into student values('66622', 'Kiki', 'MT', 17);
insert into student values('18778', 'Ahmad', 'GF', 5);
insert into student values('34874', 'Budi', 'EL', 14);
insert into student values('49158', 'Johan', 'WW', 49);
insert into student values('7690', 'Ande', 'IF', 92);
insert into student values('50278', 'yuyun', 'IF', 72);
insert into student values('19699', 'Yohan', 'HH', 69);
insert into student values('50733', 'Budi', 'MT', 26);
insert into student values('27873', 'Kiki', 'DK', 81);
insert into student values('6868', 'rahmat', 'HI', 71);
insert into student values('17517', 'yuyun', 'GF', 23);
insert into student values('31488', 'yuyun', 'MT', 99);
insert into student values('65720', 'rahmat', 'MT', 107);
insert into student values('36000', 'Ahmad', 'HH', 30);
insert into student values('82575', 'Budi', 'HH', 109);
insert into student values('74158', 'Kiki', 'HH', 61);
insert into student values('33766', 'Ahmad', 'FR', 63);
insert into student values('61547', 'Budi', 'GF', 15);
insert into takes values('81679', '182', '1', 'Spring', 2004, 'A-');
insert into takes values('80822', '648', '2', 'Spring', 2009, 'A ');
insert into takes values('32589', '168', '4', 'Spring', 2008, 'C-');
insert into takes values('35722', '689', '1', 'Spring', 2006, 'C+');
insert into takes values('48444', '486', '1', 'Spring', 2010, 'C ');
insert into takes values('62752', '646', '1', 'Fall', 2001, 'B+');
insert into takes values('78671', '839', '1', 'Fall', 2004, 'A-');
insert into takes values('39062', '857', '3', 'Fall', 2003, 'A+');
insert into takes values('24056', '555', '1', 'Fall', 2001, 'B+');
insert into takes values('74681', '355', '4', 'Fall', 2008, 'A-');
insert into takes values('8185', '496', '1', 'Spring', 2009, 'C ');
insert into takes values('11235', '624', '1', 'Spring', 2005, 'A ');
insert into takes values('33766', '864', '1', 'Fall', 2003, 'B-');
insert into takes values('90499', '378', '2', 'Spring', 2003, 'B-');
insert into takes values('17409', '831', '1', 'Spring', 2003, 'B+');
insert into takes values('66622', '561', '1', 'Fall', 2005, 'A-');
insert into takes values('5671', '355', '4', 'Fall', 2008, 'C ');
insert into takes values('32589', '442', '2', 'Fall', 2010, 'A-');
insert into takes values('87597', '707', '2', 'Spring', 2007, 'A+');
insert into takes values('56744', '819', '1', 'Spring', 2010, 'C+');
insert into takes values('88988', '744', '1', 'Spring', 2003, 'C+');
insert into takes values('51267', '981', '1', 'Fall', 2005, 'A-');
insert into takes values('67870', '965', '1', 'Fall', 2001, 'C+');
insert into takes values('16537', '196', '3', 'Spring', 2010, 'A-');
insert into takes values('17409', '744', '1', 'Spring', 2003, 'B+');
insert into takes values('1551', '626', '3', 'Fall', 2010, 'A-');
insert into takes values('16463', '759', '3', 'Fall', 2001, 'C+');
insert into takes values('82417', '719', '2', 'Fall', 2002, 'B ');
insert into takes values('20116', '338', '2', 'Spring', 2001, 'B ');
insert into takes values('18062', '181', '1', 'Spring', 2003, 'C ');
insert into takes values('42060', '444', '4', 'Fall', 2006, 'C-');
insert into takes values('42685', '121', '2', 'Fall', 2006, 'B-');
insert into takes values('28588', '719', '2', 'Fall', 2002, 'B+');
insert into takes values('38205', '341', '3', 'Spring', 2004, 'B ');
insert into takes values('42278', '107', '2', 'Fall', 2009, 'A-');
insert into takes values('63723', '893', '1', 'Fall', 2006, 'B+');
insert into takes values('42386', '321', '4', 'Spring', 2003, 'C-');
insert into takes values('83889', '213', '1', 'Fall', 2006, 'B ');
insert into takes values('38205', '857', '3', 'Fall', 2003, 'B-');
insert into takes values('56264', '197', '1', 'Spring', 2006, 'A+');
insert into takes values('35722', '193', '1', 'Fall', 2001, 'C+');
insert into takes values('99657', '387', '1', 'Spring', 2009, 'B-');
insert into takes values('29231', '151', '1', 'Spring', 2005, 'A+');
insert into takes values('37429', '356', '2', 'Fall', 2007, 'C+');
insert into takes values('20116', '696', '3', 'Spring', 2002, 'C+');
insert into takes values('16156', '193', '1', 'Fall', 2001, 'A-');
insert into takes values('69429', '121', '2', 'Fall', 2006, 'C+');
insert into takes values('18062', '719', '2', 'Fall', 2002, 'B+');
insert into takes values('41709', '352', '2', 'Spring', 2001, 'B ');
insert into takes values('17409', '341', '2', 'Spring', 2001, 'A+');
insert into takes values('80087', '375', '4', 'Spring', 2008, 'C-');
insert into takes values('16286', '714', '1', 'Spring', 2002, 'C ');
insert into takes values('91616', '696', '3', 'Spring', 2002, 'B+');
insert into takes values('62752', '529', '1', 'Spring', 2007, 'B+');
insert into takes values('57681', '117', '3', 'Spring', 2005, 'A-');
insert into takes values('26650', '696', '3', 'Spring', 2002, 'A+');
insert into takes values('41874', '793', '3', 'Spring', 2003, 'C+');
insert into takes values('47378', '389', '2', 'Fall', 2005, 'B+');
insert into takes values('50733', '375', '1', 'Spring', 2005, 'A+');
insert into takes values('84416', '195', '3', 'Spring', 2003, 'B+');
insert into takes values('91721', '660', '2', 'Fall', 2010, 'A-');
insert into takes values('92888', '713', '1', 'Spring', 2004, 'A-');
insert into takes values('21048', '190', '2', 'Spring', 2002, 'C+');
insert into takes values('5671', '965', '2', 'Spring', 2005, 'C+');
insert into takes values('81391', '555', '2', 'Fall', 2010, 'C-');
insert into takes values('49158', '204', '1', 'Spring', 2008, 'A ');
insert into takes values('17409', '624', '3', 'Fall', 2001, 'C-');
insert into takes values('13935', '716', '1', 'Spring', 2006, 'C-');
insert into takes values('23871', '900', '1', 'Spring', 2009, 'B+');
insert into takes values('65349', '195', '1', 'Spring', 2003, 'A ');
insert into takes values('26650', '186', '1', 'Fall', 2009, 'A ');
insert into takes values('33766', '117', '5', 'Fall', 2006, 'B+');
insert into takes values('30038', '478', '2', 'Fall', 2007, 'C-');
insert into takes values('13842', '355', '4', 'Fall', 2008, 'C-');
insert into takes values('32194', '351', '1', 'Spring', 2008, 'C-');
insert into takes values('81679', '195', '2', 'Spring', 2003, 'A-');
insert into takes values('49904', '352', '2', 'Spring', 2001, 'B+');
insert into takes values('36262', '506', '2', 'Fall', 2004, 'A-');
insert into takes values('64879', '830', '2', 'Fall', 2009, 'A-');
insert into takes values('8726', '338', '3', 'Spring', 2008, 'B ');
insert into takes values('81073', '355', '3', 'Spring', 2007, 'A-');
insert into takes values('10529', '970', '3', 'Fall', 2007, 'A ');
insert into takes values('87902', '654', '1', 'Fall', 2003, 'C-');
insert into takes values('7986', '965', '2', 'Spring', 2005, 'C+');
insert into takes values('51853', '981', '1', 'Fall', 2005, 'B+');
insert into takes values('23844', '299', '1', 'Spring', 2007, 'B ');
insert into takes values('16286', '891', '1', 'Spring', 2001, 'B ');
insert into takes values('2146', '444', '2', 'Fall', 2001, 'C-');
insert into takes values('5960', '648', '2', 'Spring', 2009, 'C+');
insert into takes values('5960', '646', '3', 'Spring', 2010, 'A ');
insert into takes values('26690', '102', '1', 'Fall', 2009, 'A-');
insert into takes values('45332', '370', '2', 'Spring', 2008, 'B ');
insert into takes values('49416', '107', '1', 'Fall', 2010, 'A ');
insert into takes values('61776', '322', '3', 'Spring', 2001, 'B ');
insert into takes values('30377', '341', '3', 'Spring', 2004, 'A ');
insert into takes values('13842', '151', '3', 'Spring', 2006, 'B+');
insert into takes values('14134', '768', '3', 'Fall', 2006, 'A ');
insert into takes values('81679', '432', '1', 'Spring', 2003, 'B-');
insert into takes values('63775', '716', '1', 'Spring', 2006, 'B+');
insert into takes values('10529', '107', '2', 'Fall', 2009, 'A-');
insert into takes values('16294', '992', '1', 'Spring', 2008, 'A-');
insert into takes values('36028', '621', '1', 'Fall', 2005, 'A+');
insert into takes values('80179', '621', '2', 'Fall', 2009, 'B ');
insert into takes values('50894', '725', '1', 'Spring', 2002, 'B-');
insert into takes values('21628', '899', '1', 'Fall', 2007, 'B+');
insert into takes values('1932', '359', '2', 'Fall', 2006, 'B+');
insert into takes values('26690', '453', '1', 'Spring', 2009, 'C ');
insert into takes values('8185', '321', '3', 'Spring', 2002, 'C-');
insert into takes values('72193', '896', '1', 'Fall', 2004, 'A-');
insert into takes values('59134', '893', '3', 'Spring', 2009, 'A+');
insert into takes values('26650', '321', '4', 'Spring', 2003, 'A-');
insert into takes values('52189', '936', '2', 'Fall', 2002, 'B+');
insert into takes values('67870', '132', '1', 'Fall', 2008, 'A+');
insert into takes values('82814', '355', '3', 'Spring', 2007, 'B+');
insert into takes values('50278', '624', '1', 'Spring', 2005, 'C-');
insert into takes values('81073', '132', '1', 'Fall', 2008, 'A-');
insert into takes values('44055', '204', '2', 'Spring', 2004, 'C+');
insert into takes values('10529', '195', '1', 'Spring', 2003, 'B+');
insert into takes values('99495', '319', '2', 'Fall', 2005, 'C ');
insert into takes values('91721', '654', '2', 'Spring', 2009, 'B ');
insert into takes values('95773', '648', '2', 'Spring', 2009, 'A ');
insert into takes values('88988', '654', '2', 'Spring', 2009, 'A+');
insert into takes values('87902', '111', '1', 'Fall', 2004, 'B-');
insert into takes values('26690', '965', '1', 'Fall', 2001, 'A+');
insert into takes values('26650', '876', '3', 'Spring', 2005, 'A+');
insert into takes values('82575', '209', '1', 'Fall', 2001, 'B+');
insert into takes values('16537', '395', '1', 'Fall', 2005, 'B+');
insert into takes values('56802', '730', '1', 'Spring', 2008, 'C+');
insert into takes values('44055', '132', '2', 'Spring', 2008, 'B+');
insert into takes values('92888', '858', '1', 'Fall', 2010, 'C ');
insert into takes values('63533', '108', '1', 'Spring', 2003, 'C-');
insert into takes values('99657', '356', '2', 'Fall', 2007, 'A+');
insert into takes values('52189', '336', '1', 'Fall', 2009, 'A+');
insert into takes values('36262', '857', '4', 'Spring', 2004, 'A+');
insert into takes values('70924', '839', '1', 'Fall', 2004, 'B+');
insert into takes values('77277', '334', '2', 'Fall', 2008, 'A+');
insert into takes values('99657', '703', '1', 'Fall', 2010, 'A ');
insert into takes values('4503', '983', '1', 'Fall', 2002, 'B-');
insert into takes values('53531', '793', '4', 'Fall', 2003, 'A+');
insert into takes values('64879', '181', '1', 'Spring', 2003, 'C ');
insert into takes values('10529', '478', '1', 'Spring', 2005, 'C+');
insert into takes values('56802', '879', '2', 'Spring', 2003, 'B+');
insert into takes values('2668', '621', '1', 'Fall', 2005, 'A+');
insert into takes values('60995', '299', '3', 'Fall', 2002, 'A+');
insert into takes values('15288', '529', '1', 'Spring', 2007, 'C+');
insert into takes values('36000', '270', '2', 'Spring', 2004, 'C-');
insert into takes values('99657', '487', '1', 'Fall', 2010, 'B+');
insert into takes values('17517', '660', '1', 'Spring', 2008, 'B ');
insert into takes values('28588', '598', '1', 'Fall', 2009, 'C-');
insert into takes values('55630', '356', '1', 'Fall', 2001, 'A ');
insert into takes values('14821', '646', '1', 'Fall', 2001, 'A ');
insert into takes values('48689', '581', '2', 'Fall', 2009, 'A ');
insert into takes values('29231', '661', '2', 'Fall', 2004, 'C+');
insert into takes values('18062', '236', '3', 'Spring', 2002, 'B-');
insert into takes values('46527', '759', '2', 'Fall', 2009, 'B ');
insert into takes values('34154', '355', '1', 'Fall', 2004, 'B-');
insert into takes values('56802', '626', '2', 'Fall', 2008, 'B+');
insert into takes values('18062', '581', '1', 'Fall', 2003, 'A ');
insert into takes values('2174', '270', '2', 'Spring', 2004, 'A+');
insert into takes values('94219', '850', '3', 'Spring', 2001, 'C ');
insert into takes values('55557', '427', '1', 'Fall', 2006, 'C+');
insert into takes values('69381', '858', '2', 'Fall', 2003, 'C+');
insert into takes values('64879', '936', '1', 'Fall', 2005, 'C+');
insert into takes values('53531', '478', '2', 'Fall', 2007, 'B ');
insert into takes values('28588', '294', '1', 'Spring', 2007, 'C+');
insert into takes values('8185', '714', '1', 'Spring', 2002, 'C-');
insert into takes values('89780', '831', '1', 'Spring', 2003, 'A-');
insert into takes values('18950', '660', '2', 'Fall', 2010, 'B-');
insert into takes values('16294', '193', '1', 'Fall', 2001, 'A ');
insert into takes values('13935', '236', '3', 'Spring', 2002, 'C ');
insert into takes values('2668', '570', '1', 'Spring', 2005, 'C-');
insert into takes values('22774', '236', '4', 'Fall', 2009, 'B+');
insert into takes values('24395', '981', '1', 'Fall', 2005, 'C-');
insert into takes values('54486', '387', '1', 'Spring', 2009, 'A-');
insert into takes values('8726', '696', '2', 'Fall', 2003, 'A+');
insert into takes values('31967', '654', '1', 'Fall', 2003, 'A-');
insert into takes values('2174', '597', '1', 'Spring', 2002, 'A+');
insert into takes values('87597', '613', '3', 'Fall', 2007, 'B ');
insert into takes values('78671', '719', '3', 'Fall', 2006, 'C-');
insert into takes values('37429', '894', '1', 'Fall', 2010, 'A ');
insert into takes values('49904', '864', '1', 'Fall', 2003, 'C ');
insert into takes values('40072', '117', '4', 'Fall', 2004, 'B ');
insert into takes values('14134', '181', '1', 'Spring', 2003, 'B+');
insert into takes values('13935', '506', '3', 'Fall', 2002, 'A ');
insert into takes values('46527', '744', '1', 'Spring', 2003, 'C+');
insert into takes values('50733', '679', '1', 'Fall', 2008, 'C-');
insert into takes values('48444', '624', '1', 'Spring', 2005, 'A+');
insert into takes values('63723', '352', '2', 'Spring', 2001, 'A+');
insert into takes values('36166', '716', '2', 'Spring', 2004, 'B-');
insert into takes values('87597', '896', '1', 'Fall', 2004, 'A+');
insert into takes values('45332', '506', '2', 'Fall', 2004, 'B ');
insert into takes values('50733', '236', '1', 'Fall', 2001, 'C+');
insert into takes values('62237', '744', '1', 'Spring', 2003, 'B-');
insert into takes values('12557', '744', '2', 'Spring', 2006, 'C ');
insert into takes values('48689', '351', '1', 'Spring', 2008, 'C-');
insert into takes values('56744', '136', '2', 'Fall', 2004, 'A-');
insert into takes values('32194', '750', '1', 'Spring', 2007, 'C+');
insert into takes values('85875', '404', '1', 'Fall', 2004, 'B-');
insert into takes values('34874', '850', '2', 'Fall', 2010, 'A ');
insert into takes values('1981', '816', '2', 'Fall', 2008, 'B ');
insert into takes values('52721', '670', '2', 'Spring', 2004, 'A-');
insert into takes values('82417', '597', '1', 'Spring', 2002, 'C-');
insert into takes values('92888', '294', '1', 'Spring', 2007, 'B-');
insert into takes values('53461', '336', '1', 'Fall', 2009, 'B-');
insert into takes values('95773', '947', '1', 'Spring', 2002, 'C ');
insert into takes values('16537', '435', '1', 'Fall', 2001, 'B+');
insert into takes values('45606', '319', '1', 'Spring', 2010, 'A ');
insert into takes values('34874', '182', '1', 'Spring', 2004, 'C-');
insert into takes values('99657', '898', '2', 'Fall', 2003, 'A-');
insert into takes values('87087', '235', '2', 'Fall', 2007, 'A+');
insert into takes values('2146', '356', '1', 'Fall', 2001, 'A+');
insert into takes values('98414', '661', '1', 'Spring', 2010, 'A ');
insert into takes values('70924', '496', '1', 'Spring', 2009, 'B-');
insert into takes values('39062', '443', '3', 'Spring', 2003, 'A ');
insert into takes values('14047', '555', '1', 'Fall', 2001, 'C+');
insert into takes values('99820', '321', '3', 'Spring', 2002, 'B+');
insert into takes values('18323', '661', '1', 'Spring', 2010, 'A ');
insert into takes values('56744', '624', '1', 'Spring', 2005, 'C ');
insert into takes values('50659', '933', '2', 'Fall', 2001, 'A-');
insert into takes values('30038', '679', '1', 'Fall', 2008, 'A ');
insert into takes values('15288', '338', '4', 'Spring', 2007, 'B+');
insert into takes values('32589', '108', '1', 'Spring', 2003, 'B ');
insert into takes values('26690', '322', '2', 'Spring', 2010, 'B ');
insert into takes values('7986', '322', '2', 'Spring', 2010, 'B+');
insert into takes values('31967', '289', '3', 'Fall', 2006, 'A ');
insert into takes values('49158', '131', '3', 'Spring', 2009, 'A-');
insert into takes values('82417', '151', '2', 'Fall', 2007, 'B ');
insert into takes values('87902', '338', '2', 'Spring', 2001, 'C+');
insert into takes values('69381', '626', '1', 'Spring', 2008, 'A+');
insert into takes values('50733', '981', '2', 'Fall', 2005, 'B-');
insert into takes values('91228', '613', '1', 'Spring', 2002, 'A ');
insert into takes values('63533', '876', '2', 'Spring', 2004, 'C ');
insert into takes values('14047', '981', '3', 'Spring', 2002, 'B+');
insert into takes values('37107', '405', '1', 'Spring', 2003, 'B-');
insert into takes values('16463', '209', '1', 'Fall', 2001, 'C+');
insert into takes values('16286', '696', '4', 'Fall', 2005, 'A ');
insert into takes values('27873', '819', '3', 'Fall', 2003, 'B+');
insert into takes values('28293', '682', '1', 'Fall', 2003, 'C-');
insert into takes values('4503', '648', '2', 'Spring', 2009, 'B+');
insert into takes values('41616', '561', '1', 'Fall', 2005, 'A+');
insert into takes values('99657', '218', '2', 'Spring', 2004, 'A ');
insert into takes values('87902', '529', '1', 'Spring', 2007, 'A ');
insert into takes values('77277', '704', '1', 'Fall', 2004, 'C+');
insert into takes values('14609', '626', '1', 'Spring', 2008, 'C-');
insert into takes values('1852', '109', '1', 'Fall', 2001, 'A ');
insert into takes values('99820', '341', '1', 'Spring', 2002, 'C ');
insert into takes values('95020', '270', '1', 'Spring', 2008, 'C+');
insert into takes values('37429', '888', '1', 'Spring', 2002, 'A-');
insert into takes values('41874', '692', '2', 'Spring', 2001, 'C+');
insert into takes values('91616', '395', '1', 'Fall', 2005, 'B-');
insert into takes values('14134', '132', '2', 'Spring', 2008, 'A ');
insert into takes values('11235', '532', '1', 'Spring', 2003, 'A-');
insert into takes values('50278', '719', '1', 'Fall', 2003, 'A-');
insert into takes values('87902', '936', '1', 'Fall', 2005, 'B-');
insert into takes values('14134', '482', '2', 'Fall', 2009, 'B-');
insert into takes values('37503', '416', '1', 'Spring', 2008, 'C ');
insert into takes values('40964', '432', '2', 'Fall', 2008, 'A ');
insert into takes values('18139', '186', '1', 'Fall', 2009, 'B ');
insert into takes values('41874', '195', '3', 'Spring', 2003, 'B-');
insert into takes values('99750', '270', '1', 'Spring', 2008, 'B ');
insert into takes values('74158', '117', '1', 'Spring', 2002, 'A+');
insert into takes values('36028', '981', '2', 'Fall', 2005, 'C ');
insert into takes values('30038', '270', '1', 'Spring', 2008, 'A+');
insert into takes values('80179', '793', '2', 'Fall', 2001, 'B+');
insert into takes values('75971', '850', '3', 'Spring', 2001, 'C-');
insert into takes values('82010', '696', '3', 'Spring', 2002, 'C+');
insert into takes values('40964', '646', '1', 'Fall', 2001, 'A ');
insert into takes values('36000', '850', '2', 'Fall', 2010, 'C-');
insert into takes values('97284', '321', '5', 'Fall', 2009, 'B-');
insert into takes values('52721', '168', '5', 'Spring', 2003, 'B ');
insert into takes values('3375', '581', '2', 'Fall', 2009, 'C+');
insert into takes values('5960', '432', '2', 'Fall', 2008, 'A-');
insert into takes values('49416', '322', '1', 'Fall', 2010, 'C+');
insert into takes values('3375', '196', '2', 'Fall', 2001, 'A ');
insert into takes values('8726', '375', '1', 'Spring', 2005, 'A-');
insert into takes values('21628', '416', '1', 'Spring', 2008, 'A-');
insert into takes values('26650', '898', '3', 'Fall', 2010, 'C ');
insert into takes values('16537', '878', '1', 'Spring', 2007, 'B ');
insert into takes values('24056', '490', '2', 'Spring', 2008, 'B ');
insert into takes values('83889', '692', '1', 'Spring', 2009, 'A+');
insert into takes values('99657', '648', '1', 'Spring', 2009, 'C ');
insert into takes values('95773', '389', '4', 'Fall', 2002, 'A ');
insert into takes values('42278', '182', '1', 'Spring', 2004, 'B-');
insert into takes values('20805', '442', '4', 'Fall', 2001, 'A-');
insert into takes values('81391', '793', '2', 'Fall', 2001, 'B ');
insert into takes values('1136', '486', '2', 'Spring', 2002, 'A+');
insert into takes values('61547', '981', '1', 'Fall', 2005, 'A ');
insert into takes values('9462', '682', '4', 'Fall', 2004, 'B ');
insert into takes values('14047', '270', '3', 'Fall', 2005, 'B ');
insert into takes values('16244', '378', '1', 'Fall', 2009, 'B-');
insert into takes values('48492', '360', '4', 'Spring', 2005, 'C-');
insert into takes values('19699', '660', '1', 'Spring', 2008, 'B+');
insert into takes values('70924', '555', '2', 'Fall', 2010, 'A-');
insert into takes values('9462', '981', '1', 'Fall', 2005, 'B ');
insert into takes values('47378', '197', '1', 'Spring', 2006, 'B+');
insert into takes values('63723', '871', '1', 'Spring', 2007, 'B+');
insert into takes values('55557', '893', '3', 'Spring', 2009, 'B+');
insert into takes values('1136', '435', '1', 'Fall', 2001, 'B-');
insert into takes values('69381', '692', '1', 'Spring', 2009, 'B-');
insert into takes values('14134', '899', '1', 'Fall', 2007, 'A ');
insert into takes values('74922', '132', '1', 'Fall', 2008, 'B+');
insert into takes values('32675', '209', '3', 'Spring', 2003, 'B+');
insert into takes values('52600', '624', '1', 'Spring', 2005, 'A+');
insert into takes values('95020', '970', '2', 'Spring', 2007, 'B-');
insert into takes values('89780', '151', '1', 'Spring', 2005, 'A+');
insert into takes values('2174', '417', '1', 'Spring', 2008, 'A-');
insert into takes values('23871', '981', '3', 'Spring', 2002, 'A ');
insert into takes values('20116', '831', '2', 'Fall', 2010, 'B ');
insert into takes values('81391', '621', '3', 'Fall', 2001, 'A-');
insert into takes values('1932', '275', '1', 'Spring', 2006, 'B-');
insert into takes values('31967', '121', '1', 'Fall', 2007, 'C ');
insert into takes values('48492', '768', '2', 'Spring', 2007, 'A-');
insert into takes values('61380', '819', '2', 'Spring', 2001, 'C-');
insert into takes values('63533', '549', '1', 'Spring', 2004, 'A-');
insert into takes values('80179', '341', '3', 'Spring', 2004, 'C ');
insert into takes values('18778', '117', '2', 'Spring', 2005, 'B-');
insert into takes values('99820', '759', '2', 'Fall', 2009, 'C+');
insert into takes values('74158', '646', '4', 'Fall', 2003, 'C ');
insert into takes values('28293', '532', '2', 'Spring', 2001, 'C ');
insert into takes values('62752', '598', '1', 'Fall', 2009, 'C ');
insert into takes values('35722', '719', '2', 'Fall', 2002, 'B-');
insert into takes values('18062', '626', '1', 'Spring', 2008, 'A-');
insert into takes values('10529', '864', '2', 'Fall', 2001, 'C-');
insert into takes values('87087', '355', '3', 'Spring', 2007, 'A ');
insert into takes values('34874', '558', '2', 'Spring', 2003, 'A+');
insert into takes values('15288', '341', '2', 'Spring', 2001, 'B-');
insert into takes values('32675', '857', '1', 'Spring', 2007, 'A ');
insert into takes values('36028', '626', '3', 'Fall', 2010, 'C ');
insert into takes values('42685', '624', '1', 'Spring', 2005, 'A ');
insert into takes values('22774', '190', '1', 'Fall', 2007, 'A-');
insert into takes values('36028', '626', '2', 'Fall', 2008, 'C+');
insert into takes values('20805', '299', '3', 'Fall', 2002, 'A ');
insert into takes values('97086', '839', '1', 'Fall', 2004, 'A-');
insert into takes values('53461', '444', '2', 'Fall', 2001, 'B-');
insert into takes values('1981', '143', '1', 'Spring', 2002, 'A-');
insert into takes values('42060', '532', '2', 'Spring', 2001, 'B ');
insert into takes values('55557', '981', '2', 'Fall', 2005, 'B ');
insert into takes values('64879', '453', '1', 'Spring', 2009, 'C-');
insert into takes values('22774', '716', '2', 'Spring', 2004, 'A-');
insert into takes values('20805', '716', '1', 'Spring', 2006, 'A ');
insert into takes values('24056', '352', '1', 'Fall', 2003, 'C ');
insert into takes values('13935', '648', '2', 'Spring', 2009, 'A ');
insert into takes values('74681', '101', '1', 'Fall', 2005, 'A-');
insert into takes values('48492', '299', '3', 'Fall', 2002, 'A+');
insert into takes values('5960', '359', '1', 'Spring', 2010, 'B-');
insert into takes values('36166', '443', '3', 'Spring', 2003, 'C-');
insert into takes values('61547', '857', '1', 'Spring', 2007, 'C+');
insert into takes values('20116', '204', '1', 'Spring', 2008, 'C ');
insert into takes values('18139', '405', '2', 'Spring', 2004, 'C+');
insert into takes values('81073', '270', '1', 'Spring', 2008, 'C ');
insert into takes values('78671', '274', '2', 'Fall', 2007, 'B-');
insert into takes values('15288', '294', '1', 'Spring', 2007, 'C+');
insert into takes values('75452', '136', '2', 'Fall', 2004, 'A+');
insert into takes values('70924', '486', '1', 'Spring', 2010, 'A ');
insert into takes values('32194', '375', '2', 'Fall', 2001, 'C-');
insert into takes values('53531', '839', '3', 'Fall', 2006, 'A-');
insert into takes values('41874', '696', '2', 'Fall', 2003, 'B-');
insert into takes values('80179', '660', '1', 'Spring', 2008, 'A ');
insert into takes values('4503', '793', '2', 'Fall', 2001, 'B-');
insert into takes values('1981', '289', '1', 'Spring', 2010, 'A+');
insert into takes values('18699', '238', '1', 'Fall', 2007, 'A+');
insert into takes values('75971', '168', '3', 'Fall', 2006, 'A-');
insert into takes values('37503', '432', '1', 'Spring', 2003, 'B+');
insert into takes values('4942', '478', '2', 'Fall', 2007, 'A-');
insert into takes values('1981', '341', '3', 'Spring', 2004, 'B-');
insert into takes values('88988', '947', '2', 'Spring', 2003, 'A-');
insert into takes values('48278', '299', '2', 'Fall', 2003, 'C-');
insert into takes values('3979', '375', '5', 'Fall', 2006, 'B+');
insert into takes values('92888', '549', '2', 'Spring', 2001, 'A-');
insert into takes values('33766', '893', '2', 'Fall', 2006, 'B+');
insert into takes values('1092', '682', '4', 'Fall', 2004, 'A+');
insert into takes values('97086', '970', '1', 'Spring', 2008, 'A+');
insert into takes values('42685', '497', '1', 'Spring', 2003, 'C+');
insert into takes values('18062', '893', '1', 'Fall', 2006, 'B+');
insert into takes values('7986', '621', '3', 'Fall', 2001, 'C ');
insert into takes values('10529', '458', '1', 'Spring', 2005, 'B+');
insert into takes values('4518', '569', '2', 'Fall', 2004, 'A+');
insert into takes values('74922', '768', '3', 'Fall', 2006, 'A ');
insert into takes values('33766', '274', '1', 'Spring', 2001, 'B+');
insert into takes values('4518', '370', '1', 'Spring', 2003, 'A-');
insert into takes values('43550', '532', '1', 'Spring', 2003, 'A ');
insert into takes values('14609', '898', '4', 'Spring', 2007, 'A-');
insert into takes values('82575', '716', '2', 'Spring', 2004, 'A+');
insert into takes values('29231', '236', '4', 'Fall', 2009, 'B ');
insert into takes values('92888', '209', '2', 'Spring', 2006, 'B ');
insert into takes values('81391', '427', '2', 'Spring', 2007, 'C+');
insert into takes values('11235', '270', '2', 'Spring', 2004, 'A ');
insert into takes values('42060', '375', '2', 'Fall', 2001, 'B+');
insert into takes values('91721', '141', '1', 'Fall', 2001, 'B-');
insert into takes values('37429', '151', '3', 'Spring', 2006, 'B+');
insert into takes values('69865', '196', '3', 'Spring', 2010, 'A ');
insert into takes values('62752', '661', '2', 'Fall', 2004, 'A-');
insert into takes values('34874', '703', '1', 'Fall', 2010, 'A+');
insert into takes values('14047', '850', '3', 'Spring', 2001, 'C+');
insert into takes values('64879', '646', '1', 'Fall', 2001, 'B+');
insert into takes values('14308', '793', '2', 'Fall', 2001, 'B ');
insert into takes values('87087', '484', '1', 'Fall', 2009, 'B+');
insert into takes values('31488', '359', '2', 'Fall', 2006, 'A ');
insert into takes values('24395', '696', '4', 'Fall', 2005, 'A ');
insert into takes values('95020', '497', '2', 'Spring', 2005, 'A+');
insert into advisor values('51853', '42972');
insert into advisor values('33021', '86398');
insert into advisor values('39062', '60259');
insert into advisor values('48492', '8626');
insert into advisor values('77277', '12683');
insert into advisor values('53531', '8626');
insert into advisor values('80087', '3572');
insert into advisor values('18699', '47300');
insert into advisor values('32675', '5621');
insert into advisor values('69865', '67826');
insert into advisor values('32589', '85268');
insert into advisor values('87597', '64203');
insert into advisor values('42278', '72598');
insert into advisor values('14743', '42972');
insert into advisor values('87087', '79522');
insert into advisor values('72915', '58834');
insert into advisor values('63533', '57489');
insert into advisor values('18323', '90556');
insert into advisor values('37107', '29008');
insert into advisor values('16537', '99341');
insert into advisor values('52189', '57489');
insert into advisor values('99820', '47300');
insert into advisor values('14609', '36038');
insert into advisor values('46527', '42972');
insert into advisor values('31550', '8809');
insert into advisor values('16463', '3572');
insert into advisor values('97086', '85935');
insert into advisor values('60995', '82297');
insert into advisor values('69429', '74835');
insert into advisor values('1932', '85268');
insert into advisor values('52721', '5621');
insert into advisor values('14308', '58913');
insert into advisor values('30377', '98011');
insert into advisor values('57681', '67826');
insert into advisor values('62752', '58913');
insert into advisor values('91616', '96958');
insert into advisor values('32194', '58913');
insert into advisor values('95020', '63439');
insert into advisor values('51267', '25422');
insert into advisor values('14134', '67826');
insert into advisor values('61380', '27125');
insert into advisor values('70924', '79522');
insert into advisor values('81391', '81745');
insert into advisor values('1092', '90556');
insert into advisor values('24056', '26176');
insert into advisor values('1279', '90755');
insert into advisor values('75452', '79522');
insert into advisor values('56264', '30700');
insert into advisor values('75971', '86398');
insert into advisor values('16244', '26896');
insert into advisor values('43550', '85935');
insert into advisor values('26690', '72598');
insert into advisor values('84555', '36038');
insert into advisor values('26650', '6739');
insert into advisor values('18062', '99341');
insert into advisor values('81679', '58834');
insert into advisor values('21048', '72598');
insert into advisor values('37503', '30204');
insert into advisor values('56802', '59335');
insert into advisor values('1551', '54504');
insert into advisor values('64879', '85268');
insert into advisor values('89777', '5621');
insert into advisor values('13935', '64203');
insert into advisor values('23871', '95855');
insert into advisor values('92888', '59241');
insert into advisor values('14047', '63439');
insert into advisor values('41709', '30700');
insert into advisor values('87902', '59335');
insert into advisor values('8185', '2322');
insert into advisor values('4503', '17220');
insert into advisor values('41874', '81745');
insert into advisor values('32267', '82297');
insert into advisor values('92248', '59241');
insert into advisor values('49416', '12414');
insert into advisor values('53461', '79522');
insert into advisor values('20805', '85268');
insert into advisor values('56764', '90556');
insert into advisor values('72193', '6739');
insert into advisor values('94219', '95855');
insert into advisor values('35592', '60259');
insert into advisor values('24395', '74835');
insert into advisor values('77264', '27125');
insert into advisor values('42060', '36038');
insert into advisor values('48278', '84988');
insert into advisor values('3979', '30204');
insert into advisor values('11235', '47300');
insert into advisor values('4942', '25422');
insert into advisor values('34154', '30204');
insert into advisor values('14821', '50466');
insert into advisor values('91721', '5621');
insert into advisor values('40072', '98431');
insert into advisor values('69381', '47300');
insert into advisor values('1981', '17220');
insert into advisor values('61776', '81745');
insert into advisor values('41616', '98011');
insert into advisor values('28293', '6739');
insert into advisor values('86234', '81745');
insert into advisor values('5671', '79522');
insert into advisor values('21628', '86398');
insert into advisor values('99495', '36038');
insert into advisor values('50659', '72598');
insert into advisor values('62237', '17220');
insert into advisor values('90499', '90755');
insert into advisor values('28588', '30204');
insert into advisor values('2174', '67826');
insert into advisor values('84416', '72598');
insert into advisor values('88988', '98431');
insert into advisor values('49904', '57489');
insert into advisor values('42386', '86398');
insert into advisor values('82814', '85268');
insert into advisor values('38205', '17220');
insert into advisor values('85875', '58834');
insert into advisor values('55557', '17220');
insert into advisor values('45606', '17220');
insert into advisor values('95773', '30204');
insert into advisor values('20116', '27125');
insert into advisor values('67870', '74835');
insert into advisor values('16294', '85268');
insert into advisor values('81073', '85268');
insert into advisor values('1136', '86398');
insert into advisor values('23844', '6739');
insert into advisor values('12557', '64203');
insert into advisor values('48689', '25422');
insert into advisor values('18950', '90556');
insert into advisor values('16156', '99341');
insert into advisor values('74922', '60259');
insert into advisor values('80179', '6739');
insert into advisor values('89780', '86398');
insert into advisor values('50894', '95855');
insert into advisor values('35722', '74835');
insert into advisor values('80526', '30700');
insert into advisor values('82010', '17220');
insert into advisor values('31967', '59335');
insert into advisor values('42685', '27125');
insert into advisor values('44055', '6739');
insert into advisor values('9462', '25422');
insert into advisor values('30038', '74835');
insert into advisor values('83889', '84988');
insert into advisor values('99750', '54504');
insert into advisor values('36166', '50466');
insert into advisor values('18139', '42972');
insert into advisor values('37429', '6739');
insert into advisor values('7986', '63439');
insert into advisor values('56744', '50466');
insert into advisor values('13842', '47380');
insert into advisor values('54486', '74835');
insert into advisor values('78671', '67826');
insert into advisor values('91228', '8626');
insert into advisor values('97284', '3572');
insert into advisor values('40964', '79522');
insert into advisor values('22774', '99341');
insert into advisor values('63775', '90556');
insert into advisor values('8726', '85268');
insert into advisor values('2668', '90755');
insert into advisor values('1852', '98011');
insert into advisor values('82417', '47300');
insert into advisor values('98414', '58913');
insert into advisor values('59134', '90755');
insert into advisor values('74681', '27125');
insert into advisor values('29231', '8626');
insert into advisor values('45332', '12414');
insert into advisor values('5864', '98011');
insert into advisor values('2146', '63439');
insert into advisor values('52600', '63439');
insert into advisor values('55630', '74835');
insert into advisor values('15288', '47380');
insert into advisor values('47534', '25422');
insert into advisor values('63723', '63439');
insert into advisor values('17409', '98011');
insert into advisor values('16286', '3572');
insert into advisor values('58867', '36062');
insert into advisor values('36262', '47380');
insert into advisor values('80822', '26896');
insert into advisor values('4518', '2322');
insert into advisor values('99657', '54504');
insert into advisor values('5960', '64203');
insert into advisor values('47378', '98011');
insert into advisor values('10529', '5621');
insert into advisor values('65349', '98011');
insert into advisor values('3375', '59241');
insert into advisor values('48444', '74835');
insert into advisor values('36028', '81745');
insert into advisor values('66622', '30204');
insert into advisor values('18778', '27125');
insert into advisor values('34874', '98011');
insert into advisor values('49158', '25422');
insert into advisor values('7690', '59335');
insert into advisor values('50278', '12683');
insert into advisor values('19699', '2322');
insert into advisor values('50733', '29008');
insert into advisor values('27873', '26176');
insert into advisor values('6868', '32715');
insert into advisor values('17517', '79522');
insert into advisor values('31488', '63439');
insert into advisor values('65720', '30700');
insert into advisor values('36000', '3572');
insert into advisor values('82575', '54504');
insert into advisor values('74158', '2322');
insert into advisor values('33766', '85268');
insert into advisor values('61547', '6739');
insert into prereq values('487', '661');
insert into prereq values('121', '107');
insert into prereq values('716', '309');
insert into prereq values('570', '138');
insert into prereq values('871', '370');
insert into prereq values('612', '864');
insert into prereq values('435', '270');
insert into prereq values('661', '453');
insert into prereq values('190', '719');
insert into prereq values('737', '506');
insert into prereq values('816', '581');
insert into prereq values('131', '235');
insert into prereq values('108', '458');
insert into prereq values('981', '432');
insert into prereq values('793', '197');
insert into prereq values('981', '181');
insert into prereq values('351', '427');
insert into prereq values('177', '911');
insert into prereq values('947', '858');
insert into prereq values('731', '569');
insert into prereq values('405', '898');
insert into prereq values('621', '196');
insert into prereq values('957', '831');
insert into prereq values('393', '515');
insert into prereq values('275', '417');
insert into prereq values('444', '289');
insert into prereq values('375', '515');
insert into prereq values('739', '704');
insert into prereq values('839', '125');
insert into prereq values('432', '360');
insert into prereq values('857', '831');
insert into prereq values('364', '911');
insert into prereq values('478', '624');
insert into prereq values('435', '496');
insert into prereq values('182', '397');
insert into prereq values('965', '626');
insert into prereq values('703', '981');
insert into prereq values('443', '319');
insert into prereq values('891', '405');
insert into prereq values('527', '334');
insert into prereq values('136', '241');
insert into prereq values('707', '744');
insert into prereq values('484', '696');
insert into prereq values('453', '294');
insert into prereq values('608', '704');
insert into prereq values('933', '444');
insert into prereq values('872', '713');
insert into prereq values('581', '839');
insert into prereq values('356', '858');
insert into prereq values('623', '864');
insert into prereq values('609', '646');
insert into prereq values('218', '204');
insert into prereq values('108', '964');
insert into prereq values('558', '707');
insert into prereq values('727', '132');
insert into prereq values('730', '177');
insert into prereq values('301', '569');
insert into prereq values('109', '299');
insert into prereq values('570', '968');
insert into prereq values('839', '515');
insert into prereq values('682', '672');
insert into prereq values('235', '661');
insert into prereq values('235', '515');
insert into prereq values('707', '209');
insert into prereq values('561', '826');
insert into prereq values('559', '904');
insert into prereq values('197', '453');
insert into prereq values('141', '731');
insert into prereq values('322', '768');
insert into prereq values('626', '125');
insert into prereq values('898', '336');
insert into prereq values('404', '879');
insert into prereq values('478', '241');
insert into prereq values('397', '612');
insert into prereq values('559', '387');
insert into prereq values('744', '727');
insert into prereq values('195', '117');
insert into prereq values('341', '489');
insert into prereq values('356', '370');
insert into prereq values('933', '768');
insert into prereq values('750', '857');
insert into prereq values('558', '162');
insert into prereq values('704', '713');
insert into prereq values('768', '168');
insert into prereq values('131', '181');
insert into prereq values('654', '395');
insert into prereq values('549', '529');
insert into prereq values('393', '714');
insert into prereq values('486', '900');
insert into prereq values('375', '744');
insert into prereq values('109', '478');
insert into prereq values('621', '692');
insert into prereq values('289', '648');
insert into prereq values('442', '449');
insert into prereq values('486', '467');
insert into prereq values('218', '218');
insert into prereq values('819', '857');
insert into prereq values('226', '487');
insert into prereq values('427', '682');
insert into prereq values('389', '670');
