insert into classroom values('E', 682, 19);
insert into classroom values('I', 142, 96);
insert into classroom values('D', 792, 124);
insert into classroom values('J', 801, 14);
insert into classroom values('G', 991, 30);
insert into classroom values('I', 254, 130);
insert into classroom values('G', 51, 35);
insert into classroom values('B', 797, 18);
insert into classroom values('J', 232, 11);
insert into classroom values('C', 783, 43);
insert into department values('SS', 'B', 376784.25);
insert into department values('WW', 'D', 796099.64);
insert into department values('RR', 'G', 164276.73);
insert into department values('GO', 'E', 932513.08);
insert into department values('DE', 'D', 977764.40);
insert into department values('HI', 'D', 729044.96);
insert into department values('EL', 'F', 765755.78);
insert into department values('DK', 'E', 443710.18);
insert into department values('GF', 'B', 539254.60);
insert into department values('RQ', 'D', 269534.14);
insert into course values('832', 'IF3211', 'GO', 3);
insert into course values('698', 'IF3022', 'RQ', 3);
insert into course values('318', 'IF0230', 'HI', 4);
insert into course values('466', 'IF4321', 'EL', 4);
insert into course values('470', 'IF5555', 'RR', 4);
insert into course values('302', 'IF4041', 'RR', 3);
insert into course values('278', 'IF5555', 'DK', 4);
insert into course values('939', 'IF3031', 'RQ', 3);
insert into course values('557', 'IF3022', 'HI', 4);
insert into course values('924', 'IF0230', 'GF', 4);
insert into course values('873', 'IF0230', 'SS', 3);
insert into course values('107', 'IF3120', 'RQ', 3);
insert into course values('746', 'IF3211', 'RR', 4);
insert into course values('413', 'IF3211', 'SS', 3);
insert into course values('133', 'IF3120', 'DE', 3);
insert into course values('849', 'IF0230', 'RR', 3);
insert into course values('188', 'IF3333', 'GO', 4);
insert into course values('547', 'IF4321', 'DE', 3);
insert into course values('720', 'IF3333', 'RR', 4);
insert into course values('269', 'IF0230', 'DE', 4);
insert into course values('403', 'IF3120', 'GF', 4);
insert into course values('940', 'IF3211', 'SS', 3);
insert into course values('605', 'IF3211', 'RR', 4);
insert into course values('950', 'IF4041', 'EL', 3);
insert into course values('863', 'IF4321', 'GF', 3);
insert into course values('901', 'IF3030', 'RQ', 3);
insert into course values('497', 'IF3333', 'HI', 3);
insert into course values('591', 'IF0230', 'EL', 4);
insert into course values('586', 'IF3333', 'SS', 3);
insert into course values('943', 'IF0230', 'EL', 3);
insert into course values('592', 'IF4321', 'WW', 4);
insert into course values('778', 'IF3333', 'GO', 3);
insert into course values('855', 'IF3120', 'RQ', 4);
insert into course values('742', 'IF3030', 'SS', 3);
insert into course values('283', 'IF4041', 'GF', 4);
insert into course values('244', 'IF3211', 'DE', 3);
insert into course values('262', 'IF3211', 'HI', 3);
insert into course values('992', 'IF0230', 'GO', 4);
insert into course values('671', 'IF3333', 'DE', 3);
insert into course values('384', 'IF4321', 'RQ', 4);
insert into course values('190', 'IF3211', 'DE', 3);
insert into course values('654', 'IF4321', 'WW', 3);
insert into course values('919', 'IF3031', 'SS', 3);
insert into course values('617', 'IF0230', 'DE', 4);
insert into course values('762', 'IF4321', 'RQ', 3);
insert into course values('506', 'IF4041', 'RQ', 3);
insert into course values('336', 'IF5555', 'GF', 4);
insert into course values('667', 'IF3031', 'HI', 3);
insert into course values('563', 'IF4321', 'SS', 4);
insert into course values('789', 'IF4321', 'HI', 4);
insert into course values('119', 'IF3211', 'GO', 3);
insert into course values('454', 'IF3120', 'GO', 4);
insert into course values('161', 'IF4321', 'GF', 4);
insert into course values('245', 'IF3031', 'HI', 3);
insert into course values('683', 'IF4321', 'RR', 4);
insert into course values('208', 'IF3022', 'WW', 4);
insert into course values('211', 'IF4041', 'SS', 3);
insert into course values('795', 'IF3120', 'DK', 3);
insert into course values('508', 'IF3031', 'DE', 3);
insert into course values('974', 'IF3211', 'GO', 3);
insert into course values('495', 'IF5555', 'SS', 3);
insert into course values('635', 'IF3333', 'GO', 4);
insert into course values('446', 'IF3031', 'DK', 3);
insert into course values('577', 'IF3333', 'GF', 4);
insert into course values('306', 'IF3120', 'SS', 3);
insert into course values('449', 'IF0230', 'DE', 4);
insert into course values('300', 'IF0230', 'DE', 3);
insert into course values('379', 'IF3031', 'WW', 4);
insert into course values('883', 'IF5555', 'HI', 3);
insert into course values('136', 'IF3022', 'DK', 4);
insert into course values('153', 'IF0230', 'EL', 4);
insert into course values('347', 'IF3333', 'DK', 4);
insert into course values('271', 'IF3030', 'DE', 3);
insert into course values('732', 'IF3211', 'WW', 3);
insert into course values('944', 'IF3333', 'RQ', 3);
insert into course values('678', 'IF3333', 'SS', 3);
insert into course values('372', 'IF3120', 'GF', 3);
insert into course values('964', 'IF3030', 'HI', 4);
insert into course values('612', 'IF4041', 'RQ', 3);
insert into course values('282', 'IF3120', 'DE', 3);
insert into course values('926', 'IF3031', 'WW', 3);
insert into course values('837', 'IF4041', 'RQ', 4);
insert into course values('357', 'IF4041', 'RQ', 3);
insert into course values('192', 'IF0230', 'GO', 4);
insert into course values('189', 'IF3333', 'WW', 3);
insert into course values('415', 'IF3333', 'RQ', 3);
insert into course values('350', 'IF3120', 'DK', 4);
insert into course values('941', 'IF3333', 'WW', 3);
insert into course values('811', 'IF3120', 'RQ', 4);
insert into course values('362', 'IF3030', 'DK', 4);
insert into course values('426', 'IF4321', 'DK', 4);
insert into course values('870', 'IF3031', 'WW', 3);
insert into course values('800', 'IF3030', 'DE', 4);
insert into course values('949', 'IF4321', 'RQ', 4);
insert into course values('710', 'IF3333', 'WW', 4);
insert into course values('633', 'IF3333', 'GO', 3);
insert into course values('444', 'IF3030', 'EL', 3);
insert into course values('813', 'IF3120', 'HI', 3);
insert into course values('801', 'IF4321', 'RR', 3);
insert into course values('502', 'IF3120', 'RR', 3);
insert into course values('386', 'IF4321', 'DK', 4);
insert into course values('967', 'IF4321', 'RQ', 4);
insert into course values('681', 'IF5555', 'GO', 3);
insert into course values('202', 'IF4321', 'DE', 4);
insert into course values('731', 'IF3333', 'EL', 3);
insert into course values('783', 'IF3333', 'GO', 3);
insert into course values('309', 'IF3120', 'WW', 4);
insert into course values('431', 'IF4321', 'GO', 3);
insert into course values('334', 'IF3120', 'GF', 4);
insert into course values('706', 'IF4041', 'RQ', 4);
insert into course values('757', 'IF3211', 'RQ', 3);
insert into course values('657', 'IF5555', 'HI', 3);
insert into course values('191', 'IF3031', 'DK', 3);
insert into course values('747', 'IF3211', 'GO', 3);
insert into course values('463', 'IF3211', 'GO', 3);
insert into course values('376', 'IF4321', 'RQ', 4);
insert into course values('216', 'IF3022', 'EL', 3);
insert into course values('687', 'IF3120', 'SS', 4);
insert into course values('288', 'IF5555', 'EL', 3);
insert into course values('261', 'IF3211', 'WW', 4);
insert into course values('142', 'IF3120', 'SS', 3);
insert into course values('546', 'IF3211', 'WW', 3);
insert into course values('959', 'IF0230', 'SS', 4);
insert into course values('894', 'IF4321', 'HI', 4);
insert into course values('728', 'IF3333', 'EL', 3);
insert into course values('217', 'IF4041', 'WW', 3);
insert into course values('989', 'IF4321', 'GF', 4);
insert into course values('969', 'IF0230', 'RQ', 4);
insert into course values('154', 'IF5555', 'WW', 4);
insert into course values('111', 'IF3120', 'SS', 3);
insert into course values('871', 'IF3333', 'SS', 3);
insert into course values('131', 'IF5555', 'RQ', 4);
insert into course values('874', 'IF3211', 'GO', 4);
insert into course values('353', 'IF3120', 'DK', 3);
insert into course values('902', 'IF3030', 'GF', 4);
insert into course values('782', 'IF3030', 'DE', 4);
insert into course values('109', 'IF5555', 'EL', 4);
insert into course values('573', 'IF3211', 'EL', 4);
insert into course values('846', 'IF3031', 'HI', 4);
insert into course values('582', 'IF3333', 'RQ', 3);
insert into course values('528', 'IF3022', 'GF', 3);
insert into course values('526', 'IF4041', 'GO', 3);
insert into course values('365', 'IF3120', 'RR', 4);
insert into course values('532', 'IF3211', 'EL', 4);
insert into course values('623', 'IF0230', 'RQ', 3);
insert into course values('167', 'IF3333', 'GF', 4);
insert into course values('918', 'IF3030', 'RQ', 3);
insert into course values('171', 'IF3022', 'DK', 3);
insert into course values('847', 'IF3031', 'HI', 3);
insert into course values('881', 'IF0230', 'SS', 4);
insert into course values('367', 'IF4321', 'EL', 4);
insert into course values('975', 'IF3031', 'DK', 4);
insert into course values('213', 'IF3031', 'RR', 3);
insert into course values('183', 'IF0230', 'WW', 4);
insert into course values('401', 'IF3333', 'RR', 3);
insert into course values('549', 'IF4321', 'RQ', 3);
insert into course values('725', 'IF0230', 'EL', 3);
insert into course values('668', 'IF3120', 'RQ', 3);
insert into course values('199', 'IF3030', 'RR', 3);
insert into course values('712', 'IF4041', 'GF', 3);
insert into course values('554', 'IF0230', 'DK', 3);
insert into course values('877', 'IF3333', 'GO', 3);
insert into course values('297', 'IF3030', 'RQ', 4);
insert into course values('845', 'IF4321', 'GF', 4);
insert into course values('982', 'IF5555', 'GF', 4);
insert into course values('758', 'IF5555', 'RQ', 4);
insert into course values('935', 'IF4321', 'RQ', 4);
insert into course values('218', 'IF3031', 'GO', 4);
insert into course values('319', 'IF5555', 'HI', 4);
insert into course values('803', 'IF3333', 'RQ', 3);
insert into course values('618', 'IF3022', 'RQ', 4);
insert into course values('187', 'IF3333', 'RR', 4);
insert into course values('993', 'IF4321', 'RQ', 4);
insert into course values('559', 'IF3333', 'DK', 4);
insert into course values('680', 'IF0230', 'RR', 3);
insert into course values('669', 'IF4321', 'EL', 3);
insert into course values('251', 'IF3022', 'WW', 4);
insert into course values('741', 'IF3030', 'GF', 4);
insert into course values('487', 'IF5555', 'DE', 3);
insert into course values('555', 'IF3333', 'SS', 3);
insert into course values('277', 'IF4041', 'DK', 3);
insert into course values('567', 'IF3211', 'DK', 4);
insert into course values('129', 'IF3031', 'GF', 3);
insert into course values('481', 'IF3031', 'DK', 4);
insert into course values('802', 'IF3031', 'RQ', 3);
insert into course values('981', 'IF3120', 'DK', 3);
insert into course values('407', 'IF3022', 'RQ', 3);
insert into course values('237', 'IF3022', 'RR', 4);
insert into course values('539', 'IF3120', 'WW', 3);
insert into course values('196', 'IF3031', 'DE', 3);
insert into course values('330', 'IF3211', 'EL', 3);
insert into course values('971', 'IF5555', 'DE', 3);
insert into course values('785', 'IF3120', 'HI', 3);
insert into course values('525', 'IF0230', 'GF', 3);
insert into course values('665', 'IF3030', 'SS', 3);
insert into course values('182', 'IF3030', 'GO', 3);
insert into course values('833', 'IF4041', 'GF', 4);
insert into course values('818', 'IF3031', 'DE', 4);
insert into course values('197', 'IF3031', 'GO', 3);
insert into course values('414', 'IF3030', 'EL', 4);
insert into instructor values('71253', 'Josu', 'RQ', 40650.55);
insert into instructor values('78487', 'Johan', 'HI', 40598.44);
insert into instructor values('92404', 'Ande', 'SS', 50881.75);
insert into instructor values('63375', 'Josu', 'EL', 118735.36);
insert into instructor values('89252', 'Kiki', 'WW', 87766.01);
insert into instructor values('53725', 'Kiki', 'DK', 76468.78);
insert into instructor values('74836', 'rahmat', 'HI', 39757.71);
insert into instructor values('67814', 'yuyun', 'HI', 74145.47);
insert into instructor values('42256', 'Yohan', 'EL', 109763.74);
insert into instructor values('85737', 'Budi', 'SS', 110779.27);
insert into instructor values('17148', 'Josu', 'RR', 36278.49);
insert into instructor values('85568', 'rahmat', 'DK', 29276.29);
insert into instructor values('95669', 'Budi', 'DK', 36624.55);
insert into instructor values('29150', 'Adri', 'GO', 78288.63);
insert into instructor values('90133', 'rahmat', 'RQ', 93322.40);
insert into instructor values('67791', 'Kiki', 'GO', 81065.91);
insert into instructor values('99022', 'Yohan', 'EL', 120335.31);
insert into instructor values('99773', 'Adri', 'GO', 103958.92);
insert into instructor values('42251', 'Josu', 'EL', 39783.50);
insert into instructor values('25703', 'rahmat', 'DE', 87640.10);
insert into instructor values('51188', 'Yohan', 'GO', 71693.94);
insert into instructor values('92393', 'Ande', 'WW', 102640.50);
insert into instructor values('50280', 'Ande', 'RR', 89449.96);
insert into instructor values('77176', 'Kiki', 'WW', 117463.15);
insert into instructor values('66082', 'yuyun', 'SS', 121827.67);
insert into instructor values('61381', 'Ande', 'DE', 122317.82);
insert into instructor values('75702', 'yuyun', 'GO', 88853.47);
insert into instructor values('47543', 'Adri', 'WW', 34432.49);
insert into instructor values('41426', 'Adri', 'EL', 43189.98);
insert into instructor values('62899', 'Yohan', 'HI', 121931.67);
insert into instructor values('70208', 'Ande', 'DE', 51355.15);
insert into instructor values('23925', 'Ande', 'GF', 122432.43);
insert into instructor values('89632', 'Yohan', 'SS', 89801.91);
insert into instructor values('9526', 'Budi', 'HI', 99793.38);
insert into instructor values('82992', 'Ahmad', 'GO', 49733.70);
insert into instructor values('57253', 'rahmat', 'HI', 77862.83);
insert into instructor values('89669', 'Josu', 'GF', 41503.42);
insert into instructor values('47088', 'yuyun', 'DK', 113606.77);
insert into instructor values('55057', 'Budi', 'HI', 64541.39);
insert into instructor values('16634', 'yuyun', 'DK', 123658.14);
insert into instructor values('71485', 'Yohan', 'RR', 61980.37);
insert into instructor values('17412', 'Ahmad', 'WW', 58113.34);
insert into instructor values('95021', 'Josu', 'HI', 110493.40);
insert into instructor values('95558', 'Yohan', 'RR', 123312.69);
insert into instructor values('61345', 'rahmat', 'GO', 105332.78);
insert into instructor values('32820', 'yuyun', 'RQ', 91376.39);
insert into instructor values('65360', 'Kiki', 'EL', 88156.39);
insert into instructor values('38459', 'Yohan', 'DK', 98427.58);
insert into instructor values('50284', 'Ande', 'HI', 30949.94);
insert into instructor values('91810', 'Josu', 'WW', 125719.70);
insert into section values('487', '1', 'Fall', 2006, 'J', '232', 'O');
insert into section values('318', '1', 'Spring', 2006, 'J', '232', 'A');
insert into section values('617', '1', 'Spring', 2010, 'B', '797', 'H');
insert into section values('591', '1', 'Fall', 2003, 'G', '991', 'F');
insert into section values('549', '1', 'Spring', 2003, 'G', '51', 'N');
insert into section values('154', '1', 'Spring', 2005, 'G', '991', 'C');
insert into section values('935', '1', 'Fall', 2005, 'B', '797', 'L');
insert into section values('183', '1', 'Spring', 2006, 'D', '792', 'I');
insert into section values('546', '1', 'Spring', 2010, 'J', '232', 'E');
insert into section values('362', '1', 'Fall', 2004, 'C', '783', 'N');
insert into section values('720', '1', 'Fall', 2001, 'E', '682', 'F');
insert into section values('251', '1', 'Fall', 2006, 'I', '254', 'E');
insert into section values('187', '1', 'Spring', 2004, 'C', '783', 'K');
insert into section values('654', '1', 'Fall', 2003, 'E', '682', 'M');
insert into section values('665', '1', 'Fall', 2003, 'G', '51', 'O');
insert into section values('288', '1', 'Fall', 2008, 'I', '142', 'B');
insert into section values('728', '1', 'Fall', 2008, 'J', '232', 'P');
insert into section values('967', '1', 'Spring', 2007, 'I', '142', 'F');
insert into section values('129', '1', 'Spring', 2003, 'I', '142', 'E');
insert into section values('282', '1', 'Spring', 2010, 'B', '797', 'B');
insert into section values('401', '1', 'Fall', 2001, 'J', '232', 'K');
insert into section values('612', '1', 'Fall', 2005, 'G', '991', 'E');
insert into section values('463', '1', 'Spring', 2005, 'D', '792', 'J');
insert into section values('386', '1', 'Spring', 2006, 'B', '797', 'F');
insert into section values('557', '1', 'Spring', 2004, 'E', '682', 'C');
insert into section values('444', '1', 'Spring', 2001, 'B', '797', 'O');
insert into section values('894', '1', 'Spring', 2001, 'J', '232', 'J');
insert into section values('302', '1', 'Spring', 2003, 'D', '792', 'N');
insert into section values('617', '2', 'Spring', 2008, 'B', '797', 'M');
insert into section values('967', '2', 'Fall', 2010, 'G', '991', 'K');
insert into section values('508', '1', 'Spring', 2005, 'B', '797', 'M');
insert into section values('940', '1', 'Spring', 2004, 'D', '792', 'E');
insert into section values('302', '2', 'Fall', 2002, 'I', '254', 'D');
insert into section values('582', '1', 'Spring', 2005, 'J', '801', 'D');
insert into section values('188', '1', 'Spring', 2008, 'G', '991', 'F');
insert into section values('196', '1', 'Fall', 2001, 'C', '783', 'K');
insert into section values('783', '1', 'Spring', 2002, 'G', '991', 'G');
insert into section values('567', '1', 'Fall', 2005, 'D', '792', 'G');
insert into section values('975', '1', 'Fall', 2003, 'E', '682', 'F');
insert into section values('167', '1', 'Spring', 2006, 'I', '254', 'H');
insert into section values('386', '2', 'Spring', 2002, 'D', '792', 'M');
insert into section values('413', '1', 'Spring', 2010, 'E', '682', 'M');
insert into section values('811', '1', 'Fall', 2001, 'J', '232', 'E');
insert into section values('802', '1', 'Fall', 2007, 'I', '142', 'J');
insert into section values('539', '1', 'Spring', 2007, 'J', '232', 'N');
insert into section values('939', '1', 'Spring', 2006, 'C', '783', 'J');
insert into section values('710', '1', 'Spring', 2007, 'J', '801', 'M');
insert into section values('832', '1', 'Spring', 2009, 'I', '142', 'I');
insert into section values('208', '1', 'Fall', 2004, 'G', '991', 'P');
insert into section values('497', '1', 'Fall', 2004, 'B', '797', 'H');
insert into section values('347', '1', 'Spring', 2010, 'I', '142', 'M');
insert into section values('782', '1', 'Spring', 2001, 'G', '51', 'I');
insert into section values('846', '1', 'Fall', 2001, 'G', '51', 'D');
insert into section values('547', '1', 'Spring', 2002, 'G', '991', 'P');
insert into section values('111', '1', 'Spring', 2003, 'C', '783', 'F');
insert into section values('217', '1', 'Fall', 2004, 'I', '254', 'I');
insert into section values('528', '1', 'Spring', 2007, 'B', '797', 'M');
insert into section values('282', '2', 'Spring', 2002, 'G', '991', 'B');
insert into section values('811', '2', 'Spring', 2001, 'J', '801', 'O');
insert into section values('874', '1', 'Fall', 2010, 'I', '254', 'C');
insert into section values('592', '1', 'Spring', 2005, 'I', '254', 'O');
insert into section values('975', '2', 'Fall', 2002, 'I', '142', 'A');
insert into section values('959', '1', 'Fall', 2010, 'C', '783', 'D');
insert into section values('463', '2', 'Spring', 2009, 'C', '783', 'P');
insert into section values('801', '1', 'Fall', 2009, 'J', '232', 'C');
insert into section values('318', '2', 'Fall', 2010, 'E', '682', 'F');
insert into section values('668', '1', 'Fall', 2003, 'B', '797', 'A');
insert into section values('681', '1', 'Spring', 2004, 'C', '783', 'D');
insert into section values('940', '2', 'Spring', 2007, 'E', '682', 'A');
insert into section values('618', '1', 'Spring', 2004, 'G', '51', 'L');
insert into section values('612', '2', 'Fall', 2010, 'D', '792', 'B');
insert into section values('414', '1', 'Spring', 2009, 'E', '682', 'N');
insert into section values('318', '3', 'Spring', 2005, 'I', '254', 'B');
insert into section values('189', '1', 'Spring', 2002, 'B', '797', 'D');
insert into section values('681', '2', 'Spring', 2008, 'I', '254', 'M');
insert into section values('161', '1', 'Fall', 2005, 'J', '801', 'N');
insert into section values('678', '1', 'Fall', 2005, 'J', '801', 'O');
insert into section values('762', '1', 'Spring', 2002, 'I', '142', 'L');
insert into section values('894', '2', 'Fall', 2007, 'G', '51', 'H');
insert into section values('196', '2', 'Spring', 2009, 'J', '801', 'P');
insert into section values('671', '1', 'Spring', 2009, 'J', '232', 'H');
insert into section values('188', '2', 'Fall', 2006, 'G', '51', 'A');
insert into section values('218', '1', 'Fall', 2007, 'D', '792', 'A');
insert into section values('969', '1', 'Fall', 2002, 'I', '254', 'H');
insert into section values('497', '2', 'Fall', 2002, 'G', '51', 'F');
insert into section values('414', '2', 'Spring', 2008, 'D', '792', 'K');
insert into section values('183', '2', 'Fall', 2005, 'G', '991', 'J');
insert into section values('967', '3', 'Spring', 2009, 'I', '254', 'G');
insert into section values('216', '1', 'Spring', 2008, 'J', '801', 'N');
insert into section values('591', '2', 'Spring', 2007, 'C', '783', 'B');
insert into section values('950', '1', 'Fall', 2002, 'I', '254', 'D');
insert into section values('873', '1', 'Fall', 2005, 'J', '801', 'O');
insert into section values('555', '1', 'Spring', 2003, 'I', '254', 'N');
insert into section values('944', '1', 'Fall', 2008, 'E', '682', 'N');
insert into section values('847', '1', 'Spring', 2001, 'J', '232', 'O');
insert into section values('182', '1', 'Fall', 2006, 'G', '991', 'P');
insert into section values('833', '1', 'Spring', 2009, 'G', '51', 'P');
insert into section values('386', '3', 'Fall', 2004, 'J', '801', 'C');
insert into section values('894', '3', 'Spring', 2006, 'G', '51', 'G');
insert into section values('497', '3', 'Fall', 2008, 'C', '783', 'L');
insert into section values('959', '2', 'Spring', 2002, 'I', '254', 'F');
insert into section values('881', '1', 'Fall', 2002, 'I', '142', 'D');
insert into section values('251', '2', 'Fall', 2002, 'J', '232', 'E');
insert into section values('532', '1', 'Fall', 2007, 'E', '682', 'P');
insert into section values('706', '1', 'Fall', 2004, 'I', '142', 'L');
insert into section values('171', '1', 'Spring', 2005, 'G', '51', 'D');
insert into section values('657', '1', 'Spring', 2002, 'I', '142', 'L');
insert into section values('211', '1', 'Fall', 2003, 'J', '801', 'C');
insert into section values('967', '4', 'Spring', 2008, 'J', '801', 'H');
insert into section values('119', '1', 'Spring', 2010, 'D', '792', 'G');
insert into section values('974', '1', 'Fall', 2010, 'B', '797', 'G');
insert into section values('208', '2', 'Spring', 2009, 'G', '51', 'N');
insert into section values('993', '1', 'Spring', 2002, 'E', '682', 'F');
insert into section values('591', '3', 'Fall', 2005, 'G', '991', 'J');
insert into section values('302', '3', 'Spring', 2005, 'J', '232', 'H');
insert into section values('586', '1', 'Fall', 2004, 'G', '51', 'O');
insert into section values('758', '1', 'Spring', 2008, 'J', '801', 'L');
insert into section values('372', '1', 'Spring', 2009, 'D', '792', 'H');
insert into section values('612', '3', 'Fall', 2004, 'I', '254', 'I');
insert into section values('554', '1', 'Fall', 2010, 'I', '142', 'E');
insert into section values('189', '2', 'Fall', 2006, 'J', '232', 'E');
insert into section values('747', '1', 'Fall', 2004, 'D', '792', 'C');
insert into section values('376', '1', 'Spring', 2006, 'G', '51', 'F');
insert into section values('362', '2', 'Fall', 2007, 'B', '797', 'B');
insert into section values('277', '1', 'Spring', 2004, 'E', '682', 'N');
insert into section values('742', '1', 'Fall', 2009, 'J', '801', 'J');
insert into section values('874', '2', 'Spring', 2006, 'G', '991', 'O');
insert into section values('746', '1', 'Fall', 2003, 'I', '254', 'E');
insert into section values('671', '2', 'Fall', 2003, 'J', '801', 'F');
insert into section values('883', '1', 'Fall', 2001, 'I', '254', 'H');
insert into section values('319', '1', 'Spring', 2002, 'E', '682', 'I');
insert into section values('136', '1', 'Fall', 2004, 'G', '51', 'M');
insert into section values('943', '1', 'Fall', 2002, 'I', '142', 'I');
insert into section values('111', '2', 'Fall', 2002, 'E', '682', 'F');
insert into section values('732', '1', 'Fall', 2004, 'G', '991', 'H');
insert into section values('244', '1', 'Spring', 2008, 'G', '51', 'D');
insert into section values('187', '2', 'Spring', 2001, 'G', '51', 'O');
insert into section values('302', '4', 'Fall', 2009, 'B', '797', 'B');
insert into section values('532', '2', 'Fall', 2008, 'G', '991', 'E');
insert into section values('218', '2', 'Spring', 2007, 'C', '783', 'I');
insert into section values('199', '1', 'Fall', 2003, 'E', '682', 'O');
insert into section values('288', '2', 'Spring', 2001, 'B', '797', 'I');
insert into section values('678', '2', 'Spring', 2003, 'G', '991', 'B');
insert into section values('528', '2', 'Spring', 2005, 'C', '783', 'E');
insert into section values('668', '2', 'Fall', 2008, 'D', '792', 'D');
insert into section values('367', '1', 'Spring', 2005, 'J', '232', 'N');
insert into section values('678', '3', 'Spring', 2006, 'B', '797', 'B');
insert into section values('449', '1', 'Spring', 2009, 'D', '792', 'M');
insert into section values('154', '2', 'Spring', 2003, 'E', '682', 'J');
insert into section values('847', '2', 'Spring', 2006, 'B', '797', 'H');
insert into section values('334', '1', 'Spring', 2002, 'D', '792', 'B');
insert into section values('379', '1', 'Fall', 2007, 'E', '682', 'P');
insert into section values('742', '2', 'Spring', 2010, 'G', '51', 'E');
insert into section values('668', '3', 'Spring', 2007, 'G', '991', 'E');
insert into section values('251', '3', 'Fall', 2010, 'C', '783', 'G');
insert into section values('605', '1', 'Fall', 2001, 'D', '792', 'H');
insert into section values('413', '2', 'Spring', 2007, 'G', '51', 'L');
insert into section values('557', '2', 'Fall', 2002, 'D', '792', 'J');
insert into section values('605', '2', 'Spring', 2001, 'B', '797', 'A');
insert into section values('283', '1', 'Fall', 2003, 'D', '792', 'C');
insert into section values('350', '1', 'Spring', 2002, 'J', '801', 'A');
insert into section values('657', '2', 'Fall', 2003, 'G', '991', 'A');
insert into section values('142', '1', 'Spring', 2004, 'J', '232', 'N');
insert into section values('401', '2', 'Fall', 2004, 'G', '991', 'L');
insert into section values('167', '2', 'Spring', 2004, 'J', '801', 'L');
insert into section values('919', '1', 'Fall', 2007, 'J', '232', 'C');
insert into section values('559', '1', 'Fall', 2004, 'G', '991', 'E');
insert into section values('789', '1', 'Fall', 2010, 'D', '792', 'H');
insert into section values('414', '3', 'Spring', 2009, 'I', '142', 'N');
insert into section values('669', '1', 'Spring', 2004, 'D', '792', 'N');
insert into section values('591', '4', 'Fall', 2003, 'I', '254', 'C');
insert into section values('950', '2', 'Fall', 2006, 'D', '792', 'B');
insert into section values('283', '2', 'Fall', 2004, 'G', '991', 'G');
insert into section values('262', '1', 'Spring', 2004, 'E', '682', 'H');
insert into section values('712', '1', 'Fall', 2006, 'G', '991', 'G');
insert into section values('188', '3', 'Fall', 2006, 'D', '792', 'B');
insert into section values('881', '2', 'Spring', 2009, 'G', '991', 'I');
insert into section values('592', '2', 'Spring', 2001, 'D', '792', 'A');
insert into section values('245', '1', 'Spring', 2003, 'C', '783', 'A');
insert into section values('216', '2', 'Spring', 2010, 'B', '797', 'C');
insert into section values('414', '4', 'Spring', 2009, 'B', '797', 'L');
insert into section values('617', '3', 'Fall', 2001, 'C', '783', 'O');
insert into section values('782', '2', 'Spring', 2008, 'J', '232', 'E');
insert into section values('251', '4', 'Spring', 2004, 'I', '142', 'M');
insert into section values('413', '3', 'Spring', 2008, 'E', '682', 'L');
insert into section values('401', '3', 'Fall', 2008, 'E', '682', 'M');
insert into section values('379', '2', 'Fall', 2002, 'G', '51', 'A');
insert into section values('728', '2', 'Spring', 2004, 'E', '682', 'O');
insert into section values('187', '3', 'Spring', 2009, 'C', '783', 'I');
insert into section values('244', '2', 'Fall', 2010, 'J', '801', 'P');
insert into section values('818', '1', 'Spring', 2010, 'B', '797', 'H');
insert into section values('188', '4', 'Fall', 2010, 'I', '254', 'C');
insert into section values('444', '2', 'Spring', 2001, 'E', '682', 'L');
insert into section values('525', '1', 'Fall', 2005, 'J', '801', 'O');
insert into section values('330', '1', 'Spring', 2007, 'J', '232', 'I');
insert into section values('939', '2', 'Fall', 2003, 'I', '254', 'H');
insert into section values('974', '2', 'Fall', 2008, 'C', '783', 'I');
insert into section values('161', '2', 'Fall', 2005, 'G', '51', 'B');
insert into section values('282', '3', 'Spring', 2010, 'C', '783', 'M');
insert into section values('403', '1', 'Fall', 2003, 'B', '797', 'I');
insert into section values('567', '2', 'Fall', 2001, 'J', '232', 'G');
insert into section values('833', '2', 'Spring', 2010, 'E', '682', 'J');
insert into section values('278', '1', 'Fall', 2001, 'J', '232', 'C');
insert into section values('300', '1', 'Fall', 2005, 'E', '682', 'J');
insert into section values('216', '3', 'Fall', 2001, 'J', '232', 'G');
insert into section values('813', '1', 'Spring', 2001, 'I', '142', 'I');
insert into section values('725', '1', 'Fall', 2003, 'J', '232', 'N');
insert into section values('992', '1', 'Spring', 2006, 'G', '51', 'J');
insert into section values('191', '1', 'Spring', 2002, 'E', '682', 'C');
insert into section values('197', '1', 'Spring', 2008, 'D', '792', 'A');
insert into section values('939', '3', 'Spring', 2008, 'D', '792', 'O');
insert into section values('218', '3', 'Fall', 2004, 'C', '783', 'N');
insert into section values('992', '2', 'Fall', 2002, 'G', '51', 'I');
insert into section values('818', '2', 'Spring', 2006, 'I', '254', 'F');
insert into section values('300', '2', 'Spring', 2003, 'I', '142', 'M');
insert into section values('350', '2', 'Spring', 2006, 'G', '991', 'D');
insert into section values('757', '1', 'Spring', 2008, 'J', '232', 'D');
insert into section values('762', '2', 'Fall', 2005, 'G', '51', 'H');
insert into section values('557', '3', 'Fall', 2001, 'I', '142', 'E');
insert into section values('789', '2', 'Fall', 2003, 'D', '792', 'I');
insert into section values('318', '4', 'Fall', 2004, 'J', '232', 'I');
insert into section values('881', '3', 'Spring', 2004, 'I', '142', 'K');
insert into section values('941', '1', 'Spring', 2007, 'E', '682', 'K');
insert into section values('801', '2', 'Spring', 2004, 'C', '783', 'F');
insert into section values('330', '2', 'Spring', 2001, 'G', '51', 'K');
insert into section values('413', '4', 'Fall', 2006, 'I', '142', 'K');
insert into section values('336', '1', 'Fall', 2008, 'G', '51', 'F');
insert into section values('288', '3', 'Fall', 2007, 'J', '801', 'N');
insert into section values('941', '2', 'Spring', 2002, 'D', '792', 'P');
insert into section values('845', '1', 'Fall', 2009, 'B', '797', 'D');
insert into section values('668', '4', 'Fall', 2010, 'E', '682', 'K');
insert into section values('188', '5', 'Fall', 2004, 'J', '232', 'O');
insert into section values('789', '3', 'Fall', 2007, 'J', '232', 'M');
insert into section values('449', '2', 'Spring', 2007, 'I', '254', 'K');
insert into section values('706', '2', 'Fall', 2006, 'D', '792', 'D');
insert into section values('136', '2', 'Fall', 2001, 'I', '254', 'H');
insert into section values('832', '2', 'Spring', 2004, 'D', '792', 'E');
insert into section values('261', '1', 'Spring', 2008, 'I', '254', 'C');
insert into section values('746', '2', 'Fall', 2003, 'G', '51', 'P');
insert into section values('449', '3', 'Fall', 2008, 'J', '801', 'N');
insert into section values('873', '2', 'Fall', 2010, 'D', '792', 'P');
insert into section values('244', '3', 'Spring', 2009, 'G', '991', 'E');
insert into section values('481', '1', 'Spring', 2008, 'I', '254', 'C');
insert into section values('782', '3', 'Fall', 2005, 'J', '801', 'N');
insert into section values('849', '1', 'Fall', 2001, 'G', '51', 'J');
insert into section values('612', '4', 'Fall', 2007, 'C', '783', 'B');
insert into section values('555', '2', 'Spring', 2007, 'D', '792', 'L');
insert into section values('902', '1', 'Spring', 2003, 'J', '232', 'N');
insert into section values('975', '3', 'Spring', 2001, 'C', '783', 'E');
insert into section values('188', '6', 'Spring', 2003, 'J', '801', 'B');
insert into section values('747', '2', 'Spring', 2007, 'J', '232', 'B');
insert into section values('941', '3', 'Fall', 2002, 'J', '801', 'A');
insert into section values('605', '3', 'Spring', 2006, 'D', '792', 'C');
insert into section values('262', '2', 'Spring', 2002, 'G', '991', 'G');
insert into section values('330', '3', 'Fall', 2002, 'J', '232', 'G');
insert into section values('528', '3', 'Spring', 2008, 'C', '783', 'C');
insert into section values('964', '1', 'Spring', 2001, 'I', '142', 'F');
insert into section values('669', '2', 'Spring', 2010, 'J', '801', 'G');
insert into section values('413', '5', 'Fall', 2002, 'I', '254', 'B');
insert into section values('833', '3', 'Fall', 2003, 'C', '783', 'D');
insert into section values('802', '2', 'Fall', 2005, 'C', '783', 'B');
insert into section values('431', '1', 'Fall', 2006, 'I', '254', 'M');
insert into section values('789', '4', 'Spring', 2008, 'I', '142', 'P');
insert into section values('426', '1', 'Spring', 2007, 'I', '142', 'L');
insert into section values('202', '1', 'Fall', 2005, 'I', '142', 'L');
insert into section values('362', '3', 'Spring', 2006, 'C', '783', 'M');
insert into section values('379', '3', 'Fall', 2001, 'J', '232', 'G');
insert into section values('431', '2', 'Spring', 2009, 'D', '792', 'I');
insert into section values('470', '1', 'Fall', 2005, 'G', '991', 'A');
insert into section values('591', '5', 'Fall', 2010, 'B', '797', 'E');
insert into section values('131', '1', 'Spring', 2009, 'D', '792', 'C');
insert into section values('347', '2', 'Fall', 2010, 'J', '232', 'I');
insert into section values('271', '1', 'Spring', 2005, 'J', '232', 'I');
insert into section values('832', '3', 'Spring', 2010, 'D', '792', 'A');
insert into section values('153', '1', 'Spring', 2002, 'J', '801', 'P');
insert into section values('414', '5', 'Fall', 2002, 'I', '142', 'K');
insert into section values('698', '1', 'Fall', 2008, 'E', '682', 'M');
insert into section values('401', '4', 'Spring', 2007, 'J', '801', 'F');
insert into section values('943', '2', 'Fall', 2008, 'D', '792', 'B');
insert into section values('605', '4', 'Fall', 2004, 'G', '51', 'A');
insert into section values('161', '3', 'Spring', 2004, 'I', '142', 'M');
insert into section values('720', '2', 'Fall', 2005, 'J', '232', 'K');
insert into section values('506', '1', 'Spring', 2001, 'J', '801', 'C');
insert into section values('192', '1', 'Spring', 2002, 'J', '801', 'F');
insert into section values('801', '3', 'Fall', 2004, 'D', '792', 'C');
insert into section values('376', '2', 'Spring', 2006, 'C', '783', 'N');
insert into section values('191', '2', 'Spring', 2001, 'J', '801', 'N');
insert into section values('431', '3', 'Spring', 2010, 'J', '232', 'F');
insert into section values('497', '4', 'Fall', 2010, 'C', '783', 'K');
insert into section values('189', '3', 'Fall', 2002, 'G', '991', 'P');
insert into section values('612', '5', 'Fall', 2006, 'G', '991', 'P');
insert into section values('762', '3', 'Spring', 2010, 'G', '991', 'N');
insert into section values('192', '2', 'Fall', 2007, 'I', '254', 'N');
insert into section values('213', '1', 'Fall', 2007, 'I', '254', 'M');
insert into section values('167', '3', 'Spring', 2006, 'G', '991', 'A');
insert into section values('687', '1', 'Spring', 2008, 'B', '797', 'P');
insert into section values('189', '4', 'Spring', 2010, 'I', '142', 'D');
insert into section values('747', '3', 'Fall', 2009, 'D', '792', 'J');
insert into section values('874', '3', 'Spring', 2004, 'G', '991', 'L');
insert into section values('801', '4', 'Spring', 2002, 'J', '801', 'F');
insert into section values('283', '3', 'Spring', 2004, 'E', '682', 'H');
insert into section values('873', '3', 'Fall', 2008, 'I', '142', 'B');
insert into section values('712', '2', 'Fall', 2009, 'G', '991', 'G');
insert into section values('182', '2', 'Fall', 2001, 'G', '51', 'N');
insert into section values('334', '2', 'Spring', 2005, 'D', '792', 'M');
insert into section values('720', '3', 'Spring', 2003, 'J', '801', 'D');
insert into section values('297', '1', 'Spring', 2003, 'E', '682', 'N');
insert into section values('940', '3', 'Fall', 2006, 'I', '254', 'I');
insert into section values('347', '3', 'Spring', 2007, 'B', '797', 'A');
insert into section values('196', '3', 'Spring', 2005, 'G', '991', 'A');
insert into section values('182', '3', 'Fall', 2008, 'D', '792', 'F');
insert into section values('981', '1', 'Fall', 2004, 'J', '232', 'N');
insert into section values('732', '2', 'Fall', 2001, 'G', '991', 'E');
insert into section values('526', '1', 'Fall', 2002, 'J', '801', 'A');
insert into section values('136', '3', 'Spring', 2002, 'J', '232', 'E');
insert into section values('573', '1', 'Fall', 2003, 'E', '682', 'P');
insert into section values('107', '1', 'Fall', 2008, 'G', '991', 'O');
insert into section values('592', '3', 'Spring', 2005, 'J', '801', 'L');
insert into section values('282', '4', 'Fall', 2002, 'J', '232', 'L');
insert into section values('487', '2', 'Fall', 2005, 'J', '232', 'I');
insert into section values('802', '3', 'Fall', 2001, 'B', '797', 'E');
insert into section values('832', '4', 'Spring', 2001, 'E', '682', 'I');
insert into section values('902', '2', 'Fall', 2010, 'I', '142', 'D');
insert into section values('161', '4', 'Spring', 2006, 'I', '142', 'B');
insert into section values('216', '4', 'Spring', 2010, 'J', '232', 'B');
insert into section values('710', '2', 'Spring', 2010, 'G', '51', 'F');
insert into section values('633', '1', 'Fall', 2006, 'G', '991', 'M');
insert into section values('949', '1', 'Fall', 2003, 'J', '801', 'G');
insert into section values('549', '2', 'Fall', 2005, 'C', '783', 'O');
insert into section values('334', '3', 'Spring', 2010, 'D', '792', 'G');
insert into section values('302', '5', 'Spring', 2001, 'B', '797', 'J');
insert into section values('528', '4', 'Spring', 2007, 'E', '682', 'F');
insert into section values('282', '5', 'Fall', 2005, 'E', '682', 'E');
insert into section values('683', '1', 'Fall', 2001, 'C', '783', 'J');
insert into section values('549', '3', 'Spring', 2004, 'B', '797', 'L');
insert into section values('300', '3', 'Fall', 2004, 'J', '232', 'G');
insert into section values('746', '3', 'Spring', 2009, 'J', '232', 'B');
insert into section values('800', '1', 'Fall', 2002, 'B', '797', 'E');
insert into section values('330', '4', 'Fall', 2009, 'D', '792', 'P');
insert into section values('171', '2', 'Fall', 2010, 'D', '792', 'C');
insert into section values('189', '5', 'Fall', 2001, 'G', '51', 'G');
insert into section values('107', '2', 'Fall', 2004, 'G', '51', 'A');
insert into section values('407', '1', 'Spring', 2007, 'J', '801', 'P');
insert into section values('376', '3', 'Spring', 2008, 'I', '254', 'E');
insert into section values('119', '2', 'Spring', 2009, 'B', '797', 'E');
insert into section values('245', '2', 'Fall', 2009, 'C', '783', 'L');
insert into section values('481', '2', 'Spring', 2003, 'G', '991', 'K');
insert into section values('635', '1', 'Fall', 2007, 'I', '254', 'O');
insert into section values('964', '2', 'Fall', 2006, 'I', '254', 'L');
insert into section values('167', '4', 'Fall', 2002, 'B', '797', 'O');
insert into section values('731', '1', 'Fall', 2006, 'J', '232', 'K');
insert into section values('881', '4', 'Spring', 2008, 'G', '991', 'G');
insert into section values('171', '3', 'Fall', 2002, 'G', '991', 'K');
insert into section values('446', '1', 'Spring', 2008, 'J', '232', 'E');
insert into section values('251', '5', 'Spring', 2009, 'J', '801', 'O');
insert into section values('350', '3', 'Spring', 2004, 'G', '991', 'F');
insert into section values('446', '2', 'Spring', 2001, 'I', '142', 'J');
insert into section values('167', '5', 'Spring', 2004, 'J', '232', 'H');
insert into section values('924', '1', 'Spring', 2006, 'I', '142', 'I');
insert into section values('446', '3', 'Fall', 2010, 'I', '254', 'N');
insert into section values('667', '1', 'Fall', 2010, 'C', '783', 'H');
insert into section values('208', '3', 'Spring', 2004, 'G', '991', 'J');
insert into section values('789', '5', 'Spring', 2003, 'I', '254', 'F');
insert into section values('605', '5', 'Spring', 2002, 'G', '991', 'L');
insert into section values('336', '2', 'Fall', 2003, 'I', '142', 'J');
insert into section values('567', '3', 'Spring', 2010, 'B', '797', 'I');
insert into section values('171', '4', 'Fall', 2003, 'E', '682', 'J');
insert into section values('414', '6', 'Spring', 2009, 'I', '254', 'K');
insert into section values('870', '1', 'Fall', 2006, 'G', '991', 'A');
insert into section values('502', '1', 'Fall', 2009, 'C', '783', 'P');
insert into section values('481', '3', 'Spring', 2004, 'D', '792', 'O');
insert into section values('683', '2', 'Spring', 2007, 'G', '991', 'I');
insert into section values('982', '1', 'Spring', 2010, 'I', '254', 'I');
insert into section values('926', '1', 'Fall', 2006, 'I', '254', 'B');
insert into section values('208', '4', 'Fall', 2005, 'G', '991', 'B');
insert into section values('783', '2', 'Fall', 2009, 'E', '682', 'H');
insert into section values('192', '3', 'Spring', 2001, 'J', '232', 'N');
insert into section values('941', '4', 'Fall', 2002, 'G', '51', 'C');
insert into section values('681', '3', 'Spring', 2003, 'E', '682', 'C');
insert into section values('497', '5', 'Spring', 2002, 'E', '682', 'A');
insert into section values('502', '2', 'Spring', 2005, 'D', '792', 'I');
insert into section values('863', '1', 'Fall', 2004, 'G', '51', 'J');
insert into section values('778', '1', 'Spring', 2010, 'E', '682', 'L');
insert into section values('732', '3', 'Spring', 2007, 'I', '142', 'I');
insert into section values('969', '2', 'Fall', 2002, 'E', '682', 'A');
insert into section values('379', '4', 'Spring', 2007, 'J', '232', 'B');
insert into section values('855', '1', 'Fall', 2001, 'B', '797', 'P');
insert into section values('414', '7', 'Fall', 2009, 'G', '991', 'J');
insert into section values('288', '4', 'Fall', 2009, 'B', '797', 'A');
insert into section values('758', '2', 'Spring', 2008, 'I', '254', 'D');
insert into section values('732', '4', 'Spring', 2008, 'D', '792', 'E');
insert into section values('967', '5', 'Spring', 2001, 'D', '792', 'C');
insert into section values('683', '3', 'Spring', 2002, 'E', '682', 'O');
insert into section values('302', '6', 'Fall', 2009, 'E', '682', 'A');
insert into section values('403', '2', 'Fall', 2002, 'C', '783', 'F');
insert into section values('262', '3', 'Fall', 2010, 'B', '797', 'K');
insert into section values('495', '1', 'Fall', 2003, 'C', '783', 'I');
insert into section values('183', '3', 'Fall', 2005, 'D', '792', 'E');
insert into section values('919', '2', 'Spring', 2006, 'J', '801', 'I');
insert into section values('153', '2', 'Spring', 2008, 'B', '797', 'D');
insert into teaches values('71485', '683', '1', 'Fall', 2001);
insert into teaches values('89632', '413', '2', 'Spring', 2007);
insert into teaches values('91810', '546', '1', 'Spring', 2010);
insert into teaches values('65360', '367', '1', 'Spring', 2005);
insert into teaches values('89632', '919', '1', 'Fall', 2007);
insert into teaches values('91810', '208', '3', 'Spring', 2004);
insert into teaches values('50284', '846', '1', 'Fall', 2001);
insert into teaches values('17412', '189', '4', 'Spring', 2010);
insert into teaches values('66082', '687', '1', 'Spring', 2008);
insert into teaches values('65360', '444', '2', 'Spring', 2001);
insert into teaches values('17412', '654', '1', 'Fall', 2003);
insert into teaches values('70208', '818', '1', 'Spring', 2010);
insert into teaches values('32820', '993', '1', 'Spring', 2002);
insert into teaches values('61345', '188', '5', 'Fall', 2004);
insert into teaches values('91810', '251', '1', 'Fall', 2006);
insert into teaches values('65360', '330', '2', 'Spring', 2001);
insert into teaches values('89669', '283', '2', 'Fall', 2004);
insert into teaches values('89669', '863', '1', 'Fall', 2004);
insert into teaches values('32820', '939', '2', 'Fall', 2003);
insert into teaches values('38459', '481', '1', 'Spring', 2008);
insert into teaches values('65360', '950', '2', 'Fall', 2006);
insert into teaches values('38459', '559', '1', 'Fall', 2004);
insert into teaches values('91810', '217', '1', 'Fall', 2004);
insert into teaches values('61381', '196', '1', 'Fall', 2001);
insert into teaches values('32820', '698', '1', 'Fall', 2008);
insert into teaches values('91810', '379', '3', 'Fall', 2001);
insert into teaches values('89632', '873', '1', 'Fall', 2005);
insert into teaches values('41426', '414', '1', 'Spring', 2009);
insert into teaches values('32820', '762', '1', 'Spring', 2002);
insert into teaches values('95558', '605', '1', 'Fall', 2001);
insert into teaches values('89669', '528', '1', 'Spring', 2007);
insert into teaches values('89632', '742', '1', 'Fall', 2009);
insert into teaches values('38459', '347', '2', 'Fall', 2010);
insert into teaches values('61345', '192', '2', 'Fall', 2007);
insert into teaches values('65360', '288', '1', 'Fall', 2008);
insert into teaches values('71485', '720', '3', 'Spring', 2003);
insert into teaches values('82992', '874', '1', 'Fall', 2010);
insert into teaches values('32820', '802', '1', 'Fall', 2007);
insert into teaches values('61345', '218', '1', 'Fall', 2007);
insert into teaches values('38459', '191', '2', 'Spring', 2001);
insert into teaches values('50284', '894', '2', 'Fall', 2007);
insert into teaches values('90133', '107', '2', 'Fall', 2004);
insert into teaches values('41426', '153', '2', 'Spring', 2008);
insert into teaches values('95558', '302', '3', 'Spring', 2005);
insert into teaches values('95558', '746', '2', 'Fall', 2003);
insert into teaches values('91810', '941', '2', 'Spring', 2002);
insert into teaches values('61345', '635', '1', 'Fall', 2007);
insert into teaches values('32820', '939', '3', 'Spring', 2008);
insert into teaches values('91810', '208', '1', 'Fall', 2004);
insert into teaches values('70208', '196', '2', 'Spring', 2009);
insert into teaches values('61345', '747', '2', 'Spring', 2007);
insert into teaches values('66082', '413', '5', 'Fall', 2002);
insert into teaches values('61345', '526', '1', 'Fall', 2002);
insert into teaches values('70208', '244', '2', 'Fall', 2010);
insert into teaches values('71253', '376', '1', 'Spring', 2006);
insert into teaches values('50284', '847', '2', 'Spring', 2006);
insert into teaches values('38459', '171', '4', 'Fall', 2003);
insert into teaches values('38459', '981', '1', 'Fall', 2004);
insert into teaches values('89632', '555', '1', 'Spring', 2003);
insert into teaches values('95558', '502', '2', 'Spring', 2005);
insert into teaches values('65360', '943', '1', 'Fall', 2002);
insert into teaches values('38459', '171', '2', 'Fall', 2010);
insert into teaches values('38459', '975', '2', 'Fall', 2002);
insert into teaches values('61345', '681', '3', 'Spring', 2003);
insert into teaches values('91810', '183', '3', 'Fall', 2005);
insert into teaches values('61345', '974', '2', 'Fall', 2008);
insert into teaches values('91810', '592', '2', 'Spring', 2001);
insert into teaches values('50284', '789', '3', 'Fall', 2007);
insert into teaches values('95021', '813', '1', 'Spring', 2001);
insert into teaches values('91810', '941', '3', 'Fall', 2002);
insert into teaches values('89669', '167', '4', 'Fall', 2002);
insert into teaches values('65360', '444', '1', 'Spring', 2001);
insert into teaches values('32820', '802', '2', 'Fall', 2005);
insert into teaches values('89669', '403', '2', 'Fall', 2002);
insert into teaches values('38459', '567', '3', 'Spring', 2010);
insert into teaches values('16634', '350', '3', 'Spring', 2004);
insert into teaches values('38459', '350', '2', 'Spring', 2006);
insert into teaches values('65360', '669', '2', 'Spring', 2010);
insert into teaches values('32820', '706', '1', 'Fall', 2004);
insert into teaches values('50284', '883', '1', 'Fall', 2001);
insert into teaches values('50284', '894', '1', 'Spring', 2001);
insert into teaches values('32820', '967', '4', 'Spring', 2008);
insert into teaches values('32820', '131', '1', 'Spring', 2009);
insert into teaches values('91810', '183', '2', 'Fall', 2005);
insert into teaches values('38459', '481', '3', 'Spring', 2004);
insert into teaches values('32820', '668', '4', 'Fall', 2010);
insert into teaches values('61381', '300', '2', 'Spring', 2003);
insert into teaches values('50284', '245', '2', 'Fall', 2009);
insert into teaches values('91810', '189', '1', 'Spring', 2002);
insert into teaches values('70208', '300', '1', 'Fall', 2005);
insert into teaches values('89632', '881', '4', 'Spring', 2008);
insert into teaches values('91810', '261', '1', 'Spring', 2008);
insert into teaches values('41426', '288', '2', 'Spring', 2001);
insert into teaches values('65360', '216', '2', 'Spring', 2010);
insert into teaches values('66082', '881', '1', 'Fall', 2002);
insert into teaches values('89669', '372', '1', 'Spring', 2009);
insert into teaches values('70208', '196', '3', 'Spring', 2005);
insert into teaches values('38459', '277', '1', 'Spring', 2004);
insert into teaches values('71485', '605', '3', 'Spring', 2006);
insert into teaches values('23925', '161', '2', 'Fall', 2005);
insert into student values('5469', 'yuyun', 'DE', 62);
insert into student values('34044', 'yuyun', 'RR', 34);
insert into student values('31863', 'Ahmad', 'RR', 98);
insert into student values('89938', 'Adri', 'EL', 57);
insert into student values('76048', 'Yohan', 'EL', 45);
insert into student values('64326', 'Budi', 'GF', 105);
insert into student values('70202', 'Kiki', 'SS', 100);
insert into student values('72861', 'Kiki', 'RR', 50);
insert into student values('56707', 'Adri', 'RQ', 20);
insert into student values('59259', 'Kiki', 'HI', 65);
insert into student values('34031', 'yuyun', 'RQ', 91);
insert into student values('65786', 'Kiki', 'SS', 47);
insert into student values('31104', 'rahmat', 'SS', 7);
insert into student values('6511', 'Yohan', 'GO', 53);
insert into student values('89520', 'Ahmad', 'RQ', 83);
insert into student values('23498', 'Budi', 'WW', 30);
insert into student values('81843', 'Johan', 'RR', 85);
insert into student values('27412', 'Kiki', 'DE', 29);
insert into student values('87160', 'Johan', 'RR', 128);
insert into student values('94032', 'Yohan', 'RQ', 67);
insert into student values('66214', 'Josu', 'RQ', 116);
insert into student values('98716', 'Yohan', 'RR', 115);
insert into student values('45537', 'Yohan', 'RR', 72);
insert into student values('63471', 'Josu', 'EL', 119);
insert into student values('80740', 'Yohan', 'RR', 118);
insert into student values('52762', 'Adri', 'DK', 88);
insert into student values('72037', 'Ande', 'GO', 124);
insert into student values('48009', 'Johan', 'SS', 55);
insert into student values('85270', 'Yohan', 'EL', 43);
insert into student values('75169', 'Johan', 'GO', 118);
insert into student values('47136', 'yuyun', 'GF', 108);
insert into student values('86305', 'Budi', 'DK', 34);
insert into student values('62887', 'Kiki', 'DK', 6);
insert into student values('85090', 'rahmat', 'WW', 89);
insert into student values('28939', 'Josu', 'DE', 37);
insert into student values('74297', 'Johan', 'WW', 27);
insert into student values('42658', 'Ande', 'DE', 100);
insert into student values('13714', 'Budi', 'GF', 90);
insert into student values('79169', 'yuyun', 'SS', 80);
insert into student values('68148', 'rahmat', 'RR', 74);
insert into student values('7090', 'Budi', 'SS', 92);
insert into student values('22305', 'Ahmad', 'RR', 122);
insert into student values('47453', 'yuyun', 'RQ', 24);
insert into student values('26740', 'Johan', 'GF', 69);
insert into student values('65729', 'Ahmad', 'GF', 28);
insert into student values('50018', 'Ande', 'DK', 92);
insert into student values('45592', 'rahmat', 'EL', 3);
insert into student values('57436', 'Ahmad', 'HI', 75);
insert into student values('58584', 'Budi', 'SS', 39);
insert into student values('40009', 'Ande', 'SS', 50);
insert into student values('71023', 'Adri', 'EL', 74);
insert into student values('60110', 'Yohan', 'SS', 78);
insert into student values('51012', 'Johan', 'SS', 31);
insert into student values('46951', 'Josu', 'SS', 98);
insert into student values('8922', 'Adri', 'DK', 74);
insert into student values('31596', 'Ande', 'HI', 76);
insert into student values('50702', 'Yohan', 'RQ', 102);
insert into student values('27023', 'rahmat', 'DE', 6);
insert into student values('17782', 'Ande', 'DK', 119);
insert into student values('25242', 'yuyun', 'HI', 114);
insert into student values('74145', 'Kiki', 'DK', 84);
insert into student values('59060', 'rahmat', 'EL', 94);
insert into student values('6203', 'Adri', 'RR', 46);
insert into student values('91546', 'Josu', 'SS', 101);
insert into student values('96679', 'yuyun', 'RR', 36);
insert into student values('5159', 'Ande', 'SS', 110);
insert into student values('52581', 'Ande', 'SS', 124);
insert into student values('70990', 'yuyun', 'GO', 106);
insert into student values('6252', 'yuyun', 'EL', 23);
insert into student values('99388', 'Ahmad', 'SS', 76);
insert into student values('99662', 'yuyun', 'RQ', 96);
insert into student values('33913', 'yuyun', 'DK', 95);
insert into student values('73304', 'Yohan', 'SS', 16);
insert into student values('69413', 'Josu', 'RQ', 128);
insert into student values('73424', 'yuyun', 'WW', 31);
insert into student values('84125', 'Ande', 'WW', 47);
insert into student values('76727', 'Budi', 'HI', 17);
insert into student values('15860', 'Ande', 'SS', 34);
insert into student values('32807', 'Ahmad', 'HI', 83);
insert into student values('81180', 'Kiki', 'EL', 102);
insert into student values('9300', 'rahmat', 'SS', 5);
insert into student values('30653', 'Kiki', 'GO', 30);
insert into student values('49100', 'Ande', 'DE', 74);
insert into student values('68762', 'rahmat', 'GF', 55);
insert into student values('28025', 'Josu', 'RR', 4);
insert into student values('57425', 'Yohan', 'RR', 72);
insert into student values('21211', 'Johan', 'WW', 32);
insert into student values('24153', 'Ahmad', 'RQ', 121);
insert into student values('63663', 'Adri', 'RR', 60);
insert into student values('62371', 'Ande', 'SS', 110);
insert into student values('24045', 'Adri', 'DE', 0);
insert into student values('27258', 'Josu', 'WW', 17);
insert into student values('47651', 'yuyun', 'DE', 121);
insert into student values('64229', 'Ande', 'RR', 4);
insert into student values('50621', 'Johan', 'SS', 74);
insert into student values('34914', 'Budi', 'DK', 52);
insert into student values('76030', 'yuyun', 'HI', 10);
insert into student values('80746', 'Ahmad', 'RR', 50);
insert into student values('86982', 'Ande', 'DK', 128);
insert into student values('68050', 'Johan', 'SS', 8);
insert into student values('45003', 'Adri', 'DK', 15);
insert into student values('31205', 'Josu', 'DE', 4);
insert into student values('58817', 'Yohan', 'SS', 34);
insert into student values('93996', 'Yohan', 'DE', 105);
insert into student values('74293', 'Josu', 'SS', 81);
insert into student values('48904', 'Ande', 'WW', 10);
insert into student values('59627', 'Budi', 'DK', 5);
insert into student values('13076', 'Ahmad', 'RR', 34);
insert into student values('36229', 'Yohan', 'HI', 39);
insert into student values('79333', 'Johan', 'HI', 60);
insert into student values('59388', 'rahmat', 'RR', 28);
insert into student values('24523', 'rahmat', 'EL', 10);
insert into student values('19654', 'Adri', 'RQ', 94);
insert into student values('12591', 'Adri', 'RR', 28);
insert into student values('47280', 'Kiki', 'RQ', 66);
insert into student values('81205', 'Yohan', 'DK', 35);
insert into student values('6627', 'Ahmad', 'GF', 14);
insert into student values('16665', 'Budi', 'HI', 112);
insert into student values('80066', 'Johan', 'SS', 75);
insert into student values('85843', 'Adri', 'DK', 91);
insert into student values('10823', 'yuyun', 'GO', 11);
insert into student values('43701', 'Adri', 'SS', 126);
insert into student values('62314', 'yuyun', 'GF', 112);
insert into student values('40425', 'rahmat', 'GF', 103);
insert into student values('52156', 'Yohan', 'GF', 33);
insert into student values('23381', 'Ahmad', 'EL', 26);
insert into student values('28517', 'Josu', 'GO', 70);
insert into student values('57784', 'Ande', 'DE', 2);
insert into student values('56460', 'Adri', 'HI', 102);
insert into student values('64268', 'Yohan', 'GO', 39);
insert into student values('89421', 'yuyun', 'GF', 6);
insert into student values('17796', 'Kiki', 'RQ', 80);
insert into student values('11041', 'Yohan', 'RQ', 111);
insert into student values('10253', 'Adri', 'RQ', 121);
insert into student values('5403', 'Adri', 'GF', 48);
insert into student values('22766', 'Yohan', 'GO', 99);
insert into student values('59591', 'rahmat', 'HI', 102);
insert into student values('29257', 'Adri', 'DE', 38);
insert into student values('41996', 'Adri', 'EL', 63);
insert into student values('43577', 'rahmat', 'EL', 124);
insert into student values('41800', 'Kiki', 'HI', 55);
insert into student values('19380', 'Budi', 'DE', 110);
insert into student values('77592', 'Kiki', 'GO', 51);
insert into student values('169', 'Kiki', 'EL', 62);
insert into student values('1103', 'yuyun', 'GF', 79);
insert into student values('24416', 'Ande', 'EL', 81);
insert into student values('78523', 'Budi', 'GO', 4);
insert into student values('73246', 'Budi', 'RR', 15);
insert into student values('42309', 'rahmat', 'EL', 32);
insert into student values('45504', 'Kiki', 'HI', 13);
insert into student values('33231', 'Budi', 'DE', 28);
insert into student values('94908', 'Yohan', 'GF', 59);
insert into student values('69781', 'Ande', 'GO', 35);
insert into student values('37381', 'Kiki', 'DE', 43);
insert into student values('73615', 'Johan', 'SS', 75);
insert into student values('23558', 'Budi', 'GO', 88);
insert into student values('31627', 'yuyun', 'RR', 20);
insert into student values('66883', 'Kiki', 'GO', 7);
insert into student values('62388', 'Ande', 'GO', 93);
insert into student values('36637', 'Ande', 'GO', 42);
insert into student values('91439', 'Ahmad', 'DE', 29);
insert into student values('27500', 'Josu', 'EL', 104);
insert into student values('18235', 'Adri', 'SS', 82);
insert into student values('37444', 'yuyun', 'DK', 102);
insert into student values('23822', 'Budi', 'DK', 88);
insert into student values('82291', 'Adri', 'EL', 44);
insert into student values('35900', 'yuyun', 'DE', 61);
insert into student values('45726', 'Josu', 'HI', 30);
insert into student values('88241', 'Adri', 'DE', 114);
insert into student values('3497', 'Kiki', 'SS', 7);
insert into student values('23635', 'Ande', 'HI', 88);
insert into student values('32142', 'rahmat', 'RR', 33);
insert into student values('79011', 'Kiki', 'RQ', 114);
insert into student values('39330', 'Kiki', 'GF', 96);
insert into student values('62618', 'Budi', 'DK', 117);
insert into student values('22581', 'Johan', 'RQ', 101);
insert into student values('35214', 'Josu', 'GF', 99);
insert into student values('99856', 'rahmat', 'RR', 36);
insert into student values('87180', 'yuyun', 'DK', 33);
insert into student values('56022', 'Ahmad', 'WW', 70);
insert into student values('13693', 'Kiki', 'EL', 43);
insert into student values('85221', 'yuyun', 'SS', 22);
insert into student values('92035', 'rahmat', 'SS', 96);
insert into student values('16564', 'Kiki', 'GO', 52);
insert into student values('99802', 'Kiki', 'EL', 59);
insert into student values('91860', 'Josu', 'HI', 76);
insert into student values('12825', 'Ahmad', 'HI', 124);
insert into student values('63249', 'Budi', 'DK', 64);
insert into student values('57488', 'Kiki', 'SS', 107);
insert into student values('25264', 'rahmat', 'DE', 82);
insert into student values('60714', 'yuyun', 'GO', 57);
insert into student values('34608', 'yuyun', 'WW', 73);
insert into student values('76714', 'Kiki', 'GO', 25);
insert into student values('45835', 'Yohan', 'EL', 5);
insert into student values('44431', 'Ahmad', 'SS', 32);
insert into student values('48083', 'Adri', 'HI', 37);
insert into student values('32689', 'Adri', 'DK', 21);
insert into student values('22007', 'Ahmad', 'RR', 33);
insert into student values('57059', 'Ahmad', 'DE', 87);
insert into student values('92957', 'Yohan', 'DE', 51);
insert into takes values('12591', '969', '1', 'Fall', 2002, 'A-');
insert into takes values('57436', '720', '2', 'Fall', 2005, 'B ');
insert into takes values('24416', '449', '2', 'Spring', 2007, 'A-');
insert into takes values('81843', '731', '1', 'Fall', 2006, 'A-');
insert into takes values('45003', '546', '1', 'Spring', 2010, 'C ');
insert into takes values('45592', '944', '1', 'Fall', 2008, 'A+');
insert into takes values('27258', '633', '1', 'Fall', 2006, 'A ');
insert into takes values('45726', '136', '3', 'Spring', 2002, 'B-');
insert into takes values('63249', '401', '3', 'Fall', 2008, 'B+');
insert into takes values('45537', '508', '1', 'Spring', 2005, 'B ');
insert into takes values('81205', '189', '2', 'Fall', 2006, 'A+');
insert into takes values('76048', '612', '5', 'Fall', 2006, 'C-');
insert into takes values('89938', '975', '2', 'Fall', 2002, 'C+');
insert into takes values('45835', '431', '3', 'Spring', 2010, 'C-');
insert into takes values('75169', '161', '2', 'Fall', 2005, 'A ');
insert into takes values('86982', '154', '2', 'Spring', 2003, 'B ');
insert into takes values('13714', '881', '3', 'Spring', 2004, 'C ');
insert into takes values('71023', '347', '2', 'Fall', 2010, 'B-');
insert into takes values('59627', '350', '2', 'Spring', 2006, 'B-');
insert into takes values('84125', '894', '3', 'Spring', 2006, 'C+');
insert into takes values('31627', '762', '3', 'Spring', 2010, 'C-');
insert into takes values('13076', '746', '1', 'Fall', 2003, 'A ');
insert into takes values('32807', '182', '3', 'Fall', 2008, 'B+');
insert into takes values('28939', '832', '2', 'Spring', 2004, 'B+');
insert into takes values('32142', '154', '1', 'Spring', 2005, 'A ');
insert into takes values('96679', '870', '1', 'Fall', 2006, 'A+');
insert into takes values('87160', '591', '4', 'Fall', 2003, 'C+');
insert into takes values('62371', '161', '4', 'Spring', 2006, 'B+');
insert into takes values('23558', '549', '3', 'Spring', 2004, 'B+');
insert into takes values('31863', '446', '1', 'Spring', 2008, 'C ');
insert into takes values('22305', '262', '1', 'Spring', 2004, 'A+');
insert into takes values('13076', '376', '3', 'Spring', 2008, 'C ');
insert into takes values('85843', '154', '1', 'Spring', 2005, 'C-');
insert into takes values('52156', '849', '1', 'Fall', 2001, 'B-');
insert into takes values('25264', '251', '2', 'Fall', 2002, 'A-');
insert into takes values('49100', '413', '1', 'Spring', 2010, 'A ');
insert into takes values('25242', '330', '1', 'Spring', 2007, 'A ');
insert into takes values('43701', '362', '1', 'Fall', 2004, 'B-');
insert into takes values('87180', '191', '2', 'Spring', 2001, 'C+');
insert into takes values('9300', '941', '4', 'Fall', 2002, 'C-');
insert into takes values('56460', '463', '2', 'Spring', 2009, 'A ');
insert into takes values('73615', '881', '2', 'Spring', 2009, 'B ');
insert into takes values('3497', '712', '1', 'Fall', 2006, 'B ');
insert into takes values('45835', '202', '1', 'Fall', 2005, 'A-');
insert into takes values('1103', '846', '1', 'Fall', 2001, 'B-');
insert into takes values('74297', '497', '5', 'Spring', 2002, 'A-');
insert into takes values('77592', '944', '1', 'Fall', 2008, 'C ');
insert into takes values('33913', '782', '2', 'Spring', 2008, 'C ');
insert into takes values('92957', '526', '1', 'Fall', 2002, 'B+');
insert into takes values('28517', '187', '2', 'Spring', 2001, 'C ');
insert into takes values('23635', '334', '1', 'Spring', 2002, 'B+');
insert into takes values('28025', '449', '1', 'Spring', 2009, 'C ');
insert into takes values('34914', '789', '1', 'Fall', 2010, 'B ');
insert into takes values('22007', '506', '1', 'Spring', 2001, 'B-');
insert into takes values('76714', '528', '2', 'Spring', 2005, 'C-');
insert into takes values('12825', '367', '1', 'Spring', 2005, 'C+');
insert into takes values('34031', '612', '3', 'Fall', 2004, 'B+');
insert into takes values('28025', '728', '1', 'Fall', 2008, 'B ');
insert into takes values('70990', '894', '3', 'Spring', 2006, 'C+');
insert into takes values('64326', '668', '2', 'Fall', 2008, 'B ');
insert into takes values('94032', '188', '3', 'Fall', 2006, 'B-');
insert into takes values('41800', '873', '1', 'Fall', 2005, 'B+');
insert into takes values('82291', '403', '1', 'Fall', 2003, 'B-');
insert into takes values('34914', '463', '2', 'Spring', 2009, 'B+');
insert into takes values('45003', '811', '1', 'Fall', 2001, 'B ');
insert into takes values('81180', '283', '3', 'Spring', 2004, 'A ');
insert into takes values('81843', '244', '1', 'Spring', 2008, 'C+');
insert into takes values('30653', '800', '1', 'Fall', 2002, 'C+');
insert into takes values('29257', '746', '3', 'Spring', 2009, 'B ');
insert into takes values('23635', '330', '1', 'Spring', 2007, 'C+');
insert into takes values('50702', '379', '3', 'Fall', 2001, 'A-');
insert into takes values('88241', '446', '2', 'Spring', 2001, 'B-');
insert into takes values('47280', '557', '3', 'Fall', 2001, 'B ');
insert into takes values('59060', '188', '4', 'Fall', 2010, 'C ');
insert into takes values('60714', '706', '1', 'Fall', 2004, 'A+');
insert into takes values('51012', '218', '2', 'Spring', 2007, 'C-');
insert into takes values('31104', '431', '3', 'Spring', 2010, 'B+');
insert into takes values('65729', '449', '1', 'Spring', 2009, 'A-');
insert into takes values('66883', '728', '2', 'Spring', 2004, 'A+');
insert into takes values('17782', '288', '4', 'Fall', 2009, 'C-');
insert into takes values('57784', '302', '6', 'Fall', 2009, 'C-');
insert into takes values('56460', '678', '2', 'Spring', 2003, 'B+');
insert into takes values('76714', '251', '3', 'Fall', 2010, 'C-');
insert into takes values('73246', '657', '2', 'Fall', 2003, 'C+');
insert into takes values('58584', '414', '6', 'Spring', 2009, 'B ');
insert into takes values('89520', '525', '1', 'Fall', 2005, 'C+');
insert into takes values('3497', '847', '1', 'Spring', 2001, 'B-');
insert into takes values('64268', '218', '3', 'Fall', 2004, 'B ');
insert into takes values('10823', '300', '1', 'Fall', 2005, 'C ');
insert into takes values('92035', '288', '2', 'Spring', 2001, 'B+');
insert into takes values('27258', '881', '4', 'Spring', 2008, 'C-');
insert into takes values('58584', '747', '3', 'Fall', 2009, 'B-');
insert into takes values('49100', '401', '1', 'Fall', 2001, 'B+');
insert into takes values('47651', '336', '1', 'Fall', 2008, 'C-');
insert into takes values('34914', '446', '3', 'Fall', 2010, 'C+');
insert into takes values('80746', '497', '2', 'Fall', 2002, 'C+');
insert into takes values('9300', '154', '2', 'Spring', 2003, 'A ');
insert into takes values('24416', '334', '2', 'Spring', 2005, 'C ');
insert into takes values('72037', '261', '1', 'Spring', 2008, 'C-');
insert into takes values('86305', '111', '2', 'Fall', 2002, 'C-');
insert into takes values('98716', '683', '2', 'Spring', 2007, 'C+');
insert into takes values('69413', '683', '3', 'Spring', 2002, 'A ');
insert into takes values('13693', '403', '2', 'Fall', 2002, 'A ');
insert into takes values('6203', '187', '3', 'Spring', 2009, 'B+');
insert into takes values('94032', '334', '3', 'Spring', 2010, 'C ');
insert into takes values('62618', '720', '1', 'Fall', 2001, 'A-');
insert into takes values('22305', '949', '1', 'Fall', 2003, 'B-');
insert into takes values('80066', '376', '1', 'Spring', 2006, 'B ');
insert into takes values('16665', '487', '2', 'Fall', 2005, 'B+');
insert into takes values('89938', '426', '1', 'Spring', 2007, 'B+');
insert into takes values('74297', '336', '2', 'Fall', 2003, 'B-');
insert into takes values('41800', '992', '1', 'Spring', 2006, 'A-');
insert into takes values('89520', '939', '1', 'Spring', 2006, 'B-');
insert into takes values('40009', '350', '1', 'Spring', 2002, 'C+');
insert into takes values('25264', '481', '1', 'Spring', 2008, 'B+');
insert into takes values('5469', '282', '5', 'Fall', 2005, 'B-');
insert into takes values('93996', '283', '3', 'Spring', 2004, 'C ');
insert into takes values('57425', '213', '1', 'Fall', 2007, 'B ');
insert into takes values('30653', '668', '2', 'Fall', 2008, 'B ');
insert into takes values('6203', '497', '1', 'Fall', 2004, 'A+');
insert into takes values('42658', '549', '1', 'Spring', 2003, 'B+');
insert into takes values('169', '183', '2', 'Fall', 2005, 'B-');
insert into takes values('34044', '873', '2', 'Fall', 2010, 'A-');
insert into takes values('45835', '919', '2', 'Spring', 2006, 'A-');
insert into takes values('45726', '549', '3', 'Spring', 2004, 'A-');
insert into takes values('28939', '414', '4', 'Spring', 2009, 'A ');
insert into takes values('69781', '728', '2', 'Spring', 2004, 'A-');
insert into takes values('73615', '161', '2', 'Fall', 2005, 'B ');
insert into takes values('24045', '161', '4', 'Spring', 2006, 'B-');
insert into takes values('91860', '671', '2', 'Fall', 2003, 'C ');
insert into takes values('45835', '251', '4', 'Spring', 2004, 'C+');
insert into takes values('74145', '612', '3', 'Fall', 2004, 'C+');
insert into takes values('56707', '506', '1', 'Spring', 2001, 'B+');
insert into takes values('16564', '302', '5', 'Spring', 2001, 'C-');
insert into takes values('23498', '196', '2', 'Spring', 2009, 'B ');
insert into takes values('62314', '668', '2', 'Fall', 2008, 'C+');
insert into takes values('56022', '863', '1', 'Fall', 2004, 'C ');
insert into takes values('60714', '319', '1', 'Spring', 2002, 'A-');
insert into takes values('28939', '300', '1', 'Fall', 2005, 'B+');
insert into takes values('34608', '732', '4', 'Spring', 2008, 'C ');
insert into takes values('59388', '414', '5', 'Fall', 2002, 'A-');
insert into takes values('27412', '189', '2', 'Fall', 2006, 'B ');
insert into takes values('57784', '218', '1', 'Fall', 2007, 'C+');
insert into takes values('36229', '251', '2', 'Fall', 2002, 'C+');
insert into takes values('81205', '612', '3', 'Fall', 2004, 'A-');
insert into takes values('64268', '182', '1', 'Fall', 2006, 'B-');
insert into takes values('7090', '678', '2', 'Spring', 2003, 'B ');
insert into takes values('42658', '449', '1', 'Spring', 2009, 'A ');
insert into takes values('82291', '508', '1', 'Spring', 2005, 'B+');
insert into takes values('52581', '919', '1', 'Fall', 2007, 'C-');
insert into takes values('77592', '967', '5', 'Spring', 2001, 'C-');
insert into takes values('18235', '941', '3', 'Fall', 2002, 'C-');
insert into takes values('22581', '481', '3', 'Spring', 2004, 'B ');
insert into takes values('5403', '199', '1', 'Fall', 2003, 'C-');
insert into takes values('45592', '935', '1', 'Fall', 2005, 'B-');
insert into takes values('62887', '671', '1', 'Spring', 2009, 'A+');
insert into takes values('89938', '567', '3', 'Spring', 2010, 'C+');
insert into takes values('68148', '982', '1', 'Spring', 2010, 'A+');
insert into takes values('76714', '681', '1', 'Spring', 2004, 'C-');
insert into takes values('34044', '218', '3', 'Fall', 2004, 'B-');
insert into takes values('86982', '183', '2', 'Fall', 2005, 'A ');
insert into takes values('62887', '944', '1', 'Fall', 2008, 'C ');
insert into takes values('76714', '732', '1', 'Fall', 2004, 'B+');
insert into takes values('31596', '586', '1', 'Fall', 2004, 'A+');
insert into takes values('27500', '182', '3', 'Fall', 2008, 'C+');
insert into takes values('31627', '546', '1', 'Spring', 2010, 'C+');
insert into takes values('7090', '526', '1', 'Fall', 2002, 'A+');
insert into takes values('25264', '720', '3', 'Spring', 2003, 'C+');
insert into takes values('12591', '618', '1', 'Spring', 2004, 'C-');
insert into takes values('79333', '300', '2', 'Spring', 2003, 'C ');
insert into takes values('41996', '414', '7', 'Fall', 2009, 'C+');
insert into takes values('16665', '131', '1', 'Spring', 2009, 'A-');
insert into takes values('25264', '283', '2', 'Fall', 2004, 'B+');
insert into takes values('6511', '612', '2', 'Fall', 2010, 'B-');
insert into takes values('31863', '881', '3', 'Spring', 2004, 'A-');
insert into takes values('78523', '874', '3', 'Spring', 2004, 'C ');
insert into takes values('81180', '216', '2', 'Spring', 2010, 'A ');
insert into takes values('31596', '379', '3', 'Fall', 2001, 'B-');
insert into takes values('34044', '188', '4', 'Fall', 2010, 'C+');
insert into takes values('70202', '300', '2', 'Spring', 2003, 'B+');
insert into takes values('23635', '216', '2', 'Spring', 2010, 'A-');
insert into takes values('33231', '330', '4', 'Fall', 2009, 'B+');
insert into takes values('84125', '782', '3', 'Fall', 2005, 'B-');
insert into takes values('76727', '142', '1', 'Spring', 2004, 'C+');
insert into takes values('1103', '111', '2', 'Fall', 2002, 'B ');
insert into takes values('89938', '941', '1', 'Spring', 2007, 'A-');
insert into takes values('5159', '728', '1', 'Fall', 2008, 'C-');
insert into takes values('70202', '801', '2', 'Spring', 2004, 'A-');
insert into takes values('39330', '487', '1', 'Fall', 2006, 'A-');
insert into takes values('73424', '833', '1', 'Spring', 2009, 'A ');
insert into takes values('6203', '833', '1', 'Spring', 2009, 'C ');
insert into takes values('57784', '261', '1', 'Spring', 2008, 'A ');
insert into takes values('12591', '778', '1', 'Spring', 2010, 'B+');
insert into takes values('79169', '935', '1', 'Fall', 2005, 'B+');
insert into takes values('64326', '278', '1', 'Fall', 2001, 'C+');
insert into takes values('48904', '762', '1', 'Spring', 2002, 'A+');
insert into takes values('40009', '208', '4', 'Fall', 2005, 'C+');
insert into takes values('72861', '762', '3', 'Spring', 2010, 'C+');
insert into takes values('62887', '376', '3', 'Spring', 2008, 'A+');
insert into takes values('57784', '605', '2', 'Spring', 2001, 'B-');
insert into takes values('33231', '218', '1', 'Fall', 2007, 'A-');
insert into takes values('41996', '612', '3', 'Fall', 2004, 'C-');
insert into takes values('27023', '182', '2', 'Fall', 2001, 'C-');
insert into takes values('65786', '782', '3', 'Fall', 2005, 'A-');
insert into takes values('41996', '334', '3', 'Spring', 2010, 'C-');
insert into takes values('99802', '191', '1', 'Spring', 2002, 'B ');
insert into takes values('37444', '216', '3', 'Fall', 2001, 'B-');
insert into takes values('76030', '950', '2', 'Fall', 2006, 'A+');
insert into takes values('5159', '401', '4', 'Spring', 2007, 'B ');
insert into takes values('31627', '251', '5', 'Spring', 2009, 'A-');
insert into takes values('89421', '919', '1', 'Fall', 2007, 'A-');
insert into takes values('45726', '612', '3', 'Fall', 2004, 'A-');
insert into takes values('82291', '665', '1', 'Fall', 2003, 'B ');
insert into takes values('91439', '789', '2', 'Fall', 2003, 'A ');
insert into takes values('28517', '939', '2', 'Fall', 2003, 'C-');
insert into takes values('75169', '732', '1', 'Fall', 2004, 'A ');
insert into takes values('88241', '413', '2', 'Spring', 2007, 'A ');
insert into takes values('56460', '591', '5', 'Fall', 2010, 'A ');
insert into takes values('70990', '528', '2', 'Spring', 2005, 'B-');
insert into takes values('25242', '747', '2', 'Spring', 2007, 'B+');
insert into takes values('64326', '683', '3', 'Spring', 2002, 'B+');
insert into takes values('32689', '732', '2', 'Fall', 2001, 'C ');
insert into takes values('43577', '244', '3', 'Spring', 2009, 'B ');
insert into takes values('31104', '189', '5', 'Fall', 2001, 'A-');
insert into takes values('63471', '874', '3', 'Spring', 2004, 'B-');
insert into takes values('3497', '413', '2', 'Spring', 2007, 'A+');
insert into takes values('56707', '142', '1', 'Spring', 2004, 'C+');
insert into takes values('37381', '401', '2', 'Fall', 2004, 'A-');
insert into takes values('93996', '497', '5', 'Spring', 2002, 'C+');
insert into takes values('24416', '403', '2', 'Fall', 2002, 'B-');
insert into takes values('92035', '941', '4', 'Fall', 2002, 'B-');
insert into takes values('36637', '789', '3', 'Fall', 2007, 'C ');
insert into takes values('29257', '939', '2', 'Fall', 2003, 'A ');
insert into takes values('57425', '762', '3', 'Spring', 2010, 'A-');
insert into takes values('33231', '964', '1', 'Spring', 2001, 'A+');
insert into takes values('33913', '216', '4', 'Spring', 2010, 'A-');
insert into takes values('92035', '192', '1', 'Spring', 2002, 'C+');
insert into takes values('85090', '554', '1', 'Fall', 2010, 'A+');
insert into takes values('40425', '801', '1', 'Fall', 2009, 'A-');
insert into takes values('84125', '216', '1', 'Spring', 2008, 'B+');
insert into takes values('47280', '470', '1', 'Fall', 2005, 'B ');
insert into takes values('57436', '732', '4', 'Spring', 2008, 'B ');
insert into takes values('74293', '196', '2', 'Spring', 2009, 'A-');
insert into takes values('85843', '497', '3', 'Fall', 2008, 'C ');
insert into takes values('33913', '376', '2', 'Spring', 2006, 'B+');
insert into takes values('91860', '244', '3', 'Spring', 2009, 'C+');
insert into takes values('68148', '683', '3', 'Spring', 2002, 'B ');
insert into takes values('51012', '282', '3', 'Spring', 2010, 'C+');
insert into takes values('93996', '981', '1', 'Fall', 2004, 'C+');
insert into takes values('17782', '189', '2', 'Fall', 2006, 'A-');
insert into takes values('73246', '681', '1', 'Spring', 2004, 'A-');
insert into takes values('47136', '302', '3', 'Spring', 2005, 'B+');
insert into takes values('11041', '758', '1', 'Spring', 2008, 'A-');
insert into takes values('64229', '261', '1', 'Spring', 2008, 'C-');
insert into takes values('5403', '350', '2', 'Spring', 2006, 'A ');
insert into takes values('62618', '426', '1', 'Spring', 2007, 'A ');
insert into takes values('73246', '302', '5', 'Spring', 2001, 'A-');
insert into takes values('42309', '832', '1', 'Spring', 2009, 'A+');
insert into takes values('73424', '665', '1', 'Fall', 2003, 'A-');
insert into takes values('9300', '758', '2', 'Spring', 2008, 'A+');
insert into takes values('57488', '943', '1', 'Fall', 2002, 'B+');
insert into takes values('85090', '941', '1', 'Spring', 2007, 'B ');
insert into takes values('17782', '350', '1', 'Spring', 2002, 'C-');
insert into takes values('15860', '818', '1', 'Spring', 2010, 'B+');
insert into takes values('73424', '188', '6', 'Spring', 2003, 'A+');
insert into takes values('93996', '557', '2', 'Fall', 2002, 'A-');
insert into takes values('24416', '282', '3', 'Spring', 2010, 'C ');
insert into takes values('24416', '347', '1', 'Spring', 2010, 'A ');
insert into takes values('12591', '318', '1', 'Spring', 2006, 'A ');
insert into takes values('52762', '789', '5', 'Spring', 2003, 'A+');
insert into takes values('18235', '567', '2', 'Fall', 2001, 'C+');
insert into takes values('31205', '367', '1', 'Spring', 2005, 'C+');
insert into takes values('59259', '559', '1', 'Fall', 2004, 'B+');
insert into takes values('10823', '732', '1', 'Fall', 2004, 'C+');
insert into takes values('50018', '665', '1', 'Fall', 2003, 'A-');
insert into takes values('45504', '262', '3', 'Fall', 2010, 'A-');
insert into takes values('72861', '191', '1', 'Spring', 2002, 'B-');
insert into takes values('63663', '782', '3', 'Fall', 2005, 'C+');
insert into takes values('22766', '800', '1', 'Fall', 2002, 'C ');
insert into takes values('47453', '302', '3', 'Spring', 2005, 'B+');
insert into takes values('37444', '244', '1', 'Spring', 2008, 'B ');
insert into takes values('25242', '870', '1', 'Fall', 2006, 'C ');
insert into takes values('52581', '811', '1', 'Fall', 2001, 'A+');
insert into takes values('58584', '732', '1', 'Fall', 2004, 'B+');
insert into takes values('18235', '943', '1', 'Fall', 2002, 'A ');
insert into takes values('28025', '191', '2', 'Spring', 2001, 'B-');
insert into takes values('85843', '883', '1', 'Fall', 2001, 'C+');
insert into takes values('10823', '633', '1', 'Fall', 2006, 'B-');
insert into takes values('39330', '833', '1', 'Spring', 2009, 'C+');
insert into takes values('51012', '261', '1', 'Spring', 2008, 'C ');
insert into takes values('59627', '992', '1', 'Spring', 2006, 'A ');
insert into takes values('59060', '818', '2', 'Spring', 2006, 'B+');
insert into takes values('16564', '939', '3', 'Spring', 2008, 'C-');
insert into takes values('85843', '208', '2', 'Spring', 2009, 'B+');
insert into takes values('60714', '277', '1', 'Spring', 2004, 'C ');
insert into takes values('49100', '591', '3', 'Fall', 2005, 'A ');
insert into takes values('62314', '833', '3', 'Fall', 2003, 'B-');
insert into takes values('16564', '350', '3', 'Spring', 2004, 'C+');
insert into takes values('81205', '671', '1', 'Spring', 2009, 'B+');
insert into takes values('62314', '277', '1', 'Spring', 2004, 'C+');
insert into takes values('59259', '539', '1', 'Spring', 2007, 'A-');
insert into takes values('63471', '526', '1', 'Fall', 2002, 'B+');
insert into takes values('6203', '549', '1', 'Spring', 2003, 'C-');
insert into takes values('89520', '446', '3', 'Fall', 2010, 'B+');
insert into takes values('79169', '251', '3', 'Fall', 2010, 'B ');
insert into takes values('47136', '758', '2', 'Spring', 2008, 'B ');
insert into takes values('56022', '379', '1', 'Fall', 2007, 'B+');
insert into takes values('62618', '902', '1', 'Spring', 2003, 'C+');
insert into takes values('59060', '107', '2', 'Fall', 2004, 'A ');
insert into takes values('47651', '532', '2', 'Fall', 2008, 'B+');
insert into takes values('10823', '975', '2', 'Fall', 2002, 'C+');
insert into takes values('91439', '678', '3', 'Spring', 2006, 'A-');
insert into takes values('76714', '171', '4', 'Fall', 2003, 'C ');
insert into takes values('65786', '182', '3', 'Fall', 2008, 'A+');
insert into takes values('32689', '154', '2', 'Spring', 2003, 'B ');
insert into takes values('45835', '300', '1', 'Fall', 2005, 'C+');
insert into takes values('64229', '153', '1', 'Spring', 2002, 'A ');
insert into takes values('5469', '283', '3', 'Spring', 2004, 'C+');
insert into takes values('57059', '669', '1', 'Spring', 2004, 'C ');
insert into takes values('12591', '161', '2', 'Fall', 2005, 'C ');
insert into takes values('40425', '131', '1', 'Spring', 2009, 'C ');
insert into takes values('42658', '940', '3', 'Fall', 2006, 'B ');
insert into takes values('74297', '949', '1', 'Fall', 2003, 'C+');
insert into takes values('46951', '818', '2', 'Spring', 2006, 'C+');
insert into takes values('7090', '131', '1', 'Spring', 2009, 'B+');
insert into takes values('27258', '959', '1', 'Fall', 2010, 'A+');
insert into takes values('76048', '318', '4', 'Fall', 2004, 'A ');
insert into takes values('64268', '245', '1', 'Spring', 2003, 'B+');
insert into takes values('8922', '617', '3', 'Fall', 2001, 'C ');
insert into takes values('51012', '549', '3', 'Spring', 2004, 'B ');
insert into takes values('3497', '782', '1', 'Spring', 2001, 'A+');
insert into takes values('27500', '832', '2', 'Spring', 2004, 'B-');
insert into takes values('57488', '847', '2', 'Spring', 2006, 'C+');
insert into takes values('73424', '196', '3', 'Spring', 2005, 'C+');
insert into takes values('57425', '188', '6', 'Spring', 2003, 'B ');
insert into takes values('63249', '811', '2', 'Spring', 2001, 'B+');
insert into takes values('86305', '261', '1', 'Spring', 2008, 'A+');
insert into takes values('32142', '747', '3', 'Fall', 2009, 'C+');
insert into takes values('42309', '782', '3', 'Fall', 2005, 'A-');
insert into takes values('73615', '881', '1', 'Fall', 2002, 'A ');
insert into takes values('74297', '244', '2', 'Fall', 2010, 'C+');
insert into takes values('63249', '800', '1', 'Fall', 2002, 'C+');
insert into takes values('69413', '883', '1', 'Fall', 2001, 'A ');
insert into takes values('52762', '372', '1', 'Spring', 2009, 'C+');
insert into takes values('40009', '710', '2', 'Spring', 2010, 'C-');
insert into takes values('73246', '376', '3', 'Spring', 2008, 'C+');
insert into takes values('99662', '282', '1', 'Spring', 2010, 'B+');
insert into takes values('3497', '288', '3', 'Fall', 2007, 'C-');
insert into takes values('31205', '111', '1', 'Spring', 2003, 'A-');
insert into takes values('45592', '758', '1', 'Spring', 2008, 'B ');
insert into takes values('62388', '211', '1', 'Fall', 2003, 'A+');
insert into takes values('50621', '949', '1', 'Fall', 2003, 'C+');
insert into takes values('78523', '592', '2', 'Spring', 2001, 'B+');
insert into takes values('34914', '678', '2', 'Spring', 2003, 'A-');
insert into takes values('26740', '202', '1', 'Fall', 2005, 'B+');
insert into takes values('40009', '941', '3', 'Fall', 2002, 'B+');
insert into takes values('56707', '847', '2', 'Spring', 2006, 'B ');
insert into takes values('74293', '444', '2', 'Spring', 2001, 'A+');
insert into takes values('5469', '832', '2', 'Spring', 2004, 'B-');
insert into takes values('33231', '431', '1', 'Fall', 2006, 'B-');
insert into takes values('52156', '216', '4', 'Spring', 2010, 'C+');
insert into takes values('84125', '832', '3', 'Spring', 2010, 'C-');
insert into takes values('16564', '668', '4', 'Fall', 2010, 'C ');
insert into takes values('16564', '414', '6', 'Spring', 2009, 'C ');
insert into takes values('33913', '818', '1', 'Spring', 2010, 'A ');
insert into takes values('85270', '573', '1', 'Fall', 2003, 'A-');
insert into takes values('25242', '386', '2', 'Spring', 2002, 'B-');
insert into takes values('47136', '319', '1', 'Spring', 2002, 'C ');
insert into takes values('79011', '940', '3', 'Fall', 2006, 'B-');
insert into takes values('28025', '617', '3', 'Fall', 2001, 'B ');
insert into takes values('99662', '720', '3', 'Spring', 2003, 'C ');
insert into takes values('45537', '208', '4', 'Fall', 2005, 'B+');
insert into takes values('45504', '618', '1', 'Spring', 2004, 'B-');
insert into takes values('57059', '216', '1', 'Spring', 2008, 'A+');
insert into takes values('18235', '969', '1', 'Fall', 2002, 'B-');
insert into takes values('5159', '142', '1', 'Spring', 2004, 'C+');
insert into takes values('35900', '678', '3', 'Spring', 2006, 'C-');
insert into takes values('22007', '944', '1', 'Fall', 2008, 'C+');
insert into takes values('73246', '742', '1', 'Fall', 2009, 'A+');
insert into takes values('49100', '386', '3', 'Fall', 2004, 'C-');
insert into takes values('73304', '967', '2', 'Fall', 2010, 'C-');
insert into takes values('40425', '605', '1', 'Fall', 2001, 'A+');
insert into takes values('74297', '969', '2', 'Fall', 2002, 'A-');
insert into takes values('65729', '657', '1', 'Spring', 2002, 'B+');
insert into takes values('80066', '617', '3', 'Fall', 2001, 'C+');
insert into takes values('70990', '975', '2', 'Fall', 2002, 'B-');
insert into takes values('45003', '654', '1', 'Fall', 2003, 'C+');
insert into takes values('76714', '463', '1', 'Spring', 2005, 'A ');
insert into takes values('73424', '950', '2', 'Fall', 2006, 'B-');
insert into takes values('79169', '526', '1', 'Fall', 2002, 'A ');
insert into takes values('50702', '802', '2', 'Fall', 2005, 'C+');
insert into takes values('23635', '863', '1', 'Fall', 2004, 'A ');
insert into takes values('56460', '964', '1', 'Spring', 2001, 'C ');
insert into takes values('19654', '762', '2', 'Fall', 2005, 'A+');
insert into takes values('27258', '183', '2', 'Fall', 2005, 'A+');
insert into takes values('63249', '318', '3', 'Spring', 2005, 'A-');
insert into takes values('43701', '762', '3', 'Spring', 2010, 'B+');
insert into takes values('66214', '847', '2', 'Spring', 2006, 'B+');
insert into takes values('34608', '136', '1', 'Fall', 2004, 'C-');
insert into takes values('169', '153', '2', 'Spring', 2008, 'A+');
insert into advisor values('5469', '38459');
insert into advisor values('34044', '50284');
insert into advisor values('31863', '77176');
insert into advisor values('89938', '71253');
insert into advisor values('76048', '78487');
insert into advisor values('64326', '89632');
insert into advisor values('70202', '67814');
insert into advisor values('72861', '42256');
insert into advisor values('56707', '99022');
insert into advisor values('59259', '70208');
insert into advisor values('34031', '47543');
insert into advisor values('65786', '75702');
insert into advisor values('31104', '42251');
insert into advisor values('6511', '9526');
insert into advisor values('89520', '82992');
insert into advisor values('23498', '89669');
insert into advisor values('81843', '61381');
insert into advisor values('27412', '62899');
insert into advisor values('87160', '89669');
insert into advisor values('94032', '89632');
insert into advisor values('66214', '95021');
insert into advisor values('98716', '85737');
insert into advisor values('45537', '75702');
insert into advisor values('63471', '55057');
insert into advisor values('80740', '74836');
insert into advisor values('52762', '47088');
insert into advisor values('72037', '16634');
insert into advisor values('48009', '92393');
insert into advisor values('85270', '92404');
insert into advisor values('75169', '89669');
insert into advisor values('47136', '57253');
insert into advisor values('86305', '74836');
insert into advisor values('62887', '53725');
insert into advisor values('85090', '42251');
insert into advisor values('28939', '29150');
insert into advisor values('74297', '55057');
insert into advisor values('42658', '71253');
insert into advisor values('13714', '99022');
insert into advisor values('79169', '51188');
insert into advisor values('68148', '61345');
insert into advisor values('7090', '78487');
insert into advisor values('22305', '78487');
insert into advisor values('47453', '51188');
insert into advisor values('26740', '42251');
insert into advisor values('65729', '17148');
insert into advisor values('50018', '66082');
insert into advisor values('45592', '99022');
insert into advisor values('57436', '74836');
insert into advisor values('58584', '99773');
insert into advisor values('40009', '89252');
insert into advisor values('71023', '92404');
insert into advisor values('60110', '38459');
insert into advisor values('51012', '89252');
insert into advisor values('46951', '71485');
insert into advisor values('8922', '23925');
insert into advisor values('31596', '55057');
insert into advisor values('50702', '92404');
insert into advisor values('27023', '89252');
insert into advisor values('17782', '42251');
insert into advisor values('25242', '82992');
insert into advisor values('74145', '50284');
insert into advisor values('59060', '61381');
insert into advisor values('6203', '90133');
insert into advisor values('91546', '91810');
insert into advisor values('96679', '61381');
insert into advisor values('5159', '51188');
insert into advisor values('52581', '95669');
insert into advisor values('70990', '41426');
insert into advisor values('6252', '47088');
insert into advisor values('99388', '74836');
insert into advisor values('99662', '62899');
insert into advisor values('33913', '53725');
insert into advisor values('73304', '53725');
insert into advisor values('69413', '70208');
insert into advisor values('73424', '55057');
insert into advisor values('84125', '32820');
insert into advisor values('76727', '99773');
insert into advisor values('15860', '85568');
insert into advisor values('32807', '32820');
insert into advisor values('81180', '90133');
insert into advisor values('9300', '78487');
insert into advisor values('30653', '75702');
insert into advisor values('49100', '63375');
insert into advisor values('68762', '61381');
insert into advisor values('28025', '77176');
insert into advisor values('57425', '47543');
insert into advisor values('21211', '74836');
insert into advisor values('24153', '92393');
insert into advisor values('63663', '61381');
insert into advisor values('62371', '62899');
insert into advisor values('24045', '65360');
insert into advisor values('27258', '78487');
insert into advisor values('47651', '90133');
insert into advisor values('64229', '17412');
insert into advisor values('50621', '57253');
insert into advisor values('34914', '71253');
insert into advisor values('76030', '66082');
insert into advisor values('80746', '50280');
insert into advisor values('86982', '91810');
insert into advisor values('68050', '50280');
insert into advisor values('45003', '90133');
insert into advisor values('31205', '95558');
insert into advisor values('58817', '29150');
insert into advisor values('93996', '70208');
insert into advisor values('74293', '82992');
insert into advisor values('48904', '25703');
insert into advisor values('59627', '78487');
insert into advisor values('13076', '9526');
insert into advisor values('36229', '89252');
insert into advisor values('79333', '9526');
insert into advisor values('59388', '66082');
insert into advisor values('24523', '16634');
insert into advisor values('19654', '67814');
insert into advisor values('12591', '92393');
insert into advisor values('47280', '62899');
insert into advisor values('81205', '95558');
insert into advisor values('6627', '99773');
insert into advisor values('16665', '41426');
insert into advisor values('80066', '32820');
insert into advisor values('85843', '61345');
insert into advisor values('10823', '42256');
insert into advisor values('43701', '85737');
insert into advisor values('62314', '75702');
insert into advisor values('40425', '99022');
insert into advisor values('52156', '92393');
insert into advisor values('23381', '42256');
insert into advisor values('28517', '77176');
insert into advisor values('57784', '9526');
insert into advisor values('56460', '95021');
insert into advisor values('64268', '16634');
insert into advisor values('89421', '99773');
insert into advisor values('17796', '82992');
insert into advisor values('11041', '53725');
insert into advisor values('10253', '95558');
insert into advisor values('5403', '95669');
insert into advisor values('22766', '50280');
insert into advisor values('59591', '90133');
insert into advisor values('29257', '75702');
insert into advisor values('41996', '67814');
insert into advisor values('43577', '66082');
insert into advisor values('41800', '89252');
insert into advisor values('19380', '78487');
insert into advisor values('77592', '32820');
insert into advisor values('169', '55057');
insert into advisor values('1103', '95558');
insert into advisor values('24416', '61345');
insert into advisor values('78523', '89632');
insert into advisor values('73246', '61381');
insert into advisor values('42309', '41426');
insert into advisor values('45504', '77176');
insert into advisor values('33231', '66082');
insert into advisor values('94908', '32820');
insert into advisor values('69781', '70208');
insert into advisor values('37381', '50280');
insert into advisor values('73615', '66082');
insert into advisor values('23558', '67791');
insert into advisor values('31627', '9526');
insert into advisor values('66883', '77176');
insert into advisor values('62388', '16634');
insert into advisor values('36637', '53725');
insert into advisor values('91439', '38459');
insert into advisor values('27500', '50284');
insert into advisor values('18235', '17148');
insert into advisor values('37444', '67791');
insert into advisor values('23822', '53725');
insert into advisor values('82291', '29150');
insert into advisor values('35900', '61345');
insert into advisor values('45726', '82992');
insert into advisor values('88241', '91810');
insert into advisor values('3497', '38459');
insert into advisor values('23635', '29150');
insert into advisor values('32142', '82992');
insert into advisor values('79011', '50284');
insert into advisor values('39330', '92393');
insert into advisor values('62618', '85737');
insert into advisor values('22581', '61345');
insert into advisor values('35214', '82992');
insert into advisor values('99856', '89252');
insert into advisor values('87180', '63375');
insert into advisor values('56022', '75702');
insert into advisor values('13693', '62899');
insert into advisor values('85221', '85737');
insert into advisor values('92035', '95558');
insert into advisor values('16564', '23925');
insert into advisor values('99802', '95669');
insert into advisor values('91860', '71485');
insert into advisor values('12825', '89669');
insert into advisor values('63249', '50284');
insert into advisor values('57488', '38459');
insert into advisor values('25264', '67791');
insert into advisor values('60714', '85737');
insert into advisor values('34608', '42251');
insert into advisor values('76714', '61345');
insert into advisor values('45835', '25703');
insert into advisor values('44431', '17412');
insert into advisor values('48083', '55057');
insert into advisor values('32689', '65360');
insert into advisor values('22007', '95558');
insert into advisor values('57059', '42256');
insert into advisor values('92957', '38459');
insert into prereq values('877', '216');
insert into prereq values('612', '870');
insert into prereq values('525', '846');
insert into prereq values('547', '216');
insert into prereq values('944', '992');
insert into prereq values('618', '940');
insert into prereq values('202', '789');
insert into prereq values('133', '129');
insert into prereq values('217', '618');
insert into prereq values('577', '288');
insert into prereq values('277', '846');
insert into prereq values('873', '698');
insert into prereq values('192', '728');
insert into prereq values('245', '183');
insert into prereq values('282', '757');
insert into prereq values('506', '487');
insert into prereq values('218', '192');
insert into prereq values('837', '261');
insert into prereq values('939', '197');
insert into prereq values('849', '591');
insert into prereq values('811', '379');
insert into prereq values('547', '944');
insert into prereq values('109', '969');
insert into prereq values('372', '199');
insert into prereq values('582', '191');
insert into prereq values('217', '526');
insert into prereq values('415', '199');
insert into prereq values('481', '481');
insert into prereq values('407', '362');
insert into prereq values('964', '567');
insert into prereq values('353', '386');
insert into prereq values('109', '196');
insert into prereq values('877', '969');
insert into prereq values('683', '919');
insert into prereq values('939', '182');
insert into prereq values('109', '554');
insert into prereq values('559', '971');
insert into prereq values('481', '680');
insert into prereq values('712', '208');
insert into prereq values('720', '982');
insert into prereq values('526', '874');
insert into prereq values('681', '528');
insert into prereq values('573', '446');
insert into prereq values('720', '940');
insert into prereq values('379', '940');
insert into prereq values('992', '487');
insert into prereq values('171', '785');
insert into prereq values('261', '795');
insert into prereq values('300', '372');
insert into prereq values('546', '218');
insert into prereq values('506', '680');
insert into prereq values('183', '191');
insert into prereq values('680', '189');
insert into prereq values('153', '415');
insert into prereq values('877', '350');
insert into prereq values('706', '592');
insert into prereq values('546', '487');
insert into prereq values('681', '849');
insert into prereq values('940', '413');
insert into prereq values('129', '731');
insert into prereq values('487', '967');
insert into prereq values('547', '107');
insert into prereq values('964', '379');
insert into prereq values('591', '873');
insert into prereq values('943', '365');
insert into prereq values('470', '183');
insert into prereq values('974', '720');
insert into prereq values('671', '941');
insert into prereq values('190', '109');
insert into prereq values('874', '357');
insert into prereq values('783', '347');
insert into prereq values('362', '863');
insert into prereq values('789', '191');
insert into prereq values('698', '283');
insert into prereq values('454', '969');
insert into prereq values('557', '678');
insert into prereq values('665', '559');
insert into prereq values('943', '612');
insert into prereq values('319', '269');
insert into prereq values('845', '940');
insert into prereq values('657', '573');
insert into prereq values('847', '612');
insert into prereq values('950', '762');
insert into prereq values('487', '802');
insert into prereq values('196', '635');
insert into prereq values('372', '870');
insert into prereq values('746', '902');
insert into prereq values('573', '668');
insert into prereq values('618', '190');
insert into prereq values('883', '924');
insert into prereq values('801', '183');
insert into prereq values('161', '870');
insert into prereq values('449', '747');
insert into prereq values('199', '336');
insert into prereq values('657', '182');
insert into prereq values('111', '133');
insert into prereq values('413', '444');
insert into prereq values('153', '742');
insert into prereq values('526', '330');
insert into prereq values('918', '261');
