-- phpMyAdmin SQL Dump
-- version 4.8.5
-- https://www.phpmyadmin.net/
--
-- Host: 127.0.0.1
-- Waktu pembuatan: 22 Des 2019 pada 10.52
-- Versi server: 10.1.38-MariaDB
-- Versi PHP: 7.3.3

SET SQL_MODE = "NO_AUTO_VALUE_ON_ZERO";
SET AUTOCOMMIT = 0;
START TRANSACTION;
SET time_zone = "+00:00";


/*!40101 SET @OLD_CHARACTER_SET_CLIENT=@@CHARACTER_SET_CLIENT */;
/*!40101 SET @OLD_CHARACTER_SET_RESULTS=@@CHARACTER_SET_RESULTS */;
/*!40101 SET @OLD_COLLATION_CONNECTION=@@COLLATION_CONNECTION */;
/*!40101 SET NAMES utf8mb4 */;

--
-- Database: `tuningdatabase2`
--

-- --------------------------------------------------------

--
-- Struktur dari tabel `advisor`
--

CREATE TABLE `advisor` (
  `s_ID` varchar(5) NOT NULL,
  `i_ID` varchar(5) DEFAULT NULL
) ENGINE=InnoDB DEFAULT CHARSET=latin1;

--
-- Dumping data untuk tabel `advisor`
--

INSERT INTO `advisor` (`s_ID`, `i_ID`) VALUES
('24778', '10022'),
('34463', '10022'),
('11342', '11449'),
('1626', '11449'),
('16804', '11449'),
('22728', '11449'),
('8421', '11449'),
('41237', '11721'),
('12955', '14517'),
('75382', '14517'),
('81234', '14517'),
('92307', '14517'),
('11055', '18822'),
('19967', '18822'),
('34853', '18822'),
('67031', '18879'),
('24759', '20388'),
('25048', '20388'),
('69893', '20388'),
('97048', '20388'),
('14668', '21058'),
('37866', '21058'),
('47425', '21058'),
('79712', '21058'),
('94780', '21058'),
('24044', '21484'),
('56373', '21484'),
('74878', '21484'),
('27325', '21750'),
('4037', '21750'),
('44069', '21750'),
('83706', '21750'),
('86193', '21750'),
('27256', '22524'),
('51255', '22524'),
('51894', '22524'),
('72547', '22524'),
('21063', '23324'),
('80917', '23324'),
('89172', '23324'),
('99303', '23324'),
('99431', '23324'),
('19464', '25644'),
('25598', '25644'),
('26117', '25644'),
('26494', '25644'),
('66892', '25644'),
('11211', '26045'),
('41422', '26045'),
('47356', '26045'),
('47596', '26045'),
('60052', '26045'),
('97115', '26045'),
('10281', '2705'),
('28150', '2705'),
('36651', '2705'),
('58525', '2705'),
('58641', '2705'),
('74929', '2705'),
('80779', '2705'),
('31120', '27355'),
('37887', '27355'),
('692', '27607'),
('88926', '27607'),
('44694', '28588'),
('33889', '29259'),
('56851', '29259'),
('60971', '29259'),
('87630', '29259'),
('90485', '29259'),
('11056', '30743'),
('1704', '30743'),
('43026', '30743'),
('45691', '30743'),
('57925', '30743'),
('83978', '30743'),
('88822', '30743'),
('89617', '30743'),
('19466', '31335'),
('22070', '31335'),
('57463', '31335'),
('63759', '31335'),
('74494', '31335'),
('87398', '31335'),
('90376', '31335'),
('92807', '31335'),
('31811', '32983'),
('68267', '32983'),
('85575', '32983'),
('9103', '32983'),
('58606', '33828'),
('76071', '33828'),
('2415', '38316'),
('27744', '38316'),
('38290', '38316'),
('77501', '38316'),
('55316', '39706'),
('80304', '39706'),
('90806', '39706'),
('31938', '40293'),
('35547', '40293'),
('56124', '40293'),
('93157', '40293'),
('31572', '40324'),
('57489', '40324'),
('6761', '40324'),
('12318', '42032'),
('64066', '42032'),
('91394', '42032'),
('93721', '42032'),
('26778', '42285'),
('85118', '42285'),
('11226', '43365'),
('14144', '43365'),
('25390', '43365'),
('45465', '43365'),
('77225', '43365'),
('84154', '43365'),
('47352', '44131'),
('53234', '44131'),
('71065', '44131'),
('93050', '44131'),
('49042', '46988'),
('86858', '46988'),
('15039', '48877'),
('21980', '48877'),
('50343', '48877'),
('6619', '50415'),
('7398', '50415'),
('74993', '56501'),
('93593', '56501'),
('95197', '56910'),
('26524', '56919'),
('26643', '56919'),
('33414', '56919'),
('43436', '56919'),
('72938', '56919'),
('97469', '56919'),
('12987', '62626'),
('23430', '62626'),
('41134', '62626'),
('43648', '62626'),
('59314', '62626'),
('69864', '62626'),
('74014', '63441'),
('9192', '63441'),
('21423', '69782'),
('34253', '69782'),
('66695', '69782'),
('78796', '69782'),
('90617', '69782'),
('12786', '7403'),
('51804', '7403'),
('55347', '7403'),
('90894', '7403'),
('93162', '7403'),
('26461', '77903'),
('69680', '77903'),
('8872', '77903'),
('93671', '77903'),
('50856', '78706'),
('55768', '78706'),
('69897', '78706'),
('89067', '78706'),
('11215', '80480'),
('67206', '80480'),
('73575', '80480'),
('81261', '80480'),
('86045', '80480'),
('11273', '80760'),
('19331', '80760'),
('61908', '80760'),
('2342', '83021'),
('33604', '83021'),
('7223', '83021'),
('76631', '83021'),
('77961', '83021'),
('79835', '83021'),
('14266', '8473'),
('15600', '8473'),
('22103', '8473'),
('54323', '8473'),
('84661', '8473'),
('91426', '8473'),
('9382', '8473'),
('2056', '88149'),
('26238', '88149'),
('40256', '88149'),
('56955', '88149'),
('82409', '88149'),
('92247', '88149'),
('11286', '98753'),
('14870', '98753'),
('82871', '98753'),
('95375', '98753'),
('14348', '99162'),
('14723', '99162'),
('38542', '99162'),
('89281', '99162'),
('99498', '99162');

-- --------------------------------------------------------

--
-- Struktur dari tabel `classroom`
--

CREATE TABLE `classroom` (
  `building` varchar(15) NOT NULL,
  `room_number` varchar(7) NOT NULL,
  `capacity` decimal(4,0) DEFAULT NULL
) ENGINE=InnoDB DEFAULT CHARSET=latin1;

--
-- Dumping data untuk tabel `classroom`
--

INSERT INTO `classroom` (`building`, `room_number`, `capacity`) VALUES
('B', '873', '40'),
('C', '562', '11'),
('D', '638', '10'),
('F', '295', '67'),
('F', '698', '10'),
('G', '152', '18'),
('G', '346', '77'),
('G', '662', '12'),
('I', '785', '28'),
('J', '472', '14');

-- --------------------------------------------------------

--
-- Struktur dari tabel `course`
--

CREATE TABLE `course` (
  `course_id` varchar(8) NOT NULL,
  `title` varchar(50) DEFAULT NULL,
  `dept_name` varchar(20) DEFAULT NULL,
  `credits` decimal(2,0) DEFAULT NULL
) ENGINE=InnoDB DEFAULT CHARSET=latin1;

--
-- Dumping data untuk tabel `course`
--

INSERT INTO `course` (`course_id`, `title`, `dept_name`, `credits`) VALUES
('106', 'IF3030', 'HH', '3'),
('109', 'IF3211', 'HI', '4'),
('111', 'IF4321', 'DE', '3'),
('112', 'IF0230', 'HI', '4'),
('114', 'IF3211', 'DF', '3'),
('124', 'IF4321', 'RR', '3'),
('126', 'IF3030', 'RR', '3'),
('130', 'IF3120', 'IF', '3'),
('134', 'IF4041', 'DF', '4'),
('141', 'IF3022', 'HH', '4'),
('150', 'IF3030', 'DE', '4'),
('157', 'IF3022', 'DK', '3'),
('163', 'IF0230', 'DK', '3'),
('167', 'IF0230', 'DF', '4'),
('172', 'IF3120', 'HI', '4'),
('175', 'IF0230', 'HI', '4'),
('176', 'IF5555', 'HH', '3'),
('184', 'IF4321', 'WW', '3'),
('186', 'IF3211', 'RQ', '4'),
('194', 'IF3211', 'DK', '3'),
('195', 'IF3120', 'WW', '4'),
('196', 'IF3031', 'IF', '4'),
('204', 'IF5555', 'WW', '4'),
('213', 'IF0230', 'RR', '4'),
('219', 'IF3030', 'HH', '3'),
('223', 'IF3120', 'IF', '4'),
('229', 'IF4041', 'HH', '4'),
('230', 'IF5555', 'HH', '3'),
('240', 'IF5555', 'HH', '3'),
('241', 'IF4041', 'HH', '3'),
('242', 'IF3120', 'RQ', '3'),
('246', 'IF3022', 'HH', '3'),
('249', 'IF3031', 'DE', '3'),
('250', 'IF3120', 'WW', '4'),
('257', 'IF5555', 'HI', '4'),
('258', 'IF3120', 'RQ', '3'),
('269', 'IF0230', 'HH', '4'),
('272', 'IF4041', 'HH', '4'),
('275', 'IF5555', 'RR', '3'),
('278', 'IF3022', 'HH', '4'),
('281', 'IF4041', 'HH', '3'),
('286', 'IF3211', 'WW', '3'),
('292', 'IF4041', 'DF', '3'),
('293', 'IF4321', 'RR', '3'),
('301', 'IF4321', 'WW', '4'),
('309', 'IF4321', 'MT', '3'),
('310', 'IF3030', 'WW', '4'),
('318', 'IF3120', 'RQ', '3'),
('320', 'IF3030', 'HH', '4'),
('324', 'IF0230', 'HI', '4'),
('326', 'IF3030', 'HH', '4'),
('327', 'IF0230', 'DK', '3'),
('333', 'IF0230', 'RQ', '3'),
('339', 'IF3022', 'RR', '3'),
('348', 'IF4041', 'DF', '4'),
('349', 'IF4041', 'IF', '4'),
('350', 'IF5555', 'DE', '3'),
('352', 'IF3031', 'DK', '3'),
('359', 'IF3120', 'DK', '4'),
('360', 'IF5555', 'DK', '3'),
('362', 'IF4321', 'RQ', '4'),
('363', 'IF0230', 'MT', '3'),
('366', 'IF4041', 'IF', '4'),
('373', 'IF3120', 'HI', '3'),
('384', 'IF3211', 'DE', '3'),
('393', 'IF3022', 'DF', '4'),
('399', 'IF3031', 'HI', '4'),
('403', 'IF3031', 'DK', '3'),
('404', 'IF4041', 'DF', '4'),
('405', 'IF3030', 'MT', '3'),
('407', 'IF0230', 'DE', '4'),
('410', 'IF5555', 'WW', '4'),
('411', 'IF0230', 'IF', '4'),
('412', 'IF3211', 'RQ', '3'),
('413', 'IF4321', 'DF', '3'),
('416', 'IF4041', 'DK', '3'),
('419', 'IF3022', 'RQ', '3'),
('420', 'IF3031', 'HH', '3'),
('427', 'IF4041', 'HI', '4'),
('428', 'IF3120', 'HI', '4'),
('430', 'IF4321', 'DK', '4'),
('434', 'IF5555', 'MT', '4'),
('444', 'IF3030', 'DE', '4'),
('454', 'IF3022', 'MT', '4'),
('461', 'IF5555', 'HI', '4'),
('463', 'IF3022', 'RQ', '3'),
('464', 'IF4321', 'HH', '4'),
('465', 'IF4041', 'HH', '4'),
('467', 'IF3120', 'IF', '3'),
('475', 'IF4321', 'WW', '4'),
('479', 'IF4321', 'HI', '3'),
('484', 'IF0230', 'DE', '4'),
('489', 'IF4321', 'HI', '4'),
('495', 'IF3211', 'DE', '4'),
('498', 'IF3211', 'DE', '4'),
('501', 'IF3211', 'HH', '3'),
('506', 'IF3120', 'RR', '3'),
('510', 'IF3211', 'RR', '3'),
('515', 'IF3120', 'RR', '4'),
('517', 'IF4041', 'RR', '4'),
('537', 'IF0230', 'DE', '4'),
('538', 'IF3211', 'HH', '4'),
('555', 'IF3211', 'DF', '3'),
('556', 'IF3031', 'IF', '4'),
('558', 'IF3022', 'HH', '3'),
('561', 'IF3211', 'RR', '3'),
('568', 'IF4041', 'RR', '4'),
('577', 'IF3031', 'WW', '4'),
('578', 'IF3031', 'DF', '3'),
('579', 'IF5555', 'DF', '4'),
('584', 'IF3120', 'MT', '4'),
('587', 'IF3031', 'RR', '3'),
('590', 'IF4041', 'IF', '3'),
('592', 'IF5555', 'MT', '4'),
('609', 'IF5555', 'WW', '4'),
('610', 'IF4321', 'RQ', '3'),
('613', 'IF0230', 'DF', '4'),
('616', 'IF3120', 'RR', '4'),
('617', 'IF3022', 'DE', '3'),
('629', 'IF4041', 'RR', '4'),
('646', 'IF3022', 'RQ', '4'),
('653', 'IF5555', 'MT', '4'),
('655', 'IF4041', 'IF', '4'),
('659', 'IF3022', 'RQ', '3'),
('661', 'IF0230', 'DE', '3'),
('665', 'IF3022', 'HH', '4'),
('669', 'IF3022', 'WW', '4'),
('675', 'IF4041', 'MT', '4'),
('677', 'IF3120', 'DK', '4'),
('678', 'IF3031', 'WW', '3'),
('681', 'IF4041', 'IF', '3'),
('682', 'IF3333', 'DF', '3'),
('688', 'IF3333', 'DF', '3'),
('699', 'IF5555', 'DE', '3'),
('700', 'IF3030', 'MT', '4'),
('706', 'IF3333', 'DF', '4'),
('707', 'IF3030', 'HI', '4'),
('708', 'IF3333', 'HH', '3'),
('714', 'IF3030', 'RR', '4'),
('716', 'IF3022', 'DE', '3'),
('719', 'IF3031', 'WW', '3'),
('720', 'IF0230', 'DF', '3'),
('723', 'IF4041', 'WW', '3'),
('726', 'IF3030', 'HH', '4'),
('727', 'IF3120', 'DE', '4'),
('735', 'IF3022', 'DF', '4'),
('737', 'IF3030', 'HH', '3'),
('740', 'IF5555', 'DK', '4'),
('744', 'IF3333', 'DF', '4'),
('746', 'IF4041', 'HH', '4'),
('754', 'IF3120', 'RR', '4'),
('758', 'IF3030', 'MT', '4'),
('761', 'IF3120', 'MT', '4'),
('766', 'IF3030', 'MT', '3'),
('767', 'IF3211', 'DF', '4'),
('774', 'IF3120', 'RQ', '3'),
('777', 'IF4041', 'RQ', '4'),
('784', 'IF3333', 'IF', '3'),
('791', 'IF4041', 'HI', '3'),
('795', 'IF4321', 'HI', '4'),
('801', 'IF4041', 'IF', '3'),
('808', 'IF3120', 'IF', '3'),
('811', 'IF5555', 'WW', '3'),
('813', 'IF5555', 'IF', '3'),
('814', 'IF3022', 'HH', '3'),
('821', 'IF4041', 'RR', '3'),
('832', 'IF3030', 'HH', '3'),
('834', 'IF3120', 'RQ', '4'),
('835', 'IF3031', 'HH', '3'),
('842', 'IF3030', 'MT', '4'),
('855', 'IF3030', 'DF', '4'),
('856', 'IF3333', 'DF', '3'),
('863', 'IF4321', 'DK', '4'),
('864', 'IF5555', 'HI', '3'),
('866', 'IF3030', 'RQ', '3'),
('867', 'IF3030', 'DE', '3'),
('876', 'IF4041', 'MT', '4'),
('880', 'IF3022', 'RR', '4'),
('888', 'IF3211', 'DF', '3'),
('904', 'IF3211', 'IF', '4'),
('907', 'IF3022', 'IF', '3'),
('908', 'IF3333', 'MT', '4'),
('913', 'IF0230', 'WW', '4'),
('915', 'IF4041', 'RR', '3'),
('917', 'IF3120', 'DF', '4'),
('921', 'IF3120', 'IF', '4'),
('942', 'IF4321', 'RR', '4'),
('943', 'IF3120', 'DE', '3'),
('949', 'IF4321', 'IF', '4'),
('951', 'IF0230', 'IF', '3'),
('957', 'IF3022', 'DK', '3'),
('960', 'IF0230', 'HI', '3'),
('966', 'IF4041', 'DF', '3'),
('970', 'IF3030', 'IF', '3'),
('978', 'IF3333', 'MT', '4'),
('979', 'IF3120', 'DK', '4'),
('980', 'IF4041', 'HI', '4'),
('982', 'IF4321', 'DF', '3'),
('985', 'IF3333', 'HH', '4'),
('993', 'IF3333', 'MT', '4');

-- --------------------------------------------------------

--
-- Struktur dari tabel `department`
--

CREATE TABLE `department` (
  `dept_name` varchar(20) NOT NULL,
  `building` varchar(15) DEFAULT NULL,
  `budget` decimal(12,2) DEFAULT NULL
) ENGINE=InnoDB DEFAULT CHARSET=latin1;

--
-- Dumping data untuk tabel `department`
--

INSERT INTO `department` (`dept_name`, `building`, `budget`) VALUES
('DE', 'E', '295388.28'),
('DF', 'F', '611843.03'),
('DK', 'I', '251561.33'),
('HH', 'I', '899212.83'),
('HI', 'G', '679712.21'),
('IF', 'E', '260009.92'),
('MT', 'B', '471277.84'),
('RQ', 'D', '582409.51'),
('RR', 'A', '634143.14'),
('WW', 'G', '471769.28');

-- --------------------------------------------------------

--
-- Struktur dari tabel `instructor`
--

CREATE TABLE `instructor` (
  `ID` varchar(5) NOT NULL,
  `name` varchar(20) NOT NULL,
  `dept_name` varchar(20) DEFAULT NULL,
  `salary` decimal(8,2) DEFAULT NULL
) ENGINE=InnoDB DEFAULT CHARSET=latin1;

--
-- Dumping data untuk tabel `instructor`
--

INSERT INTO `instructor` (`ID`, `name`, `dept_name`, `salary`) VALUES
('10022', 'Josu', 'MT', '55192.40'),
('11449', 'Ahmad', 'MT', '37994.10'),
('11721', 'Budi', 'HI', '73329.36'),
('14517', 'yuyun', 'HI', '116168.68'),
('18822', 'Kiki', 'DF', '95935.73'),
('18879', 'Ahmad', 'RQ', '34693.54'),
('20388', 'Johan', 'HI', '105402.37'),
('21058', 'Kiki', 'DK', '126170.73'),
('21484', 'Ahmad', 'HH', '91199.77'),
('21750', 'Ahmad', 'RR', '56350.31'),
('22524', 'Budi', 'HI', '45326.62'),
('23324', 'yuyun', 'HH', '92750.49'),
('25644', 'Kiki', 'HH', '36788.74'),
('26045', 'Ahmad', 'DF', '107647.44'),
('2705', 'Ande', 'HI', '80268.92'),
('27355', 'Adri', 'HI', '101845.43'),
('27607', 'Yohan', 'DK', '63851.86'),
('28588', 'Josu', 'HI', '60616.46'),
('29259', 'Ahmad', 'RR', '113480.39'),
('30743', 'yuyun', 'DE', '37844.79'),
('31335', 'rahmat', 'DF', '117428.75'),
('32983', 'Budi', 'HI', '75743.70'),
('33828', 'Ahmad', 'RQ', '85188.01'),
('38316', 'Yohan', 'HH', '68652.23'),
('39706', 'Budi', 'DK', '81778.19'),
('40293', 'rahmat', 'IF', '120663.31'),
('40324', 'Kiki', 'IF', '86441.71'),
('42032', 'Ahmad', 'HH', '42830.00'),
('42285', 'Adri', 'MT', '113094.83'),
('43365', 'Budi', 'DK', '48089.34'),
('44131', 'Yohan', 'HH', '45447.34'),
('46988', 'Ande', 'HH', '66405.47'),
('48877', 'Adri', 'DK', '99828.46'),
('50415', 'yuyun', 'RR', '36544.56'),
('56501', 'Kiki', 'HH', '87308.14'),
('56910', 'Budi', 'HI', '97940.44'),
('56919', 'Adri', 'DK', '104027.97'),
('62626', 'Budi', 'MT', '116753.27'),
('63441', 'Adri', 'HH', '112015.35'),
('69782', 'Kiki', 'RQ', '52591.29'),
('7403', 'Kiki', 'DE', '34992.95'),
('77903', 'Kiki', 'DF', '84349.49'),
('78706', 'Ahmad', 'WW', '30935.84'),
('80480', 'Ahmad', 'DK', '110259.66'),
('80760', 'Josu', 'DE', '110251.38'),
('83021', 'Ande', 'RR', '121031.29'),
('8473', 'Budi', 'MT', '38844.42'),
('88149', 'Ande', 'DK', '100743.72'),
('98753', 'Ande', 'DK', '46792.92'),
('99162', 'Adri', 'DF', '40370.13');

-- --------------------------------------------------------

--
-- Struktur dari tabel `prereq`
--

CREATE TABLE `prereq` (
  `course_id` varchar(8) NOT NULL,
  `prereq_id` varchar(8) NOT NULL
) ENGINE=InnoDB DEFAULT CHARSET=latin1;

--
-- Dumping data untuk tabel `prereq`
--

INSERT INTO `prereq` (`course_id`, `prereq_id`) VALUES
('106', '130'),
('106', '726'),
('114', '293'),
('114', '399'),
('130', '106'),
('134', '479'),
('141', '350'),
('141', '510'),
('150', '754'),
('150', '980'),
('163', '921'),
('175', '495'),
('176', '758'),
('184', '419'),
('186', '484'),
('194', '556'),
('204', '613'),
('213', '333'),
('223', '740'),
('230', '669'),
('257', '428'),
('275', '349'),
('275', '821'),
('278', '240'),
('278', '832'),
('281', '720'),
('293', '204'),
('301', '758'),
('309', '587'),
('320', '908'),
('327', '766'),
('339', '163'),
('349', '777'),
('352', '613'),
('363', '592'),
('373', '213'),
('384', '324'),
('407', '464'),
('407', '982'),
('419', '993'),
('420', '795'),
('420', '855'),
('475', '242'),
('475', '555'),
('479', '258'),
('479', '292'),
('479', '324'),
('489', '556'),
('495', '558'),
('501', '811'),
('515', '653'),
('579', '366'),
('579', '904'),
('584', '249'),
('592', '111'),
('610', '921'),
('653', '921'),
('655', '373'),
('655', '754'),
('655', '856'),
('677', '114'),
('677', '834'),
('681', '258'),
('688', '324'),
('700', '678'),
('708', '655'),
('708', '813'),
('726', '359'),
('740', '195'),
('740', '479'),
('754', '467'),
('766', '176'),
('766', '766'),
('774', '856'),
('784', '350'),
('791', '257'),
('795', '352'),
('821', '777'),
('834', '681'),
('866', '350'),
('867', '801'),
('904', '617'),
('904', '746'),
('907', '646'),
('913', '735'),
('915', '556'),
('917', '592'),
('921', '495'),
('957', '241'),
('957', '590'),
('957', '740'),
('978', '363'),
('979', '230'),
('979', '430'),
('979', '558'),
('982', '195'),
('982', '309'),
('982', '407'),
('985', '362'),
('993', '467');

-- --------------------------------------------------------

--
-- Struktur dari tabel `section`
--

CREATE TABLE `section` (
  `course_id` varchar(8) NOT NULL,
  `sec_id` varchar(8) NOT NULL,
  `semester` varchar(6) NOT NULL,
  `year` decimal(4,0) NOT NULL,
  `building` varchar(15) DEFAULT NULL,
  `room_number` varchar(7) DEFAULT NULL,
  `time_slot_id` varchar(4) DEFAULT NULL
) ENGINE=InnoDB DEFAULT CHARSET=latin1;

--
-- Dumping data untuk tabel `section`
--

INSERT INTO `section` (`course_id`, `sec_id`, `semester`, `year`, `building`, `room_number`, `time_slot_id`) VALUES
('106', '1', 'Spring', '2001', 'G', '152', 'B'),
('106', '2', 'Fall', '2005', 'J', '472', 'D'),
('106', '3', 'Spring', '2009', 'G', '662', 'M'),
('106', '4', 'Spring', '2003', 'C', '562', 'J'),
('109', '1', 'Spring', '2003', 'F', '295', 'M'),
('111', '1', 'Spring', '2004', 'G', '152', 'B'),
('111', '2', 'Fall', '2001', 'G', '662', 'M'),
('112', '1', 'Fall', '2010', 'D', '638', 'J'),
('112', '2', 'Fall', '2009', 'G', '346', 'L'),
('114', '1', 'Fall', '2003', 'G', '662', 'A'),
('114', '2', 'Fall', '2004', 'G', '152', 'G'),
('124', '1', 'Spring', '2001', 'G', '662', 'D'),
('124', '2', 'Spring', '2005', 'I', '785', 'O'),
('124', '3', 'Spring', '2007', 'G', '662', 'L'),
('126', '1', 'Spring', '2001', 'G', '152', 'I'),
('126', '2', 'Spring', '2001', 'F', '295', 'I'),
('130', '1', 'Fall', '2002', 'F', '295', 'A'),
('130', '2', 'Fall', '2006', 'G', '662', 'G'),
('130', '3', 'Spring', '2001', 'G', '662', 'J'),
('134', '1', 'Fall', '2004', 'I', '785', 'O'),
('134', '2', 'Fall', '2007', 'D', '638', 'H'),
('141', '1', 'Fall', '2002', 'F', '698', 'M'),
('150', '1', 'Spring', '2008', 'F', '698', 'D'),
('150', '2', 'Spring', '2004', 'F', '698', 'E'),
('150', '3', 'Spring', '2003', 'J', '472', 'G'),
('157', '1', 'Spring', '2004', 'I', '785', 'E'),
('157', '2', 'Spring', '2001', 'F', '295', 'F'),
('157', '3', 'Fall', '2008', 'F', '698', 'N'),
('172', '1', 'Fall', '2007', 'F', '295', 'B'),
('175', '1', 'Fall', '2008', 'I', '785', 'G'),
('175', '2', 'Spring', '2005', 'B', '873', 'E'),
('184', '1', 'Fall', '2005', 'G', '152', 'J'),
('186', '1', 'Fall', '2009', 'D', '638', 'O'),
('186', '2', 'Fall', '2010', 'F', '698', 'B'),
('194', '1', 'Fall', '2006', 'G', '346', 'O'),
('194', '2', 'Fall', '2007', 'J', '472', 'J'),
('194', '3', 'Spring', '2002', 'B', '873', 'N'),
('194', '4', 'Spring', '2003', 'G', '346', 'L'),
('194', '5', 'Fall', '2004', 'F', '295', 'I'),
('194', '6', 'Spring', '2010', 'G', '152', 'F'),
('195', '1', 'Fall', '2010', 'G', '662', 'B'),
('195', '2', 'Spring', '2004', 'I', '785', 'P'),
('196', '1', 'Fall', '2002', 'I', '785', 'G'),
('196', '2', 'Spring', '2005', 'D', '638', 'C'),
('204', '1', 'Fall', '2009', 'F', '295', 'I'),
('204', '2', 'Fall', '2005', 'G', '662', 'L'),
('204', '3', 'Fall', '2005', 'G', '662', 'J'),
('213', '1', 'Spring', '2010', 'B', '873', 'L'),
('213', '2', 'Spring', '2003', 'D', '638', 'N'),
('223', '1', 'Spring', '2009', 'B', '873', 'A'),
('223', '2', 'Fall', '2007', 'D', '638', 'G'),
('229', '1', 'Fall', '2008', 'F', '295', 'D'),
('229', '2', 'Fall', '2010', 'F', '698', 'I'),
('229', '3', 'Fall', '2006', 'G', '346', 'N'),
('230', '1', 'Spring', '2009', 'D', '638', 'E'),
('240', '1', 'Spring', '2009', 'C', '562', 'E'),
('241', '1', 'Fall', '2008', 'G', '152', 'P'),
('241', '2', 'Fall', '2010', 'D', '638', 'B'),
('241', '3', 'Fall', '2007', 'D', '638', 'O'),
('242', '1', 'Fall', '2010', 'G', '152', 'J'),
('242', '2', 'Fall', '2001', 'C', '562', 'K'),
('242', '3', 'Spring', '2007', 'C', '562', 'A'),
('246', '1', 'Fall', '2006', 'I', '785', 'K'),
('246', '2', 'Spring', '2003', 'G', '662', 'A'),
('246', '3', 'Fall', '2006', 'B', '873', 'G'),
('249', '1', 'Spring', '2008', 'F', '698', 'F'),
('249', '2', 'Spring', '2002', 'J', '472', 'A'),
('249', '3', 'Fall', '2003', 'B', '873', 'B'),
('257', '1', 'Spring', '2003', 'F', '295', 'L'),
('257', '2', 'Fall', '2003', 'B', '873', 'D'),
('258', '1', 'Fall', '2008', 'D', '638', 'I'),
('258', '2', 'Fall', '2007', 'I', '785', 'B'),
('258', '3', 'Fall', '2006', 'C', '562', 'K'),
('269', '1', 'Spring', '2003', 'G', '662', 'E'),
('269', '2', 'Spring', '2004', 'B', '873', 'I'),
('269', '3', 'Spring', '2009', 'C', '562', 'J'),
('269', '4', 'Fall', '2001', 'G', '152', 'N'),
('269', '5', 'Fall', '2005', 'G', '346', 'D'),
('275', '1', 'Spring', '2005', 'C', '562', 'K'),
('275', '2', 'Fall', '2009', 'G', '152', 'O'),
('275', '3', 'Spring', '2004', 'G', '346', 'O'),
('281', '1', 'Spring', '2009', 'I', '785', 'E'),
('281', '2', 'Spring', '2008', 'B', '873', 'E'),
('281', '3', 'Spring', '2008', 'I', '785', 'G'),
('286', '1', 'Spring', '2006', 'C', '562', 'M'),
('286', '2', 'Spring', '2004', 'G', '346', 'G'),
('286', '3', 'Fall', '2009', 'G', '346', 'C'),
('301', '1', 'Fall', '2007', 'D', '638', 'O'),
('301', '2', 'Spring', '2008', 'B', '873', 'F'),
('301', '3', 'Spring', '2003', 'I', '785', 'F'),
('309', '1', 'Spring', '2010', 'F', '295', 'E'),
('318', '1', 'Spring', '2006', 'G', '662', 'O'),
('318', '2', 'Spring', '2006', 'J', '472', 'B'),
('318', '3', 'Fall', '2008', 'D', '638', 'D'),
('318', '4', 'Spring', '2008', 'D', '638', 'I'),
('318', '5', 'Fall', '2006', 'G', '662', 'E'),
('324', '1', 'Fall', '2001', 'F', '698', 'N'),
('324', '2', 'Fall', '2008', 'I', '785', 'E'),
('326', '1', 'Fall', '2004', 'B', '873', 'C'),
('326', '2', 'Spring', '2004', 'B', '873', 'B'),
('326', '3', 'Fall', '2007', 'F', '295', 'M'),
('326', '4', 'Spring', '2006', 'G', '152', 'G'),
('326', '5', 'Spring', '2005', 'D', '638', 'K'),
('327', '1', 'Fall', '2010', 'I', '785', 'H'),
('339', '1', 'Fall', '2007', 'G', '152', 'N'),
('339', '2', 'Fall', '2003', 'C', '562', 'H'),
('348', '1', 'Fall', '2001', 'C', '562', 'J'),
('350', '1', 'Spring', '2009', 'J', '472', 'G'),
('352', '1', 'Spring', '2009', 'G', '346', 'E'),
('352', '2', 'Spring', '2009', 'J', '472', 'N'),
('352', '3', 'Fall', '2009', 'G', '662', 'A'),
('352', '4', 'Spring', '2010', 'G', '662', 'O'),
('352', '5', 'Spring', '2002', 'G', '662', 'E'),
('359', '1', 'Fall', '2005', 'F', '698', 'B'),
('359', '2', 'Fall', '2006', 'D', '638', 'C'),
('359', '3', 'Fall', '2005', 'G', '346', 'O'),
('360', '1', 'Spring', '2006', 'D', '638', 'A'),
('362', '1', 'Spring', '2001', 'F', '295', 'L'),
('362', '2', 'Fall', '2008', 'D', '638', 'H'),
('362', '3', 'Fall', '2004', 'G', '662', 'G'),
('366', '1', 'Fall', '2007', 'F', '698', 'F'),
('373', '1', 'Spring', '2004', 'D', '638', 'C'),
('373', '2', 'Spring', '2001', 'G', '662', 'P'),
('373', '3', 'Spring', '2003', 'F', '698', 'F'),
('384', '1', 'Fall', '2004', 'F', '295', 'J'),
('393', '1', 'Fall', '2010', 'B', '873', 'J'),
('399', '1', 'Spring', '2002', 'G', '662', 'I'),
('403', '1', 'Spring', '2010', 'F', '295', 'M'),
('404', '1', 'Fall', '2010', 'C', '562', 'J'),
('404', '2', 'Spring', '2005', 'B', '873', 'P'),
('405', '1', 'Spring', '2003', 'C', '562', 'I'),
('405', '2', 'Spring', '2008', 'D', '638', 'B'),
('405', '3', 'Fall', '2001', 'B', '873', 'G'),
('405', '4', 'Spring', '2001', 'J', '472', 'D'),
('405', '5', 'Fall', '2010', 'D', '638', 'A'),
('405', '6', 'Spring', '2007', 'C', '562', 'M'),
('407', '1', 'Spring', '2001', 'B', '873', 'A'),
('410', '1', 'Spring', '2009', 'I', '785', 'J'),
('410', '2', 'Fall', '2009', 'G', '152', 'K'),
('411', '1', 'Spring', '2003', 'B', '873', 'O'),
('411', '2', 'Fall', '2009', 'D', '638', 'D'),
('411', '3', 'Fall', '2010', 'F', '295', 'O'),
('412', '1', 'Fall', '2009', 'F', '295', 'L'),
('413', '1', 'Fall', '2004', 'B', '873', 'N'),
('413', '2', 'Fall', '2009', 'J', '472', 'O'),
('419', '1', 'Fall', '2008', 'F', '295', 'L'),
('420', '1', 'Fall', '2007', 'D', '638', 'K'),
('427', '1', 'Spring', '2006', 'C', '562', 'K'),
('427', '2', 'Fall', '2003', 'F', '295', 'G'),
('428', '1', 'Fall', '2008', 'D', '638', 'F'),
('428', '2', 'Fall', '2003', 'C', '562', 'M'),
('430', '1', 'Fall', '2008', 'D', '638', 'M'),
('430', '2', 'Fall', '2001', 'G', '152', 'D'),
('434', '1', 'Spring', '2004', 'G', '662', 'N'),
('434', '2', 'Spring', '2010', 'C', '562', 'P'),
('444', '1', 'Fall', '2005', 'G', '662', 'C'),
('444', '2', 'Spring', '2009', 'F', '698', 'E'),
('454', '1', 'Spring', '2003', 'G', '346', 'I'),
('454', '2', 'Fall', '2002', 'G', '662', 'L'),
('461', '1', 'Fall', '2005', 'J', '472', 'A'),
('463', '1', 'Fall', '2002', 'C', '562', 'C'),
('463', '2', 'Spring', '2005', 'G', '346', 'G'),
('463', '3', 'Spring', '2001', 'C', '562', 'K'),
('463', '4', 'Fall', '2009', 'G', '662', 'J'),
('464', '1', 'Spring', '2003', 'C', '562', 'P'),
('464', '2', 'Spring', '2002', 'B', '873', 'N'),
('465', '1', 'Spring', '2009', 'G', '152', 'I'),
('467', '1', 'Spring', '2002', 'B', '873', 'B'),
('467', '2', 'Fall', '2009', 'B', '873', 'N'),
('475', '1', 'Fall', '2005', 'G', '152', 'K'),
('475', '2', 'Fall', '2008', 'G', '662', 'A'),
('475', '3', 'Fall', '2009', 'G', '152', 'K'),
('475', '4', 'Spring', '2003', 'G', '346', 'J'),
('479', '1', 'Spring', '2009', 'F', '698', 'O'),
('479', '2', 'Fall', '2002', 'G', '346', 'A'),
('489', '1', 'Spring', '2006', 'C', '562', 'C'),
('489', '2', 'Fall', '2003', 'I', '785', 'F'),
('495', '1', 'Fall', '2009', 'J', '472', 'F'),
('495', '2', 'Spring', '2002', 'B', '873', 'M'),
('495', '3', 'Fall', '2005', 'G', '662', 'C'),
('495', '4', 'Fall', '2005', 'G', '152', 'D'),
('498', '1', 'Fall', '2007', 'J', '472', 'O'),
('501', '1', 'Spring', '2008', 'F', '698', 'L'),
('501', '2', 'Spring', '2005', 'F', '698', 'M'),
('501', '3', 'Spring', '2001', 'G', '662', 'K'),
('506', '1', 'Fall', '2008', 'F', '698', 'C'),
('510', '1', 'Fall', '2002', 'C', '562', 'B'),
('517', '1', 'Fall', '2002', 'F', '698', 'F'),
('517', '2', 'Spring', '2005', 'G', '662', 'O'),
('517', '3', 'Spring', '2001', 'G', '662', 'P'),
('537', '1', 'Fall', '2003', 'I', '785', 'D'),
('537', '2', 'Fall', '2001', 'I', '785', 'B'),
('537', '3', 'Spring', '2003', 'G', '152', 'P'),
('537', '4', 'Spring', '2008', 'B', '873', 'N'),
('537', '5', 'Spring', '2003', 'B', '873', 'B'),
('538', '1', 'Spring', '2004', 'D', '638', 'P'),
('555', '1', 'Fall', '2006', 'C', '562', 'M'),
('555', '2', 'Spring', '2006', 'J', '472', 'J'),
('555', '3', 'Spring', '2001', 'F', '295', 'E'),
('556', '1', 'Fall', '2003', 'F', '295', 'I'),
('556', '2', 'Spring', '2009', 'C', '562', 'I'),
('558', '1', 'Fall', '2005', 'B', '873', 'B'),
('568', '1', 'Spring', '2008', 'G', '662', 'J'),
('577', '1', 'Fall', '2004', 'F', '295', 'N'),
('577', '2', 'Fall', '2010', 'J', '472', 'K'),
('577', '3', 'Spring', '2007', 'F', '698', 'D'),
('578', '1', 'Spring', '2005', 'I', '785', 'G'),
('579', '1', 'Fall', '2009', 'C', '562', 'O'),
('579', '2', 'Fall', '2009', 'F', '698', 'D'),
('579', '3', 'Fall', '2008', 'B', '873', 'J'),
('584', '1', 'Fall', '2009', 'B', '873', 'M'),
('584', '2', 'Spring', '2003', 'I', '785', 'A'),
('584', '3', 'Fall', '2001', 'F', '698', 'F'),
('587', '1', 'Fall', '2009', 'J', '472', 'F'),
('587', '2', 'Fall', '2007', 'G', '662', 'I'),
('590', '1', 'Fall', '2001', 'B', '873', 'N'),
('590', '2', 'Fall', '2003', 'G', '662', 'L'),
('592', '1', 'Spring', '2001', 'C', '562', 'A'),
('609', '1', 'Spring', '2004', 'F', '295', 'N'),
('609', '2', 'Spring', '2005', 'C', '562', 'J'),
('609', '3', 'Spring', '2001', 'G', '346', 'D'),
('609', '4', 'Fall', '2002', 'G', '152', 'D'),
('610', '1', 'Fall', '2005', 'G', '662', 'M'),
('616', '1', 'Fall', '2007', 'G', '662', 'J'),
('616', '2', 'Fall', '2007', 'F', '698', 'J'),
('617', '1', 'Fall', '2007', 'B', '873', 'N'),
('617', '2', 'Fall', '2004', 'G', '662', 'D'),
('617', '3', 'Fall', '2008', 'G', '662', 'F'),
('617', '4', 'Fall', '2004', 'B', '873', 'J'),
('629', '1', 'Spring', '2007', 'F', '698', 'E'),
('646', '1', 'Fall', '2010', 'C', '562', 'O'),
('646', '2', 'Fall', '2008', 'F', '295', 'M'),
('646', '3', 'Fall', '2001', 'B', '873', 'M'),
('655', '1', 'Fall', '2002', 'D', '638', 'M'),
('655', '2', 'Fall', '2002', 'G', '152', 'I'),
('655', '3', 'Fall', '2002', 'G', '662', 'E'),
('655', '4', 'Fall', '2003', 'I', '785', 'N'),
('659', '1', 'Fall', '2008', 'G', '662', 'F'),
('659', '2', 'Fall', '2001', 'B', '873', 'L'),
('659', '3', 'Fall', '2002', 'G', '346', 'C'),
('665', '1', 'Fall', '2005', 'B', '873', 'A'),
('665', '2', 'Spring', '2002', 'F', '295', 'E'),
('669', '1', 'Fall', '2004', 'D', '638', 'A'),
('669', '2', 'Fall', '2004', 'F', '295', 'J'),
('669', '3', 'Spring', '2010', 'C', '562', 'G'),
('675', '1', 'Spring', '2009', 'C', '562', 'I'),
('675', '2', 'Fall', '2003', 'G', '346', 'C'),
('677', '1', 'Spring', '2009', 'G', '152', 'I'),
('678', '1', 'Spring', '2008', 'J', '472', 'H'),
('678', '2', 'Fall', '2008', 'G', '346', 'B'),
('678', '3', 'Spring', '2007', 'J', '472', 'D'),
('681', '1', 'Spring', '2002', 'G', '346', 'P'),
('682', '1', 'Fall', '2008', 'G', '662', 'J'),
('682', '2', 'Spring', '2008', 'B', '873', 'A'),
('688', '1', 'Spring', '2003', 'F', '295', 'J'),
('688', '2', 'Fall', '2003', 'C', '562', 'F'),
('688', '3', 'Spring', '2005', 'J', '472', 'B'),
('688', '4', 'Spring', '2005', 'G', '152', 'F'),
('699', '1', 'Spring', '2006', 'F', '295', 'K'),
('700', '1', 'Spring', '2005', 'J', '472', 'B'),
('700', '2', 'Spring', '2010', 'F', '698', 'I'),
('706', '1', 'Spring', '2007', 'F', '698', 'N'),
('707', '1', 'Spring', '2008', 'G', '346', 'K'),
('708', '1', 'Fall', '2001', 'G', '346', 'M'),
('719', '1', 'Fall', '2002', 'G', '662', 'L'),
('720', '1', 'Spring', '2010', 'G', '346', 'H'),
('720', '2', 'Fall', '2009', 'F', '698', 'G'),
('723', '1', 'Spring', '2001', 'G', '662', 'O'),
('723', '2', 'Fall', '2003', 'G', '346', 'B'),
('726', '1', 'Fall', '2001', 'I', '785', 'M'),
('726', '2', 'Fall', '2004', 'I', '785', 'D'),
('727', '1', 'Spring', '2009', 'I', '785', 'P'),
('727', '2', 'Spring', '2009', 'G', '346', 'B'),
('727', '3', 'Spring', '2003', 'G', '346', 'B'),
('727', '4', 'Fall', '2002', 'C', '562', 'P'),
('735', '1', 'Spring', '2003', 'D', '638', 'F'),
('737', '1', 'Spring', '2009', 'F', '295', 'L'),
('737', '2', 'Fall', '2007', 'C', '562', 'B'),
('737', '3', 'Fall', '2002', 'D', '638', 'D'),
('737', '4', 'Spring', '2003', 'C', '562', 'K'),
('737', '5', 'Fall', '2001', 'D', '638', 'K'),
('744', '1', 'Fall', '2005', 'G', '152', 'E'),
('744', '2', 'Spring', '2001', 'G', '346', 'D'),
('744', '3', 'Fall', '2007', 'I', '785', 'E'),
('746', '1', 'Spring', '2006', 'C', '562', 'B'),
('746', '2', 'Fall', '2006', 'G', '662', 'L'),
('754', '1', 'Fall', '2009', 'C', '562', 'I'),
('754', '2', 'Fall', '2005', 'G', '662', 'N'),
('754', '3', 'Fall', '2008', 'I', '785', 'E'),
('758', '1', 'Fall', '2002', 'G', '662', 'A'),
('758', '2', 'Spring', '2002', 'C', '562', 'N'),
('758', '3', 'Spring', '2004', 'D', '638', 'H'),
('761', '1', 'Fall', '2005', 'B', '873', 'J'),
('766', '1', 'Fall', '2010', 'D', '638', 'M'),
('767', '1', 'Fall', '2005', 'J', '472', 'A'),
('767', '2', 'Spring', '2005', 'F', '295', 'D'),
('767', '3', 'Fall', '2009', 'G', '346', 'I'),
('767', '4', 'Fall', '2007', 'J', '472', 'E'),
('767', '5', 'Fall', '2003', 'F', '698', 'M'),
('777', '1', 'Fall', '2004', 'D', '638', 'E'),
('784', '1', 'Fall', '2005', 'F', '295', 'I'),
('791', '1', 'Fall', '2002', 'G', '152', 'N'),
('791', '2', 'Fall', '2007', 'F', '698', 'P'),
('795', '1', 'Fall', '2008', 'G', '662', 'N'),
('795', '2', 'Spring', '2009', 'G', '662', 'C'),
('795', '3', 'Spring', '2007', 'D', '638', 'K'),
('795', '4', 'Fall', '2004', 'I', '785', 'C'),
('801', '1', 'Spring', '2008', 'G', '152', 'H'),
('801', '2', 'Spring', '2006', 'J', '472', 'M'),
('801', '3', 'Spring', '2002', 'G', '346', 'M'),
('801', '4', 'Spring', '2005', 'G', '152', 'F'),
('808', '1', 'Spring', '2006', 'J', '472', 'K'),
('813', '1', 'Spring', '2002', 'G', '662', 'K'),
('813', '2', 'Spring', '2001', 'I', '785', 'I'),
('813', '3', 'Fall', '2009', 'J', '472', 'D'),
('821', '1', 'Spring', '2005', 'I', '785', 'N'),
('832', '1', 'Fall', '2009', 'F', '698', 'O'),
('832', '2', 'Fall', '2002', 'G', '152', 'G'),
('834', '1', 'Fall', '2001', 'C', '562', 'N'),
('834', '2', 'Spring', '2002', 'G', '152', 'F'),
('835', '1', 'Spring', '2009', 'G', '662', 'L'),
('835', '2', 'Fall', '2009', 'G', '152', 'D'),
('835', '3', 'Spring', '2009', 'J', '472', 'O'),
('835', '4', 'Spring', '2008', 'G', '346', 'D'),
('842', '1', 'Fall', '2002', 'G', '662', 'M'),
('842', '2', 'Spring', '2001', 'C', '562', 'H'),
('842', '3', 'Spring', '2006', 'B', '873', 'C'),
('855', '1', 'Fall', '2003', 'G', '152', 'C'),
('855', '2', 'Spring', '2005', 'I', '785', 'K'),
('855', '3', 'Spring', '2002', 'D', '638', 'N'),
('856', '1', 'Spring', '2006', 'F', '295', 'B'),
('863', '1', 'Spring', '2003', 'G', '346', 'B'),
('863', '2', 'Fall', '2004', 'C', '562', 'P'),
('863', '3', 'Fall', '2001', 'C', '562', 'F'),
('864', '1', 'Fall', '2009', 'G', '152', 'M'),
('864', '2', 'Fall', '2008', 'G', '662', 'C'),
('864', '3', 'Fall', '2003', 'G', '662', 'M'),
('864', '4', 'Spring', '2003', 'D', '638', 'M'),
('866', '1', 'Fall', '2008', 'G', '346', 'C'),
('866', '2', 'Fall', '2007', 'J', '472', 'K'),
('867', '1', 'Spring', '2008', 'I', '785', 'N'),
('876', '1', 'Fall', '2001', 'F', '698', 'H'),
('876', '2', 'Spring', '2007', 'C', '562', 'I'),
('880', '1', 'Fall', '2010', 'G', '152', 'I'),
('888', '1', 'Fall', '2007', 'G', '346', 'B'),
('888', '2', 'Fall', '2006', 'J', '472', 'N'),
('904', '1', 'Fall', '2003', 'D', '638', 'I'),
('904', '2', 'Spring', '2007', 'F', '295', 'J'),
('907', '1', 'Spring', '2006', 'G', '662', 'F'),
('908', '1', 'Spring', '2008', 'F', '295', 'P'),
('908', '2', 'Fall', '2005', 'G', '662', 'G'),
('908', '3', 'Fall', '2006', 'G', '346', 'P'),
('913', '1', 'Fall', '2007', 'J', '472', 'K'),
('913', '2', 'Fall', '2004', 'F', '295', 'D'),
('913', '3', 'Fall', '2008', 'G', '346', 'D'),
('913', '4', 'Spring', '2002', 'F', '698', 'M'),
('915', '1', 'Fall', '2009', 'J', '472', 'H'),
('915', '2', 'Fall', '2009', 'D', '638', 'I'),
('915', '3', 'Fall', '2001', 'G', '662', 'M'),
('917', '1', 'Spring', '2007', 'B', '873', 'B'),
('917', '2', 'Fall', '2010', 'F', '698', 'F'),
('917', '3', 'Spring', '2002', 'D', '638', 'C'),
('921', '1', 'Fall', '2009', 'D', '638', 'I'),
('921', '2', 'Fall', '2001', 'C', '562', 'B'),
('942', '1', 'Fall', '2001', 'I', '785', 'A'),
('942', '2', 'Fall', '2003', 'J', '472', 'B'),
('942', '3', 'Spring', '2010', 'D', '638', 'E'),
('942', '4', 'Spring', '2003', 'G', '346', 'E'),
('943', '1', 'Fall', '2004', 'C', '562', 'J'),
('943', '2', 'Spring', '2010', 'B', '873', 'E'),
('943', '3', 'Spring', '2001', 'F', '295', 'J'),
('949', '1', 'Spring', '2005', 'F', '295', 'B'),
('949', '2', 'Fall', '2005', 'D', '638', 'G'),
('949', '3', 'Spring', '2008', 'F', '295', 'O'),
('949', '4', 'Spring', '2003', 'F', '698', 'A'),
('951', '1', 'Spring', '2007', 'F', '295', 'L'),
('951', '2', 'Fall', '2004', 'F', '698', 'H'),
('951', '3', 'Spring', '2006', 'J', '472', 'D'),
('951', '4', 'Spring', '2005', 'J', '472', 'H'),
('957', '1', 'Fall', '2004', 'G', '346', 'B'),
('960', '1', 'Spring', '2001', 'G', '662', 'E'),
('966', '1', 'Spring', '2010', 'G', '662', 'E'),
('970', '1', 'Spring', '2003', 'I', '785', 'P'),
('970', '2', 'Spring', '2003', 'G', '346', 'P'),
('970', '3', 'Spring', '2009', 'D', '638', 'C'),
('970', '4', 'Spring', '2002', 'D', '638', 'N'),
('970', '5', 'Spring', '2007', 'G', '152', 'G'),
('978', '1', 'Spring', '2010', 'F', '295', 'A'),
('978', '2', 'Spring', '2010', 'D', '638', 'A'),
('978', '3', 'Spring', '2006', 'F', '295', 'B'),
('979', '1', 'Fall', '2002', 'F', '295', 'M'),
('982', '1', 'Spring', '2010', 'J', '472', 'B'),
('982', '2', 'Spring', '2009', 'G', '662', 'C'),
('985', '1', 'Fall', '2004', 'G', '346', 'L'),
('985', '2', 'Fall', '2006', 'C', '562', 'B'),
('985', '3', 'Spring', '2003', 'J', '472', 'N'),
('985', '4', 'Fall', '2009', 'B', '873', 'F'),
('985', '5', 'Fall', '2003', 'F', '295', 'G'),
('993', '1', 'Spring', '2005', 'G', '662', 'I'),
('993', '2', 'Spring', '2007', 'I', '785', 'O');

-- --------------------------------------------------------

--
-- Struktur dari tabel `student`
--

CREATE TABLE `student` (
  `ID` varchar(5) NOT NULL,
  `name` varchar(20) NOT NULL,
  `dept_name` varchar(20) DEFAULT NULL,
  `tot_cred` decimal(3,0) DEFAULT NULL
) ENGINE=InnoDB DEFAULT CHARSET=latin1;

--
-- Dumping data untuk tabel `student`
--

INSERT INTO `student` (`ID`, `name`, `dept_name`, `tot_cred`) VALUES
('10281', 'Ahmad', 'WW', '73'),
('11055', 'rahmat', 'DF', '29'),
('11056', 'Kiki', 'DK', '118'),
('11211', 'Johan', 'WW', '68'),
('11215', 'yuyun', 'HH', '28'),
('11226', 'Ande', 'MT', '79'),
('11273', 'yuyun', 'DE', '71'),
('11286', 'Budi', 'DK', '1'),
('11342', 'Kiki', 'WW', '104'),
('12318', 'Budi', 'DF', '3'),
('12786', 'Johan', 'RQ', '129'),
('12955', 'Adri', 'WW', '29'),
('12987', 'Johan', 'RQ', '35'),
('14144', 'rahmat', 'DE', '8'),
('14266', 'Josu', 'WW', '59'),
('14348', 'Yohan', 'HI', '57'),
('14668', 'Kiki', 'DE', '97'),
('14723', 'Budi', 'HI', '27'),
('14870', 'Josu', 'HH', '81'),
('15039', 'Adri', 'DK', '34'),
('15600', 'Ande', 'WW', '94'),
('1626', 'Ande', 'RR', '4'),
('16804', 'Budi', 'RQ', '104'),
('1704', 'Adri', 'RQ', '90'),
('19331', 'Adri', 'DK', '70'),
('19464', 'Yohan', 'MT', '91'),
('19466', 'Johan', 'WW', '24'),
('19967', 'rahmat', 'HI', '35'),
('2056', 'yuyun', 'DF', '44'),
('21063', 'yuyun', 'MT', '38'),
('21423', 'Adri', 'RR', '51'),
('21980', 'Yohan', 'WW', '35'),
('22070', 'rahmat', 'RR', '1'),
('22103', 'Kiki', 'RQ', '54'),
('22728', 'Kiki', 'DK', '19'),
('2342', 'yuyun', 'DE', '75'),
('23430', 'Yohan', 'HH', '10'),
('24044', 'Ahmad', 'HI', '73'),
('2415', 'rahmat', 'MT', '67'),
('24759', 'Josu', 'HI', '100'),
('24778', 'yuyun', 'RQ', '87'),
('25048', 'Ande', 'RQ', '38'),
('25390', 'Ahmad', 'DF', '45'),
('25598', 'rahmat', 'IF', '5'),
('26117', 'Kiki', 'IF', '24'),
('26238', 'Kiki', 'MT', '124'),
('26461', 'yuyun', 'RQ', '97'),
('26494', 'Ande', 'HI', '78'),
('26524', 'Ande', 'WW', '127'),
('26643', 'Josu', 'RQ', '70'),
('26778', 'Yohan', 'MT', '52'),
('27256', 'yuyun', 'RQ', '24'),
('27325', 'Yohan', 'DE', '92'),
('27744', 'yuyun', 'MT', '18'),
('28150', 'yuyun', 'DE', '95'),
('31120', 'Josu', 'RQ', '27'),
('31572', 'rahmat', 'MT', '28'),
('31811', 'Ahmad', 'RQ', '24'),
('31938', 'Kiki', 'MT', '13'),
('33414', 'Kiki', 'RR', '5'),
('33604', 'yuyun', 'IF', '7'),
('33889', 'Ahmad', 'DK', '10'),
('34253', 'yuyun', 'IF', '118'),
('34463', 'rahmat', 'HH', '58'),
('34853', 'Ande', 'RR', '15'),
('35547', 'Adri', 'DF', '92'),
('36651', 'Yohan', 'IF', '28'),
('37866', 'Yohan', 'DE', '35'),
('37887', 'rahmat', 'DK', '121'),
('38290', 'Josu', 'DF', '54'),
('38542', 'rahmat', 'DF', '1'),
('40256', 'Ande', 'RR', '56'),
('4037', 'Adri', 'HH', '78'),
('41134', 'yuyun', 'MT', '93'),
('41237', 'yuyun', 'DE', '91'),
('41422', 'Yohan', 'MT', '12'),
('43026', 'Ahmad', 'DF', '118'),
('43436', 'rahmat', 'DF', '93'),
('43648', 'Johan', 'MT', '52'),
('44069', 'Budi', 'HI', '31'),
('44694', 'Budi', 'HH', '31'),
('45465', 'rahmat', 'DE', '17'),
('45691', 'Ande', 'HI', '129'),
('47352', 'Josu', 'MT', '95'),
('47356', 'Yohan', 'WW', '92'),
('47425', 'Yohan', 'DE', '13'),
('47596', 'Budi', 'DE', '68'),
('49042', 'rahmat', 'DF', '40'),
('50343', 'rahmat', 'MT', '53'),
('50856', 'Adri', 'DF', '99'),
('51255', 'yuyun', 'DF', '107'),
('51804', 'Budi', 'RR', '9'),
('51894', 'Kiki', 'RR', '85'),
('53234', 'Yohan', 'DE', '110'),
('54323', 'Ande', 'HH', '82'),
('55316', 'Johan', 'WW', '112'),
('55347', 'Josu', 'IF', '103'),
('55768', 'Johan', 'HH', '83'),
('56124', 'Budi', 'MT', '3'),
('56373', 'yuyun', 'IF', '127'),
('56851', 'yuyun', 'IF', '96'),
('56955', 'Johan', 'DF', '42'),
('57463', 'Johan', 'RR', '118'),
('57489', 'Josu', 'HH', '43'),
('57925', 'Johan', 'IF', '16'),
('58525', 'Ahmad', 'DK', '107'),
('58606', 'yuyun', 'HI', '19'),
('58641', 'Ande', 'HI', '31'),
('59314', 'Yohan', 'DF', '45'),
('60052', 'Josu', 'RQ', '106'),
('60971', 'Budi', 'HH', '125'),
('61908', 'Kiki', 'IF', '83'),
('63759', 'Ande', 'DE', '68'),
('64066', 'yuyun', 'HH', '28'),
('6619', 'Kiki', 'RQ', '53'),
('66695', 'Adri', 'IF', '43'),
('66892', 'Josu', 'HI', '83'),
('67031', 'yuyun', 'HH', '114'),
('67206', 'rahmat', 'RR', '52'),
('6761', 'Josu', 'RQ', '20'),
('68267', 'Yohan', 'RQ', '88'),
('692', 'Ande', 'DF', '30'),
('69680', 'Adri', 'DE', '35'),
('69864', 'Adri', 'DE', '112'),
('69893', 'Ahmad', 'HH', '36'),
('69897', 'Budi', 'IF', '117'),
('71065', 'Yohan', 'DF', '100'),
('7223', 'Ande', 'DK', '61'),
('72547', 'Ande', 'DK', '2'),
('72938', 'Josu', 'DF', '6'),
('73575', 'Kiki', 'DK', '119'),
('7398', 'Johan', 'DK', '21'),
('74014', 'Josu', 'MT', '26'),
('74494', 'yuyun', 'HI', '114'),
('74878', 'Adri', 'MT', '13'),
('74929', 'Johan', 'DK', '18'),
('74993', 'rahmat', 'RQ', '99'),
('75382', 'Johan', 'DK', '27'),
('76071', 'Ande', 'RR', '96'),
('76631', 'Adri', 'DE', '94'),
('77225', 'Johan', 'HI', '124'),
('77501', 'Yohan', 'WW', '95'),
('77961', 'Budi', 'RR', '129'),
('78796', 'rahmat', 'RQ', '106'),
('79712', 'Yohan', 'MT', '98'),
('79835', 'Ahmad', 'WW', '26'),
('80304', 'Yohan', 'HH', '48'),
('80779', 'Budi', 'HH', '69'),
('80917', 'Kiki', 'DK', '51'),
('81234', 'Ahmad', 'HH', '51'),
('81261', 'Ahmad', 'MT', '96'),
('82409', 'Ahmad', 'RQ', '118'),
('82871', 'rahmat', 'HH', '3'),
('83706', 'rahmat', 'RQ', '80'),
('83978', 'Ahmad', 'HI', '112'),
('84154', 'Johan', 'MT', '50'),
('8421', 'Ande', 'MT', '78'),
('84661', 'rahmat', 'DF', '126'),
('85118', 'Yohan', 'HH', '86'),
('85575', 'yuyun', 'HH', '47'),
('86045', 'rahmat', 'HI', '62'),
('86193', 'Yohan', 'DE', '107'),
('86858', 'Ahmad', 'DK', '39'),
('87398', 'Kiki', 'IF', '11'),
('87630', 'Adri', 'DK', '53'),
('8872', 'Adri', 'DK', '116'),
('88822', 'Budi', 'MT', '65'),
('88926', 'rahmat', 'IF', '76'),
('89067', 'Ahmad', 'DE', '20'),
('89172', 'yuyun', 'DK', '44'),
('89281', 'Ahmad', 'IF', '31'),
('89617', 'Ande', 'HH', '50'),
('90376', 'Yohan', 'WW', '20'),
('90485', 'yuyun', 'MT', '45'),
('90617', 'rahmat', 'DE', '47'),
('90806', 'Ahmad', 'HH', '82'),
('90894', 'Johan', 'HH', '47'),
('9103', 'Ahmad', 'DE', '18'),
('91394', 'rahmat', 'HH', '109'),
('91426', 'Johan', 'DE', '21'),
('9192', 'Adri', 'MT', '52'),
('92247', 'Adri', 'RR', '44'),
('92307', 'Yohan', 'RR', '78'),
('92807', 'rahmat', 'HH', '88'),
('93050', 'Yohan', 'WW', '114'),
('93157', 'Budi', 'HH', '6'),
('93162', 'Yohan', 'RQ', '122'),
('93593', 'Johan', 'WW', '64'),
('93671', 'Josu', 'HH', '69'),
('93721', 'Ahmad', 'WW', '81'),
('9382', 'Adri', 'DF', '92'),
('94780', 'Yohan', 'MT', '30'),
('95197', 'Ahmad', 'HI', '6'),
('95375', 'yuyun', 'RQ', '12'),
('97048', 'Josu', 'HI', '76'),
('97115', 'Kiki', 'DK', '20'),
('97469', 'Ande', 'IF', '15'),
('99303', 'Johan', 'DF', '3'),
('99431', 'Adri', 'MT', '44'),
('99498', 'Josu', 'DF', '33');

-- --------------------------------------------------------

--
-- Struktur dari tabel `takes`
--

CREATE TABLE `takes` (
  `ID` varchar(5) NOT NULL,
  `course_id` varchar(8) NOT NULL,
  `sec_id` varchar(8) NOT NULL,
  `semester` varchar(6) NOT NULL,
  `year` decimal(4,0) NOT NULL,
  `grade` varchar(2) DEFAULT NULL
) ENGINE=InnoDB DEFAULT CHARSET=latin1;

--
-- Dumping data untuk tabel `takes`
--

INSERT INTO `takes` (`ID`, `course_id`, `sec_id`, `semester`, `year`, `grade`) VALUES
('10281', '517', '2', 'Spring', '2005', 'B-'),
('10281', '609', '4', 'Fall', '2002', 'C-'),
('11055', '269', '1', 'Spring', '2003', 'B+'),
('11055', '324', '2', 'Fall', '2008', 'C '),
('11055', '699', '1', 'Spring', '2006', 'A-'),
('11056', '324', '2', 'Fall', '2008', 'A-'),
('11056', '352', '1', 'Spring', '2009', 'A-'),
('11056', '495', '1', 'Fall', '2009', 'B-'),
('11211', '124', '3', 'Spring', '2007', 'B+'),
('11211', '405', '6', 'Spring', '2007', 'B+'),
('11215', '489', '1', 'Spring', '2006', 'A+'),
('11215', '744', '3', 'Fall', '2007', 'B+'),
('11226', '411', '1', 'Spring', '2003', 'A+'),
('11226', '832', '2', 'Fall', '2002', 'B '),
('11273', '258', '1', 'Fall', '2008', 'C-'),
('11273', '352', '4', 'Spring', '2010', 'A '),
('11273', '646', '1', 'Fall', '2010', 'C-'),
('11286', '727', '3', 'Spring', '2003', 'C '),
('11342', '318', '1', 'Spring', '2006', 'C '),
('11342', '434', '1', 'Spring', '2004', 'A+'),
('11342', '556', '1', 'Fall', '2003', 'C '),
('12318', '352', '1', 'Spring', '2009', 'C+'),
('12318', '537', '1', 'Fall', '2003', 'C+'),
('12318', '629', '1', 'Spring', '2007', 'B-'),
('12318', '727', '2', 'Spring', '2009', 'C-'),
('12318', '855', '1', 'Fall', '2003', 'B '),
('12318', '913', '4', 'Spring', '2002', 'A-'),
('12955', '737', '5', 'Fall', '2001', 'A-'),
('12955', '746', '1', 'Spring', '2006', 'C+'),
('12987', '646', '1', 'Fall', '2010', 'A '),
('14144', '659', '1', 'Fall', '2008', 'B+'),
('14266', '978', '3', 'Spring', '2006', 'C-'),
('14348', '204', '3', 'Fall', '2005', 'A-'),
('14348', '359', '2', 'Fall', '2006', 'A '),
('14668', '393', '1', 'Fall', '2010', 'A '),
('14870', '318', '5', 'Fall', '2006', 'C+'),
('14870', '444', '2', 'Spring', '2009', 'A '),
('14870', '767', '2', 'Spring', '2005', 'C '),
('15039', '737', '3', 'Fall', '2002', 'C+'),
('15039', '767', '5', 'Fall', '2003', 'B-'),
('15600', '767', '5', 'Fall', '2003', 'C-'),
('15600', '863', '2', 'Fall', '2004', 'A-'),
('1626', '578', '1', 'Spring', '2005', 'B-'),
('1626', '655', '1', 'Fall', '2002', 'A+'),
('1626', '688', '4', 'Spring', '2005', 'B+'),
('1626', '982', '2', 'Spring', '2009', 'B+'),
('19331', '669', '2', 'Fall', '2004', 'C-'),
('19331', '835', '2', 'Fall', '2009', 'C-'),
('19331', '842', '3', 'Spring', '2006', 'C '),
('19464', '229', '3', 'Fall', '2006', 'B+'),
('19464', '428', '2', 'Fall', '2003', 'C+'),
('19466', '324', '1', 'Fall', '2001', 'C '),
('19466', '579', '3', 'Fall', '2008', 'B+'),
('19466', '699', '1', 'Spring', '2006', 'B '),
('2056', '194', '2', 'Fall', '2007', 'B '),
('2056', '517', '2', 'Spring', '2005', 'B+'),
('21063', '204', '1', 'Fall', '2009', 'B+'),
('21063', '723', '2', 'Fall', '2003', 'A-'),
('21063', '978', '2', 'Spring', '2010', 'B '),
('21423', '921', '2', 'Fall', '2001', 'C+'),
('22070', '538', '1', 'Spring', '2004', 'C+'),
('22070', '942', '1', 'Fall', '2001', 'B+'),
('22103', '126', '1', 'Spring', '2001', 'A+'),
('22103', '917', '1', 'Spring', '2007', 'C '),
('22103', '943', '1', 'Fall', '2004', 'B-'),
('22728', '229', '2', 'Fall', '2010', 'C-'),
('22728', '754', '2', 'Fall', '2005', 'A-'),
('2342', '479', '2', 'Fall', '2002', 'B-'),
('2342', '682', '2', 'Spring', '2008', 'A-'),
('2342', '737', '2', 'Fall', '2007', 'B '),
('2342', '917', '1', 'Spring', '2007', 'B-'),
('23430', '784', '1', 'Fall', '2005', 'A-'),
('23430', '795', '1', 'Fall', '2008', 'B-'),
('24044', '258', '2', 'Fall', '2007', 'C+'),
('2415', '464', '1', 'Spring', '2003', 'C-'),
('2415', '813', '3', 'Fall', '2009', 'B-'),
('24759', '124', '1', 'Spring', '2001', 'B '),
('24759', '204', '1', 'Fall', '2009', 'B '),
('24759', '249', '3', 'Fall', '2003', 'C '),
('24759', '489', '1', 'Spring', '2006', 'A-'),
('24759', '590', '1', 'Fall', '2001', 'C '),
('24778', '754', '3', 'Fall', '2008', 'B+'),
('24778', '979', '1', 'Fall', '2002', 'A-'),
('25048', '413', '1', 'Fall', '2004', 'B-'),
('25390', '970', '3', 'Spring', '2009', 'A '),
('26117', '249', '3', 'Fall', '2003', 'A-'),
('26117', '359', '1', 'Fall', '2005', 'B+'),
('26238', '111', '1', 'Spring', '2004', 'A-'),
('26238', '241', '1', 'Fall', '2008', 'C-'),
('26238', '737', '5', 'Fall', '2001', 'A '),
('26238', '801', '4', 'Spring', '2005', 'B '),
('26461', '195', '2', 'Spring', '2004', 'A '),
('26461', '223', '2', 'Fall', '2007', 'A '),
('26494', '157', '1', 'Spring', '2004', 'B-'),
('26494', '577', '1', 'Fall', '2004', 'C+'),
('26524', '863', '2', 'Fall', '2004', 'C '),
('27256', '405', '4', 'Spring', '2001', 'A '),
('27256', '498', '1', 'Fall', '2007', 'A+'),
('27325', '951', '4', 'Spring', '2005', 'B-'),
('27744', '141', '1', 'Fall', '2002', 'A-'),
('27744', '723', '1', 'Spring', '2001', 'C+'),
('28150', '109', '1', 'Spring', '2003', 'C+'),
('28150', '384', '1', 'Fall', '2004', 'C '),
('28150', '555', '3', 'Spring', '2001', 'C+'),
('31120', '726', '2', 'Fall', '2004', 'B-'),
('31572', '428', '2', 'Fall', '2003', 'C '),
('31572', '577', '1', 'Fall', '2004', 'C-'),
('31572', '678', '1', 'Spring', '2008', 'A+'),
('31811', '359', '3', 'Fall', '2005', 'B '),
('31811', '558', '1', 'Fall', '2005', 'B+'),
('31811', '942', '3', 'Spring', '2010', 'A '),
('31938', '106', '2', 'Fall', '2005', 'B-'),
('31938', '124', '1', 'Spring', '2001', 'C '),
('31938', '241', '2', 'Fall', '2010', 'C+'),
('33604', '373', '1', 'Spring', '2004', 'C '),
('33604', '373', '3', 'Spring', '2003', 'C+'),
('33604', '688', '1', 'Spring', '2003', 'C-'),
('33604', '978', '3', 'Spring', '2006', 'A+'),
('33889', '584', '3', 'Fall', '2001', 'B-'),
('34253', '318', '2', 'Spring', '2006', 'C+'),
('34463', '195', '1', 'Fall', '2010', 'B+'),
('34463', '558', '1', 'Fall', '2005', 'C+'),
('34463', '867', '1', 'Spring', '2008', 'C '),
('34463', '982', '1', 'Spring', '2010', 'B-'),
('35547', '949', '2', 'Fall', '2005', 'A-'),
('36651', '537', '2', 'Fall', '2001', 'B '),
('37866', '403', '1', 'Spring', '2010', 'A+'),
('37866', '943', '2', 'Spring', '2010', 'A-'),
('37887', '517', '1', 'Fall', '2002', 'A '),
('38290', '412', '1', 'Fall', '2009', 'A '),
('38290', '617', '2', 'Fall', '2004', 'C '),
('38290', '617', '3', 'Fall', '2008', 'C '),
('38290', '678', '3', 'Spring', '2007', 'A+'),
('40256', '761', '1', 'Fall', '2005', 'C+'),
('40256', '908', '2', 'Fall', '2005', 'B-'),
('4037', '970', '2', 'Spring', '2003', 'A '),
('41134', '727', '4', 'Fall', '2002', 'B-'),
('41134', '758', '3', 'Spring', '2004', 'B '),
('41237', '112', '1', 'Fall', '2010', 'C-'),
('41237', '213', '2', 'Spring', '2003', 'A '),
('41422', '555', '3', 'Spring', '2001', 'C-'),
('41422', '669', '2', 'Fall', '2004', 'C '),
('43026', '915', '3', 'Fall', '2001', 'B+'),
('43436', '258', '2', 'Fall', '2007', 'C-'),
('43436', '362', '2', 'Fall', '2008', 'B-'),
('43436', '617', '2', 'Fall', '2004', 'A-'),
('43436', '970', '1', 'Spring', '2003', 'C '),
('43648', '242', '2', 'Fall', '2001', 'B '),
('43648', '501', '1', 'Spring', '2008', 'C+'),
('43648', '876', '2', 'Spring', '2007', 'C-'),
('44069', '737', '3', 'Fall', '2002', 'A '),
('44069', '942', '1', 'Fall', '2001', 'B+'),
('44069', '949', '1', 'Spring', '2005', 'B-'),
('44694', '194', '4', 'Spring', '2003', 'C-'),
('44694', '475', '3', 'Fall', '2009', 'B-'),
('44694', '921', '2', 'Fall', '2001', 'A '),
('45465', '723', '1', 'Spring', '2001', 'A-'),
('45691', '269', '3', 'Spring', '2009', 'C-'),
('45691', '921', '1', 'Fall', '2009', 'A-'),
('47352', '150', '2', 'Spring', '2004', 'A '),
('47356', '405', '5', 'Fall', '2010', 'A '),
('47356', '867', '1', 'Spring', '2008', 'B '),
('47425', '413', '2', 'Fall', '2009', 'C-'),
('47425', '430', '2', 'Fall', '2001', 'A-'),
('47425', '908', '2', 'Fall', '2005', 'A '),
('47596', '246', '1', 'Fall', '2006', 'B '),
('47596', '269', '3', 'Spring', '2009', 'B-'),
('47596', '405', '5', 'Fall', '2010', 'B-'),
('47596', '617', '4', 'Fall', '2004', 'A '),
('47596', '864', '1', 'Fall', '2009', 'A-'),
('49042', '249', '1', 'Spring', '2008', 'C '),
('49042', '943', '3', 'Spring', '2001', 'C-'),
('50343', '832', '2', 'Fall', '2002', 'B+'),
('50856', '195', '2', 'Spring', '2004', 'C '),
('50856', '832', '1', 'Fall', '2009', 'C-'),
('51255', '428', '1', 'Fall', '2008', 'C '),
('51255', '699', '1', 'Spring', '2006', 'A-'),
('51804', '727', '4', 'Fall', '2002', 'B '),
('51804', '866', '1', 'Fall', '2008', 'C-'),
('51894', '454', '2', 'Fall', '2002', 'B '),
('51894', '842', '2', 'Spring', '2001', 'B+'),
('53234', '324', '2', 'Fall', '2008', 'B-'),
('53234', '791', '2', 'Fall', '2007', 'C+'),
('54323', '842', '3', 'Spring', '2006', 'A+'),
('55316', '258', '2', 'Fall', '2007', 'C-'),
('55316', '326', '3', 'Fall', '2007', 'A '),
('55316', '795', '4', 'Fall', '2004', 'A-'),
('55768', '655', '1', 'Fall', '2002', 'C-'),
('55768', '665', '1', 'Fall', '2005', 'C-'),
('56124', '352', '1', 'Spring', '2009', 'B '),
('56373', '510', '1', 'Fall', '2002', 'A '),
('56373', '943', '3', 'Spring', '2001', 'A+'),
('56851', '719', '1', 'Fall', '2002', 'C '),
('56851', '957', '1', 'Fall', '2004', 'A-'),
('56955', '538', '1', 'Spring', '2004', 'A+'),
('56955', '970', '4', 'Spring', '2002', 'B+'),
('57463', '130', '2', 'Fall', '2006', 'A '),
('57463', '258', '3', 'Fall', '2006', 'B+'),
('57463', '352', '3', 'Fall', '2009', 'A+'),
('57463', '373', '1', 'Spring', '2004', 'A '),
('57463', '723', '2', 'Fall', '2003', 'B-'),
('57489', '257', '1', 'Spring', '2003', 'B-'),
('57489', '970', '1', 'Spring', '2003', 'B-'),
('58525', '194', '5', 'Fall', '2004', 'B+'),
('58525', '665', '2', 'Spring', '2002', 'A '),
('58606', '257', '1', 'Spring', '2003', 'C+'),
('58606', '281', '3', 'Spring', '2008', 'B+'),
('58606', '495', '1', 'Fall', '2009', 'C '),
('58641', '269', '5', 'Fall', '2005', 'C '),
('58641', '348', '1', 'Fall', '2001', 'B-'),
('58641', '675', '1', 'Spring', '2009', 'B-'),
('59314', '678', '2', 'Fall', '2008', 'A-'),
('60052', '617', '1', 'Fall', '2007', 'C '),
('60052', '629', '1', 'Spring', '2007', 'B+'),
('60052', '917', '2', 'Fall', '2010', 'C+'),
('60971', '501', '3', 'Spring', '2001', 'A-'),
('61908', '111', '2', 'Fall', '2001', 'A-'),
('61908', '269', '1', 'Spring', '2003', 'C '),
('61908', '908', '1', 'Spring', '2008', 'C-'),
('63759', '195', '2', 'Spring', '2004', 'B+'),
('63759', '646', '2', 'Fall', '2008', 'B+'),
('64066', '915', '3', 'Fall', '2001', 'C-'),
('6619', '286', '2', 'Spring', '2004', 'C '),
('6619', '609', '4', 'Fall', '2002', 'B-'),
('66695', '464', '1', 'Spring', '2003', 'B-'),
('66695', '584', '3', 'Fall', '2001', 'A+'),
('66695', '767', '3', 'Fall', '2009', 'C-'),
('66695', '904', '1', 'Fall', '2003', 'C+'),
('66695', '913', '1', 'Fall', '2007', 'C '),
('66892', '157', '2', 'Spring', '2001', 'A-'),
('66892', '258', '1', 'Fall', '2008', 'C+'),
('66892', '784', '1', 'Fall', '2005', 'C-'),
('67031', '281', '3', 'Spring', '2008', 'B+'),
('67031', '359', '1', 'Fall', '2005', 'B-'),
('67031', '915', '2', 'Fall', '2009', 'C '),
('67206', '489', '2', 'Fall', '2003', 'B+'),
('67206', '737', '4', 'Spring', '2003', 'B-'),
('67206', '767', '4', 'Fall', '2007', 'B-'),
('6761', '258', '2', 'Fall', '2007', 'A+'),
('6761', '537', '1', 'Fall', '2003', 'A '),
('6761', '727', '3', 'Spring', '2003', 'B-'),
('6761', '737', '3', 'Fall', '2002', 'B-'),
('68267', '157', '2', 'Spring', '2001', 'B-'),
('68267', '537', '2', 'Fall', '2001', 'C-'),
('692', '175', '2', 'Spring', '2005', 'C '),
('692', '404', '1', 'Fall', '2010', 'B+'),
('692', '498', '1', 'Fall', '2007', 'B+'),
('692', '791', '2', 'Fall', '2007', 'C+'),
('692', '866', '2', 'Fall', '2007', 'B-'),
('69680', '257', '2', 'Fall', '2003', 'C '),
('69680', '951', '2', 'Fall', '2004', 'C '),
('69864', '242', '2', 'Fall', '2001', 'A-'),
('69864', '655', '3', 'Fall', '2002', 'A '),
('69893', '659', '1', 'Fall', '2008', 'C+'),
('69893', '985', '3', 'Spring', '2003', 'C+'),
('71065', '150', '1', 'Spring', '2008', 'B '),
('71065', '727', '1', 'Spring', '2009', 'A-'),
('7223', '754', '2', 'Fall', '2005', 'B '),
('72547', '688', '1', 'Spring', '2003', 'A+'),
('72547', '726', '2', 'Fall', '2004', 'C-'),
('72938', '707', '1', 'Spring', '2008', 'A+'),
('72938', '727', '4', 'Fall', '2002', 'A+'),
('73575', '258', '1', 'Fall', '2008', 'C+'),
('73575', '399', '1', 'Spring', '2002', 'A-'),
('73575', '675', '1', 'Spring', '2009', 'A '),
('73575', '737', '3', 'Fall', '2002', 'A '),
('74014', '475', '1', 'Fall', '2005', 'B+'),
('74494', '301', '1', 'Fall', '2007', 'B+'),
('74494', '498', '1', 'Fall', '2007', 'C-'),
('74494', '754', '3', 'Fall', '2008', 'A '),
('74878', '269', '3', 'Spring', '2009', 'A+'),
('74878', '579', '1', 'Fall', '2009', 'C+'),
('74878', '746', '1', 'Spring', '2006', 'B-'),
('74993', '501', '2', 'Spring', '2005', 'C-'),
('75382', '269', '5', 'Fall', '2005', 'A-'),
('75382', '629', '1', 'Spring', '2007', 'C+'),
('76071', '114', '1', 'Fall', '2003', 'B+'),
('76071', '269', '2', 'Spring', '2004', 'A '),
('76071', '801', '2', 'Spring', '2006', 'A+'),
('77225', '257', '2', 'Fall', '2003', 'B-'),
('77225', '410', '2', 'Fall', '2009', 'C-'),
('77225', '646', '1', 'Fall', '2010', 'A-'),
('77225', '646', '3', 'Fall', '2001', 'B+'),
('77961', '106', '2', 'Fall', '2005', 'C '),
('77961', '124', '2', 'Spring', '2005', 'A '),
('78796', '577', '2', 'Fall', '2010', 'C-'),
('79835', '111', '2', 'Fall', '2001', 'C+'),
('79835', '196', '1', 'Fall', '2002', 'A '),
('80304', '157', '1', 'Spring', '2004', 'C-'),
('80779', '410', '2', 'Fall', '2009', 'B+'),
('80779', '746', '2', 'Fall', '2006', 'A '),
('80779', '856', '1', 'Spring', '2006', 'C-'),
('80779', '966', '1', 'Spring', '2010', 'B+'),
('80917', '498', '1', 'Fall', '2007', 'A-'),
('80917', '577', '1', 'Fall', '2004', 'B '),
('80917', '655', '3', 'Fall', '2002', 'A '),
('81234', '150', '2', 'Spring', '2004', 'A-'),
('81234', '301', '1', 'Fall', '2007', 'C+'),
('81234', '943', '2', 'Spring', '2010', 'A-'),
('81234', '943', '3', 'Spring', '2001', 'B-'),
('81261', '767', '3', 'Fall', '2009', 'B+'),
('82409', '777', '1', 'Fall', '2004', 'B+'),
('82871', '463', '2', 'Spring', '2005', 'A-'),
('83978', '281', '1', 'Spring', '2009', 'C-'),
('83978', '384', '1', 'Fall', '2004', 'C '),
('83978', '706', '1', 'Spring', '2007', 'B+'),
('83978', '970', '4', 'Spring', '2002', 'B '),
('83978', '978', '1', 'Spring', '2010', 'C-'),
('84154', '726', '2', 'Fall', '2004', 'B '),
('8421', '517', '1', 'Fall', '2002', 'B '),
('8421', '555', '2', 'Spring', '2006', 'B '),
('8421', '682', '2', 'Spring', '2008', 'B-'),
('8421', '949', '2', 'Fall', '2005', 'C '),
('84661', '204', '2', 'Fall', '2005', 'A-'),
('84661', '359', '3', 'Fall', '2005', 'C+'),
('84661', '646', '1', 'Fall', '2010', 'C '),
('85118', '106', '1', 'Spring', '2001', 'A '),
('85118', '326', '3', 'Fall', '2007', 'C+'),
('85118', '405', '4', 'Spring', '2001', 'A '),
('85118', '669', '2', 'Fall', '2004', 'B '),
('85118', '791', '1', 'Fall', '2002', 'A '),
('85575', '186', '1', 'Fall', '2009', 'B-'),
('85575', '699', '1', 'Spring', '2006', 'B-'),
('86045', '350', '1', 'Spring', '2009', 'A+'),
('86045', '434', '2', 'Spring', '2010', 'B+'),
('86045', '951', '1', 'Spring', '2007', 'B+'),
('86045', '957', '1', 'Fall', '2004', 'A '),
('86193', '249', '2', 'Spring', '2002', 'B-'),
('86193', '655', '3', 'Fall', '2002', 'A '),
('86858', '194', '4', 'Spring', '2003', 'B-'),
('87398', '454', '1', 'Spring', '2003', 'C '),
('87630', '362', '2', 'Fall', '2008', 'A '),
('87630', '808', '1', 'Spring', '2006', 'C-'),
('8872', '114', '2', 'Fall', '2004', 'B '),
('8872', '758', '3', 'Spring', '2004', 'C+'),
('88822', '184', '1', 'Fall', '2005', 'C+'),
('88822', '720', '2', 'Fall', '2009', 'C-'),
('88926', '126', '2', 'Spring', '2001', 'B '),
('88926', '501', '3', 'Spring', '2001', 'A '),
('89067', '835', '1', 'Spring', '2009', 'C+'),
('89172', '229', '3', 'Fall', '2006', 'A '),
('89281', '784', '1', 'Fall', '2005', 'A+'),
('89617', '373', '3', 'Spring', '2003', 'C '),
('89617', '584', '1', 'Fall', '2009', 'B '),
('89617', '864', '1', 'Fall', '2009', 'A+'),
('90376', '114', '1', 'Fall', '2003', 'B+'),
('90376', '130', '1', 'Fall', '2002', 'A+'),
('90376', '359', '1', 'Fall', '2005', 'B+'),
('90376', '913', '2', 'Fall', '2004', 'A+'),
('90485', '655', '4', 'Fall', '2003', 'B-'),
('90485', '681', '1', 'Spring', '2002', 'B+'),
('90485', '708', '1', 'Fall', '2001', 'A '),
('90485', '754', '3', 'Fall', '2008', 'C-'),
('90617', '942', '2', 'Fall', '2003', 'C '),
('90806', '241', '3', 'Fall', '2007', 'C-'),
('90894', '213', '1', 'Spring', '2010', 'C '),
('9103', '744', '3', 'Fall', '2007', 'C-'),
('91394', '655', '4', 'Fall', '2003', 'C+'),
('91394', '832', '1', 'Fall', '2009', 'A '),
('91394', '949', '2', 'Fall', '2005', 'B '),
('91426', '467', '2', 'Fall', '2009', 'B '),
('91426', '791', '2', 'Fall', '2007', 'C+'),
('9192', '970', '4', 'Spring', '2002', 'B '),
('92307', '150', '1', 'Spring', '2008', 'B-'),
('92307', '463', '1', 'Fall', '2002', 'A-'),
('92807', '463', '4', 'Fall', '2009', 'A+'),
('92807', '495', '3', 'Fall', '2005', 'B-'),
('92807', '609', '2', 'Spring', '2005', 'B-'),
('92807', '777', '1', 'Fall', '2004', 'A-'),
('92807', '985', '4', 'Fall', '2009', 'A+'),
('93050', '241', '2', 'Fall', '2010', 'B-'),
('93050', '246', '1', 'Fall', '2006', 'C-'),
('93050', '719', '1', 'Fall', '2002', 'A '),
('93157', '616', '2', 'Fall', '2007', 'A '),
('93162', '184', '1', 'Fall', '2005', 'A+'),
('93162', '269', '3', 'Spring', '2009', 'C+'),
('93162', '410', '1', 'Spring', '2009', 'B '),
('93162', '985', '4', 'Fall', '2009', 'C '),
('93593', '194', '1', 'Fall', '2006', 'B-'),
('93593', '463', '1', 'Fall', '2002', 'B '),
('93593', '479', '1', 'Spring', '2009', 'C-'),
('93671', '665', '2', 'Spring', '2002', 'A '),
('93721', '430', '1', 'Fall', '2008', 'B+'),
('9382', '746', '1', 'Spring', '2006', 'B-'),
('94780', '281', '2', 'Spring', '2008', 'B-'),
('95197', '428', '1', 'Fall', '2008', 'A+'),
('95197', '813', '3', 'Fall', '2009', 'B+'),
('95375', '413', '2', 'Fall', '2009', 'B+'),
('97048', '269', '3', 'Spring', '2009', 'B '),
('97048', '318', '2', 'Spring', '2006', 'C+'),
('97048', '405', '2', 'Spring', '2008', 'A-'),
('97048', '970', '1', 'Spring', '2003', 'B-'),
('97115', '646', '2', 'Fall', '2008', 'A '),
('97115', '727', '3', 'Spring', '2003', 'A-'),
('97469', '463', '1', 'Fall', '2002', 'A+'),
('97469', '464', '2', 'Spring', '2002', 'A-'),
('99303', '465', '1', 'Spring', '2009', 'C '),
('99303', '517', '2', 'Spring', '2005', 'C '),
('99498', '240', '1', 'Spring', '2009', 'B-'),
('99498', '801', '4', 'Spring', '2005', 'B ');

-- --------------------------------------------------------

--
-- Struktur dari tabel `teaches`
--

CREATE TABLE `teaches` (
  `ID` varchar(5) NOT NULL,
  `course_id` varchar(8) NOT NULL,
  `sec_id` varchar(8) NOT NULL,
  `semester` varchar(6) NOT NULL,
  `year` decimal(4,0) NOT NULL
) ENGINE=InnoDB DEFAULT CHARSET=latin1;

--
-- Dumping data untuk tabel `teaches`
--

INSERT INTO `teaches` (`ID`, `course_id`, `sec_id`, `semester`, `year`) VALUES
('10022', '842', '2', 'Spring', '2001'),
('11449', '761', '1', 'Fall', '2005'),
('18822', '682', '1', 'Fall', '2008'),
('18822', '855', '2', 'Spring', '2005'),
('21484', '241', '3', 'Fall', '2007'),
('21484', '246', '1', 'Fall', '2006'),
('21484', '464', '1', 'Spring', '2003'),
('21750', '124', '1', 'Spring', '2001'),
('21750', '275', '2', 'Fall', '2009'),
('21750', '275', '3', 'Spring', '2004'),
('21750', '517', '2', 'Spring', '2005'),
('21750', '587', '2', 'Fall', '2007'),
('21750', '616', '1', 'Fall', '2007'),
('21750', '629', '1', 'Spring', '2007'),
('21750', '754', '3', 'Fall', '2008'),
('26045', '134', '2', 'Fall', '2007'),
('28588', '109', '1', 'Spring', '2003'),
('28588', '257', '1', 'Spring', '2003'),
('28588', '257', '2', 'Fall', '2003'),
('28588', '373', '2', 'Spring', '2001'),
('28588', '791', '2', 'Fall', '2007'),
('28588', '795', '1', 'Fall', '2008'),
('28588', '795', '4', 'Fall', '2004'),
('28588', '864', '4', 'Spring', '2003'),
('28588', '960', '1', 'Spring', '2001'),
('29259', '213', '1', 'Spring', '2010'),
('29259', '568', '1', 'Spring', '2008'),
('29259', '616', '2', 'Fall', '2007'),
('30743', '444', '2', 'Spring', '2009'),
('31335', '114', '1', 'Fall', '2003'),
('31335', '555', '1', 'Fall', '2006'),
('31335', '688', '3', 'Spring', '2005'),
('31335', '720', '1', 'Spring', '2010'),
('31335', '735', '1', 'Spring', '2003'),
('31335', '888', '1', 'Fall', '2007'),
('33828', '242', '2', 'Fall', '2001'),
('40293', '196', '2', 'Spring', '2005'),
('40293', '467', '2', 'Fall', '2009'),
('40293', '784', '1', 'Fall', '2005'),
('40293', '808', '1', 'Spring', '2006'),
('40293', '813', '1', 'Spring', '2002'),
('40293', '970', '1', 'Spring', '2003'),
('40293', '970', '2', 'Spring', '2003'),
('40324', '655', '2', 'Fall', '2002'),
('44131', '229', '3', 'Fall', '2006'),
('44131', '230', '1', 'Spring', '2009'),
('44131', '246', '2', 'Spring', '2003'),
('44131', '269', '1', 'Spring', '2003'),
('44131', '269', '4', 'Fall', '2001'),
('44131', '326', '2', 'Spring', '2004'),
('44131', '326', '4', 'Spring', '2006'),
('44131', '708', '1', 'Fall', '2001'),
('44131', '746', '1', 'Spring', '2006'),
('44131', '746', '2', 'Fall', '2006'),
('44131', '832', '1', 'Fall', '2009'),
('44131', '832', '2', 'Fall', '2002'),
('44131', '835', '1', 'Spring', '2009'),
('44131', '835', '4', 'Spring', '2008'),
('44131', '985', '3', 'Spring', '2003'),
('44131', '985', '4', 'Fall', '2009'),
('48877', '194', '1', 'Fall', '2006'),
('48877', '352', '2', 'Spring', '2009'),
('48877', '863', '1', 'Spring', '2003'),
('48877', '863', '2', 'Fall', '2004'),
('50415', '126', '1', 'Spring', '2001'),
('62626', '434', '2', 'Spring', '2010'),
('62626', '454', '1', 'Spring', '2003'),
('62626', '675', '2', 'Fall', '2003'),
('62626', '700', '2', 'Spring', '2010'),
('62626', '758', '3', 'Spring', '2004'),
('62626', '842', '1', 'Fall', '2002'),
('69782', '258', '1', 'Fall', '2008'),
('69782', '258', '2', 'Fall', '2007'),
('69782', '318', '1', 'Spring', '2006'),
('69782', '463', '4', 'Fall', '2009'),
('69782', '646', '1', 'Fall', '2010'),
('69782', '659', '3', 'Fall', '2002'),
('69782', '866', '2', 'Fall', '2007'),
('7403', '249', '2', 'Spring', '2002'),
('7403', '350', '1', 'Spring', '2009'),
('7403', '384', '1', 'Fall', '2004'),
('7403', '537', '3', 'Spring', '2003'),
('7403', '537', '4', 'Spring', '2008'),
('7403', '617', '1', 'Fall', '2007'),
('7403', '727', '3', 'Spring', '2003'),
('78706', '195', '2', 'Spring', '2004'),
('78706', '204', '2', 'Fall', '2005'),
('78706', '286', '3', 'Fall', '2009'),
('78706', '301', '1', 'Fall', '2007'),
('78706', '719', '1', 'Fall', '2002'),
('78706', '723', '1', 'Spring', '2001'),
('78706', '913', '1', 'Fall', '2007'),
('78706', '913', '4', 'Spring', '2002'),
('80760', '495', '3', 'Fall', '2005'),
('83021', '517', '3', 'Spring', '2001'),
('83021', '915', '2', 'Fall', '2009'),
('98753', '157', '1', 'Spring', '2004'),
('98753', '194', '4', 'Spring', '2003'),
('98753', '194', '5', 'Fall', '2004'),
('98753', '352', '5', 'Spring', '2002');

--
-- Indexes for dumped tables
--

--
-- Indeks untuk tabel `advisor`
--
ALTER TABLE `advisor`
  ADD PRIMARY KEY (`s_ID`),
  ADD KEY `i_ID` (`i_ID`);

--
-- Indeks untuk tabel `classroom`
--
ALTER TABLE `classroom`
  ADD PRIMARY KEY (`building`,`room_number`);

--
-- Indeks untuk tabel `course`
--
ALTER TABLE `course`
  ADD PRIMARY KEY (`course_id`),
  ADD KEY `dept_name` (`dept_name`);

--
-- Indeks untuk tabel `department`
--
ALTER TABLE `department`
  ADD PRIMARY KEY (`dept_name`);

--
-- Indeks untuk tabel `instructor`
--
ALTER TABLE `instructor`
  ADD PRIMARY KEY (`ID`),
  ADD KEY `dept_name` (`dept_name`);

--
-- Indeks untuk tabel `prereq`
--
ALTER TABLE `prereq`
  ADD PRIMARY KEY (`course_id`,`prereq_id`),
  ADD KEY `prereq_id` (`prereq_id`);

--
-- Indeks untuk tabel `section`
--
ALTER TABLE `section`
  ADD PRIMARY KEY (`course_id`,`sec_id`,`semester`,`year`),
  ADD KEY `building` (`building`,`room_number`);

--
-- Indeks untuk tabel `student`
--
ALTER TABLE `student`
  ADD PRIMARY KEY (`ID`),
  ADD KEY `dept_name` (`dept_name`,`tot_cred`) USING BTREE;

--
-- Indeks untuk tabel `takes`
--
ALTER TABLE `takes`
  ADD PRIMARY KEY (`ID`,`course_id`,`sec_id`,`semester`,`year`),
  ADD KEY `course_id` (`course_id`,`sec_id`,`semester`,`year`);

--
-- Indeks untuk tabel `teaches`
--
ALTER TABLE `teaches`
  ADD PRIMARY KEY (`ID`,`course_id`,`sec_id`,`semester`,`year`),
  ADD KEY `course_id` (`course_id`,`sec_id`,`semester`,`year`);

--
-- Ketidakleluasaan untuk tabel pelimpahan (Dumped Tables)
--

--
-- Ketidakleluasaan untuk tabel `advisor`
--
ALTER TABLE `advisor`
  ADD CONSTRAINT `advisor_ibfk_1` FOREIGN KEY (`i_ID`) REFERENCES `instructor` (`ID`) ON DELETE SET NULL,
  ADD CONSTRAINT `advisor_ibfk_2` FOREIGN KEY (`s_ID`) REFERENCES `student` (`ID`) ON DELETE CASCADE;

--
-- Ketidakleluasaan untuk tabel `course`
--
ALTER TABLE `course`
  ADD CONSTRAINT `course_ibfk_1` FOREIGN KEY (`dept_name`) REFERENCES `department` (`dept_name`) ON DELETE SET NULL;

--
-- Ketidakleluasaan untuk tabel `instructor`
--
ALTER TABLE `instructor`
  ADD CONSTRAINT `instructor_ibfk_1` FOREIGN KEY (`dept_name`) REFERENCES `department` (`dept_name`) ON DELETE SET NULL;

--
-- Ketidakleluasaan untuk tabel `prereq`
--
ALTER TABLE `prereq`
  ADD CONSTRAINT `prereq_ibfk_1` FOREIGN KEY (`course_id`) REFERENCES `course` (`course_id`) ON DELETE CASCADE,
  ADD CONSTRAINT `prereq_ibfk_2` FOREIGN KEY (`prereq_id`) REFERENCES `course` (`course_id`);

--
-- Ketidakleluasaan untuk tabel `section`
--
ALTER TABLE `section`
  ADD CONSTRAINT `section_ibfk_1` FOREIGN KEY (`course_id`) REFERENCES `course` (`course_id`) ON DELETE CASCADE,
  ADD CONSTRAINT `section_ibfk_2` FOREIGN KEY (`building`,`room_number`) REFERENCES `classroom` (`building`, `room_number`) ON DELETE SET NULL;

--
-- Ketidakleluasaan untuk tabel `student`
--
ALTER TABLE `student`
  ADD CONSTRAINT `student_ibfk_1` FOREIGN KEY (`dept_name`) REFERENCES `department` (`dept_name`) ON DELETE SET NULL;

--
-- Ketidakleluasaan untuk tabel `takes`
--
ALTER TABLE `takes`
  ADD CONSTRAINT `takes_ibfk_1` FOREIGN KEY (`course_id`,`sec_id`,`semester`,`year`) REFERENCES `section` (`course_id`, `sec_id`, `semester`, `year`) ON DELETE CASCADE,
  ADD CONSTRAINT `takes_ibfk_2` FOREIGN KEY (`ID`) REFERENCES `student` (`ID`) ON DELETE CASCADE;

--
-- Ketidakleluasaan untuk tabel `teaches`
--
ALTER TABLE `teaches`
  ADD CONSTRAINT `teaches_ibfk_1` FOREIGN KEY (`course_id`,`sec_id`,`semester`,`year`) REFERENCES `section` (`course_id`, `sec_id`, `semester`, `year`) ON DELETE CASCADE,
  ADD CONSTRAINT `teaches_ibfk_2` FOREIGN KEY (`ID`) REFERENCES `instructor` (`ID`) ON DELETE CASCADE;
COMMIT;

/*!40101 SET CHARACTER_SET_CLIENT=@OLD_CHARACTER_SET_CLIENT */;
/*!40101 SET CHARACTER_SET_RESULTS=@OLD_CHARACTER_SET_RESULTS */;
/*!40101 SET COLLATION_CONNECTION=@OLD_COLLATION_CONNECTION */;
