-- phpMyAdmin SQL Dump
-- version 4.8.5
-- https://www.phpmyadmin.net/
--
-- Host: 127.0.0.1
-- Waktu pembuatan: 22 Des 2019 pada 10.53
-- Versi server: 10.1.38-MariaDB
-- Versi PHP: 7.3.3

SET SQL_MODE = "NO_AUTO_VALUE_ON_ZERO";
SET AUTOCOMMIT = 0;
START TRANSACTION;
SET time_zone = "+00:00";


/*!40101 SET @OLD_CHARACTER_SET_CLIENT=@@CHARACTER_SET_CLIENT */;
/*!40101 SET @OLD_CHARACTER_SET_RESULTS=@@CHARACTER_SET_RESULTS */;
/*!40101 SET @OLD_COLLATION_CONNECTION=@@COLLATION_CONNECTION */;
/*!40101 SET NAMES utf8mb4 */;

--
-- Database: `tuningdatabase3`
--

-- --------------------------------------------------------

--
-- Struktur dari tabel `advisor`
--

CREATE TABLE `advisor` (
  `s_ID` varchar(5) NOT NULL,
  `i_ID` varchar(5) DEFAULT NULL
) ENGINE=InnoDB DEFAULT CHARSET=latin1;

--
-- Dumping data untuk tabel `advisor`
--

INSERT INTO `advisor` (`s_ID`, `i_ID`) VALUES
('12869', '12586'),
('3503', '12586'),
('36412', '12586'),
('37703', '12586'),
('43013', '12586'),
('52936', '12586'),
('69129', '12586'),
('77097', '12586'),
('89412', '12586'),
('95090', '12586'),
('22802', '12825'),
('32948', '12825'),
('34305', '12825'),
('42170', '12825'),
('50290', '12825'),
('58019', '12825'),
('61891', '12825'),
('68315', '12825'),
('78199', '12825'),
('93403', '12825'),
('21799', '17446'),
('3126', '17446'),
('37030', '17446'),
('45324', '17446'),
('48378', '17446'),
('54181', '17446'),
('60913', '17446'),
('85142', '17446'),
('87729', '17446'),
('89227', '17446'),
('89777', '17446'),
('93810', '17446'),
('27781', '20060'),
('31823', '20060'),
('42749', '20060'),
('43528', '20060'),
('54043', '20060'),
('62284', '20060'),
('84499', '20060'),
('85550', '20060'),
('903', '20060'),
('91456', '20060'),
('9755', '20060'),
('14394', '20616'),
('39481', '20616'),
('40568', '20616'),
('40603', '20616'),
('43004', '20616'),
('4816', '20616'),
('52501', '20616'),
('52569', '20616'),
('82356', '20616'),
('20809', '24605'),
('34108', '24605'),
('45575', '24605'),
('5881', '24605'),
('61238', '24605'),
('72510', '24605'),
('72824', '24605'),
('7821', '24605'),
('8224', '24605'),
('21661', '25401'),
('27014', '25401'),
('33149', '25401'),
('39542', '25401'),
('450', '25401'),
('55360', '25401'),
('71284', '25401'),
('83227', '25401'),
('8387', '25401'),
('90030', '25401'),
('90634', '25401'),
('92381', '25401'),
('30184', '25545'),
('31409', '25545'),
('31467', '25545'),
('32024', '25545'),
('33907', '25545'),
('40992', '25545'),
('51403', '25545'),
('59690', '25545'),
('65870', '25545'),
('74104', '25545'),
('88553', '25545'),
('14053', '26581'),
('24214', '26581'),
('35552', '26581'),
('40002', '26581'),
('49441', '26581'),
('60906', '26581'),
('74208', '26581'),
('74641', '26581'),
('80364', '26581'),
('80587', '26581'),
('85384', '26581'),
('93060', '26581'),
('95536', '26581'),
('5595', '28682'),
('67250', '28682'),
('75180', '28682'),
('86458', '28682'),
('14284', '29969'),
('17856', '29969'),
('22303', '29969'),
('45819', '29969'),
('46921', '29969'),
('52028', '29969'),
('56800', '29969'),
('59050', '29969'),
('60536', '29969'),
('65516', '29969'),
('74569', '29969'),
('79791', '29969'),
('84755', '29969'),
('87859', '29969'),
('15086', '32750'),
('19328', '32750'),
('33091', '32750'),
('47428', '32750'),
('81485', '32750'),
('84559', '32750'),
('8965', '32750'),
('23458', '35997'),
('3102', '35997'),
('31279', '35997'),
('44992', '35997'),
('49424', '35997'),
('49438', '35997'),
('51017', '35997'),
('59625', '35997'),
('62055', '35997'),
('67623', '35997'),
('70414', '35997'),
('75507', '35997'),
('77988', '35997'),
('94884', '35997'),
('95604', '35997'),
('10835', '37103'),
('40634', '37103'),
('42433', '37103'),
('46511', '37103'),
('55508', '37103'),
('65404', '37103'),
('67995', '37103'),
('68038', '37103'),
('74022', '37103'),
('98810', '37103'),
('14128', '37402'),
('15318', '37402'),
('16193', '37402'),
('21034', '37402'),
('28339', '37402'),
('46272', '37402'),
('46875', '37402'),
('55706', '37402'),
('58465', '37402'),
('74921', '37402'),
('8585', '37402'),
('88736', '37402'),
('9045', '37402'),
('11674', '37648'),
('15729', '37648'),
('46534', '37648'),
('50052', '37648'),
('55447', '37648'),
('58665', '37648'),
('63707', '37648'),
('79427', '37648'),
('57050', '38424'),
('76153', '38424'),
('7651', '38424'),
('79225', '38424'),
('84992', '38424'),
('9972', '38424'),
('20769', '38813'),
('24109', '38813'),
('25827', '38813'),
('35379', '38813'),
('54739', '38813'),
('64377', '38813'),
('76377', '38813'),
('79796', '38813'),
('84016', '38813'),
('84171', '38813'),
('85055', '38813'),
('91260', '38813'),
('10520', '39143'),
('15987', '39143'),
('20917', '39143'),
('30776', '39143'),
('34677', '39143'),
('59099', '39143'),
('79173', '39143'),
('8273', '39143'),
('86368', '39143'),
('1521', '41264'),
('23096', '41264'),
('32506', '41264'),
('52878', '41264'),
('55433', '41264'),
('56395', '41264'),
('6081', '41264'),
('65089', '41264'),
('83015', '41264'),
('84934', '41264'),
('26065', '44029'),
('35438', '44029'),
('39492', '44029'),
('60389', '44029'),
('78841', '44029'),
('85015', '44029'),
('87819', '44029'),
('89116', '44029'),
('89342', '44029'),
('19615', '46935'),
('23470', '46935'),
('27324', '46935'),
('31452', '46935'),
('38050', '46935'),
('40176', '46935'),
('47100', '46935'),
('56089', '46935'),
('72745', '46935'),
('87704', '46935'),
('12306', '47085'),
('12605', '47085'),
('12775', '47085'),
('14755', '47085'),
('27093', '47085'),
('36008', '47085'),
('4535', '47085'),
('48589', '47085'),
('48631', '47085'),
('49115', '47085'),
('49276', '47085'),
('92150', '47085'),
('27767', '50350'),
('28519', '50350'),
('35930', '50350'),
('38689', '50350'),
('45605', '50350'),
('78728', '50350'),
('28952', '53730'),
('33174', '53730'),
('42182', '53730'),
('62899', '53730'),
('786', '53730'),
('17346', '54180'),
('34054', '54180'),
('34858', '54180'),
('55919', '54180'),
('56367', '54180'),
('62075', '54180'),
('72240', '54180'),
('78262', '54180'),
('14244', '55552'),
('1436', '55552'),
('20091', '55552'),
('28712', '55552'),
('29352', '55552'),
('38506', '55552'),
('4024', '55552'),
('57195', '55552'),
('62333', '55552'),
('70102', '55552'),
('71716', '55552'),
('75219', '55552'),
('86794', '55552'),
('90132', '55552'),
('95743', '55552'),
('1681', '56478'),
('23366', '56478'),
('60013', '56478'),
('60097', '56478'),
('70562', '56478'),
('81926', '56478'),
('13856', '5682'),
('19865', '5682'),
('2481', '5682'),
('45087', '5682'),
('53845', '5682'),
('54135', '5682'),
('54950', '5682'),
('70099', '5682'),
('75755', '5682'),
('821', '5682'),
('99416', '5682'),
('13689', '58805'),
('2438', '58805'),
('24695', '58805'),
('33288', '58805'),
('58797', '58805'),
('6409', '58805'),
('89780', '58805'),
('973', '58805'),
('99961', '58805'),
('14525', '60780'),
('1500', '60780'),
('20931', '60780'),
('24086', '60780'),
('31131', '60780'),
('43065', '60780'),
('73620', '60780'),
('87862', '60780'),
('88635', '60780'),
('89360', '60780'),
('90234', '60780'),
('97583', '60780'),
('99600', '60780'),
('12897', '60894'),
('17236', '60894'),
('26013', '60894'),
('2894', '60894'),
('3943', '60894'),
('59701', '60894'),
('83449', '60894'),
('87684', '60894'),
('93435', '60894'),
('93793', '60894'),
('94788', '60894'),
('99141', '60894'),
('36062', '66565'),
('4167', '66565'),
('55582', '66565'),
('6067', '66565'),
('63968', '66565'),
('7517', '66565'),
('908', '66565'),
('54787', '75272'),
('57227', '75272'),
('58258', '75272'),
('61410', '75272'),
('84892', '75272'),
('91797', '75272'),
('96712', '75272'),
('13392', '75754'),
('18160', '75754'),
('20358', '75754'),
('33407', '75754'),
('34915', '75754'),
('39811', '75754'),
('50975', '75754'),
('63486', '75754'),
('79168', '75754'),
('98258', '75754'),
('19754', '79832'),
('55283', '79832'),
('61903', '79832'),
('64634', '79832'),
('67939', '79832'),
('69953', '79832'),
('80473', '79832'),
('82322', '79832'),
('92908', '79832'),
('9705', '79832'),
('36132', '80152'),
('70359', '80152'),
('79861', '80152'),
('89476', '80152'),
('17210', '86890'),
('19487', '86890'),
('2066', '86890'),
('24915', '86890'),
('27913', '86890'),
('30931', '86890'),
('32293', '86890'),
('48593', '86890'),
('56929', '86890'),
('62300', '86890'),
('72109', '86890'),
('75119', '86890'),
('76195', '86890'),
('87409', '86890'),
('87477', '86890'),
('93500', '86890'),
('96842', '86890'),
('52276', '88239'),
('58488', '88239'),
('62661', '88239'),
('66343', '88239'),
('73447', '88239'),
('30563', '88785'),
('32180', '88785'),
('45139', '88785'),
('46930', '88785'),
('56118', '88785'),
('58895', '88785'),
('62214', '88785'),
('78123', '88785'),
('78434', '88785'),
('94446', '88785'),
('98077', '88785'),
('99298', '88785'),
('10482', '9055'),
('15341', '9055'),
('30211', '9055'),
('35283', '9055'),
('36602', '9055'),
('40194', '9055'),
('42233', '9055'),
('43603', '9055'),
('65251', '9055'),
('68918', '9055'),
('74073', '9055'),
('81013', '9055'),
('98353', '9055'),
('20020', '90619'),
('27139', '90619'),
('55473', '90619'),
('66424', '90619'),
('76201', '90619'),
('94177', '90619'),
('10738', '91919'),
('35620', '91919'),
('42706', '91919'),
('64128', '91919'),
('64215', '91919'),
('67117', '91919'),
('7345', '91919'),
('7671', '91919'),
('77882', '91919'),
('82335', '91919'),
('11529', '92174'),
('17241', '92174'),
('24095', '92174'),
('27186', '92174'),
('27463', '92174'),
('30804', '92174'),
('48699', '92174'),
('6507', '92174'),
('66132', '92174'),
('74652', '92174'),
('80913', '92174'),
('90762', '92174'),
('91916', '92174'),
('92110', '92174'),
('10121', '92643'),
('1311', '92643'),
('13956', '92643'),
('21111', '92643'),
('21165', '92643'),
('2478', '92643'),
('46171', '92643'),
('59379', '92643'),
('69478', '92643'),
('70602', '92643'),
('72550', '92643'),
('83869', '92643'),
('13090', '9306'),
('35750', '9306'),
('3651', '9306'),
('38981', '9306'),
('50147', '9306'),
('54565', '9306'),
('9451', '9306'),
('94887', '9306'),
('14226', '95306'),
('28570', '95306'),
('60506', '95306'),
('66089', '95306'),
('85126', '95306'),
('90205', '95306'),
('13761', '96664'),
('30348', '96664'),
('44076', '96664'),
('46854', '96664'),
('63120', '96664'),
('78175', '96664'),
('96371', '96664'),
('98766', '96664'),
('24185', '96944'),
('28371', '96944'),
('41089', '96944'),
('63346', '96944'),
('63584', '96944'),
('73615', '96944'),
('78402', '96944'),
('81223', '96944'),
('1023', '97689'),
('14434', '97689'),
('18786', '97689'),
('31311', '97689'),
('31830', '97689'),
('3370', '97689'),
('34638', '97689'),
('35444', '97689'),
('38239', '97689'),
('41572', '97689'),
('43635', '97689'),
('48693', '97689'),
('49652', '97689'),
('49791', '97689'),
('54822', '97689'),
('58282', '97689'),
('6145', '97689'),
('75727', '97689'),
('77405', '97689'),
('82856', '97689'),
('89991', '97689'),
('92562', '97689');

-- --------------------------------------------------------

--
-- Struktur dari tabel `classroom`
--

CREATE TABLE `classroom` (
  `building` varchar(15) NOT NULL,
  `room_number` varchar(7) NOT NULL,
  `capacity` decimal(4,0) DEFAULT NULL
) ENGINE=InnoDB DEFAULT CHARSET=latin1;

--
-- Dumping data untuk tabel `classroom`
--

INSERT INTO `classroom` (`building`, `room_number`, `capacity`) VALUES
('C', '207', '125'),
('C', '678', '215'),
('E', '205', '30'),
('E', '215', '70'),
('E', '314', '19'),
('G', '61', '47'),
('G', '636', '78'),
('G', '891', '10'),
('J', '170', '124'),
('J', '177', '82');

-- --------------------------------------------------------

--
-- Struktur dari tabel `course`
--

CREATE TABLE `course` (
  `course_id` varchar(8) NOT NULL,
  `title` varchar(50) DEFAULT NULL,
  `dept_name` varchar(20) DEFAULT NULL,
  `credits` decimal(2,0) DEFAULT NULL
) ENGINE=InnoDB DEFAULT CHARSET=latin1;

--
-- Dumping data untuk tabel `course`
--

INSERT INTO `course` (`course_id`, `title`, `dept_name`, `credits`) VALUES
('104', 'IF3211', 'KL', '4'),
('111', 'IF3031', 'GF', '3'),
('113', 'IF3211', 'ED', '4'),
('114', 'IF3022', 'BN', '4'),
('121', 'IF3333', 'IF', '3'),
('123', 'IF3120', 'EL', '4'),
('127', 'IF3031', 'BN', '4'),
('129', 'IF3031', 'DK', '3'),
('140', 'IF0230', 'DE', '3'),
('150', 'IF3022', 'EL', '4'),
('155', 'IF4041', 'BN', '4'),
('165', 'IF0230', 'ED', '4'),
('167', 'IF3211', 'KL', '3'),
('168', 'IF3022', 'ED', '3'),
('170', 'IF4321', 'MT', '4'),
('173', 'IF4321', 'DE', '4'),
('176', 'IF4041', 'DE', '3'),
('188', 'IF4321', 'BN', '3'),
('189', 'IF4321', 'ED', '3'),
('190', 'IF3120', 'KL', '3'),
('191', 'IF4321', 'DE', '3'),
('197', 'IF4041', 'DK', '3'),
('198', 'IF4321', 'DE', '3'),
('199', 'IF3030', 'DE', '3'),
('203', 'IF4321', 'EL', '3'),
('209', 'IF3211', 'GF', '3'),
('210', 'IF3031', 'IF', '4'),
('211', 'IF3031', 'IF', '4'),
('213', 'IF3031', 'IF', '3'),
('215', 'IF3211', 'GF', '4'),
('222', 'IF5555', 'EL', '3'),
('223', 'IF3333', 'IF', '4'),
('224', 'IF3120', 'MT', '3'),
('231', 'IF3211', 'KL', '4'),
('238', 'IF3120', 'ED', '3'),
('242', 'IF5555', 'EL', '3'),
('244', 'IF5555', 'DK', '4'),
('246', 'IF3022', 'KL', '3'),
('248', 'IF4321', 'DE', '4'),
('250', 'IF4041', 'HH', '4'),
('251', 'IF3333', 'MT', '4'),
('258', 'IF3031', 'ED', '3'),
('272', 'IF3211', 'EL', '3'),
('273', 'IF0230', 'DE', '3'),
('277', 'IF3022', 'GF', '4'),
('282', 'IF3031', 'DE', '4'),
('283', 'IF3120', 'KL', '4'),
('291', 'IF5555', 'IF', '3'),
('292', 'IF4041', 'BN', '3'),
('297', 'IF3030', 'MT', '3'),
('301', 'IF3022', 'BN', '3'),
('302', 'IF3031', 'KL', '3'),
('304', 'IF3120', 'DE', '3'),
('308', 'IF3333', 'ED', '4'),
('310', 'IF4041', 'BN', '4'),
('318', 'IF5555', 'KL', '3'),
('319', 'IF3120', 'MT', '3'),
('320', 'IF3211', 'KL', '4'),
('323', 'IF5555', 'MT', '3'),
('326', 'IF3120', 'DK', '4'),
('327', 'IF4041', 'BN', '4'),
('328', 'IF0230', 'IF', '3'),
('335', 'IF3211', 'IF', '3'),
('338', 'IF4041', 'DE', '3'),
('342', 'IF3022', 'HH', '3'),
('345', 'IF3120', 'DE', '3'),
('348', 'IF0230', 'ED', '4'),
('349', 'IF4041', 'GF', '4'),
('355', 'IF3030', 'GF', '3'),
('357', 'IF0230', 'BN', '3'),
('366', 'IF3031', 'KL', '3'),
('367', 'IF3031', 'IF', '3'),
('374', 'IF3333', 'GF', '3'),
('376', 'IF3120', 'DK', '4'),
('378', 'IF0230', 'EL', '4'),
('386', 'IF3120', 'DK', '3'),
('395', 'IF3030', 'BN', '4'),
('419', 'IF3030', 'ED', '3'),
('423', 'IF3120', 'DE', '4'),
('424', 'IF0230', 'BN', '4'),
('430', 'IF3031', 'KL', '4'),
('441', 'IF4321', 'DE', '3'),
('443', 'IF5555', 'DK', '3'),
('444', 'IF3030', 'EL', '4'),
('447', 'IF3211', 'DK', '4'),
('456', 'IF4321', 'EL', '4'),
('458', 'IF3211', 'DE', '4'),
('459', 'IF4321', 'EL', '3'),
('460', 'IF5555', 'MT', '4'),
('462', 'IF3022', 'HH', '4'),
('468', 'IF0230', 'EL', '3'),
('470', 'IF3030', 'IF', '4'),
('493', 'IF4041', 'DK', '4'),
('503', 'IF5555', 'GF', '4'),
('506', 'IF0230', 'MT', '4'),
('510', 'IF3031', 'GF', '4'),
('511', 'IF3333', 'DE', '3'),
('513', 'IF3031', 'EL', '4'),
('515', 'IF3030', 'DE', '3'),
('525', 'IF3022', 'GF', '3'),
('542', 'IF3333', 'HH', '3'),
('545', 'IF3211', 'DK', '3'),
('549', 'IF3031', 'EL', '3'),
('552', 'IF3211', 'MT', '3'),
('553', 'IF0230', 'IF', '3'),
('570', 'IF3022', 'HH', '4'),
('575', 'IF3333', 'DK', '3'),
('577', 'IF3030', 'IF', '3'),
('581', 'IF3211', 'IF', '3'),
('584', 'IF0230', 'IF', '4'),
('588', 'IF5555', 'ED', '3'),
('589', 'IF4041', 'DK', '3'),
('593', 'IF3030', 'IF', '4'),
('597', 'IF3333', 'DE', '4'),
('598', 'IF3120', 'BN', '3'),
('599', 'IF3120', 'BN', '4'),
('600', 'IF4321', 'IF', '3'),
('603', 'IF3031', 'MT', '3'),
('612', 'IF0230', 'EL', '3'),
('614', 'IF4041', 'HH', '3'),
('620', 'IF3120', 'GF', '4'),
('622', 'IF3211', 'EL', '3'),
('623', 'IF3120', 'ED', '3'),
('625', 'IF3022', 'IF', '4'),
('627', 'IF3031', 'DE', '4'),
('629', 'IF3031', 'MT', '4'),
('643', 'IF3120', 'MT', '4'),
('644', 'IF4321', 'DE', '3'),
('648', 'IF0230', 'HH', '4'),
('649', 'IF3022', 'HH', '4'),
('653', 'IF3031', 'BN', '3'),
('654', 'IF3030', 'BN', '4'),
('673', 'IF3031', 'DE', '3'),
('679', 'IF0230', 'DE', '4'),
('695', 'IF4041', 'IF', '3'),
('696', 'IF3031', 'DK', '4'),
('698', 'IF5555', 'BN', '3'),
('701', 'IF4041', 'MT', '3'),
('705', 'IF5555', 'GF', '3'),
('725', 'IF5555', 'IF', '4'),
('726', 'IF3030', 'EL', '3'),
('733', 'IF3022', 'ED', '3'),
('734', 'IF0230', 'BN', '3'),
('736', 'IF4321', 'EL', '3'),
('740', 'IF3211', 'DK', '4'),
('748', 'IF0230', 'EL', '3'),
('752', 'IF3333', 'BN', '4'),
('757', 'IF4041', 'KL', '4'),
('763', 'IF0230', 'ED', '4'),
('764', 'IF3333', 'DK', '4'),
('767', 'IF5555', 'KL', '3'),
('773', 'IF3022', 'DE', '4'),
('774', 'IF4041', 'DE', '3'),
('777', 'IF3022', 'ED', '4'),
('782', 'IF0230', 'DE', '3'),
('790', 'IF4321', 'HH', '3'),
('795', 'IF3031', 'MT', '4'),
('800', 'IF3031', 'DE', '4'),
('803', 'IF3333', 'KL', '4'),
('811', 'IF3022', 'MT', '3'),
('827', 'IF3120', 'DE', '3'),
('828', 'IF3022', 'DE', '4'),
('840', 'IF4321', 'BN', '4'),
('841', 'IF3031', 'IF', '3'),
('842', 'IF3211', 'EL', '4'),
('844', 'IF3022', 'MT', '4'),
('853', 'IF3022', 'EL', '3'),
('861', 'IF3031', 'MT', '4'),
('869', 'IF4041', 'EL', '3'),
('870', 'IF3030', 'DK', '3'),
('874', 'IF5555', 'MT', '3'),
('879', 'IF3211', 'IF', '4'),
('880', 'IF3211', 'ED', '4'),
('882', 'IF0230', 'MT', '3'),
('890', 'IF3211', 'HH', '4'),
('894', 'IF3031', 'HH', '3'),
('896', 'IF3333', 'ED', '4'),
('897', 'IF5555', 'BN', '4'),
('909', 'IF3211', 'HH', '3'),
('918', 'IF4321', 'IF', '3'),
('923', 'IF3031', 'HH', '4'),
('926', 'IF3022', 'DK', '4'),
('930', 'IF3333', 'BN', '3'),
('932', 'IF4321', 'GF', '3'),
('936', 'IF4321', 'GF', '3'),
('937', 'IF3333', 'DE', '3'),
('947', 'IF3031', 'IF', '4'),
('953', 'IF3031', 'MT', '3'),
('956', 'IF3333', 'HH', '3'),
('957', 'IF3120', 'DE', '3'),
('959', 'IF3031', 'DK', '4'),
('963', 'IF3211', 'ED', '3'),
('964', 'IF3211', 'KL', '3'),
('966', 'IF3031', 'ED', '3'),
('967', 'IF0230', 'MT', '3'),
('974', 'IF3211', 'EL', '4'),
('975', 'IF3022', 'GF', '3'),
('981', 'IF0230', 'DE', '3'),
('984', 'IF3030', 'GF', '4'),
('985', 'IF3022', 'KL', '3');

-- --------------------------------------------------------

--
-- Struktur dari tabel `department`
--

CREATE TABLE `department` (
  `dept_name` varchar(20) NOT NULL,
  `building` varchar(15) DEFAULT NULL,
  `budget` decimal(12,2) DEFAULT NULL
) ENGINE=InnoDB DEFAULT CHARSET=latin1;

--
-- Dumping data untuk tabel `department`
--

INSERT INTO `department` (`dept_name`, `building`, `budget`) VALUES
('BN', 'I', '242091.12'),
('DE', 'G', '75116.08'),
('DK', 'J', '407589.21'),
('ED', 'A', '125164.32'),
('EL', 'A', '423270.64'),
('GF', 'G', '291643.63'),
('HH', 'F', '820569.47'),
('IF', 'B', '745078.41'),
('KL', 'A', '546398.93'),
('MT', 'A', '583778.39');

-- --------------------------------------------------------

--
-- Struktur dari tabel `instructor`
--

CREATE TABLE `instructor` (
  `ID` varchar(5) NOT NULL,
  `name` varchar(20) NOT NULL,
  `dept_name` varchar(20) DEFAULT NULL,
  `salary` decimal(8,2) DEFAULT NULL
) ENGINE=InnoDB DEFAULT CHARSET=latin1;

--
-- Dumping data untuk tabel `instructor`
--

INSERT INTO `instructor` (`ID`, `name`, `dept_name`, `salary`) VALUES
('12586', 'Kiki', 'GF', '110694.03'),
('12825', 'Budi', 'EL', '71753.23'),
('17446', 'Ande', 'DE', '71765.20'),
('20060', 'Ahmad', 'EL', '33666.02'),
('20616', 'yuyun', 'GF', '115293.75'),
('24605', 'Ande', 'BN', '88022.65'),
('25401', 'Budi', 'MT', '128628.62'),
('25545', 'Johan', 'GF', '78501.53'),
('26581', 'Ande', 'GF', '108987.14'),
('28682', 'yuyun', 'HH', '82898.33'),
('29969', 'Ahmad', 'IF', '31075.24'),
('32750', 'Johan', 'DK', '83679.23'),
('35997', 'Yohan', 'HH', '52541.52'),
('37103', 'Ahmad', 'DK', '99850.04'),
('37402', 'Johan', 'HH', '124550.35'),
('37648', 'yuyun', 'DE', '52173.07'),
('38424', 'Kiki', 'MT', '67944.31'),
('38813', 'rahmat', 'KL', '62684.61'),
('39143', 'Johan', 'BN', '118053.36'),
('41264', 'rahmat', 'ED', '29084.62'),
('44029', 'Johan', 'KL', '75539.88'),
('46935', 'Budi', 'EL', '51122.77'),
('47085', 'Adri', 'KL', '75715.55'),
('50350', 'Adri', 'EL', '85183.50'),
('53730', 'Ande', 'KL', '118396.52'),
('54180', 'Johan', 'DE', '105374.16'),
('55552', 'yuyun', 'HH', '49167.13'),
('56478', 'Josu', 'KL', '41771.21'),
('5682', 'Budi', 'MT', '120677.93'),
('58805', 'Johan', 'GF', '36210.64'),
('60780', 'Adri', 'KL', '118997.88'),
('60894', 'Ande', 'EL', '56651.45'),
('66565', 'Ande', 'IF', '98569.18'),
('75272', 'Kiki', 'HH', '52074.77'),
('75754', 'Adri', 'DK', '74702.14'),
('79832', 'Josu', 'KL', '92720.07'),
('80152', 'Budi', 'MT', '96811.11'),
('86890', 'Yohan', 'DE', '111581.85'),
('88239', 'Adri', 'DK', '76224.46'),
('88785', 'rahmat', 'IF', '88045.62'),
('9055', 'Kiki', 'EL', '75665.56'),
('90619', 'Kiki', 'MT', '56381.75'),
('91919', 'Josu', 'EL', '108259.94'),
('92174', 'Budi', 'EL', '84301.82'),
('92643', 'Budi', 'MT', '49170.00'),
('9306', 'Johan', 'HH', '123978.75'),
('95306', 'Josu', 'DK', '95567.07'),
('96664', 'Yohan', 'BN', '118030.87'),
('96944', 'Adri', 'BN', '58163.55'),
('97689', 'yuyun', 'KL', '33079.81');

-- --------------------------------------------------------

--
-- Struktur dari tabel `prereq`
--

CREATE TABLE `prereq` (
  `course_id` varchar(8) NOT NULL,
  `prereq_id` varchar(8) NOT NULL
) ENGINE=InnoDB DEFAULT CHARSET=latin1;

--
-- Dumping data untuk tabel `prereq`
--

INSERT INTO `prereq` (`course_id`, `prereq_id`) VALUES
('104', '695'),
('111', '395'),
('111', '811'),
('123', '462'),
('127', '918'),
('129', '378'),
('155', '774'),
('167', '238'),
('173', '447'),
('176', '277'),
('190', '327'),
('190', '890'),
('197', '841'),
('211', '355'),
('211', '460'),
('213', '310'),
('215', '870'),
('238', '121'),
('238', '366'),
('250', '570'),
('250', '882'),
('272', '168'),
('283', '909'),
('291', '250'),
('302', '870'),
('304', '974'),
('310', '328'),
('318', '456'),
('318', '782'),
('320', '127'),
('320', '673'),
('335', '223'),
('357', '198'),
('366', '222'),
('374', '272'),
('378', '367'),
('395', '553'),
('395', '926'),
('444', '679'),
('447', '348'),
('462', '625'),
('506', '320'),
('510', '575'),
('542', '320'),
('542', '967'),
('549', '698'),
('549', '842'),
('570', '223'),
('570', '870'),
('570', '879'),
('588', '326'),
('612', '570'),
('612', '874'),
('612', '957'),
('643', '673'),
('644', '273'),
('653', '456'),
('653', '698'),
('654', '199'),
('695', '423'),
('696', '140'),
('696', '167'),
('696', '600'),
('734', '127'),
('734', '726'),
('736', '861'),
('757', '964'),
('763', '423'),
('767', '246'),
('774', '328'),
('774', '349'),
('774', '957'),
('782', '443'),
('782', '603'),
('782', '870'),
('790', '198'),
('800', '114'),
('827', '121'),
('828', '880'),
('841', '510'),
('844', '277'),
('844', '782'),
('861', '327'),
('869', '366'),
('870', '627'),
('870', '695'),
('896', '698'),
('896', '752'),
('909', '248'),
('909', '338'),
('923', '121'),
('936', '553'),
('947', '790'),
('956', '456'),
('963', '959'),
('964', '513'),
('974', '342'),
('974', '726'),
('981', '198'),
('985', '188');

-- --------------------------------------------------------

--
-- Struktur dari tabel `section`
--

CREATE TABLE `section` (
  `course_id` varchar(8) NOT NULL,
  `sec_id` varchar(8) NOT NULL,
  `semester` varchar(6) NOT NULL,
  `year` decimal(4,0) NOT NULL,
  `building` varchar(15) DEFAULT NULL,
  `room_number` varchar(7) DEFAULT NULL,
  `time_slot_id` varchar(4) DEFAULT NULL
) ENGINE=InnoDB DEFAULT CHARSET=latin1;

--
-- Dumping data untuk tabel `section`
--

INSERT INTO `section` (`course_id`, `sec_id`, `semester`, `year`, `building`, `room_number`, `time_slot_id`) VALUES
('104', '1', 'Fall', '2007', 'E', '314', 'N'),
('104', '2', 'Spring', '2003', 'J', '177', 'L'),
('104', '3', 'Fall', '2009', 'E', '215', 'C'),
('104', '4', 'Spring', '2003', 'C', '678', 'E'),
('104', '5', 'Fall', '2009', 'C', '207', 'L'),
('104', '6', 'Fall', '2003', 'J', '170', 'B'),
('104', '7', 'Spring', '2003', 'E', '215', 'O'),
('111', '1', 'Fall', '2002', 'G', '891', 'K'),
('111', '2', 'Spring', '2009', 'E', '314', 'O'),
('111', '3', 'Spring', '2006', 'C', '678', 'B'),
('111', '4', 'Spring', '2009', 'E', '314', 'C'),
('113', '1', 'Spring', '2004', 'E', '205', 'E'),
('113', '2', 'Spring', '2006', 'E', '314', 'B'),
('113', '3', 'Fall', '2003', 'C', '207', 'B'),
('113', '4', 'Fall', '2008', 'C', '207', 'K'),
('113', '5', 'Spring', '2002', 'J', '170', 'A'),
('113', '6', 'Spring', '2010', 'E', '215', 'I'),
('114', '1', 'Fall', '2005', 'G', '636', 'E'),
('114', '2', 'Fall', '2009', 'E', '215', 'K'),
('114', '3', 'Spring', '2009', 'G', '891', 'M'),
('114', '4', 'Fall', '2009', 'G', '636', 'A'),
('121', '1', 'Fall', '2007', 'E', '215', 'C'),
('123', '1', 'Fall', '2004', 'C', '207', 'J'),
('123', '2', 'Fall', '2009', 'E', '215', 'H'),
('127', '1', 'Spring', '2005', 'J', '177', 'I'),
('127', '2', 'Spring', '2004', 'E', '205', 'D'),
('127', '3', 'Fall', '2003', 'G', '61', 'D'),
('127', '4', 'Fall', '2010', 'J', '170', 'H'),
('129', '1', 'Spring', '2001', 'J', '170', 'F'),
('129', '2', 'Fall', '2004', 'E', '314', 'M'),
('129', '3', 'Fall', '2006', 'G', '61', 'K'),
('129', '4', 'Spring', '2001', 'E', '215', 'B'),
('129', '5', 'Spring', '2002', 'J', '177', 'N'),
('129', '6', 'Spring', '2008', 'G', '891', 'P'),
('129', '7', 'Fall', '2006', 'J', '170', 'L'),
('140', '1', 'Fall', '2001', 'C', '678', 'K'),
('140', '2', 'Fall', '2003', 'G', '61', 'C'),
('140', '3', 'Spring', '2002', 'C', '207', 'J'),
('140', '4', 'Spring', '2006', 'G', '636', 'E'),
('140', '5', 'Spring', '2005', 'G', '61', 'I'),
('140', '6', 'Fall', '2001', 'G', '636', 'C'),
('150', '1', 'Fall', '2002', 'G', '636', 'J'),
('150', '2', 'Fall', '2010', 'G', '636', 'L'),
('150', '3', 'Spring', '2007', 'G', '891', 'E'),
('150', '4', 'Fall', '2001', 'J', '177', 'J'),
('150', '5', 'Fall', '2002', 'G', '61', 'A'),
('150', '6', 'Spring', '2001', 'E', '215', 'O'),
('150', '7', 'Fall', '2007', 'G', '636', 'E'),
('150', '8', 'Spring', '2010', 'E', '215', 'D'),
('155', '1', 'Spring', '2010', 'E', '314', 'P'),
('165', '1', 'Spring', '2008', 'E', '205', 'G'),
('165', '2', 'Spring', '2005', 'C', '207', 'O'),
('165', '3', 'Spring', '2010', 'E', '215', 'O'),
('165', '4', 'Fall', '2004', 'C', '207', 'I'),
('165', '5', 'Spring', '2003', 'J', '177', 'N'),
('167', '1', 'Fall', '2001', 'C', '207', 'C'),
('167', '2', 'Fall', '2007', 'E', '215', 'H'),
('167', '3', 'Spring', '2010', 'E', '215', 'E'),
('167', '4', 'Spring', '2006', 'C', '207', 'A'),
('168', '1', 'Spring', '2007', 'E', '205', 'B'),
('170', '1', 'Spring', '2005', 'C', '207', 'A'),
('170', '2', 'Spring', '2009', 'E', '205', 'E'),
('170', '3', 'Fall', '2007', 'J', '177', 'M'),
('170', '4', 'Spring', '2001', 'G', '636', 'I'),
('170', '5', 'Fall', '2009', 'C', '207', 'C'),
('173', '1', 'Fall', '2006', 'J', '177', 'B'),
('173', '2', 'Fall', '2002', 'E', '314', 'A'),
('173', '3', 'Fall', '2005', 'E', '205', 'F'),
('173', '4', 'Spring', '2004', 'C', '678', 'F'),
('173', '5', 'Fall', '2006', 'G', '61', 'M'),
('176', '1', 'Fall', '2002', 'J', '170', 'N'),
('176', '2', 'Spring', '2007', 'E', '205', 'F'),
('176', '3', 'Spring', '2003', 'E', '205', 'A'),
('176', '4', 'Spring', '2008', 'G', '61', 'J'),
('188', '1', 'Spring', '2008', 'E', '205', 'C'),
('188', '2', 'Fall', '2001', 'C', '678', 'A'),
('188', '3', 'Spring', '2002', 'E', '215', 'L'),
('189', '1', 'Spring', '2001', 'G', '636', 'A'),
('189', '2', 'Fall', '2004', 'E', '205', 'A'),
('189', '3', 'Fall', '2002', 'G', '891', 'C'),
('189', '4', 'Fall', '2002', 'E', '205', 'G'),
('189', '5', 'Spring', '2010', 'E', '205', 'H'),
('189', '6', 'Fall', '2009', 'E', '205', 'N'),
('190', '1', 'Spring', '2002', 'E', '215', 'A'),
('190', '2', 'Fall', '2008', 'C', '678', 'B'),
('190', '3', 'Fall', '2007', 'J', '177', 'P'),
('190', '4', 'Fall', '2008', 'G', '636', 'O'),
('190', '5', 'Fall', '2006', 'E', '215', 'I'),
('191', '1', 'Spring', '2006', 'G', '891', 'M'),
('191', '2', 'Spring', '2005', 'J', '177', 'K'),
('191', '3', 'Spring', '2002', 'C', '678', 'L'),
('191', '4', 'Fall', '2004', 'G', '891', 'C'),
('191', '5', 'Fall', '2003', 'J', '177', 'L'),
('191', '6', 'Fall', '2006', 'G', '61', 'A'),
('197', '1', 'Fall', '2009', 'J', '177', 'M'),
('198', '1', 'Spring', '2010', 'G', '891', 'N'),
('198', '2', 'Spring', '2002', 'E', '205', 'L'),
('198', '3', 'Fall', '2001', 'G', '636', 'D'),
('198', '4', 'Fall', '2009', 'J', '170', 'M'),
('198', '5', 'Fall', '2010', 'G', '636', 'K'),
('199', '1', 'Spring', '2001', 'G', '61', 'F'),
('199', '2', 'Fall', '2003', 'J', '170', 'O'),
('199', '3', 'Spring', '2005', 'G', '636', 'L'),
('199', '4', 'Fall', '2006', 'E', '314', 'L'),
('199', '5', 'Fall', '2001', 'C', '207', 'K'),
('203', '1', 'Spring', '2001', 'G', '636', 'M'),
('203', '2', 'Spring', '2007', 'C', '678', 'N'),
('203', '3', 'Spring', '2007', 'C', '207', 'A'),
('203', '4', 'Spring', '2009', 'G', '891', 'N'),
('203', '5', 'Fall', '2008', 'G', '891', 'H'),
('203', '6', 'Spring', '2010', 'E', '314', 'I'),
('209', '1', 'Fall', '2004', 'C', '207', 'G'),
('209', '2', 'Spring', '2007', 'E', '205', 'E'),
('209', '3', 'Fall', '2006', 'C', '678', 'F'),
('209', '4', 'Fall', '2010', 'G', '636', 'K'),
('209', '5', 'Fall', '2003', 'E', '205', 'C'),
('209', '6', 'Fall', '2001', 'J', '177', 'L'),
('210', '1', 'Fall', '2006', 'C', '678', 'C'),
('210', '2', 'Spring', '2009', 'E', '215', 'B'),
('210', '3', 'Spring', '2005', 'C', '678', 'J'),
('210', '4', 'Fall', '2001', 'E', '215', 'M'),
('210', '5', 'Fall', '2006', 'E', '205', 'D'),
('211', '1', 'Spring', '2006', 'J', '170', 'C'),
('211', '2', 'Fall', '2009', 'G', '61', 'B'),
('211', '3', 'Fall', '2007', 'G', '61', 'M'),
('213', '1', 'Spring', '2003', 'J', '177', 'C'),
('213', '2', 'Spring', '2010', 'E', '215', 'C'),
('213', '3', 'Fall', '2007', 'G', '61', 'M'),
('213', '4', 'Spring', '2002', 'E', '314', 'D'),
('215', '1', 'Fall', '2004', 'E', '215', 'N'),
('215', '2', 'Fall', '2009', 'J', '177', 'J'),
('215', '3', 'Fall', '2010', 'G', '61', 'L'),
('215', '4', 'Spring', '2010', 'E', '215', 'M'),
('215', '5', 'Spring', '2004', 'E', '205', 'D'),
('215', '6', 'Fall', '2002', 'C', '678', 'O'),
('222', '1', 'Spring', '2005', 'E', '215', 'F'),
('222', '2', 'Fall', '2002', 'G', '61', 'D'),
('222', '3', 'Spring', '2001', 'J', '177', 'J'),
('222', '4', 'Spring', '2010', 'G', '636', 'B'),
('222', '5', 'Spring', '2010', 'G', '636', 'E'),
('222', '6', 'Spring', '2006', 'C', '678', 'G'),
('222', '7', 'Spring', '2008', 'E', '215', 'M'),
('223', '1', 'Spring', '2003', 'G', '636', 'F'),
('223', '2', 'Spring', '2002', 'G', '61', 'C'),
('223', '3', 'Fall', '2010', 'E', '215', 'N'),
('223', '4', 'Fall', '2004', 'G', '61', 'A'),
('224', '1', 'Fall', '2009', 'C', '207', 'J'),
('224', '2', 'Spring', '2003', 'G', '636', 'I'),
('224', '3', 'Spring', '2003', 'E', '205', 'N'),
('224', '4', 'Spring', '2004', 'C', '207', 'P'),
('224', '5', 'Spring', '2006', 'G', '891', 'I'),
('231', '1', 'Spring', '2008', 'J', '170', 'F'),
('231', '2', 'Fall', '2002', 'G', '636', 'G'),
('231', '3', 'Spring', '2009', 'G', '891', 'K'),
('231', '4', 'Spring', '2002', 'E', '314', 'E'),
('238', '1', 'Fall', '2009', 'G', '891', 'L'),
('238', '2', 'Fall', '2004', 'E', '215', 'N'),
('242', '1', 'Fall', '2006', 'C', '678', 'B'),
('242', '10', 'Fall', '2002', 'G', '636', 'G'),
('242', '11', 'Fall', '2001', 'G', '891', 'N'),
('242', '12', 'Fall', '2005', 'E', '215', 'F'),
('242', '2', 'Fall', '2002', 'E', '314', 'A'),
('242', '3', 'Spring', '2001', 'C', '678', 'H'),
('242', '4', 'Fall', '2004', 'C', '207', 'H'),
('242', '5', 'Fall', '2010', 'E', '314', 'K'),
('242', '6', 'Fall', '2006', 'J', '170', 'O'),
('242', '7', 'Fall', '2003', 'J', '177', 'A'),
('242', '8', 'Fall', '2003', 'G', '891', 'F'),
('242', '9', 'Spring', '2001', 'J', '170', 'E'),
('244', '1', 'Spring', '2005', 'G', '61', 'I'),
('244', '2', 'Spring', '2010', 'E', '215', 'K'),
('244', '3', 'Fall', '2010', 'G', '61', 'O'),
('244', '4', 'Spring', '2004', 'J', '170', 'G'),
('244', '5', 'Spring', '2007', 'J', '177', 'C'),
('244', '6', 'Spring', '2004', 'G', '61', 'N'),
('244', '7', 'Fall', '2008', 'G', '61', 'P'),
('246', '1', 'Spring', '2007', 'G', '61', 'N'),
('246', '2', 'Fall', '2006', 'J', '177', 'N'),
('246', '3', 'Fall', '2009', 'E', '215', 'P'),
('248', '1', 'Spring', '2009', 'J', '170', 'D'),
('248', '2', 'Fall', '2010', 'E', '205', 'O'),
('250', '1', 'Fall', '2001', 'G', '891', 'G'),
('250', '2', 'Fall', '2003', 'E', '215', 'J'),
('250', '3', 'Spring', '2005', 'E', '205', 'N'),
('250', '4', 'Fall', '2008', 'C', '207', 'D'),
('250', '5', 'Spring', '2001', 'C', '207', 'B'),
('250', '6', 'Fall', '2004', 'G', '891', 'E'),
('251', '1', 'Fall', '2006', 'C', '207', 'J'),
('251', '2', 'Spring', '2003', 'J', '177', 'F'),
('251', '3', 'Spring', '2007', 'J', '170', 'E'),
('258', '1', 'Spring', '2002', 'E', '314', 'G'),
('258', '2', 'Spring', '2003', 'G', '61', 'I'),
('258', '3', 'Fall', '2002', 'G', '61', 'M'),
('258', '4', 'Spring', '2004', 'C', '678', 'F'),
('258', '5', 'Fall', '2008', 'E', '215', 'G'),
('272', '1', 'Spring', '2001', 'C', '678', 'P'),
('272', '2', 'Fall', '2008', 'C', '207', 'O'),
('272', '3', 'Spring', '2006', 'G', '61', 'D'),
('272', '4', 'Fall', '2007', 'G', '636', 'M'),
('272', '5', 'Spring', '2001', 'E', '205', 'O'),
('272', '6', 'Spring', '2008', 'E', '205', 'D'),
('273', '1', 'Spring', '2004', 'E', '215', 'N'),
('273', '10', 'Spring', '2008', 'E', '215', 'G'),
('273', '11', 'Spring', '2001', 'E', '314', 'B'),
('273', '2', 'Spring', '2008', 'J', '170', 'M'),
('273', '3', 'Spring', '2008', 'E', '215', 'C'),
('273', '4', 'Fall', '2007', 'J', '177', 'G'),
('273', '5', 'Fall', '2004', 'G', '891', 'H'),
('273', '6', 'Fall', '2004', 'E', '314', 'C'),
('273', '7', 'Fall', '2008', 'C', '678', 'K'),
('273', '8', 'Fall', '2001', 'G', '61', 'E'),
('273', '9', 'Fall', '2009', 'G', '636', 'M'),
('277', '1', 'Fall', '2010', 'G', '61', 'I'),
('277', '2', 'Fall', '2003', 'C', '207', 'E'),
('277', '3', 'Fall', '2003', 'E', '314', 'N'),
('282', '1', 'Spring', '2001', 'G', '891', 'H'),
('282', '2', 'Fall', '2002', 'C', '678', 'B'),
('282', '3', 'Fall', '2006', 'G', '61', 'N'),
('282', '4', 'Spring', '2004', 'G', '636', 'F'),
('282', '5', 'Fall', '2002', 'E', '215', 'M'),
('282', '6', 'Spring', '2002', 'E', '205', 'H'),
('283', '1', 'Fall', '2004', 'E', '314', 'C'),
('291', '1', 'Fall', '2009', 'E', '314', 'D'),
('291', '2', 'Fall', '2008', 'C', '207', 'F'),
('291', '3', 'Spring', '2008', 'G', '891', 'F'),
('291', '4', 'Fall', '2001', 'J', '177', 'H'),
('292', '1', 'Fall', '2008', 'E', '205', 'C'),
('292', '2', 'Fall', '2006', 'J', '177', 'C'),
('292', '3', 'Spring', '2003', 'G', '891', 'B'),
('297', '1', 'Fall', '2007', 'E', '205', 'G'),
('297', '2', 'Fall', '2006', 'E', '314', 'K'),
('297', '3', 'Fall', '2008', 'C', '207', 'K'),
('297', '4', 'Fall', '2008', 'J', '177', 'B'),
('297', '5', 'Spring', '2002', 'G', '891', 'B'),
('297', '6', 'Spring', '2002', 'G', '891', 'K'),
('297', '7', 'Spring', '2004', 'E', '215', 'D'),
('297', '8', 'Fall', '2003', 'E', '215', 'I'),
('301', '1', 'Fall', '2009', 'G', '891', 'J'),
('301', '2', 'Fall', '2008', 'G', '891', 'C'),
('301', '3', 'Fall', '2007', 'E', '314', 'D'),
('301', '4', 'Fall', '2005', 'J', '177', 'D'),
('302', '1', 'Spring', '2009', 'J', '177', 'K'),
('304', '1', 'Fall', '2009', 'C', '678', 'D'),
('304', '2', 'Fall', '2005', 'C', '207', 'A'),
('304', '3', 'Spring', '2007', 'C', '207', 'H'),
('304', '4', 'Fall', '2009', 'E', '215', 'D'),
('304', '5', 'Spring', '2004', 'G', '636', 'I'),
('304', '6', 'Spring', '2004', 'E', '215', 'J'),
('304', '7', 'Spring', '2004', 'C', '678', 'I'),
('308', '1', 'Fall', '2003', 'E', '215', 'J'),
('308', '2', 'Spring', '2004', 'E', '215', 'E'),
('308', '3', 'Spring', '2002', 'G', '636', 'B'),
('308', '4', 'Spring', '2007', 'G', '636', 'O'),
('308', '5', 'Fall', '2002', 'E', '215', 'B'),
('308', '6', 'Spring', '2003', 'C', '678', 'B'),
('308', '7', 'Fall', '2008', 'J', '177', 'D'),
('310', '1', 'Spring', '2007', 'G', '61', 'K'),
('310', '2', 'Spring', '2004', 'G', '61', 'N'),
('310', '3', 'Fall', '2010', 'E', '314', 'E'),
('318', '1', 'Fall', '2008', 'G', '891', 'N'),
('318', '2', 'Spring', '2001', 'J', '170', 'D'),
('318', '3', 'Spring', '2004', 'E', '215', 'D'),
('318', '4', 'Fall', '2006', 'C', '678', 'J'),
('319', '1', 'Spring', '2001', 'E', '205', 'I'),
('319', '2', 'Fall', '2009', 'G', '61', 'J'),
('319', '3', 'Fall', '2004', 'C', '678', 'B'),
('319', '4', 'Spring', '2001', 'E', '215', 'D'),
('319', '5', 'Fall', '2005', 'E', '205', 'F'),
('319', '6', 'Fall', '2002', 'G', '891', 'C'),
('319', '7', 'Fall', '2006', 'G', '61', 'K'),
('319', '8', 'Fall', '2006', 'G', '61', 'G'),
('320', '1', 'Fall', '2008', 'E', '314', 'M'),
('320', '2', 'Spring', '2002', 'G', '891', 'P'),
('320', '3', 'Spring', '2002', 'E', '314', 'A'),
('320', '4', 'Fall', '2001', 'J', '170', 'F'),
('320', '5', 'Spring', '2001', 'G', '61', 'K'),
('320', '6', 'Fall', '2002', 'C', '678', 'C'),
('323', '1', 'Fall', '2010', 'G', '636', 'N'),
('323', '2', 'Spring', '2005', 'G', '891', 'D'),
('323', '3', 'Spring', '2007', 'J', '170', 'B'),
('323', '4', 'Spring', '2005', 'G', '61', 'L'),
('326', '1', 'Fall', '2009', 'E', '215', 'I'),
('326', '2', 'Spring', '2002', 'J', '177', 'O'),
('326', '3', 'Spring', '2009', 'C', '678', 'H'),
('326', '4', 'Fall', '2005', 'J', '177', 'C'),
('326', '5', 'Spring', '2005', 'J', '177', 'M'),
('327', '1', 'Spring', '2001', 'J', '177', 'D'),
('327', '2', 'Spring', '2004', 'G', '891', 'C'),
('328', '1', 'Spring', '2006', 'G', '636', 'G'),
('328', '2', 'Spring', '2005', 'J', '170', 'J'),
('328', '3', 'Fall', '2009', 'J', '177', 'H'),
('335', '1', 'Fall', '2002', 'G', '891', 'N'),
('335', '2', 'Fall', '2001', 'G', '61', 'N'),
('335', '3', 'Spring', '2004', 'C', '207', 'C'),
('335', '4', 'Spring', '2010', 'E', '314', 'H'),
('335', '5', 'Spring', '2003', 'G', '636', 'P'),
('338', '1', 'Fall', '2007', 'J', '177', 'H'),
('338', '2', 'Spring', '2006', 'E', '205', 'C'),
('342', '1', 'Spring', '2002', 'G', '636', 'N'),
('342', '2', 'Fall', '2003', 'G', '61', 'M'),
('342', '3', 'Spring', '2001', 'G', '61', 'O'),
('342', '4', 'Fall', '2010', 'E', '215', 'C'),
('342', '5', 'Fall', '2003', 'E', '215', 'M'),
('345', '1', 'Spring', '2005', 'J', '177', 'L'),
('345', '2', 'Spring', '2007', 'J', '170', 'A'),
('345', '3', 'Spring', '2006', 'G', '61', 'A'),
('345', '4', 'Spring', '2004', 'C', '207', 'C'),
('345', '5', 'Fall', '2005', 'J', '177', 'F'),
('345', '6', 'Fall', '2010', 'E', '215', 'N'),
('348', '1', 'Fall', '2005', 'G', '891', 'C'),
('348', '2', 'Fall', '2004', 'E', '215', 'L'),
('348', '3', 'Fall', '2005', 'J', '177', 'N'),
('348', '4', 'Fall', '2008', 'J', '177', 'I'),
('348', '5', 'Spring', '2008', 'G', '636', 'G'),
('348', '6', 'Spring', '2010', 'E', '314', 'P'),
('348', '7', 'Fall', '2002', 'E', '314', 'O'),
('348', '8', 'Spring', '2004', 'J', '177', 'I'),
('348', '9', 'Spring', '2006', 'E', '314', 'H'),
('349', '1', 'Fall', '2005', 'G', '891', 'N'),
('349', '2', 'Spring', '2001', 'G', '891', 'B'),
('349', '3', 'Spring', '2007', 'G', '61', 'C'),
('349', '4', 'Fall', '2002', 'E', '314', 'F'),
('349', '5', 'Fall', '2009', 'C', '207', 'J'),
('349', '6', 'Spring', '2001', 'G', '61', 'F'),
('355', '1', 'Spring', '2002', 'G', '891', 'F'),
('355', '2', 'Spring', '2006', 'G', '636', 'L'),
('355', '3', 'Spring', '2005', 'C', '678', 'M'),
('355', '4', 'Fall', '2006', 'J', '170', 'N'),
('355', '5', 'Spring', '2005', 'E', '215', 'F'),
('355', '6', 'Spring', '2009', 'G', '636', 'D'),
('355', '7', 'Spring', '2005', 'G', '891', 'J'),
('357', '1', 'Fall', '2007', 'E', '314', 'B'),
('357', '10', 'Spring', '2002', 'E', '314', 'O'),
('357', '11', 'Fall', '2008', 'G', '891', 'P'),
('357', '12', 'Spring', '2006', 'J', '177', 'C'),
('357', '2', 'Fall', '2002', 'G', '891', 'E'),
('357', '3', 'Spring', '2008', 'C', '207', 'E'),
('357', '4', 'Spring', '2010', 'C', '678', 'D'),
('357', '5', 'Spring', '2005', 'C', '207', 'N'),
('357', '6', 'Spring', '2009', 'J', '177', 'N'),
('357', '7', 'Fall', '2010', 'C', '207', 'O'),
('357', '8', 'Spring', '2001', 'G', '891', 'M'),
('357', '9', 'Spring', '2002', 'E', '314', 'O'),
('366', '1', 'Fall', '2010', 'C', '207', 'J'),
('366', '2', 'Fall', '2004', 'C', '678', 'F'),
('366', '3', 'Spring', '2001', 'C', '678', 'L'),
('366', '4', 'Spring', '2008', 'G', '891', 'I'),
('366', '5', 'Fall', '2001', 'E', '215', 'L'),
('366', '6', 'Fall', '2005', 'E', '205', 'J'),
('367', '1', 'Spring', '2007', 'G', '61', 'P'),
('367', '2', 'Fall', '2003', 'E', '314', 'H'),
('367', '3', 'Spring', '2001', 'C', '207', 'F'),
('367', '4', 'Spring', '2005', 'G', '61', 'E'),
('374', '1', 'Spring', '2005', 'C', '678', 'B'),
('374', '2', 'Fall', '2009', 'E', '314', 'I'),
('374', '3', 'Spring', '2002', 'C', '207', 'B'),
('374', '4', 'Spring', '2002', 'J', '170', 'E'),
('374', '5', 'Spring', '2006', 'C', '678', 'K'),
('374', '6', 'Spring', '2009', 'J', '170', 'E'),
('374', '7', 'Spring', '2003', 'J', '177', 'E'),
('374', '8', 'Fall', '2001', 'J', '177', 'F'),
('376', '1', 'Fall', '2005', 'G', '61', 'G'),
('376', '2', 'Spring', '2002', 'E', '215', 'B'),
('376', '3', 'Fall', '2004', 'G', '61', 'E'),
('376', '4', 'Fall', '2010', 'C', '207', 'I'),
('376', '5', 'Spring', '2005', 'C', '207', 'C'),
('376', '6', 'Fall', '2005', 'E', '205', 'H'),
('376', '7', 'Fall', '2003', 'C', '678', 'L'),
('378', '1', 'Spring', '2009', 'J', '170', 'N'),
('378', '2', 'Spring', '2004', 'G', '636', 'E'),
('378', '3', 'Fall', '2007', 'E', '314', 'D'),
('386', '1', 'Spring', '2009', 'G', '61', 'K'),
('386', '2', 'Fall', '2010', 'G', '61', 'K'),
('386', '3', 'Spring', '2010', 'E', '215', 'M'),
('395', '1', 'Spring', '2006', 'G', '636', 'M'),
('395', '2', 'Spring', '2003', 'E', '314', 'I'),
('395', '3', 'Fall', '2008', 'E', '215', 'A'),
('395', '4', 'Spring', '2006', 'G', '61', 'J'),
('395', '5', 'Spring', '2003', 'J', '177', 'F'),
('395', '6', 'Spring', '2009', 'G', '61', 'E'),
('395', '7', 'Fall', '2010', 'G', '636', 'O'),
('395', '8', 'Spring', '2010', 'J', '170', 'C'),
('419', '1', 'Spring', '2001', 'C', '678', 'N'),
('419', '2', 'Spring', '2010', 'G', '891', 'K'),
('419', '3', 'Fall', '2008', 'C', '678', 'A'),
('419', '4', 'Spring', '2001', 'E', '215', 'D'),
('419', '5', 'Fall', '2003', 'J', '170', 'H'),
('419', '6', 'Spring', '2008', 'C', '207', 'M'),
('423', '1', 'Spring', '2002', 'G', '61', 'B'),
('423', '2', 'Spring', '2002', 'E', '314', 'H'),
('423', '3', 'Spring', '2004', 'J', '177', 'M'),
('423', '4', 'Fall', '2003', 'J', '177', 'A'),
('423', '5', 'Fall', '2007', 'G', '61', 'N'),
('424', '1', 'Spring', '2002', 'E', '215', 'G'),
('424', '2', 'Fall', '2010', 'J', '177', 'M'),
('424', '3', 'Fall', '2004', 'G', '891', 'D'),
('424', '4', 'Fall', '2001', 'E', '314', 'C'),
('424', '5', 'Fall', '2003', 'J', '170', 'G'),
('430', '1', 'Spring', '2001', 'G', '61', 'C'),
('430', '2', 'Fall', '2008', 'J', '170', 'L'),
('430', '3', 'Fall', '2010', 'E', '205', 'K'),
('430', '4', 'Spring', '2003', 'C', '207', 'H'),
('430', '5', 'Spring', '2006', 'G', '61', 'O'),
('441', '1', 'Spring', '2002', 'E', '205', 'M'),
('441', '2', 'Spring', '2003', 'G', '636', 'B'),
('441', '3', 'Spring', '2004', 'G', '61', 'A'),
('441', '4', 'Spring', '2004', 'E', '215', 'N'),
('441', '5', 'Spring', '2003', 'C', '207', 'J'),
('443', '1', 'Fall', '2010', 'E', '215', 'K'),
('443', '2', 'Spring', '2006', 'G', '636', 'I'),
('443', '3', 'Spring', '2007', 'G', '61', 'I'),
('443', '4', 'Fall', '2005', 'C', '207', 'J'),
('444', '1', 'Fall', '2003', 'E', '205', 'P'),
('444', '2', 'Spring', '2003', 'E', '314', 'J'),
('447', '1', 'Spring', '2006', 'C', '207', 'M'),
('447', '10', 'Fall', '2006', 'E', '215', 'I'),
('447', '2', 'Fall', '2002', 'E', '314', 'O'),
('447', '3', 'Spring', '2003', 'C', '207', 'C'),
('447', '4', 'Spring', '2007', 'C', '678', 'P'),
('447', '5', 'Spring', '2002', 'G', '891', 'E'),
('447', '6', 'Spring', '2010', 'C', '678', 'O'),
('447', '7', 'Fall', '2007', 'J', '170', 'O'),
('447', '8', 'Spring', '2003', 'C', '207', 'D'),
('447', '9', 'Fall', '2004', 'E', '205', 'K'),
('456', '1', 'Fall', '2010', 'G', '891', 'F'),
('456', '2', 'Spring', '2003', 'G', '636', 'F'),
('456', '3', 'Fall', '2007', 'E', '205', 'E'),
('456', '4', 'Spring', '2005', 'E', '205', 'O'),
('458', '1', 'Fall', '2002', 'G', '61', 'P'),
('458', '2', 'Fall', '2008', 'G', '891', 'G'),
('458', '3', 'Spring', '2005', 'E', '205', 'J'),
('458', '4', 'Fall', '2005', 'E', '215', 'M'),
('458', '5', 'Spring', '2003', 'E', '205', 'I'),
('458', '6', 'Spring', '2010', 'C', '678', 'H'),
('458', '7', 'Spring', '2008', 'C', '678', 'G'),
('458', '8', 'Fall', '2002', 'C', '207', 'M'),
('459', '1', 'Fall', '2005', 'G', '636', 'H'),
('459', '2', 'Spring', '2010', 'E', '314', 'O'),
('459', '3', 'Spring', '2006', 'E', '215', 'N'),
('459', '4', 'Spring', '2006', 'G', '61', 'F'),
('460', '1', 'Spring', '2006', 'J', '177', 'H'),
('460', '2', 'Fall', '2004', 'G', '61', 'E'),
('460', '3', 'Spring', '2004', 'G', '891', 'F'),
('462', '1', 'Fall', '2003', 'G', '891', 'E'),
('462', '2', 'Spring', '2001', 'G', '61', 'B'),
('462', '3', 'Fall', '2010', 'E', '215', 'H'),
('462', '4', 'Fall', '2005', 'E', '314', 'C'),
('468', '1', 'Fall', '2002', 'G', '61', 'B'),
('468', '2', 'Fall', '2005', 'E', '205', 'E'),
('468', '3', 'Spring', '2003', 'E', '215', 'G'),
('468', '4', 'Spring', '2010', 'E', '215', 'I'),
('468', '5', 'Fall', '2003', 'E', '314', 'N'),
('470', '1', 'Spring', '2010', 'G', '891', 'C'),
('470', '2', 'Spring', '2003', 'J', '177', 'M'),
('470', '3', 'Fall', '2009', 'G', '61', 'J'),
('470', '4', 'Spring', '2006', 'G', '61', 'C'),
('470', '5', 'Fall', '2007', 'C', '207', 'B'),
('470', '6', 'Spring', '2009', 'E', '215', 'C'),
('493', '1', 'Fall', '2008', 'C', '207', 'O'),
('493', '2', 'Fall', '2005', 'J', '177', 'A'),
('503', '1', 'Fall', '2005', 'E', '215', 'F'),
('503', '2', 'Spring', '2008', 'E', '205', 'O'),
('503', '3', 'Spring', '2001', 'C', '207', 'D'),
('503', '4', 'Spring', '2001', 'G', '891', 'I'),
('503', '5', 'Fall', '2006', 'C', '207', 'L'),
('506', '1', 'Spring', '2006', 'E', '314', 'G'),
('506', '2', 'Fall', '2006', 'E', '205', 'G'),
('506', '3', 'Fall', '2002', 'J', '177', 'F'),
('510', '1', 'Spring', '2005', 'E', '205', 'A'),
('510', '2', 'Spring', '2007', 'C', '207', 'C'),
('510', '3', 'Spring', '2004', 'G', '61', 'F'),
('510', '4', 'Fall', '2001', 'E', '314', 'G'),
('510', '5', 'Fall', '2003', 'G', '636', 'C'),
('511', '1', 'Fall', '2007', 'G', '636', 'B'),
('511', '2', 'Fall', '2009', 'G', '891', 'L'),
('511', '3', 'Fall', '2007', 'G', '891', 'F'),
('511', '4', 'Fall', '2010', 'E', '205', 'G'),
('511', '5', 'Spring', '2008', 'C', '678', 'F'),
('511', '6', 'Fall', '2001', 'E', '215', 'D'),
('511', '7', 'Spring', '2005', 'J', '177', 'A'),
('511', '8', 'Spring', '2007', 'E', '215', 'K'),
('513', '1', 'Spring', '2010', 'G', '636', 'F'),
('513', '2', 'Fall', '2010', 'C', '678', 'O'),
('513', '3', 'Fall', '2001', 'E', '205', 'G'),
('513', '4', 'Spring', '2006', 'E', '215', 'I'),
('513', '5', 'Spring', '2007', 'E', '205', 'K'),
('515', '1', 'Spring', '2004', 'J', '170', 'C'),
('515', '2', 'Spring', '2001', 'E', '215', 'G'),
('515', '3', 'Fall', '2010', 'J', '170', 'L'),
('515', '4', 'Spring', '2004', 'E', '205', 'I'),
('515', '5', 'Spring', '2004', 'J', '177', 'P'),
('525', '1', 'Spring', '2003', 'G', '636', 'C'),
('525', '2', 'Spring', '2008', 'J', '177', 'N'),
('525', '3', 'Fall', '2001', 'G', '61', 'C'),
('525', '4', 'Spring', '2010', 'E', '215', 'D'),
('542', '1', 'Spring', '2002', 'E', '205', 'L'),
('542', '2', 'Spring', '2008', 'E', '314', 'L'),
('542', '3', 'Fall', '2004', 'E', '314', 'M'),
('542', '4', 'Fall', '2003', 'J', '177', 'C'),
('545', '1', 'Fall', '2010', 'G', '61', 'J'),
('545', '10', 'Spring', '2007', 'J', '170', 'G'),
('545', '11', 'Fall', '2004', 'J', '177', 'H'),
('545', '12', 'Spring', '2005', 'E', '314', 'F'),
('545', '2', 'Spring', '2006', 'C', '207', 'P'),
('545', '3', 'Spring', '2004', 'E', '314', 'L'),
('545', '4', 'Fall', '2002', 'G', '891', 'N'),
('545', '5', 'Fall', '2008', 'C', '207', 'B'),
('545', '6', 'Spring', '2010', 'E', '215', 'H'),
('545', '7', 'Fall', '2004', 'J', '170', 'N'),
('545', '8', 'Spring', '2003', 'J', '170', 'O'),
('545', '9', 'Spring', '2007', 'C', '678', 'O'),
('549', '1', 'Spring', '2004', 'J', '170', 'P'),
('549', '2', 'Fall', '2002', 'J', '177', 'B'),
('549', '3', 'Spring', '2001', 'J', '170', 'J'),
('549', '4', 'Spring', '2004', 'C', '207', 'I'),
('552', '1', 'Spring', '2007', 'G', '636', 'E'),
('552', '2', 'Spring', '2004', 'C', '678', 'N'),
('552', '3', 'Spring', '2008', 'G', '61', 'I'),
('552', '4', 'Fall', '2010', 'E', '314', 'B'),
('552', '5', 'Spring', '2007', 'G', '891', 'P'),
('552', '6', 'Spring', '2002', 'G', '61', 'I'),
('553', '1', 'Fall', '2001', 'J', '177', 'C'),
('553', '2', 'Fall', '2003', 'J', '177', 'K'),
('553', '3', 'Fall', '2003', 'G', '61', 'H'),
('553', '4', 'Fall', '2005', 'G', '636', 'H'),
('553', '5', 'Fall', '2007', 'G', '636', 'F'),
('570', '1', 'Fall', '2005', 'C', '207', 'L'),
('570', '2', 'Fall', '2006', 'G', '61', 'C'),
('570', '3', 'Spring', '2001', 'E', '215', 'M'),
('570', '4', 'Fall', '2008', 'G', '636', 'L'),
('575', '1', 'Fall', '2010', 'G', '891', 'K'),
('575', '2', 'Spring', '2002', 'J', '170', 'O'),
('577', '1', 'Fall', '2009', 'E', '205', 'P'),
('577', '2', 'Fall', '2003', 'C', '678', 'K'),
('577', '3', 'Fall', '2002', 'C', '207', 'C'),
('577', '4', 'Spring', '2001', 'G', '636', 'B'),
('581', '1', 'Spring', '2010', 'J', '177', 'P'),
('581', '2', 'Spring', '2005', 'J', '177', 'M'),
('581', '3', 'Spring', '2006', 'E', '205', 'J'),
('581', '4', 'Fall', '2003', 'C', '207', 'E'),
('584', '1', 'Spring', '2007', 'C', '207', 'J'),
('584', '2', 'Fall', '2007', 'G', '636', 'F'),
('584', '3', 'Fall', '2009', 'E', '205', 'C'),
('584', '4', 'Spring', '2004', 'J', '170', 'D'),
('584', '5', 'Spring', '2003', 'J', '177', 'I'),
('588', '1', 'Fall', '2008', 'J', '177', 'K'),
('588', '2', 'Spring', '2001', 'E', '314', 'M'),
('588', '3', 'Fall', '2005', 'C', '678', 'J'),
('588', '4', 'Spring', '2008', 'G', '61', 'H'),
('588', '5', 'Spring', '2003', 'E', '314', 'L'),
('589', '1', 'Fall', '2009', 'E', '215', 'O'),
('589', '2', 'Fall', '2005', 'C', '207', 'F'),
('589', '3', 'Fall', '2003', 'E', '205', 'C'),
('589', '4', 'Fall', '2009', 'G', '891', 'O'),
('593', '1', 'Spring', '2002', 'G', '891', 'E'),
('593', '2', 'Spring', '2005', 'J', '177', 'N'),
('597', '1', 'Spring', '2007', 'E', '205', 'N'),
('598', '1', 'Fall', '2009', 'G', '61', 'H'),
('598', '2', 'Spring', '2010', 'C', '207', 'B'),
('598', '3', 'Spring', '2006', 'C', '678', 'C'),
('598', '4', 'Fall', '2010', 'E', '314', 'H'),
('599', '1', 'Fall', '2009', 'E', '314', 'P'),
('599', '2', 'Fall', '2008', 'J', '177', 'C'),
('599', '3', 'Spring', '2008', 'J', '177', 'H'),
('600', '1', 'Spring', '2007', 'G', '891', 'C'),
('600', '2', 'Fall', '2004', 'C', '678', 'G'),
('600', '3', 'Fall', '2003', 'G', '61', 'K'),
('600', '4', 'Fall', '2008', 'C', '678', 'O'),
('600', '5', 'Fall', '2004', 'E', '215', 'G'),
('600', '6', 'Fall', '2009', 'E', '314', 'F'),
('600', '7', 'Fall', '2003', 'G', '636', 'G'),
('603', '1', 'Spring', '2009', 'J', '177', 'E'),
('603', '2', 'Spring', '2004', 'J', '170', 'N'),
('603', '3', 'Spring', '2001', 'G', '61', 'F'),
('603', '4', 'Fall', '2009', 'G', '891', 'P'),
('603', '5', 'Spring', '2002', 'C', '678', 'P'),
('603', '6', 'Spring', '2001', 'G', '636', 'G'),
('603', '7', 'Spring', '2003', 'E', '314', 'J'),
('612', '1', 'Fall', '2009', 'J', '177', 'G'),
('612', '2', 'Spring', '2010', 'J', '177', 'C'),
('612', '3', 'Fall', '2004', 'C', '678', 'A'),
('612', '4', 'Spring', '2007', 'C', '207', 'L'),
('612', '5', 'Fall', '2001', 'J', '170', 'M'),
('612', '6', 'Fall', '2008', 'G', '636', 'G'),
('614', '1', 'Spring', '2003', 'C', '678', 'P'),
('614', '2', 'Fall', '2005', 'E', '215', 'N'),
('614', '3', 'Spring', '2008', 'J', '177', 'P'),
('614', '4', 'Fall', '2004', 'G', '61', 'B'),
('620', '1', 'Spring', '2007', 'J', '170', 'D'),
('620', '2', 'Spring', '2006', 'E', '314', 'B'),
('620', '3', 'Spring', '2003', 'E', '314', 'A'),
('620', '4', 'Fall', '2006', 'E', '314', 'P'),
('620', '5', 'Fall', '2007', 'C', '207', 'O'),
('620', '6', 'Spring', '2007', 'E', '205', 'H'),
('620', '7', 'Spring', '2003', 'G', '891', 'K'),
('622', '1', 'Fall', '2010', 'E', '314', 'G'),
('622', '2', 'Spring', '2008', 'C', '207', 'D'),
('622', '3', 'Fall', '2007', 'E', '205', 'A'),
('622', '4', 'Spring', '2007', 'E', '205', 'M'),
('623', '1', 'Spring', '2007', 'E', '215', 'E'),
('623', '2', 'Fall', '2004', 'C', '207', 'J'),
('623', '3', 'Spring', '2004', 'G', '636', 'L'),
('623', '4', 'Spring', '2003', 'G', '891', 'H'),
('623', '5', 'Fall', '2007', 'E', '314', 'F'),
('625', '1', 'Fall', '2003', 'G', '891', 'I'),
('625', '2', 'Fall', '2010', 'G', '891', 'E'),
('625', '3', 'Fall', '2006', 'G', '61', 'E'),
('625', '4', 'Spring', '2005', 'E', '205', 'N'),
('625', '5', 'Fall', '2004', 'G', '891', 'K'),
('627', '1', 'Fall', '2005', 'E', '205', 'N'),
('627', '2', 'Spring', '2006', 'G', '891', 'O'),
('627', '3', 'Fall', '2009', 'G', '61', 'G'),
('627', '4', 'Spring', '2005', 'J', '170', 'G'),
('627', '5', 'Spring', '2001', 'G', '636', 'K'),
('629', '1', 'Spring', '2007', 'C', '207', 'N'),
('629', '2', 'Spring', '2008', 'G', '891', 'M'),
('629', '3', 'Spring', '2004', 'C', '207', 'L'),
('629', '4', 'Spring', '2005', 'E', '314', 'D'),
('629', '5', 'Fall', '2001', 'E', '205', 'D'),
('643', '1', 'Fall', '2009', 'G', '61', 'A'),
('643', '2', 'Fall', '2003', 'E', '205', 'F'),
('643', '3', 'Fall', '2001', 'G', '636', 'C'),
('643', '4', 'Spring', '2002', 'G', '61', 'J'),
('644', '1', 'Fall', '2001', 'E', '314', 'E'),
('644', '2', 'Spring', '2005', 'C', '678', 'K'),
('644', '3', 'Spring', '2003', 'C', '207', 'E'),
('648', '1', 'Spring', '2004', 'G', '61', 'L'),
('648', '2', 'Spring', '2010', 'E', '215', 'E'),
('648', '3', 'Spring', '2002', 'G', '61', 'E'),
('648', '4', 'Spring', '2002', 'G', '636', 'K'),
('648', '5', 'Spring', '2006', 'E', '215', 'G'),
('648', '6', 'Spring', '2003', 'G', '636', 'E'),
('648', '7', 'Fall', '2003', 'E', '314', 'G'),
('648', '8', 'Fall', '2003', 'G', '61', 'G'),
('648', '9', 'Spring', '2010', 'G', '891', 'I'),
('649', '1', 'Fall', '2006', 'G', '636', 'B'),
('649', '2', 'Spring', '2002', 'E', '205', 'A'),
('649', '3', 'Fall', '2010', 'C', '207', 'P'),
('649', '4', 'Spring', '2004', 'E', '314', 'P'),
('649', '5', 'Fall', '2010', 'G', '61', 'I'),
('649', '6', 'Fall', '2008', 'E', '205', 'G'),
('649', '7', 'Fall', '2009', 'J', '177', 'L'),
('649', '8', 'Spring', '2009', 'G', '636', 'O'),
('653', '1', 'Fall', '2005', 'E', '205', 'I'),
('654', '1', 'Fall', '2009', 'J', '177', 'J'),
('654', '10', 'Spring', '2010', 'E', '205', 'E'),
('654', '2', 'Fall', '2006', 'E', '205', 'D'),
('654', '3', 'Fall', '2008', 'C', '678', 'G'),
('654', '4', 'Spring', '2007', 'G', '891', 'M'),
('654', '5', 'Fall', '2002', 'E', '215', 'C'),
('654', '6', 'Fall', '2001', 'G', '891', 'I'),
('654', '7', 'Fall', '2009', 'G', '61', 'B'),
('654', '8', 'Fall', '2004', 'J', '177', 'I'),
('654', '9', 'Fall', '2004', 'E', '314', 'N'),
('673', '1', 'Fall', '2001', 'C', '207', 'K'),
('673', '2', 'Fall', '2001', 'C', '678', 'M'),
('673', '3', 'Fall', '2001', 'E', '205', 'A'),
('673', '4', 'Fall', '2007', 'G', '61', 'G'),
('673', '5', 'Fall', '2008', 'C', '207', 'L'),
('679', '1', 'Spring', '2001', 'J', '177', 'L'),
('679', '2', 'Fall', '2002', 'G', '891', 'J'),
('679', '3', 'Spring', '2010', 'J', '170', 'C'),
('679', '4', 'Fall', '2001', 'C', '207', 'D'),
('679', '5', 'Fall', '2008', 'G', '61', 'P'),
('679', '6', 'Fall', '2001', 'E', '215', 'E'),
('679', '7', 'Spring', '2010', 'G', '636', 'O'),
('695', '1', 'Spring', '2004', 'G', '636', 'D'),
('695', '2', 'Fall', '2004', 'J', '177', 'N'),
('695', '3', 'Fall', '2001', 'E', '314', 'C'),
('695', '4', 'Spring', '2001', 'E', '314', 'P'),
('695', '5', 'Fall', '2002', 'J', '170', 'J'),
('695', '6', 'Fall', '2010', 'E', '215', 'I'),
('695', '7', 'Fall', '2004', 'E', '314', 'O'),
('696', '1', 'Fall', '2008', 'C', '678', 'G'),
('696', '2', 'Fall', '2009', 'C', '678', 'D'),
('696', '3', 'Spring', '2010', 'G', '891', 'M'),
('696', '4', 'Fall', '2004', 'E', '205', 'C'),
('696', '5', 'Fall', '2005', 'E', '314', 'J'),
('696', '6', 'Spring', '2004', 'J', '170', 'P'),
('696', '7', 'Fall', '2005', 'J', '177', 'F'),
('698', '1', 'Fall', '2004', 'G', '636', 'H'),
('698', '2', 'Fall', '2007', 'E', '314', 'K'),
('698', '3', 'Fall', '2007', 'G', '891', 'O'),
('701', '1', 'Spring', '2002', 'G', '636', 'C'),
('701', '2', 'Spring', '2001', 'J', '177', 'E'),
('701', '3', 'Fall', '2004', 'E', '205', 'G'),
('701', '4', 'Spring', '2001', 'J', '170', 'I'),
('701', '5', 'Fall', '2006', 'C', '207', 'M'),
('701', '6', 'Spring', '2004', 'J', '170', 'I'),
('705', '1', 'Spring', '2009', 'E', '215', 'M'),
('705', '2', 'Spring', '2010', 'G', '891', 'K'),
('705', '3', 'Spring', '2003', 'G', '61', 'J'),
('705', '4', 'Fall', '2007', 'C', '207', 'G'),
('725', '1', 'Spring', '2002', 'E', '205', 'L'),
('725', '2', 'Fall', '2005', 'E', '215', 'H'),
('725', '3', 'Spring', '2001', 'G', '61', 'H'),
('725', '4', 'Fall', '2006', 'E', '314', 'B'),
('725', '5', 'Fall', '2009', 'G', '636', 'P'),
('726', '1', 'Spring', '2009', 'J', '177', 'B'),
('726', '2', 'Fall', '2001', 'C', '207', 'K'),
('726', '3', 'Fall', '2006', 'C', '207', 'A'),
('726', '4', 'Fall', '2008', 'E', '205', 'M'),
('733', '1', 'Fall', '2006', 'C', '207', 'E'),
('733', '2', 'Spring', '2006', 'E', '205', 'M'),
('733', '3', 'Spring', '2001', 'E', '205', 'A'),
('733', '4', 'Fall', '2006', 'C', '678', 'J'),
('733', '5', 'Spring', '2009', 'J', '177', 'F'),
('733', '6', 'Fall', '2002', 'E', '205', 'N'),
('733', '7', 'Spring', '2009', 'E', '215', 'M'),
('733', '8', 'Spring', '2007', 'E', '215', 'C'),
('734', '1', 'Fall', '2003', 'J', '177', 'L'),
('734', '2', 'Fall', '2009', 'C', '678', 'P'),
('734', '3', 'Spring', '2007', 'J', '170', 'E'),
('734', '4', 'Fall', '2009', 'E', '314', 'F'),
('734', '5', 'Spring', '2007', 'C', '678', 'F'),
('734', '6', 'Fall', '2002', 'E', '205', 'M'),
('736', '1', 'Spring', '2009', 'E', '314', 'K'),
('736', '2', 'Spring', '2004', 'J', '170', 'I'),
('736', '3', 'Spring', '2009', 'C', '207', 'P'),
('736', '4', 'Fall', '2007', 'J', '177', 'O'),
('736', '5', 'Fall', '2004', 'E', '314', 'K'),
('736', '6', 'Fall', '2005', 'G', '891', 'J'),
('740', '1', 'Spring', '2001', 'E', '205', 'J'),
('740', '2', 'Spring', '2002', 'G', '61', 'H'),
('740', '3', 'Spring', '2003', 'G', '891', 'E'),
('740', '4', 'Spring', '2010', 'J', '170', 'F'),
('740', '5', 'Spring', '2006', 'E', '314', 'M'),
('740', '6', 'Fall', '2007', 'G', '636', 'L'),
('748', '1', 'Fall', '2007', 'J', '177', 'J'),
('748', '2', 'Spring', '2006', 'E', '314', 'L'),
('748', '3', 'Fall', '2001', 'E', '314', 'N'),
('748', '4', 'Spring', '2007', 'E', '314', 'E'),
('748', '5', 'Fall', '2006', 'E', '205', 'N'),
('752', '1', 'Spring', '2006', 'G', '891', 'J'),
('752', '2', 'Spring', '2010', 'G', '891', 'C'),
('757', '1', 'Spring', '2002', 'G', '61', 'K'),
('757', '2', 'Spring', '2004', 'E', '215', 'N'),
('757', '3', 'Spring', '2001', 'G', '61', 'B'),
('757', '4', 'Fall', '2004', 'E', '314', 'J'),
('757', '5', 'Fall', '2004', 'G', '61', 'H'),
('763', '1', 'Fall', '2003', 'E', '215', 'G'),
('763', '2', 'Fall', '2009', 'E', '215', 'F'),
('763', '3', 'Spring', '2003', 'C', '678', 'I'),
('763', '4', 'Spring', '2008', 'C', '207', 'J'),
('763', '5', 'Spring', '2001', 'G', '61', 'O'),
('763', '6', 'Spring', '2007', 'G', '636', 'A'),
('763', '7', 'Fall', '2009', 'C', '207', 'M'),
('764', '1', 'Spring', '2005', 'J', '170', 'H'),
('764', '2', 'Fall', '2009', 'G', '891', 'F'),
('764', '3', 'Fall', '2008', 'C', '207', 'H'),
('767', '1', 'Spring', '2010', 'G', '891', 'D'),
('767', '2', 'Fall', '2001', 'E', '314', 'N'),
('767', '3', 'Fall', '2010', 'C', '678', 'A'),
('767', '4', 'Spring', '2003', 'C', '207', 'L'),
('767', '5', 'Fall', '2010', 'E', '205', 'L'),
('773', '1', 'Spring', '2007', 'G', '61', 'O'),
('773', '2', 'Spring', '2004', 'G', '636', 'G'),
('773', '3', 'Spring', '2003', 'G', '636', 'F'),
('773', '4', 'Spring', '2003', 'J', '170', 'E'),
('773', '5', 'Fall', '2007', 'E', '215', 'E'),
('773', '6', 'Spring', '2004', 'C', '678', 'K'),
('773', '7', 'Spring', '2006', 'E', '215', 'I'),
('773', '8', 'Spring', '2009', 'E', '205', 'D'),
('774', '1', 'Fall', '2004', 'J', '177', 'D'),
('774', '2', 'Fall', '2010', 'C', '678', 'O'),
('774', '3', 'Spring', '2008', 'E', '314', 'G'),
('777', '1', 'Spring', '2009', 'G', '636', 'C'),
('777', '2', 'Spring', '2003', 'G', '61', 'P'),
('777', '3', 'Fall', '2009', 'J', '170', 'P'),
('777', '4', 'Spring', '2006', 'E', '205', 'I'),
('777', '5', 'Spring', '2008', 'G', '891', 'O'),
('777', '6', 'Spring', '2010', 'G', '891', 'A'),
('777', '7', 'Spring', '2004', 'C', '678', 'B'),
('782', '1', 'Spring', '2004', 'E', '314', 'B'),
('782', '2', 'Spring', '2003', 'G', '61', 'E'),
('782', '3', 'Spring', '2008', 'J', '170', 'P'),
('782', '4', 'Fall', '2010', 'G', '891', 'B'),
('782', '5', 'Fall', '2003', 'G', '891', 'B'),
('782', '6', 'Fall', '2008', 'C', '207', 'I'),
('782', '7', 'Spring', '2003', 'E', '205', 'F'),
('790', '1', 'Spring', '2001', 'C', '678', 'M'),
('790', '2', 'Spring', '2007', 'G', '636', 'P'),
('790', '3', 'Fall', '2006', 'J', '177', 'I'),
('790', '4', 'Fall', '2005', 'G', '61', 'C'),
('795', '1', 'Spring', '2006', 'G', '636', 'H'),
('795', '2', 'Fall', '2005', 'E', '314', 'H'),
('795', '3', 'Spring', '2003', 'J', '170', 'H'),
('795', '4', 'Fall', '2007', 'E', '215', 'F'),
('795', '5', 'Spring', '2008', 'E', '314', 'E'),
('795', '6', 'Spring', '2006', 'J', '170', 'K'),
('795', '7', 'Spring', '2002', 'E', '205', 'E'),
('800', '1', 'Spring', '2003', 'J', '170', 'E'),
('800', '2', 'Fall', '2007', 'J', '170', 'P'),
('800', '3', 'Fall', '2002', 'G', '636', 'H'),
('803', '1', 'Fall', '2009', 'E', '205', 'A'),
('803', '2', 'Fall', '2008', 'E', '215', 'B'),
('803', '3', 'Fall', '2010', 'G', '61', 'A'),
('803', '4', 'Fall', '2009', 'G', '61', 'P'),
('803', '5', 'Fall', '2008', 'J', '170', 'J'),
('803', '6', 'Fall', '2006', 'E', '205', 'G'),
('803', '7', 'Spring', '2002', 'C', '207', 'N'),
('811', '1', 'Fall', '2006', 'E', '314', 'B'),
('811', '2', 'Spring', '2001', 'C', '678', 'C'),
('811', '3', 'Spring', '2008', 'C', '678', 'B'),
('811', '4', 'Spring', '2005', 'E', '215', 'A'),
('827', '1', 'Fall', '2002', 'C', '207', 'M'),
('827', '2', 'Spring', '2010', 'E', '205', 'A'),
('827', '3', 'Fall', '2007', 'E', '215', 'N'),
('827', '4', 'Fall', '2010', 'J', '170', 'D'),
('828', '1', 'Spring', '2003', 'G', '891', 'F'),
('828', '2', 'Spring', '2007', 'G', '891', 'C'),
('828', '3', 'Spring', '2006', 'J', '177', 'O'),
('828', '4', 'Fall', '2003', 'E', '314', 'J'),
('840', '1', 'Spring', '2006', 'J', '177', 'A'),
('841', '1', 'Spring', '2004', 'J', '170', 'I'),
('841', '2', 'Fall', '2006', 'J', '177', 'K'),
('841', '3', 'Fall', '2001', 'G', '636', 'A'),
('841', '4', 'Fall', '2003', 'E', '314', 'G'),
('841', '5', 'Spring', '2008', 'G', '636', 'I'),
('841', '6', 'Spring', '2004', 'G', '61', 'P'),
('842', '1', 'Spring', '2007', 'C', '678', 'J'),
('842', '2', 'Spring', '2007', 'J', '177', 'I'),
('842', '3', 'Spring', '2001', 'E', '215', 'P'),
('842', '4', 'Fall', '2007', 'C', '207', 'H'),
('842', '5', 'Spring', '2006', 'E', '215', 'F'),
('842', '6', 'Fall', '2006', 'G', '61', 'F'),
('844', '1', 'Fall', '2006', 'G', '636', 'J'),
('844', '2', 'Fall', '2005', 'C', '678', 'H'),
('844', '3', 'Spring', '2009', 'G', '636', 'E'),
('844', '4', 'Fall', '2009', 'J', '170', 'C'),
('844', '5', 'Spring', '2001', 'G', '61', 'N'),
('844', '6', 'Fall', '2003', 'G', '636', 'P'),
('844', '7', 'Spring', '2002', 'G', '61', 'L'),
('853', '1', 'Spring', '2006', 'J', '177', 'J'),
('853', '2', 'Spring', '2007', 'C', '678', 'A'),
('853', '3', 'Spring', '2006', 'E', '205', 'J'),
('861', '1', 'Spring', '2007', 'G', '636', 'M'),
('869', '1', 'Fall', '2001', 'E', '205', 'G'),
('869', '2', 'Spring', '2001', 'G', '891', 'J'),
('869', '3', 'Fall', '2010', 'G', '61', 'H'),
('869', '4', 'Spring', '2001', 'G', '61', 'L'),
('869', '5', 'Fall', '2008', 'G', '636', 'B'),
('869', '6', 'Fall', '2006', 'C', '678', 'H'),
('870', '1', 'Fall', '2003', 'E', '205', 'C'),
('870', '2', 'Fall', '2006', 'G', '636', 'I'),
('870', '3', 'Spring', '2005', 'G', '891', 'B'),
('874', '1', 'Spring', '2010', 'E', '205', 'F'),
('874', '2', 'Fall', '2003', 'E', '314', 'L'),
('874', '3', 'Fall', '2001', 'J', '177', 'F'),
('880', '1', 'Fall', '2009', 'C', '678', 'K'),
('880', '2', 'Fall', '2004', 'G', '636', 'F'),
('880', '3', 'Fall', '2004', 'E', '205', 'K'),
('880', '4', 'Spring', '2004', 'G', '61', 'F'),
('882', '1', 'Spring', '2002', 'G', '636', 'A'),
('882', '2', 'Spring', '2003', 'E', '314', 'C'),
('882', '3', 'Spring', '2010', 'G', '61', 'J'),
('882', '4', 'Spring', '2007', 'E', '215', 'O'),
('882', '5', 'Spring', '2009', 'G', '636', 'I'),
('882', '6', 'Spring', '2007', 'E', '215', 'K'),
('882', '7', 'Spring', '2009', 'G', '61', 'E'),
('890', '1', 'Spring', '2009', 'J', '177', 'C'),
('890', '2', 'Fall', '2006', 'E', '205', 'O'),
('890', '3', 'Fall', '2004', 'E', '205', 'P'),
('894', '1', 'Spring', '2009', 'E', '215', 'M'),
('894', '2', 'Fall', '2008', 'E', '215', 'F'),
('894', '3', 'Spring', '2002', 'J', '170', 'M'),
('894', '4', 'Spring', '2001', 'C', '678', 'E'),
('896', '1', 'Spring', '2001', 'J', '170', 'O'),
('896', '2', 'Spring', '2002', 'E', '215', 'P'),
('896', '3', 'Spring', '2010', 'J', '170', 'L'),
('896', '4', 'Spring', '2002', 'J', '170', 'K'),
('896', '5', 'Spring', '2010', 'C', '207', 'D'),
('897', '1', 'Spring', '2005', 'J', '177', 'B'),
('897', '2', 'Fall', '2009', 'E', '205', 'G'),
('897', '3', 'Fall', '2005', 'J', '177', 'M'),
('897', '4', 'Spring', '2001', 'J', '170', 'G'),
('897', '5', 'Spring', '2009', 'C', '207', 'F'),
('897', '6', 'Spring', '2005', 'C', '207', 'I'),
('909', '1', 'Fall', '2005', 'E', '205', 'D'),
('909', '2', 'Spring', '2006', 'E', '205', 'B'),
('918', '1', 'Fall', '2003', 'E', '215', 'M'),
('918', '2', 'Fall', '2002', 'E', '215', 'H'),
('918', '3', 'Spring', '2008', 'J', '170', 'L'),
('918', '4', 'Fall', '2008', 'G', '61', 'A'),
('918', '5', 'Fall', '2007', 'E', '215', 'E'),
('918', '6', 'Fall', '2003', 'E', '314', 'B'),
('918', '7', 'Spring', '2004', 'J', '177', 'K'),
('923', '1', 'Fall', '2009', 'G', '636', 'K'),
('923', '2', 'Spring', '2005', 'G', '891', 'I'),
('923', '3', 'Spring', '2007', 'J', '177', 'G'),
('923', '4', 'Fall', '2005', 'G', '636', 'P'),
('923', '5', 'Spring', '2005', 'C', '678', 'K'),
('923', '6', 'Spring', '2007', 'J', '177', 'E'),
('923', '7', 'Spring', '2005', 'E', '215', 'C'),
('923', '8', 'Fall', '2004', 'G', '61', 'J'),
('923', '9', 'Spring', '2006', 'C', '678', 'H'),
('926', '1', 'Fall', '2008', 'J', '170', 'N'),
('926', '2', 'Fall', '2009', 'G', '891', 'P'),
('926', '3', 'Fall', '2010', 'C', '678', 'B'),
('926', '4', 'Spring', '2004', 'G', '61', 'I'),
('930', '1', 'Fall', '2010', 'C', '207', 'N'),
('930', '2', 'Fall', '2010', 'E', '205', 'D'),
('930', '3', 'Spring', '2004', 'G', '891', 'P'),
('930', '4', 'Fall', '2010', 'C', '678', 'L'),
('932', '1', 'Spring', '2005', 'E', '215', 'E'),
('932', '2', 'Fall', '2003', 'E', '314', 'C'),
('932', '3', 'Spring', '2001', 'E', '215', 'C'),
('932', '4', 'Spring', '2005', 'C', '678', 'J'),
('932', '5', 'Fall', '2009', 'C', '207', 'G'),
('932', '6', 'Fall', '2007', 'J', '170', 'J'),
('936', '1', 'Spring', '2003', 'E', '314', 'F'),
('936', '2', 'Fall', '2001', 'E', '215', 'K'),
('936', '3', 'Fall', '2004', 'G', '891', 'J'),
('936', '4', 'Fall', '2007', 'G', '61', 'P'),
('937', '1', 'Fall', '2008', 'J', '170', 'F'),
('937', '2', 'Fall', '2005', 'C', '207', 'L'),
('937', '3', 'Spring', '2010', 'G', '891', 'G'),
('937', '4', 'Spring', '2010', 'G', '891', 'F'),
('937', '5', 'Fall', '2008', 'C', '678', 'M'),
('947', '1', 'Spring', '2009', 'G', '61', 'I'),
('947', '2', 'Fall', '2008', 'J', '177', 'L'),
('947', '3', 'Fall', '2005', 'C', '678', 'L'),
('947', '4', 'Fall', '2007', 'G', '891', 'E'),
('947', '5', 'Spring', '2008', 'J', '177', 'A'),
('947', '6', 'Spring', '2008', 'J', '170', 'N'),
('953', '1', 'Fall', '2009', 'G', '61', 'C'),
('953', '10', 'Fall', '2010', 'J', '170', 'L'),
('953', '11', 'Fall', '2006', 'G', '636', 'D'),
('953', '2', 'Fall', '2004', 'J', '177', 'P'),
('953', '3', 'Spring', '2006', 'E', '205', 'B'),
('953', '4', 'Spring', '2001', 'C', '207', 'D'),
('953', '5', 'Fall', '2004', 'J', '177', 'L'),
('953', '6', 'Spring', '2001', 'C', '678', 'C'),
('953', '7', 'Fall', '2006', 'G', '61', 'M'),
('953', '8', 'Spring', '2003', 'G', '61', 'E'),
('953', '9', 'Fall', '2010', 'J', '177', 'I'),
('956', '1', 'Spring', '2001', 'E', '205', 'L'),
('956', '2', 'Spring', '2004', 'J', '177', 'O'),
('956', '3', 'Spring', '2007', 'G', '61', 'N'),
('956', '4', 'Fall', '2005', 'G', '61', 'P'),
('956', '5', 'Spring', '2005', 'J', '170', 'C'),
('956', '6', 'Fall', '2002', 'E', '205', 'L'),
('956', '7', 'Fall', '2005', 'C', '207', 'M'),
('956', '8', 'Fall', '2004', 'C', '678', 'D'),
('956', '9', 'Fall', '2009', 'E', '205', 'I'),
('957', '1', 'Fall', '2007', 'C', '678', 'N'),
('957', '2', 'Spring', '2003', 'J', '170', 'I'),
('957', '3', 'Spring', '2004', 'E', '205', 'P'),
('957', '4', 'Spring', '2008', 'G', '891', 'A'),
('957', '5', 'Fall', '2005', 'J', '177', 'C'),
('957', '6', 'Spring', '2005', 'E', '215', 'D'),
('957', '7', 'Spring', '2003', 'G', '636', 'I'),
('957', '8', 'Spring', '2010', 'G', '61', 'D'),
('959', '1', 'Spring', '2003', 'E', '205', 'A'),
('959', '2', 'Spring', '2002', 'G', '636', 'L'),
('959', '3', 'Fall', '2005', 'J', '170', 'B'),
('959', '4', 'Fall', '2009', 'C', '678', 'O'),
('959', '5', 'Spring', '2003', 'E', '205', 'F'),
('959', '6', 'Spring', '2009', 'G', '61', 'G'),
('959', '7', 'Spring', '2010', 'C', '678', 'N'),
('963', '1', 'Fall', '2004', 'J', '170', 'E'),
('963', '2', 'Spring', '2007', 'C', '207', 'O'),
('963', '3', 'Fall', '2005', 'G', '891', 'L'),
('964', '1', 'Fall', '2004', 'J', '177', 'N'),
('964', '2', 'Fall', '2006', 'G', '891', 'I'),
('964', '3', 'Fall', '2010', 'E', '215', 'D'),
('964', '4', 'Spring', '2006', 'G', '636', 'O'),
('964', '5', 'Spring', '2009', 'E', '205', 'C'),
('966', '1', 'Fall', '2002', 'C', '207', 'J'),
('966', '2', 'Fall', '2006', 'C', '678', 'P'),
('966', '3', 'Fall', '2009', 'C', '678', 'J'),
('966', '4', 'Spring', '2002', 'G', '61', 'G'),
('967', '1', 'Fall', '2002', 'G', '636', 'J'),
('967', '2', 'Fall', '2002', 'E', '215', 'I'),
('967', '3', 'Spring', '2002', 'C', '678', 'K'),
('974', '1', 'Fall', '2004', 'E', '205', 'O'),
('974', '2', 'Spring', '2005', 'E', '215', 'J'),
('974', '3', 'Fall', '2009', 'E', '314', 'I'),
('974', '4', 'Spring', '2006', 'E', '215', 'C'),
('974', '5', 'Fall', '2010', 'G', '61', 'D'),
('975', '1', 'Spring', '2001', 'E', '314', 'O'),
('975', '2', 'Fall', '2003', 'G', '636', 'B'),
('975', '3', 'Fall', '2009', 'E', '215', 'N'),
('975', '4', 'Spring', '2003', 'G', '61', 'B'),
('981', '1', 'Fall', '2001', 'C', '678', 'C'),
('981', '2', 'Spring', '2009', 'E', '205', 'N'),
('981', '3', 'Spring', '2003', 'C', '678', 'G'),
('981', '4', 'Fall', '2005', 'G', '636', 'M'),
('981', '5', 'Fall', '2004', 'G', '636', 'F'),
('981', '6', 'Fall', '2005', 'G', '891', 'M'),
('981', '7', 'Fall', '2001', 'E', '314', 'P'),
('981', '8', 'Fall', '2010', 'G', '636', 'G'),
('984', '1', 'Spring', '2007', 'E', '205', 'O'),
('984', '2', 'Fall', '2004', 'E', '215', 'C'),
('984', '3', 'Fall', '2010', 'E', '205', 'N'),
('984', '4', 'Spring', '2009', 'G', '61', 'D'),
('985', '1', 'Fall', '2005', 'G', '61', 'O'),
('985', '2', 'Spring', '2007', 'J', '177', 'B'),
('985', '3', 'Spring', '2004', 'E', '215', 'I'),
('985', '4', 'Fall', '2003', 'J', '177', 'E');

-- --------------------------------------------------------

--
-- Struktur dari tabel `student`
--

CREATE TABLE `student` (
  `ID` varchar(5) NOT NULL,
  `name` varchar(20) NOT NULL,
  `dept_name` varchar(20) DEFAULT NULL,
  `tot_cred` decimal(3,0) DEFAULT NULL
) ENGINE=InnoDB DEFAULT CHARSET=latin1;

--
-- Dumping data untuk tabel `student`
--

INSERT INTO `student` (`ID`, `name`, `dept_name`, `tot_cred`) VALUES
('10121', 'Ande', 'HH', '81'),
('1023', 'Johan', 'DK', '120'),
('10482', 'yuyun', 'HH', '91'),
('10520', 'Ande', 'EL', '122'),
('10738', 'rahmat', 'GF', '61'),
('10835', 'yuyun', 'MT', '86'),
('11529', 'Ahmad', 'DK', '123'),
('11674', 'Josu', 'ED', '84'),
('12306', 'Adri', 'ED', '26'),
('12605', 'Budi', 'EL', '14'),
('12775', 'rahmat', 'ED', '49'),
('12869', 'Kiki', 'MT', '81'),
('12897', 'Josu', 'IF', '37'),
('13090', 'Budi', 'EL', '94'),
('1311', 'Ahmad', 'BN', '59'),
('13392', 'Yohan', 'DK', '48'),
('13689', 'Josu', 'IF', '26'),
('13761', 'Yohan', 'ED', '68'),
('13856', 'Ahmad', 'ED', '13'),
('13956', 'Kiki', 'EL', '38'),
('14053', 'Budi', 'DK', '82'),
('14128', 'Ahmad', 'DK', '74'),
('14226', 'Budi', 'EL', '21'),
('14244', 'rahmat', 'MT', '83'),
('14284', 'Ande', 'KL', '0'),
('1436', 'Josu', 'DK', '88'),
('14394', 'Josu', 'HH', '32'),
('14434', 'Josu', 'DE', '98'),
('14525', 'Ande', 'KL', '32'),
('14755', 'Ande', 'KL', '54'),
('1500', 'yuyun', 'HH', '64'),
('15086', 'rahmat', 'EL', '18'),
('1521', 'Adri', 'MT', '3'),
('15318', 'yuyun', 'DE', '27'),
('15341', 'Adri', 'DK', '90'),
('15729', 'rahmat', 'KL', '90'),
('15987', 'Ande', 'MT', '96'),
('16193', 'Yohan', 'EL', '68'),
('1681', 'Budi', 'BN', '63'),
('17210', 'Yohan', 'IF', '22'),
('17236', 'yuyun', 'ED', '44'),
('17241', 'Ahmad', 'IF', '100'),
('17346', 'Yohan', 'ED', '117'),
('17856', 'Josu', 'MT', '77'),
('18160', 'Johan', 'GF', '69'),
('18786', 'Josu', 'BN', '47'),
('19328', 'Kiki', 'DE', '61'),
('19487', 'Yohan', 'EL', '81'),
('19615', 'Ande', 'GF', '19'),
('19754', 'Budi', 'HH', '113'),
('19865', 'Ahmad', 'EL', '12'),
('20020', 'Ande', 'MT', '25'),
('20091', 'Adri', 'EL', '19'),
('20358', 'Johan', 'EL', '102'),
('2066', 'Kiki', 'BN', '74'),
('20769', 'Yohan', 'MT', '13'),
('20809', 'Budi', 'HH', '93'),
('20917', 'yuyun', 'KL', '65'),
('20931', 'rahmat', 'MT', '129'),
('21034', 'Josu', 'DE', '98'),
('21111', 'Adri', 'DE', '62'),
('21165', 'Josu', 'ED', '39'),
('21661', 'Ahmad', 'BN', '76'),
('21799', 'Kiki', 'BN', '74'),
('22303', 'Budi', 'KL', '51'),
('22802', 'Budi', 'HH', '114'),
('23096', 'rahmat', 'KL', '95'),
('23366', 'Ande', 'KL', '19'),
('23458', 'Adri', 'ED', '27'),
('23470', 'Adri', 'MT', '66'),
('24086', 'rahmat', 'HH', '0'),
('24095', 'Josu', 'DK', '67'),
('24109', 'Johan', 'HH', '68'),
('24185', 'yuyun', 'IF', '65'),
('24214', 'Budi', 'GF', '14'),
('2438', 'Johan', 'HH', '91'),
('24695', 'Kiki', 'EL', '87'),
('2478', 'Ande', 'DK', '23'),
('2481', 'Josu', 'EL', '14'),
('24915', 'Johan', 'KL', '97'),
('25827', 'Ande', 'ED', '96'),
('26013', 'yuyun', 'GF', '18'),
('26065', 'rahmat', 'BN', '21'),
('27014', 'rahmat', 'IF', '80'),
('27093', 'Yohan', 'KL', '62'),
('27139', 'Ahmad', 'KL', '35'),
('27186', 'Ahmad', 'HH', '64'),
('27324', 'yuyun', 'DK', '4'),
('27463', 'yuyun', 'KL', '36'),
('27767', 'Johan', 'DE', '32'),
('27781', 'Josu', 'KL', '92'),
('27913', 'Budi', 'IF', '59'),
('28339', 'Kiki', 'DE', '25'),
('28371', 'Josu', 'GF', '94'),
('28519', 'Ahmad', 'KL', '108'),
('28570', 'Ahmad', 'MT', '94'),
('28712', 'Josu', 'DK', '63'),
('2894', 'Adri', 'HH', '58'),
('28952', 'yuyun', 'BN', '99'),
('29352', 'yuyun', 'DE', '82'),
('30184', 'Ande', 'GF', '96'),
('30211', 'Ande', 'ED', '104'),
('30348', 'Ahmad', 'DE', '33'),
('30563', 'Ahmad', 'EL', '10'),
('30776', 'Kiki', 'IF', '97'),
('30804', 'Yohan', 'KL', '79'),
('30931', 'Yohan', 'HH', '40'),
('3102', 'Adri', 'KL', '53'),
('31131', 'yuyun', 'BN', '52'),
('3126', 'Johan', 'EL', '75'),
('31279', 'Ande', 'DE', '34'),
('31311', 'yuyun', 'IF', '47'),
('31409', 'Ande', 'KL', '103'),
('31452', 'Ahmad', 'KL', '128'),
('31467', 'Adri', 'HH', '128'),
('31823', 'yuyun', 'MT', '119'),
('31830', 'Adri', 'HH', '103'),
('32024', 'Budi', 'GF', '104'),
('32180', 'rahmat', 'HH', '62'),
('32293', 'rahmat', 'GF', '33'),
('32506', 'Adri', 'MT', '119'),
('32948', 'Budi', 'GF', '76'),
('33091', 'Josu', 'BN', '3'),
('33149', 'Ande', 'BN', '109'),
('33174', 'Johan', 'DE', '112'),
('33288', 'Adri', 'DK', '10'),
('33407', 'Ande', 'IF', '92'),
('3370', 'Kiki', 'MT', '119'),
('33907', 'Ahmad', 'IF', '119'),
('34054', 'Josu', 'MT', '85'),
('34108', 'Josu', 'IF', '90'),
('34305', 'Adri', 'MT', '58'),
('34638', 'rahmat', 'KL', '115'),
('34677', 'rahmat', 'DK', '117'),
('34858', 'Yohan', 'DE', '73'),
('34915', 'Budi', 'KL', '28'),
('3503', 'Johan', 'ED', '57'),
('35283', 'Adri', 'DK', '66'),
('35379', 'Budi', 'BN', '30'),
('35438', 'Ahmad', 'HH', '8'),
('35444', 'Ahmad', 'BN', '115'),
('35552', 'Yohan', 'ED', '16'),
('35620', 'Kiki', 'MT', '105'),
('35750', 'yuyun', 'MT', '119'),
('35930', 'Budi', 'IF', '8'),
('36008', 'Kiki', 'EL', '45'),
('36062', 'Josu', 'DK', '26'),
('36132', 'yuyun', 'KL', '32'),
('36412', 'Yohan', 'ED', '48'),
('3651', 'Johan', 'KL', '16'),
('36602', 'Josu', 'BN', '49'),
('37030', 'Yohan', 'HH', '28'),
('37703', 'Ande', 'ED', '99'),
('38050', 'Josu', 'EL', '119'),
('38239', 'Kiki', 'DE', '99'),
('38506', 'yuyun', 'MT', '103'),
('38689', 'yuyun', 'GF', '24'),
('38981', 'Johan', 'HH', '15'),
('3943', 'Kiki', 'MT', '114'),
('39481', 'yuyun', 'MT', '24'),
('39492', 'Kiki', 'EL', '77'),
('39542', 'Ande', 'KL', '110'),
('39811', 'rahmat', 'BN', '103'),
('40002', 'Kiki', 'HH', '51'),
('40176', 'yuyun', 'IF', '39'),
('40194', 'Yohan', 'KL', '38'),
('4024', 'Kiki', 'BN', '73'),
('40568', 'Budi', 'DE', '79'),
('40603', 'yuyun', 'KL', '39'),
('40634', 'Adri', 'KL', '124'),
('40992', 'Ande', 'DK', '13'),
('41089', 'Adri', 'IF', '87'),
('41572', 'Johan', 'DK', '65'),
('4167', 'Adri', 'GF', '71'),
('42170', 'Johan', 'IF', '20'),
('42182', 'Ahmad', 'IF', '50'),
('42233', 'Ande', 'BN', '55'),
('42433', 'Ande', 'KL', '42'),
('42706', 'Ande', 'ED', '118'),
('42749', 'Ande', 'HH', '20'),
('43004', 'Budi', 'KL', '99'),
('43013', 'Ande', 'IF', '95'),
('43065', 'Budi', 'DK', '34'),
('43528', 'Josu', 'DE', '67'),
('43603', 'Josu', 'KL', '56'),
('43635', 'Budi', 'IF', '13'),
('44076', 'Yohan', 'HH', '1'),
('44992', 'Johan', 'GF', '29'),
('450', 'Adri', 'IF', '96'),
('45087', 'Ahmad', 'BN', '120'),
('45139', 'Johan', 'IF', '11'),
('45324', 'Ande', 'BN', '101'),
('4535', 'Ahmad', 'DE', '55'),
('45575', 'Adri', 'HH', '70'),
('45605', 'Johan', 'DE', '110'),
('45819', 'rahmat', 'MT', '5'),
('46171', 'rahmat', 'BN', '104'),
('46272', 'rahmat', 'GF', '117'),
('46511', 'Johan', 'DK', '15'),
('46534', 'Yohan', 'EL', '31'),
('46854', 'yuyun', 'IF', '94'),
('46875', 'Adri', 'HH', '62'),
('46921', 'Yohan', 'GF', '39'),
('46930', 'Budi', 'BN', '110'),
('47100', 'Johan', 'DK', '20'),
('47428', 'Kiki', 'IF', '9'),
('4816', 'rahmat', 'HH', '49'),
('48378', 'Johan', 'GF', '71'),
('48589', 'Josu', 'DE', '50'),
('48593', 'Yohan', 'BN', '94'),
('48631', 'Johan', 'DE', '74'),
('48693', 'Ande', 'DK', '19'),
('48699', 'Adri', 'ED', '36'),
('49115', 'rahmat', 'MT', '93'),
('49276', 'Budi', 'GF', '83'),
('49424', 'Ahmad', 'DE', '107'),
('49438', 'Yohan', 'EL', '72'),
('49441', 'Ande', 'MT', '25'),
('49652', 'Josu', 'HH', '12'),
('49791', 'Yohan', 'ED', '55'),
('50052', 'rahmat', 'DE', '13'),
('50147', 'Ahmad', 'IF', '128'),
('50290', 'Josu', 'ED', '119'),
('50975', 'Ande', 'BN', '39'),
('51017', 'Budi', 'HH', '78'),
('51403', 'Adri', 'BN', '20'),
('52028', 'Budi', 'BN', '120'),
('52276', 'Ahmad', 'BN', '95'),
('52501', 'Johan', 'GF', '78'),
('52569', 'Kiki', 'HH', '38'),
('52878', 'Yohan', 'KL', '108'),
('52936', 'Budi', 'HH', '14'),
('53845', 'Ahmad', 'BN', '7'),
('54043', 'Budi', 'BN', '37'),
('54135', 'Josu', 'EL', '69'),
('54181', 'Yohan', 'IF', '54'),
('54565', 'Ahmad', 'ED', '77'),
('54739', 'Josu', 'HH', '115'),
('54787', 'Kiki', 'ED', '74'),
('54822', 'Johan', 'MT', '50'),
('54950', 'Kiki', 'DK', '44'),
('55283', 'Budi', 'EL', '84'),
('55360', 'yuyun', 'BN', '62'),
('55433', 'yuyun', 'HH', '87'),
('55447', 'Kiki', 'DE', '78'),
('55473', 'Kiki', 'KL', '78'),
('55508', 'Ahmad', 'IF', '24'),
('55582', 'yuyun', 'ED', '65'),
('55706', 'yuyun', 'BN', '91'),
('55919', 'Johan', 'IF', '7'),
('5595', 'Ande', 'BN', '100'),
('56089', 'Ande', 'DK', '87'),
('56118', 'rahmat', 'BN', '12'),
('56367', 'Johan', 'HH', '61'),
('56395', 'rahmat', 'BN', '61'),
('56800', 'Yohan', 'GF', '110'),
('56929', 'yuyun', 'IF', '61'),
('57050', 'Adri', 'DE', '6'),
('57195', 'Adri', 'MT', '14'),
('57227', 'Budi', 'BN', '47'),
('58019', 'Adri', 'KL', '77'),
('58258', 'yuyun', 'DE', '53'),
('58282', 'Kiki', 'ED', '66'),
('58465', 'Josu', 'IF', '112'),
('58488', 'Budi', 'HH', '10'),
('58665', 'Budi', 'MT', '40'),
('58797', 'Yohan', 'IF', '5'),
('5881', 'Josu', 'GF', '100'),
('58895', 'Johan', 'EL', '107'),
('59050', 'Adri', 'ED', '44'),
('59099', 'Josu', 'HH', '27'),
('59379', 'Budi', 'IF', '76'),
('59625', 'Budi', 'IF', '64'),
('59690', 'yuyun', 'KL', '90'),
('59701', 'Budi', 'MT', '12'),
('60013', 'Ande', 'EL', '84'),
('60097', 'Ahmad', 'EL', '2'),
('60389', 'Josu', 'BN', '25'),
('60506', 'Budi', 'DK', '80'),
('60536', 'rahmat', 'EL', '102'),
('6067', 'Ahmad', 'GF', '122'),
('6081', 'Johan', 'ED', '117'),
('60906', 'Yohan', 'EL', '10'),
('60913', 'Kiki', 'EL', '122'),
('61238', 'Ahmad', 'ED', '64'),
('61410', 'Ande', 'IF', '41'),
('6145', 'Adri', 'KL', '25'),
('61891', 'Ahmad', 'DE', '58'),
('61903', 'yuyun', 'IF', '7'),
('62055', 'rahmat', 'EL', '74'),
('62075', 'rahmat', 'DE', '44'),
('62214', 'Adri', 'BN', '40'),
('62284', 'rahmat', 'MT', '83'),
('62300', 'Ande', 'ED', '120'),
('62333', 'Kiki', 'DE', '52'),
('62661', 'yuyun', 'MT', '30'),
('62899', 'Budi', 'GF', '24'),
('63120', 'Josu', 'DE', '15'),
('63346', 'rahmat', 'ED', '26'),
('63486', 'Johan', 'KL', '111'),
('63584', 'Ahmad', 'BN', '44'),
('63707', 'Yohan', 'DK', '67'),
('63968', 'Adri', 'ED', '23'),
('6409', 'Ande', 'DK', '71'),
('64128', 'Kiki', 'EL', '82'),
('64215', 'yuyun', 'HH', '8'),
('64377', 'Kiki', 'DK', '65'),
('64634', 'yuyun', 'DK', '65'),
('6507', 'Ahmad', 'GF', '41'),
('65089', 'Johan', 'EL', '17'),
('65251', 'yuyun', 'HH', '126'),
('65404', 'Kiki', 'DK', '15'),
('65516', 'Ahmad', 'DK', '118'),
('65870', 'yuyun', 'ED', '59'),
('66089', 'Adri', 'IF', '33'),
('66132', 'Yohan', 'MT', '97'),
('66343', 'yuyun', 'DE', '67'),
('66424', 'Budi', 'KL', '104'),
('67117', 'yuyun', 'KL', '1'),
('67250', 'Kiki', 'ED', '46'),
('67623', 'Adri', 'DE', '81'),
('67939', 'Adri', 'EL', '113'),
('67995', 'Johan', 'HH', '55'),
('68038', 'Kiki', 'DE', '113'),
('68315', 'Ahmad', 'DK', '53'),
('68918', 'Ande', 'KL', '70'),
('69129', 'Kiki', 'KL', '69'),
('69478', 'Kiki', 'GF', '4'),
('69953', 'Ande', 'MT', '6'),
('70099', 'Kiki', 'KL', '32'),
('70102', 'yuyun', 'GF', '87'),
('70359', 'Josu', 'IF', '44'),
('70414', 'Kiki', 'DE', '17'),
('70562', 'Kiki', 'DE', '83'),
('70602', 'Budi', 'DE', '119'),
('71284', 'Adri', 'KL', '35'),
('71716', 'yuyun', 'MT', '57'),
('72109', 'Ahmad', 'ED', '96'),
('72240', 'Kiki', 'MT', '77'),
('72510', 'Budi', 'MT', '114'),
('72550', 'Johan', 'HH', '124'),
('72745', 'Ahmad', 'HH', '114'),
('72824', 'Ande', 'KL', '118'),
('73447', 'Josu', 'EL', '27'),
('7345', 'Yohan', 'DK', '83'),
('73615', 'Budi', 'DK', '112'),
('73620', 'Josu', 'DE', '106'),
('74022', 'Adri', 'IF', '103'),
('74073', 'Budi', 'KL', '79'),
('74104', 'rahmat', 'HH', '121'),
('74208', 'Budi', 'ED', '78'),
('74569', 'Budi', 'DK', '28'),
('74641', 'Ande', 'DK', '60'),
('74652', 'Johan', 'KL', '104'),
('74921', 'Ande', 'IF', '33'),
('75119', 'Ande', 'GF', '31'),
('7517', 'Adri', 'KL', '35'),
('75180', 'Kiki', 'DE', '102'),
('75219', 'yuyun', 'HH', '23'),
('75507', 'Ahmad', 'HH', '127'),
('75727', 'Ande', 'GF', '26'),
('75755', 'Ahmad', 'BN', '81'),
('76153', 'Ahmad', 'EL', '9'),
('76195', 'Yohan', 'GF', '65'),
('76201', 'rahmat', 'BN', '21'),
('76377', 'yuyun', 'ED', '104'),
('7651', 'Kiki', 'HH', '60'),
('7671', 'Adri', 'DK', '107'),
('77097', 'Josu', 'DE', '22'),
('77405', 'yuyun', 'BN', '98'),
('77882', 'Johan', 'ED', '56'),
('77988', 'Adri', 'KL', '54'),
('78123', 'Adri', 'ED', '88'),
('78175', 'yuyun', 'EL', '50'),
('78199', 'Yohan', 'HH', '10'),
('7821', 'rahmat', 'KL', '77'),
('78262', 'Adri', 'MT', '129'),
('78402', 'Ahmad', 'IF', '33'),
('78434', 'Ande', 'BN', '117'),
('786', 'yuyun', 'IF', '67'),
('78728', 'Kiki', 'KL', '4'),
('78841', 'Ande', 'MT', '19'),
('79168', 'Johan', 'MT', '112'),
('79173', 'Adri', 'DE', '61'),
('79225', 'Ahmad', 'GF', '93'),
('79427', 'rahmat', 'IF', '83'),
('79791', 'Adri', 'DK', '86'),
('79796', 'Kiki', 'HH', '81'),
('79861', 'Johan', 'HH', '90'),
('80364', 'Yohan', 'MT', '120'),
('80473', 'Adri', 'IF', '33'),
('80587', 'Budi', 'BN', '82'),
('80913', 'yuyun', 'MT', '65'),
('81013', 'Ande', 'GF', '106'),
('81223', 'Kiki', 'DE', '27'),
('81485', 'Yohan', 'KL', '110'),
('81926', 'rahmat', 'MT', '83'),
('821', 'Ande', 'EL', '68'),
('8224', 'Yohan', 'MT', '92'),
('82322', 'Yohan', 'GF', '17'),
('82335', 'Josu', 'KL', '22'),
('82356', 'Johan', 'BN', '111'),
('8273', 'rahmat', 'BN', '27'),
('82856', 'Kiki', 'ED', '107'),
('83015', 'Johan', 'ED', '13'),
('83227', 'rahmat', 'GF', '45'),
('83449', 'Yohan', 'BN', '78'),
('83869', 'Kiki', 'IF', '68'),
('8387', 'Ahmad', 'ED', '46'),
('84016', 'Adri', 'BN', '76'),
('84171', 'Kiki', 'DE', '114'),
('84499', 'Johan', 'ED', '18'),
('84559', 'Budi', 'HH', '14'),
('84755', 'Ande', 'MT', '20'),
('84892', 'Adri', 'DE', '72'),
('84934', 'rahmat', 'EL', '99'),
('84992', 'Yohan', 'GF', '48'),
('85015', 'Yohan', 'DK', '41'),
('85055', 'Josu', 'BN', '52'),
('85126', 'Johan', 'HH', '5'),
('85142', 'Ahmad', 'HH', '120'),
('85384', 'Kiki', 'HH', '53'),
('85550', 'Adri', 'DK', '6'),
('8585', 'Ahmad', 'HH', '32'),
('86368', 'yuyun', 'ED', '118'),
('86458', 'Josu', 'BN', '101'),
('86794', 'yuyun', 'IF', '41'),
('87409', 'Josu', 'KL', '71'),
('87477', 'Budi', 'ED', '118'),
('87684', 'rahmat', 'HH', '114'),
('87704', 'Budi', 'GF', '40'),
('87729', 'Ande', 'GF', '73'),
('87819', 'Adri', 'ED', '4'),
('87859', 'Adri', 'GF', '100'),
('87862', 'yuyun', 'GF', '30'),
('88553', 'Johan', 'ED', '50'),
('88635', 'Ande', 'ED', '15'),
('88736', 'rahmat', 'DE', '104'),
('89116', 'Adri', 'DK', '112'),
('89227', 'Budi', 'IF', '113'),
('89342', 'rahmat', 'MT', '54'),
('89360', 'Adri', 'EL', '116'),
('89412', 'rahmat', 'KL', '103'),
('89476', 'Josu', 'DK', '12'),
('8965', 'Johan', 'HH', '88'),
('89777', 'rahmat', 'EL', '99'),
('89780', 'Johan', 'DE', '22'),
('89991', 'Yohan', 'DK', '102'),
('90030', 'Ahmad', 'DE', '90'),
('90132', 'Kiki', 'ED', '58'),
('90205', 'Yohan', 'ED', '36'),
('90234', 'Johan', 'KL', '105'),
('903', 'Josu', 'ED', '2'),
('9045', 'Johan', 'GF', '104'),
('90634', 'Budi', 'KL', '121'),
('90762', 'Budi', 'DK', '127'),
('908', 'Johan', 'BN', '56'),
('91260', 'Kiki', 'HH', '45'),
('91456', 'Budi', 'EL', '6'),
('91797', 'rahmat', 'ED', '74'),
('91916', 'Ande', 'KL', '23'),
('92110', 'Yohan', 'MT', '81'),
('92150', 'Johan', 'GF', '54'),
('92381', 'Ande', 'DE', '2'),
('92562', 'Yohan', 'ED', '78'),
('92908', 'Adri', 'DE', '107'),
('93060', 'Josu', 'ED', '91'),
('93403', 'Josu', 'BN', '0'),
('93435', 'Kiki', 'ED', '65'),
('93500', 'Kiki', 'DK', '2'),
('93793', 'Budi', 'HH', '41'),
('93810', 'Ande', 'DK', '114'),
('94177', 'Adri', 'IF', '127'),
('94446', 'yuyun', 'EL', '69'),
('9451', 'yuyun', 'HH', '12'),
('94788', 'rahmat', 'IF', '38'),
('94884', 'Josu', 'MT', '99'),
('94887', 'Ahmad', 'GF', '30'),
('95090', 'Yohan', 'DE', '30'),
('95536', 'Yohan', 'BN', '119'),
('95604', 'yuyun', 'DK', '118'),
('95743', 'Johan', 'GF', '55'),
('96371', 'Budi', 'HH', '62'),
('96712', 'Josu', 'KL', '102'),
('96842', 'Budi', 'BN', '114'),
('9705', 'Budi', 'EL', '50'),
('973', 'Ande', 'ED', '88'),
('9755', 'Josu', 'GF', '86'),
('97583', 'Johan', 'BN', '96'),
('98077', 'Ahmad', 'EL', '113'),
('98258', 'yuyun', 'IF', '17'),
('98353', 'Yohan', 'BN', '84'),
('98766', 'Adri', 'HH', '103'),
('98810', 'Josu', 'DK', '125'),
('99141', 'Ahmad', 'BN', '2'),
('99298', 'Budi', 'KL', '82'),
('99416', 'Budi', 'DE', '112'),
('99600', 'Budi', 'DK', '23'),
('9972', 'Kiki', 'BN', '65'),
('99961', 'Yohan', 'MT', '14');

-- --------------------------------------------------------

--
-- Struktur dari tabel `takes`
--

CREATE TABLE `takes` (
  `ID` varchar(5) NOT NULL,
  `course_id` varchar(8) NOT NULL,
  `sec_id` varchar(8) NOT NULL,
  `semester` varchar(6) NOT NULL,
  `year` decimal(4,0) NOT NULL,
  `grade` varchar(2) DEFAULT NULL
) ENGINE=InnoDB DEFAULT CHARSET=latin1;

--
-- Dumping data untuk tabel `takes`
--

INSERT INTO `takes` (`ID`, `course_id`, `sec_id`, `semester`, `year`, `grade`) VALUES
('1023', '273', '1', 'Spring', '2004', 'B+'),
('1023', '545', '6', 'Spring', '2010', 'A '),
('10482', '918', '1', 'Fall', '2003', 'B+'),
('10520', '648', '8', 'Fall', '2003', 'A '),
('10520', '803', '6', 'Fall', '2006', 'A-'),
('10520', '853', '2', 'Spring', '2007', 'C-'),
('10835', '209', '1', 'Fall', '2004', 'B-'),
('10835', '345', '4', 'Spring', '2004', 'C '),
('10835', '828', '2', 'Spring', '2007', 'B '),
('11529', '870', '1', 'Fall', '2003', 'C+'),
('11529', '894', '3', 'Spring', '2002', 'A-'),
('11674', '622', '2', 'Spring', '2008', 'C-'),
('11674', '953', '1', 'Fall', '2009', 'B-'),
('11674', '957', '6', 'Spring', '2005', 'B '),
('12306', '918', '2', 'Fall', '2002', 'A-'),
('12605', '297', '3', 'Fall', '2008', 'A+'),
('12605', '378', '2', 'Spring', '2004', 'C+'),
('12605', '800', '2', 'Fall', '2007', 'C '),
('12775', '338', '2', 'Spring', '2006', 'C-'),
('12775', '581', '2', 'Spring', '2005', 'B-'),
('12775', '654', '8', 'Fall', '2004', 'B-'),
('12869', '395', '8', 'Spring', '2010', 'B '),
('12869', '447', '3', 'Spring', '2003', 'C '),
('12869', '673', '4', 'Fall', '2007', 'C-'),
('12897', '203', '5', 'Fall', '2008', 'C-'),
('13090', '763', '1', 'Fall', '2003', 'B+'),
('1311', '625', '3', 'Fall', '2006', 'B '),
('13761', '173', '5', 'Fall', '2006', 'B-'),
('13761', '366', '5', 'Fall', '2001', 'C-'),
('13856', '947', '5', 'Spring', '2008', 'B '),
('13956', '696', '3', 'Spring', '2010', 'C '),
('13956', '795', '2', 'Fall', '2005', 'B '),
('13956', '897', '2', 'Fall', '2009', 'B '),
('14053', '211', '1', 'Spring', '2006', 'A+'),
('14053', '937', '5', 'Fall', '2008', 'A+'),
('14128', '203', '4', 'Spring', '2009', 'B '),
('14226', '273', '2', 'Spring', '2008', 'B+'),
('14244', '874', '2', 'Fall', '2003', 'B '),
('14284', '733', '7', 'Spring', '2009', 'A '),
('14284', '774', '3', 'Spring', '2008', 'C-'),
('1436', '140', '3', 'Spring', '2002', 'A '),
('1436', '620', '6', 'Spring', '2007', 'A-'),
('1436', '643', '2', 'Fall', '2003', 'A+'),
('14394', '603', '4', 'Fall', '2009', 'C+'),
('14394', '782', '1', 'Spring', '2004', 'A '),
('14525', '600', '5', 'Fall', '2004', 'A+'),
('14525', '897', '3', 'Fall', '2005', 'B+'),
('14755', '349', '2', 'Spring', '2001', 'C-'),
('14755', '430', '3', 'Fall', '2010', 'C-'),
('14755', '525', '4', 'Spring', '2010', 'A '),
('1500', '542', '1', 'Spring', '2002', 'C+'),
('1500', '842', '2', 'Spring', '2007', 'C-'),
('15086', '140', '6', 'Fall', '2001', 'C+'),
('15086', '588', '2', 'Spring', '2001', 'C-'),
('1521', '308', '1', 'Fall', '2003', 'C+'),
('1521', '459', '4', 'Spring', '2006', 'C-'),
('1521', '506', '1', 'Spring', '2006', 'A-'),
('1521', '959', '6', 'Spring', '2009', 'A+'),
('15318', '302', '1', 'Spring', '2009', 'A-'),
('15318', '964', '1', 'Fall', '2004', 'C-'),
('15729', '386', '2', 'Fall', '2010', 'A+'),
('15729', '553', '5', 'Fall', '2007', 'A-'),
('15729', '695', '3', 'Fall', '2001', 'B-'),
('15729', '930', '1', 'Fall', '2010', 'B '),
('15987', '345', '5', 'Fall', '2005', 'B+'),
('15987', '774', '3', 'Spring', '2008', 'B '),
('15987', '777', '1', 'Spring', '2009', 'C-'),
('16193', '140', '4', 'Spring', '2006', 'A-'),
('1681', '165', '1', 'Spring', '2008', 'A '),
('1681', '355', '7', 'Spring', '2005', 'A-'),
('1681', '376', '7', 'Fall', '2003', 'B-'),
('1681', '542', '4', 'Fall', '2003', 'B-'),
('17210', '140', '6', 'Fall', '2001', 'C '),
('17210', '460', '1', 'Spring', '2006', 'C+'),
('17210', '757', '4', 'Fall', '2004', 'A-'),
('17236', '210', '1', 'Fall', '2006', 'A-'),
('17346', '150', '6', 'Spring', '2001', 'A-'),
('17346', '222', '4', 'Spring', '2010', 'C+'),
('17346', '282', '5', 'Fall', '2002', 'A+'),
('17346', '918', '4', 'Fall', '2008', 'B-'),
('17346', '956', '5', 'Spring', '2005', 'C '),
('18786', '552', '2', 'Spring', '2004', 'C '),
('19328', '310', '3', 'Fall', '2010', 'B-'),
('19328', '625', '3', 'Fall', '2006', 'C '),
('19487', '140', '5', 'Spring', '2005', 'C-'),
('19487', '395', '6', 'Spring', '2009', 'C+'),
('19615', '210', '1', 'Fall', '2006', 'A-'),
('19615', '513', '1', 'Spring', '2010', 'B+'),
('19754', '191', '4', 'Fall', '2004', 'C '),
('20020', '841', '6', 'Spring', '2004', 'A-'),
('20091', '123', '1', 'Fall', '2004', 'B+'),
('20091', '167', '2', 'Fall', '2007', 'A '),
('20091', '896', '1', 'Spring', '2001', 'A '),
('2066', '357', '11', 'Fall', '2008', 'C '),
('20769', '308', '7', 'Fall', '2008', 'C+'),
('20917', '242', '11', 'Fall', '2001', 'A-'),
('20931', '953', '6', 'Spring', '2001', 'A-'),
('21034', '423', '2', 'Spring', '2002', 'A-'),
('21111', '513', '5', 'Spring', '2007', 'B '),
('21111', '603', '3', 'Spring', '2001', 'B '),
('21165', '215', '2', 'Fall', '2009', 'B-'),
('21165', '511', '3', 'Fall', '2007', 'B-'),
('21661', '190', '1', 'Spring', '2002', 'B-'),
('21661', '395', '1', 'Spring', '2006', 'C-'),
('21661', '460', '2', 'Fall', '2004', 'B '),
('21661', '937', '5', 'Fall', '2008', 'A+'),
('21799', '127', '2', 'Spring', '2004', 'C-'),
('22303', '511', '8', 'Spring', '2007', 'C+'),
('22303', '654', '9', 'Fall', '2004', 'C-'),
('22802', '129', '1', 'Spring', '2001', 'A '),
('22802', '222', '6', 'Spring', '2006', 'B+'),
('22802', '282', '2', 'Fall', '2002', 'B+'),
('22802', '357', '8', 'Spring', '2001', 'A '),
('22802', '923', '3', 'Spring', '2007', 'A '),
('23096', '430', '1', 'Spring', '2001', 'B-'),
('23366', '244', '6', 'Spring', '2004', 'A '),
('23366', '447', '9', 'Fall', '2004', 'C+'),
('23366', '460', '2', 'Fall', '2004', 'C '),
('23366', '600', '1', 'Spring', '2007', 'C-'),
('23458', '273', '9', 'Fall', '2009', 'C-'),
('23458', '894', '3', 'Spring', '2002', 'C+'),
('23470', '338', '1', 'Fall', '2007', 'B+'),
('23470', '598', '4', 'Fall', '2010', 'C+'),
('23470', '600', '6', 'Fall', '2009', 'C '),
('24095', '165', '5', 'Spring', '2003', 'B '),
('24095', '458', '3', 'Spring', '2005', 'B '),
('24095', '701', '6', 'Spring', '2004', 'C+'),
('24109', '844', '4', 'Fall', '2009', 'B+'),
('24185', '150', '2', 'Fall', '2010', 'C-'),
('24185', '342', '3', 'Spring', '2001', 'C-'),
('24185', '959', '5', 'Spring', '2003', 'B-'),
('24214', '199', '4', 'Fall', '2006', 'A+'),
('24214', '374', '2', 'Fall', '2009', 'A '),
('24214', '376', '4', 'Fall', '2010', 'B+'),
('24214', '510', '1', 'Spring', '2005', 'C-'),
('24214', '570', '4', 'Fall', '2008', 'A+'),
('2438', '726', '3', 'Fall', '2006', 'B-'),
('2438', '953', '9', 'Fall', '2010', 'B+'),
('24695', '222', '4', 'Spring', '2010', 'A-'),
('24695', '320', '4', 'Fall', '2001', 'B '),
('2478', '348', '8', 'Spring', '2004', 'B '),
('2478', '510', '4', 'Fall', '2001', 'C-'),
('2481', '209', '3', 'Fall', '2006', 'B-'),
('2481', '506', '2', 'Fall', '2006', 'B-'),
('24915', '273', '1', 'Spring', '2004', 'A-'),
('24915', '424', '1', 'Spring', '2002', 'C-'),
('24915', '570', '4', 'Fall', '2008', 'C+'),
('24915', '695', '6', 'Fall', '2010', 'B+'),
('24915', '853', '2', 'Spring', '2007', 'A+'),
('25827', '155', '1', 'Spring', '2010', 'B-'),
('26013', '189', '2', 'Fall', '2004', 'A '),
('26013', '593', '2', 'Spring', '2005', 'C-'),
('26013', '625', '1', 'Fall', '2003', 'B '),
('27014', '215', '1', 'Fall', '2004', 'A+'),
('27093', '357', '2', 'Fall', '2002', 'B+'),
('27093', '841', '1', 'Spring', '2004', 'C '),
('27139', '114', '3', 'Spring', '2009', 'C '),
('27139', '129', '4', 'Spring', '2001', 'A+'),
('27139', '222', '1', 'Spring', '2005', 'A+'),
('27139', '250', '6', 'Fall', '2004', 'A '),
('27139', '374', '8', 'Fall', '2001', 'B '),
('27139', '456', '1', 'Fall', '2010', 'C+'),
('27139', '748', '3', 'Fall', '2001', 'A '),
('27186', '129', '3', 'Fall', '2006', 'C+'),
('27186', '349', '4', 'Fall', '2002', 'A '),
('27186', '947', '4', 'Fall', '2007', 'C-'),
('27324', '140', '4', 'Spring', '2006', 'A '),
('27324', '376', '1', 'Fall', '2005', 'C+'),
('27463', '114', '1', 'Fall', '2005', 'A+'),
('27463', '880', '3', 'Fall', '2004', 'B-'),
('27767', '953', '7', 'Fall', '2006', 'B-'),
('27781', '320', '3', 'Spring', '2002', 'B '),
('27913', '222', '5', 'Spring', '2010', 'A-'),
('27913', '222', '7', 'Spring', '2008', 'A '),
('28371', '165', '4', 'Fall', '2004', 'A '),
('28371', '790', '3', 'Fall', '2006', 'C '),
('28371', '842', '1', 'Spring', '2007', 'C+'),
('28371', '880', '4', 'Spring', '2004', 'C '),
('28519', '447', '5', 'Spring', '2002', 'B+'),
('28519', '620', '2', 'Spring', '2006', 'A+'),
('28570', '795', '3', 'Spring', '2003', 'C+'),
('28712', '430', '2', 'Fall', '2008', 'C '),
('28712', '598', '1', 'Fall', '2009', 'C '),
('28712', '698', '3', 'Fall', '2007', 'B '),
('2894', '542', '1', 'Spring', '2002', 'B '),
('2894', '774', '2', 'Fall', '2010', 'A '),
('28952', '545', '5', 'Fall', '2008', 'A+'),
('28952', '774', '1', 'Fall', '2004', 'B+'),
('28952', '947', '5', 'Spring', '2008', 'B-'),
('30184', '191', '3', 'Spring', '2002', 'C+'),
('30184', '705', '2', 'Spring', '2010', 'A '),
('30211', '222', '4', 'Spring', '2010', 'A+'),
('30211', '320', '6', 'Fall', '2002', 'A-'),
('30211', '430', '3', 'Fall', '2010', 'B-'),
('30211', '603', '2', 'Spring', '2004', 'A-'),
('30211', '644', '3', 'Spring', '2003', 'B '),
('30211', '701', '5', 'Fall', '2006', 'B-'),
('30348', '223', '2', 'Spring', '2002', 'C+'),
('30348', '612', '1', 'Fall', '2009', 'C '),
('30563', '242', '3', 'Spring', '2001', 'A '),
('30563', '923', '4', 'Fall', '2005', 'B+'),
('30776', '649', '7', 'Fall', '2009', 'C-'),
('30776', '701', '1', 'Spring', '2002', 'B+'),
('30776', '918', '4', 'Fall', '2008', 'B-'),
('30804', '150', '6', 'Spring', '2001', 'A '),
('30804', '273', '3', 'Spring', '2008', 'A+'),
('30804', '323', '3', 'Spring', '2007', 'C-'),
('30804', '575', '2', 'Spring', '2002', 'A+'),
('30931', '696', '7', 'Fall', '2005', 'A-'),
('30931', '698', '3', 'Fall', '2007', 'C-'),
('3102', '458', '2', 'Fall', '2008', 'A '),
('3102', '679', '4', 'Fall', '2001', 'B+'),
('31131', '273', '3', 'Spring', '2008', 'B-'),
('31131', '511', '4', 'Fall', '2010', 'C-'),
('31131', '620', '5', 'Fall', '2007', 'B+'),
('31131', '644', '2', 'Spring', '2005', 'C-'),
('3126', '932', '2', 'Fall', '2003', 'A+'),
('3126', '953', '11', 'Fall', '2006', 'A-'),
('3126', '957', '1', 'Fall', '2007', 'A '),
('31311', '748', '1', 'Fall', '2007', 'C+'),
('31409', '304', '3', 'Spring', '2007', 'B-'),
('31409', '842', '3', 'Spring', '2001', 'C+'),
('31452', '297', '2', 'Fall', '2006', 'B-'),
('31452', '577', '3', 'Fall', '2002', 'A-'),
('31467', '447', '2', 'Fall', '2002', 'C+'),
('31467', '612', '2', 'Spring', '2010', 'C+'),
('31467', '733', '8', 'Spring', '2007', 'C '),
('31467', '984', '4', 'Spring', '2009', 'C '),
('31823', '326', '3', 'Spring', '2009', 'A-'),
('31823', '552', '3', 'Spring', '2008', 'C-'),
('32024', '357', '3', 'Spring', '2008', 'C+'),
('32024', '629', '3', 'Spring', '2004', 'B+'),
('32024', '803', '6', 'Fall', '2006', 'A '),
('32180', '348', '1', 'Fall', '2005', 'C '),
('32180', '423', '2', 'Spring', '2002', 'C+'),
('32180', '570', '2', 'Fall', '2006', 'C-'),
('32180', '869', '5', 'Fall', '2008', 'B '),
('32293', '190', '3', 'Fall', '2007', 'C-'),
('32293', '357', '2', 'Fall', '2002', 'A+'),
('32293', '679', '1', 'Spring', '2001', 'B-'),
('32506', '203', '2', 'Spring', '2007', 'A+'),
('32506', '210', '5', 'Fall', '2006', 'C '),
('32948', '123', '1', 'Fall', '2004', 'C+'),
('32948', '623', '3', 'Spring', '2004', 'B-'),
('33091', '577', '1', 'Fall', '2009', 'B+'),
('33091', '897', '6', 'Spring', '2005', 'C '),
('33149', '649', '2', 'Spring', '2002', 'C+'),
('33174', '649', '6', 'Fall', '2008', 'C '),
('33288', '129', '6', 'Spring', '2008', 'A '),
('33907', '897', '5', 'Spring', '2009', 'C-'),
('34054', '648', '5', 'Spring', '2006', 'A '),
('34054', '740', '1', 'Spring', '2001', 'B+'),
('34108', '506', '2', 'Fall', '2006', 'B-'),
('34305', '203', '3', 'Spring', '2007', 'C-'),
('34305', '620', '6', 'Spring', '2007', 'B+'),
('34638', '114', '4', 'Fall', '2009', 'A+'),
('34677', '374', '2', 'Fall', '2009', 'A-'),
('34677', '644', '1', 'Fall', '2001', 'A+'),
('34677', '795', '2', 'Fall', '2005', 'C '),
('34858', '764', '1', 'Spring', '2005', 'A-'),
('34858', '918', '5', 'Fall', '2007', 'C-'),
('34915', '242', '11', 'Fall', '2001', 'A+'),
('34915', '327', '2', 'Spring', '2004', 'A+'),
('34915', '623', '1', 'Spring', '2007', 'B-'),
('3503', '430', '2', 'Fall', '2008', 'A '),
('3503', '629', '5', 'Fall', '2001', 'B+'),
('3503', '679', '3', 'Spring', '2010', 'A+'),
('35379', '250', '6', 'Fall', '2004', 'B-'),
('35379', '803', '1', 'Fall', '2009', 'A+'),
('35438', '272', '3', 'Spring', '2006', 'C-'),
('35438', '803', '7', 'Spring', '2002', 'C '),
('35444', '308', '4', 'Spring', '2007', 'C-'),
('35444', '342', '4', 'Fall', '2010', 'A-'),
('35552', '167', '4', 'Spring', '2006', 'B '),
('35552', '223', '2', 'Spring', '2002', 'B+'),
('35552', '342', '2', 'Fall', '2003', 'C '),
('35552', '345', '1', 'Spring', '2005', 'A+'),
('35552', '800', '3', 'Fall', '2002', 'C+'),
('35620', '648', '4', 'Spring', '2002', 'B+'),
('35750', '198', '2', 'Spring', '2002', 'C '),
('35750', '790', '4', 'Fall', '2005', 'A-'),
('35930', '773', '3', 'Spring', '2003', 'C+'),
('35930', '795', '5', 'Spring', '2008', 'A+'),
('36008', '734', '5', 'Spring', '2007', 'B+'),
('36008', '894', '1', 'Spring', '2009', 'B '),
('36062', '882', '2', 'Spring', '2003', 'A-'),
('36132', '696', '3', 'Spring', '2010', 'C-'),
('36132', '890', '3', 'Fall', '2004', 'B-'),
('36132', '974', '2', 'Spring', '2005', 'B-'),
('36412', '964', '5', 'Spring', '2009', 'B+'),
('3651', '374', '7', 'Spring', '2003', 'A+'),
('3651', '795', '1', 'Spring', '2006', 'A '),
('3651', '932', '5', 'Fall', '2009', 'B '),
('36602', '462', '3', 'Fall', '2010', 'A-'),
('36602', '612', '6', 'Fall', '2008', 'B '),
('37030', '198', '2', 'Spring', '2002', 'A '),
('37030', '648', '2', 'Spring', '2010', 'C '),
('37030', '959', '1', 'Spring', '2003', 'C+'),
('37703', '542', '3', 'Fall', '2004', 'A-'),
('37703', '882', '7', 'Spring', '2009', 'A '),
('38050', '244', '5', 'Spring', '2007', 'B+'),
('38050', '577', '3', 'Fall', '2002', 'C-'),
('38239', '272', '1', 'Spring', '2001', 'C-'),
('38239', '763', '7', 'Fall', '2009', 'C+'),
('38506', '326', '2', 'Spring', '2002', 'C+'),
('38506', '357', '11', 'Fall', '2008', 'B+'),
('38506', '773', '6', 'Spring', '2004', 'A-'),
('38689', '191', '5', 'Fall', '2003', 'B+'),
('38689', '320', '5', 'Spring', '2001', 'C-'),
('38981', '423', '1', 'Spring', '2002', 'A '),
('38981', '957', '2', 'Spring', '2003', 'A-'),
('3943', '542', '3', 'Fall', '2004', 'A-'),
('39481', '297', '8', 'Fall', '2003', 'A+'),
('39481', '513', '4', 'Spring', '2006', 'A '),
('39481', '844', '2', 'Fall', '2005', 'B-'),
('39492', '679', '5', 'Fall', '2008', 'C+'),
('40002', '348', '8', 'Spring', '2004', 'C-'),
('40002', '869', '4', 'Spring', '2001', 'A+'),
('40176', '114', '3', 'Spring', '2009', 'B+'),
('40176', '319', '4', 'Spring', '2001', 'C '),
('40176', '335', '4', 'Spring', '2010', 'A+'),
('40176', '470', '3', 'Fall', '2009', 'B '),
('40176', '811', '3', 'Spring', '2008', 'B-'),
('40194', '545', '3', 'Spring', '2004', 'C-'),
('4024', '113', '6', 'Spring', '2010', 'C '),
('4024', '701', '6', 'Spring', '2004', 'C-'),
('40568', '199', '1', 'Spring', '2001', 'A+'),
('40568', '248', '2', 'Fall', '2010', 'B+'),
('40603', '447', '4', 'Spring', '2007', 'C+'),
('40603', '869', '2', 'Spring', '2001', 'A '),
('40603', '926', '3', 'Fall', '2010', 'B-'),
('40634', '129', '3', 'Fall', '2006', 'A '),
('40634', '374', '4', 'Spring', '2002', 'C-'),
('40634', '795', '1', 'Spring', '2006', 'C-'),
('40634', '956', '9', 'Fall', '2009', 'A+'),
('40992', '782', '1', 'Spring', '2004', 'A-'),
('41089', '577', '2', 'Fall', '2003', 'B '),
('4167', '348', '4', 'Fall', '2008', 'C+'),
('4167', '897', '4', 'Spring', '2001', 'A-'),
('42170', '376', '7', 'Fall', '2003', 'A+'),
('42170', '698', '1', 'Fall', '2004', 'C '),
('42170', '894', '4', 'Spring', '2001', 'C+'),
('42233', '320', '5', 'Spring', '2001', 'A+'),
('42433', '188', '3', 'Spring', '2002', 'A+'),
('42433', '577', '4', 'Spring', '2001', 'A+'),
('42706', '612', '2', 'Spring', '2010', 'B '),
('42749', '165', '2', 'Spring', '2005', 'A '),
('42749', '242', '2', 'Fall', '2002', 'B-'),
('42749', '318', '1', 'Fall', '2008', 'A '),
('42749', '320', '4', 'Fall', '2001', 'B-'),
('42749', '470', '6', 'Spring', '2009', 'A-'),
('42749', '673', '4', 'Fall', '2007', 'B-'),
('43004', '198', '3', 'Fall', '2001', 'B+'),
('43004', '319', '4', 'Spring', '2001', 'B-'),
('43004', '357', '3', 'Spring', '2008', 'A '),
('43004', '511', '5', 'Spring', '2008', 'B-'),
('43004', '953', '9', 'Fall', '2010', 'A+'),
('43013', '553', '3', 'Fall', '2003', 'B-'),
('43013', '599', '1', 'Fall', '2009', 'C+'),
('43065', '842', '2', 'Spring', '2007', 'A-'),
('43065', '869', '2', 'Spring', '2001', 'C-'),
('43528', '319', '7', 'Fall', '2006', 'C+'),
('43528', '348', '6', 'Spring', '2010', 'A-'),
('43528', '468', '3', 'Spring', '2003', 'A '),
('43528', '600', '2', 'Fall', '2004', 'B-'),
('43528', '629', '2', 'Spring', '2008', 'A-'),
('43603', '696', '1', 'Fall', '2008', 'B+'),
('43635', '584', '1', 'Spring', '2007', 'B+'),
('43635', '985', '2', 'Spring', '2007', 'A+'),
('44076', '173', '3', 'Fall', '2005', 'B-'),
('44076', '282', '1', 'Spring', '2001', 'C+'),
('44076', '468', '5', 'Fall', '2003', 'A '),
('44076', '644', '1', 'Fall', '2001', 'B-'),
('44076', '795', '7', 'Spring', '2002', 'B '),
('44992', '444', '2', 'Spring', '2003', 'C+'),
('44992', '649', '6', 'Fall', '2008', 'B '),
('44992', '869', '5', 'Fall', '2008', 'C '),
('450', '620', '3', 'Spring', '2003', 'A-'),
('450', '967', '1', 'Fall', '2002', 'A-'),
('45087', '342', '5', 'Fall', '2003', 'B-'),
('45139', '244', '6', 'Spring', '2004', 'B '),
('45139', '348', '6', 'Spring', '2010', 'A '),
('45324', '176', '2', 'Spring', '2007', 'C-'),
('45324', '395', '6', 'Spring', '2009', 'A-'),
('4535', '129', '5', 'Spring', '2002', 'C+'),
('4535', '441', '5', 'Spring', '2003', 'A-'),
('4535', '443', '4', 'Fall', '2005', 'C+'),
('45575', '342', '5', 'Fall', '2003', 'A-'),
('45575', '513', '2', 'Fall', '2010', 'B-'),
('45605', '167', '3', 'Spring', '2010', 'B-'),
('45605', '777', '7', 'Spring', '2004', 'A '),
('45819', '740', '4', 'Spring', '2010', 'A-'),
('45819', '803', '1', 'Fall', '2009', 'A-'),
('46171', '777', '7', 'Spring', '2004', 'A-'),
('46511', '140', '4', 'Spring', '2006', 'A '),
('46511', '459', '3', 'Spring', '2006', 'C '),
('46511', '963', '1', 'Fall', '2004', 'C+'),
('46534', '395', '2', 'Spring', '2003', 'C '),
('46854', '510', '5', 'Fall', '2003', 'C-'),
('46854', '570', '3', 'Spring', '2001', 'B '),
('46875', '320', '5', 'Spring', '2001', 'A+'),
('46875', '326', '4', 'Fall', '2005', 'B+'),
('46921', '199', '4', 'Fall', '2006', 'C-'),
('46930', '231', '2', 'Fall', '2002', 'C '),
('46930', '374', '5', 'Spring', '2006', 'B '),
('46930', '725', '4', 'Fall', '2006', 'B-'),
('46930', '773', '2', 'Spring', '2004', 'C-'),
('46930', '926', '2', 'Fall', '2009', 'C+'),
('47100', '395', '3', 'Fall', '2008', 'B-'),
('47100', '419', '1', 'Spring', '2001', 'B+'),
('47100', '733', '4', 'Fall', '2006', 'C+'),
('47100', '869', '3', 'Fall', '2010', 'A+'),
('47428', '335', '3', 'Spring', '2004', 'A-'),
('47428', '936', '3', 'Fall', '2004', 'C+'),
('4816', '203', '4', 'Spring', '2009', 'C '),
('48378', '104', '5', 'Fall', '2009', 'C+'),
('48378', '113', '3', 'Fall', '2003', 'B+'),
('48378', '506', '2', 'Fall', '2006', 'A-'),
('48378', '736', '1', 'Spring', '2009', 'A+'),
('48378', '803', '7', 'Spring', '2002', 'C+'),
('48378', '926', '4', 'Spring', '2004', 'A-'),
('48589', '424', '2', 'Fall', '2010', 'C+'),
('48589', '777', '4', 'Spring', '2006', 'C '),
('48593', '932', '5', 'Fall', '2009', 'A+'),
('48631', '242', '9', 'Spring', '2001', 'C+'),
('48631', '698', '3', 'Fall', '2007', 'A+'),
('48631', '844', '2', 'Fall', '2005', 'C '),
('48631', '896', '3', 'Spring', '2010', 'A+'),
('48693', '297', '5', 'Spring', '2002', 'B+'),
('48693', '323', '2', 'Spring', '2005', 'A+'),
('48693', '378', '2', 'Spring', '2004', 'C+'),
('48693', '419', '4', 'Spring', '2001', 'A-'),
('48693', '588', '1', 'Fall', '2008', 'A-'),
('48693', '882', '2', 'Spring', '2003', 'B-'),
('48693', '894', '2', 'Fall', '2008', 'C+'),
('48693', '937', '3', 'Spring', '2010', 'A-'),
('48699', '282', '6', 'Spring', '2002', 'A '),
('49115', '150', '5', 'Fall', '2002', 'C+'),
('49115', '545', '9', 'Spring', '2007', 'B '),
('49276', '210', '5', 'Fall', '2006', 'C-'),
('49276', '215', '3', 'Fall', '2010', 'B+'),
('49276', '612', '6', 'Fall', '2008', 'B-'),
('49276', '726', '4', 'Fall', '2008', 'C '),
('49424', '588', '2', 'Spring', '2001', 'A '),
('49441', '423', '2', 'Spring', '2002', 'C+'),
('49652', '127', '4', 'Fall', '2010', 'B+'),
('49652', '890', '3', 'Fall', '2004', 'B+'),
('49791', '191', '3', 'Spring', '2002', 'B-'),
('49791', '395', '1', 'Spring', '2006', 'B '),
('49791', '553', '2', 'Fall', '2003', 'B-'),
('50052', '326', '1', 'Fall', '2009', 'A '),
('50147', '111', '3', 'Spring', '2006', 'A '),
('50147', '386', '2', 'Fall', '2010', 'C '),
('50147', '740', '3', 'Spring', '2003', 'C-'),
('50290', '224', '3', 'Spring', '2003', 'A+'),
('50290', '842', '5', 'Spring', '2006', 'B '),
('50290', '981', '2', 'Spring', '2009', 'A-'),
('50975', '277', '2', 'Fall', '2003', 'B+'),
('50975', '974', '4', 'Spring', '2006', 'C+'),
('51403', '774', '1', 'Fall', '2004', 'C '),
('52028', '248', '1', 'Spring', '2009', 'B-'),
('52028', '323', '1', 'Fall', '2010', 'A-'),
('52276', '198', '5', 'Fall', '2010', 'A+'),
('52276', '599', '2', 'Fall', '2008', 'A-'),
('52276', '764', '1', 'Spring', '2005', 'A+'),
('52276', '777', '1', 'Spring', '2009', 'A+'),
('52501', '310', '3', 'Fall', '2010', 'C '),
('52501', '695', '3', 'Fall', '2001', 'B '),
('52501', '981', '8', 'Fall', '2010', 'C '),
('52569', '190', '5', 'Fall', '2006', 'A '),
('52569', '600', '7', 'Fall', '2003', 'A '),
('52569', '623', '4', 'Spring', '2003', 'B+'),
('52569', '953', '10', 'Fall', '2010', 'B '),
('52878', '447', '9', 'Fall', '2004', 'C+'),
('52878', '603', '5', 'Spring', '2002', 'C+'),
('52878', '612', '6', 'Fall', '2008', 'C '),
('52878', '953', '2', 'Fall', '2004', 'C-'),
('52936', '242', '1', 'Fall', '2006', 'C-'),
('52936', '963', '2', 'Spring', '2007', 'A '),
('53845', '155', '1', 'Spring', '2010', 'B+'),
('54043', '648', '9', 'Spring', '2010', 'A+'),
('54135', '273', '2', 'Spring', '2008', 'C+'),
('54135', '424', '3', 'Fall', '2004', 'B '),
('54565', '757', '5', 'Fall', '2004', 'B-'),
('54565', '777', '6', 'Spring', '2010', 'B '),
('54787', '301', '3', 'Fall', '2007', 'B+'),
('54787', '510', '1', 'Spring', '2005', 'A+'),
('54787', '545', '3', 'Spring', '2004', 'B '),
('54787', '790', '2', 'Spring', '2007', 'B-'),
('54822', '224', '3', 'Spring', '2003', 'A+'),
('54822', '367', '2', 'Fall', '2003', 'A '),
('54822', '545', '9', 'Spring', '2007', 'B-'),
('54822', '975', '3', 'Fall', '2009', 'A+'),
('54950', '188', '2', 'Fall', '2001', 'A '),
('55283', '348', '3', 'Fall', '2005', 'C+'),
('55283', '600', '5', 'Fall', '2004', 'B '),
('55283', '725', '2', 'Fall', '2005', 'A-'),
('55360', '210', '3', 'Spring', '2005', 'C-'),
('55360', '918', '7', 'Spring', '2004', 'B '),
('55433', '376', '3', 'Fall', '2004', 'C-'),
('55447', '545', '8', 'Spring', '2003', 'B-'),
('55473', '897', '5', 'Spring', '2009', 'C '),
('55508', '308', '2', 'Spring', '2004', 'C-'),
('55582', '273', '9', 'Fall', '2009', 'A+'),
('55582', '896', '5', 'Spring', '2010', 'A '),
('55582', '957', '6', 'Spring', '2005', 'C+'),
('55706', '511', '1', 'Fall', '2007', 'C-'),
('5595', '209', '6', 'Fall', '2001', 'B '),
('56089', '773', '4', 'Spring', '2003', 'A+'),
('56118', '318', '1', 'Fall', '2008', 'B+'),
('56118', '462', '4', 'Fall', '2005', 'B '),
('56367', '250', '2', 'Fall', '2003', 'A-'),
('56367', '844', '5', 'Spring', '2001', 'A-'),
('56395', '127', '1', 'Spring', '2005', 'B-'),
('56395', '511', '6', 'Fall', '2001', 'B+'),
('56929', '588', '5', 'Spring', '2003', 'C '),
('56929', '643', '3', 'Fall', '2001', 'C '),
('57195', '140', '2', 'Fall', '2003', 'B+'),
('57195', '795', '5', 'Spring', '2008', 'A '),
('57227', '113', '1', 'Spring', '2004', 'C-'),
('57227', '584', '3', 'Fall', '2009', 'B+'),
('57227', '844', '3', 'Spring', '2009', 'B-'),
('58258', '209', '6', 'Fall', '2001', 'C '),
('58258', '374', '6', 'Spring', '2009', 'C '),
('58258', '603', '6', 'Spring', '2001', 'C '),
('58258', '777', '3', 'Fall', '2009', 'C+'),
('58282', '244', '4', 'Spring', '2004', 'A-'),
('58282', '320', '6', 'Fall', '2002', 'B+'),
('58282', '705', '3', 'Spring', '2003', 'A '),
('58465', '959', '5', 'Spring', '2003', 'C+'),
('58488', '773', '7', 'Spring', '2006', 'C+'),
('58488', '777', '7', 'Spring', '2004', 'B '),
('58665', '320', '2', 'Spring', '2002', 'C+'),
('58665', '447', '6', 'Spring', '2010', 'B '),
('58665', '890', '3', 'Fall', '2004', 'C '),
('58797', '140', '1', 'Fall', '2001', 'C-'),
('58797', '326', '5', 'Spring', '2005', 'B '),
('58797', '620', '7', 'Spring', '2003', 'B+'),
('58797', '874', '2', 'Fall', '2003', 'C+'),
('58797', '975', '2', 'Fall', '2003', 'B-'),
('5881', '981', '1', 'Fall', '2001', 'A+'),
('58895', '447', '4', 'Spring', '2007', 'B-'),
('58895', '510', '3', 'Spring', '2004', 'B+'),
('58895', '643', '1', 'Fall', '2009', 'B+'),
('59050', '327', '2', 'Spring', '2004', 'A '),
('59050', '525', '2', 'Spring', '2008', 'C-'),
('59050', '803', '4', 'Fall', '2009', 'B+'),
('59099', '189', '3', 'Fall', '2002', 'B+'),
('59099', '423', '1', 'Spring', '2002', 'B-'),
('59099', '552', '6', 'Spring', '2002', 'C '),
('59099', '553', '3', 'Fall', '2003', 'A-'),
('59099', '696', '5', 'Fall', '2005', 'B+'),
('59379', '542', '2', 'Spring', '2008', 'C '),
('59379', '620', '1', 'Spring', '2007', 'B+'),
('59625', '589', '4', 'Fall', '2009', 'A '),
('59690', '140', '6', 'Fall', '2001', 'A-'),
('59690', '803', '7', 'Spring', '2002', 'A+'),
('59690', '947', '6', 'Spring', '2008', 'B-'),
('59701', '918', '5', 'Fall', '2007', 'A '),
('59701', '923', '4', 'Fall', '2005', 'B-'),
('60013', '209', '6', 'Fall', '2001', 'A '),
('60097', '320', '4', 'Fall', '2001', 'B '),
('60097', '957', '5', 'Fall', '2005', 'C '),
('60389', '511', '2', 'Fall', '2009', 'B-'),
('60389', '767', '5', 'Fall', '2010', 'C '),
('60506', '222', '1', 'Spring', '2005', 'C-'),
('60536', '140', '2', 'Fall', '2003', 'A '),
('6067', '975', '4', 'Spring', '2003', 'A+'),
('6081', '209', '5', 'Fall', '2003', 'C-'),
('6081', '937', '1', 'Fall', '2008', 'C+'),
('60906', '188', '2', 'Fall', '2001', 'A+'),
('60906', '549', '2', 'Fall', '2002', 'A '),
('60906', '612', '6', 'Fall', '2008', 'C-'),
('61238', '231', '3', 'Spring', '2009', 'A '),
('61238', '923', '5', 'Spring', '2005', 'C-'),
('61410', '443', '3', 'Spring', '2007', 'B-'),
('61410', '701', '4', 'Spring', '2001', 'B-'),
('6145', '515', '2', 'Spring', '2001', 'B '),
('6145', '649', '3', 'Fall', '2010', 'C+'),
('61891', '643', '3', 'Fall', '2001', 'A+'),
('61891', '842', '6', 'Fall', '2006', 'A '),
('61903', '211', '2', 'Fall', '2009', 'B+'),
('61903', '444', '1', 'Fall', '2003', 'C+'),
('61903', '937', '5', 'Fall', '2008', 'C-'),
('62055', '355', '7', 'Spring', '2005', 'C-'),
('62055', '733', '4', 'Fall', '2006', 'C '),
('62055', '869', '1', 'Fall', '2001', 'C+'),
('62055', '870', '3', 'Spring', '2005', 'C-'),
('62055', '974', '2', 'Spring', '2005', 'A-'),
('62075', '273', '2', 'Spring', '2008', 'B-'),
('62075', '549', '1', 'Spring', '2004', 'C-'),
('62075', '890', '1', 'Spring', '2009', 'C+'),
('62214', '203', '4', 'Spring', '2009', 'C '),
('62214', '584', '4', 'Spring', '2004', 'B-'),
('62284', '374', '5', 'Spring', '2006', 'A-'),
('62284', '733', '5', 'Spring', '2009', 'A+'),
('62300', '210', '2', 'Spring', '2009', 'B+'),
('62300', '842', '6', 'Fall', '2006', 'A '),
('62333', '773', '5', 'Fall', '2007', 'C '),
('62661', '297', '6', 'Spring', '2002', 'A-'),
('62899', '376', '2', 'Spring', '2002', 'A+'),
('62899', '773', '6', 'Spring', '2004', 'B '),
('62899', '956', '5', 'Spring', '2005', 'B-'),
('63120', '593', '1', 'Spring', '2002', 'C+'),
('63120', '734', '5', 'Spring', '2007', 'C+'),
('63346', '173', '5', 'Fall', '2006', 'C+'),
('63346', '773', '1', 'Spring', '2007', 'B '),
('63486', '277', '1', 'Fall', '2010', 'C '),
('63584', '374', '2', 'Fall', '2009', 'B+'),
('63584', '705', '4', 'Fall', '2007', 'C '),
('63707', '222', '6', 'Spring', '2006', 'B+'),
('63968', '326', '5', 'Spring', '2005', 'C-'),
('6409', '589', '3', 'Fall', '2003', 'B '),
('6409', '795', '4', 'Fall', '2007', 'B '),
('6409', '981', '3', 'Spring', '2003', 'B-'),
('64128', '123', '1', 'Fall', '2004', 'B '),
('64128', '620', '1', 'Spring', '2007', 'A+'),
('64215', '297', '5', 'Spring', '2002', 'C '),
('64634', '211', '3', 'Fall', '2007', 'B '),
('64634', '597', '1', 'Spring', '2007', 'A '),
('6507', '326', '2', 'Spring', '2002', 'A-'),
('6507', '345', '3', 'Spring', '2006', 'B-'),
('6507', '963', '1', 'Fall', '2004', 'A-'),
('65089', '203', '3', 'Spring', '2007', 'B '),
('65089', '695', '4', 'Spring', '2001', 'C-'),
('65089', '733', '3', 'Spring', '2001', 'A '),
('65251', '493', '2', 'Fall', '2005', 'C-'),
('65251', '811', '3', 'Spring', '2008', 'B '),
('65251', '890', '3', 'Fall', '2004', 'B '),
('65516', '773', '8', 'Spring', '2009', 'B '),
('65516', '964', '1', 'Fall', '2004', 'B '),
('65870', '348', '2', 'Fall', '2004', 'B-'),
('66089', '506', '1', 'Spring', '2006', 'A '),
('66089', '629', '5', 'Fall', '2001', 'C-'),
('66089', '790', '3', 'Fall', '2006', 'C-'),
('66424', '302', '1', 'Spring', '2009', 'A-'),
('66424', '603', '1', 'Spring', '2009', 'B '),
('66424', '649', '8', 'Spring', '2009', 'C '),
('67250', '423', '1', 'Spring', '2002', 'B+'),
('67250', '470', '6', 'Spring', '2009', 'A-'),
('67250', '629', '1', 'Spring', '2007', 'A '),
('67250', '701', '5', 'Fall', '2006', 'A-'),
('67623', '203', '3', 'Spring', '2007', 'A+'),
('67623', '357', '8', 'Spring', '2001', 'B '),
('67623', '643', '2', 'Fall', '2003', 'C-'),
('67623', '959', '7', 'Spring', '2010', 'A-'),
('67939', '150', '6', 'Spring', '2001', 'A+'),
('67939', '589', '2', 'Fall', '2005', 'C '),
('67995', '386', '2', 'Fall', '2010', 'B '),
('67995', '553', '3', 'Fall', '2003', 'B-'),
('68038', '984', '1', 'Spring', '2007', 'A-'),
('68315', '213', '3', 'Fall', '2007', 'C '),
('68315', '468', '2', 'Fall', '2005', 'C '),
('68918', '273', '9', 'Fall', '2009', 'A+'),
('68918', '598', '3', 'Spring', '2006', 'A+'),
('68918', '841', '1', 'Spring', '2004', 'A '),
('69129', '701', '5', 'Fall', '2006', 'A '),
('69478', '114', '2', 'Fall', '2009', 'C+'),
('69478', '803', '7', 'Spring', '2002', 'C '),
('69478', '918', '2', 'Fall', '2002', 'C+'),
('69953', '644', '2', 'Spring', '2005', 'A '),
('69953', '956', '3', 'Spring', '2007', 'A '),
('70099', '603', '4', 'Fall', '2009', 'C+'),
('70099', '841', '3', 'Fall', '2001', 'C-'),
('70102', '923', '4', 'Fall', '2005', 'B+'),
('70359', '140', '5', 'Spring', '2005', 'A '),
('70359', '165', '3', 'Spring', '2010', 'B+'),
('70359', '367', '3', 'Spring', '2001', 'B-'),
('70414', '726', '4', 'Fall', '2008', 'C '),
('70562', '242', '12', 'Fall', '2005', 'A-'),
('70562', '348', '6', 'Spring', '2010', 'B '),
('70562', '355', '1', 'Spring', '2002', 'A '),
('70562', '376', '3', 'Fall', '2004', 'C-'),
('70602', '113', '4', 'Fall', '2008', 'A '),
('70602', '150', '3', 'Spring', '2007', 'C+'),
('70602', '654', '1', 'Fall', '2009', 'A '),
('70602', '773', '4', 'Spring', '2003', 'A-'),
('70602', '963', '3', 'Fall', '2005', 'C '),
('71284', '395', '8', 'Spring', '2010', 'C '),
('71284', '515', '5', 'Spring', '2004', 'B-'),
('72240', '248', '2', 'Fall', '2010', 'C+'),
('72510', '335', '2', 'Fall', '2001', 'A '),
('72550', '113', '4', 'Fall', '2008', 'B-'),
('72745', '308', '6', 'Spring', '2003', 'B-'),
('72745', '545', '3', 'Spring', '2004', 'C '),
('72745', '795', '5', 'Spring', '2008', 'A '),
('72745', '842', '3', 'Spring', '2001', 'C+'),
('72824', '213', '4', 'Spring', '2002', 'B+'),
('72824', '273', '8', 'Fall', '2001', 'C-'),
('72824', '327', '2', 'Spring', '2004', 'A '),
('72824', '357', '11', 'Fall', '2008', 'C-'),
('73447', '366', '6', 'Fall', '2005', 'B+'),
('73447', '511', '6', 'Fall', '2001', 'C '),
('7345', '803', '7', 'Spring', '2002', 'A+'),
('73615', '956', '9', 'Fall', '2009', 'A '),
('73620', '173', '5', 'Fall', '2006', 'C-'),
('73620', '649', '6', 'Fall', '2008', 'A-'),
('74022', '238', '2', 'Fall', '2004', 'A '),
('74022', '545', '8', 'Spring', '2003', 'B+'),
('74022', '842', '4', 'Fall', '2007', 'C-'),
('74073', '701', '6', 'Spring', '2004', 'C-'),
('74104', '242', '3', 'Spring', '2001', 'B+'),
('74208', '733', '5', 'Spring', '2009', 'A-'),
('74569', '355', '6', 'Spring', '2009', 'A+'),
('74569', '423', '4', 'Fall', '2003', 'C+'),
('74641', '292', '2', 'Fall', '2006', 'B+'),
('74652', '874', '2', 'Fall', '2003', 'B+'),
('74921', '342', '4', 'Fall', '2010', 'C+'),
('74921', '842', '5', 'Spring', '2006', 'A-'),
('75119', '297', '6', 'Spring', '2002', 'B-'),
('75119', '870', '3', 'Spring', '2005', 'B '),
('7517', '513', '1', 'Spring', '2010', 'B+'),
('7517', '654', '10', 'Spring', '2010', 'C '),
('75219', '297', '6', 'Spring', '2002', 'A+'),
('75219', '695', '2', 'Fall', '2004', 'A+'),
('75219', '963', '2', 'Spring', '2007', 'C '),
('75507', '189', '6', 'Fall', '2009', 'C-'),
('75507', '191', '6', 'Fall', '2006', 'C '),
('75507', '575', '2', 'Spring', '2002', 'B '),
('75727', '224', '2', 'Spring', '2003', 'A '),
('75727', '679', '4', 'Fall', '2001', 'A '),
('75727', '773', '3', 'Spring', '2003', 'B '),
('75755', '111', '2', 'Spring', '2009', 'A '),
('75755', '827', '1', 'Fall', '2002', 'A-'),
('76195', '326', '3', 'Spring', '2009', 'C '),
('76195', '338', '1', 'Fall', '2007', 'A '),
('76201', '648', '1', 'Spring', '2004', 'A '),
('76201', '701', '1', 'Spring', '2002', 'A '),
('76201', '740', '6', 'Fall', '2007', 'C+'),
('76377', '258', '1', 'Spring', '2002', 'C '),
('76377', '424', '2', 'Fall', '2010', 'C-'),
('76377', '447', '6', 'Spring', '2010', 'B-'),
('7671', '705', '3', 'Spring', '2003', 'B-'),
('77097', '222', '1', 'Spring', '2005', 'B '),
('77097', '733', '3', 'Spring', '2001', 'C '),
('77097', '774', '1', 'Fall', '2004', 'A-'),
('77097', '842', '6', 'Fall', '2006', 'C '),
('77405', '447', '9', 'Fall', '2004', 'A+'),
('78123', '644', '2', 'Spring', '2005', 'A-'),
('78123', '923', '9', 'Spring', '2006', 'C-'),
('78175', '104', '4', 'Spring', '2003', 'A-'),
('78175', '510', '2', 'Spring', '2007', 'C-'),
('78175', '923', '6', 'Spring', '2007', 'C-'),
('78199', '366', '6', 'Fall', '2005', 'C-'),
('78199', '869', '3', 'Fall', '2010', 'B+'),
('78199', '985', '4', 'Fall', '2003', 'C+'),
('7821', '589', '2', 'Fall', '2005', 'C-'),
('7821', '600', '7', 'Fall', '2003', 'C-'),
('7821', '625', '5', 'Fall', '2004', 'B-'),
('7821', '734', '3', 'Spring', '2007', 'C+'),
('7821', '803', '5', 'Fall', '2008', 'C '),
('78262', '215', '2', 'Fall', '2009', 'A-'),
('78262', '811', '2', 'Spring', '2001', 'B-'),
('78262', '827', '2', 'Spring', '2010', 'B '),
('78262', '882', '2', 'Spring', '2003', 'A-'),
('78402', '549', '2', 'Fall', '2002', 'C-'),
('78402', '869', '2', 'Spring', '2001', 'B-'),
('78434', '140', '6', 'Fall', '2001', 'B+'),
('78434', '304', '4', 'Fall', '2009', 'C '),
('78434', '430', '5', 'Spring', '2006', 'C '),
('78434', '773', '4', 'Spring', '2003', 'A-'),
('786', '203', '4', 'Spring', '2009', 'C-'),
('786', '545', '11', 'Fall', '2004', 'B-'),
('78728', '367', '3', 'Spring', '2001', 'B-'),
('78728', '918', '2', 'Fall', '2002', 'A-'),
('78841', '291', '4', 'Fall', '2001', 'C-'),
('79168', '223', '1', 'Spring', '2003', 'B+'),
('79173', '140', '1', 'Fall', '2001', 'C '),
('79173', '342', '4', 'Fall', '2010', 'C-'),
('79173', '612', '3', 'Fall', '2004', 'B+'),
('79173', '620', '2', 'Spring', '2006', 'C+'),
('79173', '964', '5', 'Spring', '2009', 'A '),
('79225', '625', '3', 'Fall', '2006', 'B '),
('79225', '918', '2', 'Fall', '2002', 'B+'),
('79427', '953', '11', 'Fall', '2006', 'B-'),
('79791', '376', '4', 'Fall', '2010', 'B-'),
('79791', '458', '1', 'Fall', '2002', 'B-'),
('79791', '627', '2', 'Spring', '2006', 'A-'),
('79791', '800', '3', 'Fall', '2002', 'C '),
('79791', '974', '4', 'Spring', '2006', 'C '),
('80364', '767', '3', 'Fall', '2010', 'A '),
('80364', '923', '1', 'Fall', '2009', 'A '),
('80473', '748', '4', 'Spring', '2007', 'A-'),
('80587', '625', '1', 'Fall', '2003', 'C-'),
('80913', '258', '4', 'Spring', '2004', 'A '),
('80913', '513', '4', 'Spring', '2006', 'C '),
('81223', '552', '4', 'Fall', '2010', 'B+'),
('81485', '947', '2', 'Fall', '2008', 'A+'),
('81926', '896', '5', 'Spring', '2010', 'C+'),
('821', '545', '8', 'Spring', '2003', 'A '),
('821', '588', '1', 'Fall', '2008', 'C '),
('821', '966', '4', 'Spring', '2002', 'C+'),
('8224', '320', '6', 'Fall', '2002', 'A+'),
('8224', '629', '5', 'Fall', '2001', 'A+'),
('82322', '277', '2', 'Fall', '2003', 'B '),
('82322', '627', '1', 'Fall', '2005', 'C-'),
('82335', '348', '5', 'Spring', '2008', 'A+'),
('82356', '349', '1', 'Fall', '2005', 'B-'),
('82356', '357', '7', 'Fall', '2010', 'C-'),
('8273', '244', '4', 'Spring', '2004', 'A '),
('82856', '447', '10', 'Fall', '2006', 'A+'),
('83015', '198', '4', 'Fall', '2009', 'C '),
('83227', '430', '2', 'Fall', '2008', 'B-'),
('83227', '736', '2', 'Spring', '2004', 'B+'),
('83449', '513', '3', 'Fall', '2001', 'B+'),
('83449', '577', '1', 'Fall', '2009', 'A-'),
('83449', '654', '5', 'Fall', '2002', 'A-'),
('83449', '841', '5', 'Spring', '2008', 'B+'),
('83869', '113', '2', 'Spring', '2006', 'B-'),
('83869', '588', '1', 'Fall', '2008', 'A '),
('83869', '620', '6', 'Spring', '2007', 'A-'),
('8387', '600', '7', 'Fall', '2003', 'B '),
('8387', '882', '1', 'Spring', '2002', 'A '),
('8387', '953', '9', 'Fall', '2010', 'B '),
('8387', '984', '2', 'Fall', '2004', 'B-'),
('84016', '203', '5', 'Fall', '2008', 'B '),
('84016', '600', '7', 'Fall', '2003', 'A+'),
('84016', '629', '1', 'Spring', '2007', 'C-'),
('84171', '581', '3', 'Spring', '2006', 'C-'),
('84171', '947', '4', 'Fall', '2007', 'B-'),
('84499', '614', '2', 'Fall', '2005', 'C+'),
('84559', '190', '4', 'Fall', '2008', 'A+'),
('84559', '308', '2', 'Spring', '2004', 'C-'),
('84559', '357', '3', 'Spring', '2008', 'B-'),
('84755', '231', '1', 'Spring', '2008', 'B+'),
('84755', '653', '1', 'Fall', '2005', 'A '),
('84755', '695', '3', 'Fall', '2001', 'A-'),
('84892', '301', '3', 'Fall', '2007', 'A+'),
('84892', '357', '11', 'Fall', '2008', 'B '),
('84992', '327', '1', 'Spring', '2001', 'C-'),
('85015', '224', '2', 'Spring', '2003', 'B-'),
('85015', '757', '3', 'Spring', '2001', 'B-'),
('85055', '458', '1', 'Fall', '2002', 'C '),
('85055', '773', '1', 'Spring', '2007', 'B-'),
('85055', '841', '1', 'Spring', '2004', 'A-'),
('85126', '853', '2', 'Spring', '2007', 'B-'),
('85126', '957', '1', 'Fall', '2007', 'C '),
('85142', '441', '2', 'Spring', '2003', 'B+'),
('85142', '844', '4', 'Fall', '2009', 'A-'),
('85384', '366', '2', 'Fall', '2004', 'A+'),
('85384', '698', '1', 'Fall', '2004', 'C+'),
('85384', '795', '6', 'Spring', '2006', 'C '),
('85550', '956', '6', 'Fall', '2002', 'C '),
('8585', '199', '2', 'Fall', '2003', 'C+'),
('8585', '542', '3', 'Fall', '2004', 'B-'),
('8585', '795', '6', 'Spring', '2006', 'A '),
('86368', '748', '4', 'Spring', '2007', 'C+'),
('87409', '525', '2', 'Spring', '2008', 'C+'),
('87477', '114', '3', 'Spring', '2009', 'B-'),
('87477', '462', '4', 'Fall', '2005', 'C+'),
('87684', '173', '5', 'Fall', '2006', 'A+'),
('87684', '460', '2', 'Fall', '2004', 'B-'),
('87684', '510', '2', 'Spring', '2007', 'A '),
('87704', '150', '1', 'Fall', '2002', 'A '),
('87704', '282', '6', 'Spring', '2002', 'A '),
('87704', '308', '2', 'Spring', '2004', 'C+'),
('87704', '603', '6', 'Spring', '2001', 'A+'),
('87704', '679', '1', 'Spring', '2001', 'B-'),
('87729', '456', '3', 'Fall', '2007', 'C-'),
('87729', '734', '5', 'Spring', '2007', 'A '),
('87729', '803', '4', 'Fall', '2009', 'C '),
('87819', '104', '2', 'Spring', '2003', 'A-'),
('87819', '224', '1', 'Fall', '2009', 'A+'),
('87819', '734', '3', 'Spring', '2007', 'C-'),
('87862', '114', '4', 'Fall', '2009', 'A-'),
('87862', '308', '5', 'Fall', '2002', 'A+'),
('88553', '150', '1', 'Fall', '2002', 'C-'),
('88635', '773', '3', 'Spring', '2003', 'C '),
('88736', '273', '11', 'Spring', '2001', 'A '),
('88736', '424', '2', 'Fall', '2010', 'A-'),
('88736', '545', '3', 'Spring', '2004', 'B+'),
('88736', '549', '4', 'Spring', '2004', 'B '),
('89116', '757', '2', 'Spring', '2004', 'A+'),
('89227', '140', '2', 'Fall', '2003', 'C+'),
('89227', '150', '6', 'Spring', '2001', 'B+'),
('89227', '777', '3', 'Fall', '2009', 'C-'),
('89342', '191', '1', 'Spring', '2006', 'B '),
('89360', '310', '1', 'Spring', '2007', 'B-'),
('89360', '318', '1', 'Fall', '2008', 'C+'),
('89360', '545', '10', 'Spring', '2007', 'B+'),
('89360', '549', '3', 'Spring', '2001', 'C-'),
('89412', '511', '4', 'Fall', '2010', 'C+'),
('89412', '923', '6', 'Spring', '2007', 'A+'),
('89412', '975', '3', 'Fall', '2009', 'B-'),
('89476', '367', '1', 'Spring', '2007', 'B '),
('89476', '552', '1', 'Spring', '2007', 'A '),
('89476', '757', '5', 'Fall', '2004', 'C-'),
('8965', '981', '7', 'Fall', '2001', 'C '),
('89777', '104', '4', 'Spring', '2003', 'C '),
('89777', '297', '5', 'Spring', '2002', 'C+'),
('89777', '348', '4', 'Fall', '2008', 'A-'),
('89777', '598', '2', 'Spring', '2010', 'B '),
('89780', '462', '4', 'Fall', '2005', 'A+'),
('89780', '625', '1', 'Fall', '2003', 'C '),
('89991', '503', '4', 'Spring', '2001', 'B '),
('90030', '129', '5', 'Spring', '2002', 'C+'),
('90030', '173', '1', 'Fall', '2006', 'B+'),
('90030', '188', '3', 'Spring', '2002', 'C-'),
('90030', '191', '5', 'Fall', '2003', 'C '),
('90030', '419', '3', 'Fall', '2008', 'A-'),
('90030', '947', '2', 'Fall', '2008', 'A '),
('90132', '953', '3', 'Spring', '2006', 'C '),
('90205', '188', '1', 'Spring', '2008', 'C-'),
('90205', '222', '7', 'Spring', '2008', 'B '),
('90205', '458', '2', 'Fall', '2008', 'B '),
('90205', '773', '8', 'Spring', '2009', 'A '),
('90205', '953', '2', 'Fall', '2004', 'B '),
('90234', '447', '10', 'Fall', '2006', 'B-'),
('903', '570', '2', 'Fall', '2006', 'A '),
('9045', '251', '2', 'Spring', '2003', 'C+'),
('9045', '654', '6', 'Fall', '2001', 'C-'),
('9045', '701', '2', 'Spring', '2001', 'C-'),
('90634', '327', '2', 'Spring', '2004', 'C+'),
('90634', '880', '4', 'Spring', '2004', 'A+'),
('90634', '953', '5', 'Fall', '2004', 'C '),
('90762', '734', '4', 'Fall', '2009', 'C '),
('908', '577', '1', 'Fall', '2009', 'C '),
('908', '736', '6', 'Fall', '2005', 'C-'),
('908', '974', '5', 'Fall', '2010', 'C+'),
('91260', '800', '1', 'Spring', '2003', 'A+'),
('91797', '121', '1', 'Fall', '2007', 'A+'),
('91797', '740', '6', 'Fall', '2007', 'B-'),
('92110', '129', '4', 'Spring', '2001', 'B-'),
('92110', '213', '4', 'Spring', '2002', 'B '),
('92110', '326', '1', 'Fall', '2009', 'B+'),
('92110', '841', '1', 'Spring', '2004', 'B+'),
('92150', '748', '3', 'Fall', '2001', 'A-'),
('92381', '870', '1', 'Fall', '2003', 'C-'),
('92562', '297', '7', 'Spring', '2004', 'C-'),
('92562', '600', '6', 'Fall', '2009', 'C+'),
('93060', '188', '2', 'Fall', '2001', 'B '),
('93060', '222', '5', 'Spring', '2010', 'A+'),
('93060', '947', '1', 'Spring', '2009', 'A-'),
('93403', '419', '1', 'Spring', '2001', 'C+'),
('93435', '545', '11', 'Fall', '2004', 'A '),
('93500', '870', '2', 'Fall', '2006', 'A+'),
('93793', '318', '3', 'Spring', '2004', 'A+'),
('93793', '342', '3', 'Spring', '2001', 'A+'),
('93793', '701', '2', 'Spring', '2001', 'B '),
('93793', '947', '6', 'Spring', '2008', 'B+'),
('93793', '975', '3', 'Fall', '2009', 'A '),
('93810', '695', '3', 'Fall', '2001', 'A-'),
('94446', '430', '1', 'Spring', '2001', 'B+'),
('9451', '170', '1', 'Spring', '2005', 'B+'),
('94788', '272', '3', 'Spring', '2006', 'A+'),
('94788', '584', '1', 'Spring', '2007', 'C+'),
('94788', '726', '2', 'Fall', '2001', 'C+'),
('94884', '376', '5', 'Spring', '2005', 'C+'),
('94884', '545', '10', 'Spring', '2007', 'A '),
('94884', '782', '2', 'Spring', '2003', 'B '),
('94884', '790', '1', 'Spring', '2001', 'C-'),
('94884', '882', '1', 'Spring', '2002', 'C-'),
('94884', '923', '6', 'Spring', '2007', 'B-'),
('94887', '308', '1', 'Fall', '2003', 'B '),
('94887', '348', '2', 'Fall', '2004', 'A-'),
('94887', '357', '9', 'Spring', '2002', 'B+'),
('94887', '774', '3', 'Spring', '2008', 'A+'),
('95090', '430', '4', 'Spring', '2003', 'B+'),
('95090', '589', '3', 'Fall', '2003', 'A '),
('95090', '736', '5', 'Fall', '2004', 'B-'),
('95090', '897', '4', 'Spring', '2001', 'A '),
('95536', '648', '7', 'Fall', '2003', 'A '),
('95604', '304', '5', 'Spring', '2004', 'B-'),
('95604', '853', '2', 'Spring', '2007', 'B '),
('95604', '985', '4', 'Fall', '2003', 'B '),
('95743', '575', '2', 'Spring', '2002', 'C+'),
('95743', '774', '1', 'Fall', '2004', 'B '),
('95743', '827', '3', 'Fall', '2007', 'C+'),
('95743', '869', '4', 'Spring', '2001', 'B-'),
('96371', '570', '3', 'Spring', '2001', 'B-'),
('96842', '222', '1', 'Spring', '2005', 'C+'),
('96842', '231', '2', 'Fall', '2002', 'C '),
('96842', '395', '7', 'Fall', '2010', 'A+'),
('96842', '552', '2', 'Spring', '2004', 'C '),
('9705', '191', '3', 'Spring', '2002', 'A-'),
('9705', '777', '4', 'Spring', '2006', 'A '),
('9705', '953', '7', 'Fall', '2006', 'B+'),
('973', '203', '2', 'Spring', '2007', 'C '),
('973', '386', '3', 'Spring', '2010', 'C-'),
('9755', '777', '3', 'Fall', '2009', 'B '),
('97583', '975', '2', 'Fall', '2003', 'A-'),
('98077', '981', '7', 'Fall', '2001', 'C+'),
('98258', '272', '6', 'Spring', '2008', 'C-'),
('98258', '553', '4', 'Fall', '2005', 'C-'),
('98258', '828', '2', 'Spring', '2007', 'A '),
('98353', '600', '1', 'Spring', '2007', 'C '),
('98353', '882', '2', 'Spring', '2003', 'C-'),
('98810', '376', '6', 'Fall', '2005', 'B '),
('99141', '376', '6', 'Fall', '2005', 'A+'),
('99141', '612', '3', 'Fall', '2004', 'B+'),
('99141', '698', '3', 'Fall', '2007', 'C+'),
('99141', '773', '8', 'Spring', '2009', 'B '),
('99298', '111', '1', 'Fall', '2002', 'C '),
('99416', '282', '5', 'Fall', '2002', 'C-'),
('99416', '342', '5', 'Fall', '2003', 'B+'),
('99600', '545', '10', 'Spring', '2007', 'B-'),
('99600', '581', '4', 'Fall', '2003', 'B+'),
('9972', '374', '6', 'Spring', '2009', 'A+'),
('9972', '581', '2', 'Spring', '2005', 'B '),
('99961', '395', '4', 'Spring', '2006', 'A-');

-- --------------------------------------------------------

--
-- Struktur dari tabel `teaches`
--

CREATE TABLE `teaches` (
  `ID` varchar(5) NOT NULL,
  `course_id` varchar(8) NOT NULL,
  `sec_id` varchar(8) NOT NULL,
  `semester` varchar(6) NOT NULL,
  `year` decimal(4,0) NOT NULL
) ENGINE=InnoDB DEFAULT CHARSET=latin1;

--
-- Dumping data untuk tabel `teaches`
--

INSERT INTO `teaches` (`ID`, `course_id`, `sec_id`, `semester`, `year`) VALUES
('17446', '515', '5', 'Spring', '2004'),
('24605', '114', '1', 'Fall', '2005'),
('24605', '301', '1', 'Fall', '2009'),
('24605', '424', '2', 'Fall', '2010'),
('24605', '654', '6', 'Fall', '2001'),
('24605', '654', '9', 'Fall', '2004'),
('24605', '698', '1', 'Fall', '2004'),
('24605', '930', '2', 'Fall', '2010'),
('24605', '930', '3', 'Spring', '2004'),
('26581', '111', '1', 'Fall', '2002'),
('26581', '215', '4', 'Spring', '2010'),
('26581', '510', '3', 'Spring', '2004'),
('26581', '510', '4', 'Fall', '2001'),
('26581', '620', '4', 'Fall', '2006'),
('28682', '614', '3', 'Spring', '2008'),
('28682', '648', '9', 'Spring', '2010'),
('28682', '923', '8', 'Fall', '2004'),
('32750', '589', '1', 'Fall', '2009'),
('32750', '959', '1', 'Spring', '2003'),
('35997', '890', '1', 'Spring', '2009'),
('37648', '191', '1', 'Spring', '2006'),
('37648', '198', '2', 'Spring', '2002'),
('37648', '273', '3', 'Spring', '2008'),
('37648', '273', '6', 'Fall', '2004'),
('37648', '273', '8', 'Fall', '2001'),
('37648', '304', '3', 'Spring', '2007'),
('37648', '423', '5', 'Fall', '2007'),
('37648', '458', '5', 'Spring', '2003'),
('37648', '511', '3', 'Fall', '2007'),
('37648', '627', '2', 'Spring', '2006'),
('37648', '673', '4', 'Fall', '2007'),
('37648', '679', '5', 'Fall', '2008'),
('37648', '774', '2', 'Fall', '2010'),
('37648', '782', '2', 'Spring', '2003'),
('37648', '828', '4', 'Fall', '2003'),
('37648', '957', '3', 'Spring', '2004'),
('37648', '957', '5', 'Fall', '2005'),
('38813', '167', '1', 'Fall', '2001'),
('38813', '246', '2', 'Fall', '2006'),
('38813', '318', '4', 'Fall', '2006'),
('38813', '366', '1', 'Fall', '2010'),
('38813', '366', '4', 'Spring', '2008'),
('38813', '803', '5', 'Fall', '2008'),
('41264', '113', '5', 'Spring', '2002'),
('41264', '165', '5', 'Spring', '2003'),
('41264', '189', '2', 'Fall', '2004'),
('41264', '348', '7', 'Fall', '2002'),
('41264', '733', '2', 'Spring', '2006'),
('41264', '733', '4', 'Fall', '2006'),
('41264', '733', '8', 'Spring', '2007'),
('41264', '763', '1', 'Fall', '2003'),
('41264', '963', '3', 'Fall', '2005'),
('41264', '966', '2', 'Fall', '2006'),
('54180', '273', '4', 'Fall', '2007'),
('5682', '297', '2', 'Fall', '2006'),
('5682', '319', '1', 'Spring', '2001'),
('5682', '319', '3', 'Fall', '2004'),
('5682', '319', '6', 'Fall', '2002'),
('5682', '460', '3', 'Spring', '2004'),
('5682', '552', '3', 'Spring', '2008'),
('5682', '603', '6', 'Spring', '2001'),
('5682', '701', '2', 'Spring', '2001'),
('5682', '811', '3', 'Spring', '2008'),
('60894', '150', '4', 'Fall', '2001'),
('60894', '150', '7', 'Fall', '2007'),
('66565', '291', '2', 'Fall', '2008'),
('66565', '335', '5', 'Spring', '2003'),
('66565', '584', '4', 'Spring', '2004'),
('66565', '625', '4', 'Spring', '2005'),
('66565', '695', '3', 'Fall', '2001'),
('66565', '695', '5', 'Fall', '2002'),
('66565', '918', '1', 'Fall', '2003'),
('86890', '273', '7', 'Fall', '2008'),
('86890', '511', '1', 'Fall', '2007'),
('86890', '679', '2', 'Fall', '2002'),
('88239', '129', '1', 'Spring', '2001'),
('88239', '129', '4', 'Spring', '2001'),
('88239', '129', '5', 'Spring', '2002'),
('88239', '376', '2', 'Spring', '2002'),
('88239', '376', '5', 'Spring', '2005'),
('88239', '376', '7', 'Fall', '2003'),
('88239', '447', '10', 'Fall', '2006'),
('88239', '545', '12', 'Spring', '2005'),
('88239', '545', '2', 'Spring', '2006'),
('88239', '545', '3', 'Spring', '2004'),
('88239', '545', '9', 'Spring', '2007'),
('88239', '589', '2', 'Fall', '2005'),
('88239', '696', '4', 'Fall', '2004'),
('88239', '740', '4', 'Spring', '2010'),
('88785', '213', '3', 'Fall', '2007'),
('88785', '841', '6', 'Spring', '2004'),
('9055', '203', '4', 'Spring', '2009'),
('9055', '456', '3', 'Fall', '2007'),
('9055', '468', '3', 'Spring', '2003'),
('9055', '513', '3', 'Fall', '2001'),
('9055', '513', '5', 'Spring', '2007'),
('9055', '612', '5', 'Fall', '2001'),
('9055', '726', '4', 'Fall', '2008'),
('9055', '736', '3', 'Spring', '2009'),
('9055', '853', '1', 'Spring', '2006');

--
-- Indexes for dumped tables
--

--
-- Indeks untuk tabel `advisor`
--
ALTER TABLE `advisor`
  ADD PRIMARY KEY (`s_ID`),
  ADD KEY `i_ID` (`i_ID`);

--
-- Indeks untuk tabel `classroom`
--
ALTER TABLE `classroom`
  ADD PRIMARY KEY (`building`,`room_number`);

--
-- Indeks untuk tabel `course`
--
ALTER TABLE `course`
  ADD PRIMARY KEY (`course_id`),
  ADD KEY `dept_name` (`dept_name`);

--
-- Indeks untuk tabel `department`
--
ALTER TABLE `department`
  ADD PRIMARY KEY (`dept_name`);

--
-- Indeks untuk tabel `instructor`
--
ALTER TABLE `instructor`
  ADD PRIMARY KEY (`ID`),
  ADD KEY `dept_name` (`dept_name`);

--
-- Indeks untuk tabel `prereq`
--
ALTER TABLE `prereq`
  ADD PRIMARY KEY (`course_id`,`prereq_id`),
  ADD KEY `prereq_id` (`prereq_id`);

--
-- Indeks untuk tabel `section`
--
ALTER TABLE `section`
  ADD PRIMARY KEY (`course_id`,`sec_id`,`semester`,`year`),
  ADD KEY `building` (`building`,`room_number`);

--
-- Indeks untuk tabel `student`
--
ALTER TABLE `student`
  ADD PRIMARY KEY (`ID`),
  ADD KEY `dept_name` (`dept_name`,`tot_cred`) USING BTREE;

--
-- Indeks untuk tabel `takes`
--
ALTER TABLE `takes`
  ADD PRIMARY KEY (`ID`,`course_id`,`sec_id`,`semester`,`year`),
  ADD KEY `course_id` (`course_id`,`sec_id`,`semester`,`year`);

--
-- Indeks untuk tabel `teaches`
--
ALTER TABLE `teaches`
  ADD PRIMARY KEY (`ID`,`course_id`,`sec_id`,`semester`,`year`),
  ADD KEY `course_id` (`course_id`,`sec_id`,`semester`,`year`);

--
-- Ketidakleluasaan untuk tabel pelimpahan (Dumped Tables)
--

--
-- Ketidakleluasaan untuk tabel `advisor`
--
ALTER TABLE `advisor`
  ADD CONSTRAINT `advisor_ibfk_1` FOREIGN KEY (`i_ID`) REFERENCES `instructor` (`ID`) ON DELETE SET NULL,
  ADD CONSTRAINT `advisor_ibfk_2` FOREIGN KEY (`s_ID`) REFERENCES `student` (`ID`) ON DELETE CASCADE;

--
-- Ketidakleluasaan untuk tabel `course`
--
ALTER TABLE `course`
  ADD CONSTRAINT `course_ibfk_1` FOREIGN KEY (`dept_name`) REFERENCES `department` (`dept_name`) ON DELETE SET NULL;

--
-- Ketidakleluasaan untuk tabel `instructor`
--
ALTER TABLE `instructor`
  ADD CONSTRAINT `instructor_ibfk_1` FOREIGN KEY (`dept_name`) REFERENCES `department` (`dept_name`) ON DELETE SET NULL;

--
-- Ketidakleluasaan untuk tabel `prereq`
--
ALTER TABLE `prereq`
  ADD CONSTRAINT `prereq_ibfk_1` FOREIGN KEY (`course_id`) REFERENCES `course` (`course_id`) ON DELETE CASCADE,
  ADD CONSTRAINT `prereq_ibfk_2` FOREIGN KEY (`prereq_id`) REFERENCES `course` (`course_id`);

--
-- Ketidakleluasaan untuk tabel `section`
--
ALTER TABLE `section`
  ADD CONSTRAINT `section_ibfk_1` FOREIGN KEY (`course_id`) REFERENCES `course` (`course_id`) ON DELETE CASCADE,
  ADD CONSTRAINT `section_ibfk_2` FOREIGN KEY (`building`,`room_number`) REFERENCES `classroom` (`building`, `room_number`) ON DELETE SET NULL;

--
-- Ketidakleluasaan untuk tabel `student`
--
ALTER TABLE `student`
  ADD CONSTRAINT `student_ibfk_1` FOREIGN KEY (`dept_name`) REFERENCES `department` (`dept_name`) ON DELETE SET NULL;

--
-- Ketidakleluasaan untuk tabel `takes`
--
ALTER TABLE `takes`
  ADD CONSTRAINT `takes_ibfk_1` FOREIGN KEY (`course_id`,`sec_id`,`semester`,`year`) REFERENCES `section` (`course_id`, `sec_id`, `semester`, `year`) ON DELETE CASCADE,
  ADD CONSTRAINT `takes_ibfk_2` FOREIGN KEY (`ID`) REFERENCES `student` (`ID`) ON DELETE CASCADE;

--
-- Ketidakleluasaan untuk tabel `teaches`
--
ALTER TABLE `teaches`
  ADD CONSTRAINT `teaches_ibfk_1` FOREIGN KEY (`course_id`,`sec_id`,`semester`,`year`) REFERENCES `section` (`course_id`, `sec_id`, `semester`, `year`) ON DELETE CASCADE,
  ADD CONSTRAINT `teaches_ibfk_2` FOREIGN KEY (`ID`) REFERENCES `instructor` (`ID`) ON DELETE CASCADE;
COMMIT;

/*!40101 SET CHARACTER_SET_CLIENT=@OLD_CHARACTER_SET_CLIENT */;
/*!40101 SET CHARACTER_SET_RESULTS=@OLD_CHARACTER_SET_RESULTS */;
/*!40101 SET COLLATION_CONNECTION=@OLD_COLLATION_CONNECTION */;
