-- phpMyAdmin SQL Dump
-- version 4.8.5
-- https://www.phpmyadmin.net/
--
-- Host: 127.0.0.1
-- Waktu pembuatan: 22 Des 2019 pada 10.52
-- Versi server: 10.1.38-MariaDB
-- Versi PHP: 7.3.3

SET SQL_MODE = "NO_AUTO_VALUE_ON_ZERO";
SET AUTOCOMMIT = 0;
START TRANSACTION;
SET time_zone = "+00:00";


/*!40101 SET @OLD_CHARACTER_SET_CLIENT=@@CHARACTER_SET_CLIENT */;
/*!40101 SET @OLD_CHARACTER_SET_RESULTS=@@CHARACTER_SET_RESULTS */;
/*!40101 SET @OLD_COLLATION_CONNECTION=@@COLLATION_CONNECTION */;
/*!40101 SET NAMES utf8mb4 */;

--
-- Database: `tuningdatabase`
--

-- --------------------------------------------------------

--
-- Struktur dari tabel `advisor`
--

CREATE TABLE `advisor` (
  `s_ID` varchar(5) NOT NULL,
  `i_ID` varchar(5) DEFAULT NULL
) ENGINE=InnoDB DEFAULT CHARSET=latin1;

--
-- Dumping data untuk tabel `advisor`
--

INSERT INTO `advisor` (`s_ID`, `i_ID`) VALUES
('44305', '10184'),
('56134', '10184'),
('60959', '10184'),
('10700', '10749'),
('45411', '10749'),
('58963', '10749'),
('34454', '11321'),
('38689', '11321'),
('44930', '15747'),
('58686', '15747'),
('66986', '17871'),
('2676', '20560'),
('17180', '21952'),
('80851', '2406'),
('53880', '26545'),
('56468', '26545'),
('65902', '26545'),
('85560', '26545'),
('10549', '26579'),
('61951', '26579'),
('46743', '33955'),
('30765', '3629'),
('49414', '3629'),
('69793', '3629'),
('81942', '3629'),
('88021', '3629'),
('99214', '3629'),
('20980', '36369'),
('42703', '36773'),
('51149', '36773'),
('86096', '36773'),
('96046', '36773'),
('47030', '3796'),
('10132', '38899'),
('84575', '38899'),
('74433', '40533'),
('16974', '43134'),
('27133', '43134'),
('53751', '43134'),
('34258', '44127'),
('44675', '44127'),
('70393', '44127'),
('70802', '44127'),
('39326', '47388'),
('30144', '48329'),
('4793', '48329'),
('29345', '49229'),
('42029', '49229'),
('84706', '49229'),
('13494', '49468'),
('64254', '49468'),
('59332', '50459'),
('36550', '51213'),
('26063', '52874'),
('92743', '52874'),
('73400', '529'),
('93735', '529'),
('31652', '54518'),
('9667', '54518'),
('2656', '61444'),
('39038', '61444'),
('63053', '61444'),
('70287', '61444'),
('98916', '61444'),
('15793', '66170'),
('17854', '67550'),
('84866', '67550'),
('49257', '71282'),
('24977', '72329'),
('34850', '72329'),
('36766', '72329'),
('45057', '72329'),
('35776', '72922'),
('42090', '72922'),
('469', '72922'),
('78622', '72922'),
('18543', '73658'),
('63228', '73658'),
('34924', '76338'),
('89950', '76338'),
('28310', '78717'),
('28837', '7947'),
('75996', '7947'),
('66805', '79821'),
('95342', '80274'),
('41555', '80616'),
('52215', '80616'),
('55662', '80616'),
('73036', '80616'),
('77688', '80616'),
('84813', '80616'),
('3073', '81288'),
('86626', '83288'),
('33048', '8728'),
('80198', '8728'),
('84022', '8728'),
('8690', '8728'),
('17148', '99002'),
('79127', '99002'),
('79364', '99002');

-- --------------------------------------------------------

--
-- Struktur dari tabel `classroom`
--

CREATE TABLE `classroom` (
  `building` varchar(15) NOT NULL,
  `room_number` varchar(7) NOT NULL,
  `capacity` decimal(4,0) DEFAULT NULL
) ENGINE=InnoDB DEFAULT CHARSET=latin1;

--
-- Dumping data untuk tabel `classroom`
--

INSERT INTO `classroom` (`building`, `room_number`, `capacity`) VALUES
('A', '164', '17'),
('A', '717', '59'),
('B', '872', '94'),
('C', '656', '10'),
('C', '939', '13'),
('D', '51', '56'),
('D', '806', '15'),
('D', '919', '34'),
('H', '864', '127'),
('I', '194', '26');

-- --------------------------------------------------------

--
-- Struktur dari tabel `course`
--

CREATE TABLE `course` (
  `course_id` varchar(8) NOT NULL,
  `title` varchar(50) DEFAULT NULL,
  `dept_name` varchar(20) DEFAULT NULL,
  `credits` decimal(2,0) DEFAULT NULL
) ENGINE=InnoDB DEFAULT CHARSET=latin1;

--
-- Dumping data untuk tabel `course`
--

INSERT INTO `course` (`course_id`, `title`, `dept_name`, `credits`) VALUES
('104', 'IF3022', 'KL', '3'),
('112', 'IF4041', 'WW', '4'),
('113', 'IF3211', 'HI', '4'),
('119', 'IF3333', 'DE', '3'),
('120', 'IF4041', 'FR', '4'),
('122', 'IF4041', 'BN', '4'),
('125', 'IF3031', 'DF', '3'),
('134', 'IF3031', 'DK', '4'),
('155', 'IF3120', 'EL', '3'),
('157', 'IF3030', 'FR', '3'),
('167', 'IF3031', 'FR', '4'),
('175', 'IF4321', 'RQ', '4'),
('176', 'IF3022', 'HI', '4'),
('179', 'IF3211', 'HI', '4'),
('183', 'IF5555', 'HI', '4'),
('194', 'IF0230', 'KL', '4'),
('195', 'IF3030', 'DK', '4'),
('196', 'IF3333', 'HI', '4'),
('204', 'IF3211', 'BN', '3'),
('205', 'IF0230', 'FR', '3'),
('218', 'IF4041', 'DE', '3'),
('219', 'IF5555', 'DF', '4'),
('220', 'IF5555', 'HI', '3'),
('224', 'IF4321', 'FR', '3'),
('229', 'IF4041', 'DE', '4'),
('231', 'IF3211', 'KL', '3'),
('235', 'IF3120', 'RQ', '3'),
('237', 'IF0230', 'DK', '3'),
('240', 'IF3211', 'DE', '4'),
('243', 'IF3120', 'KL', '3'),
('246', 'IF3333', 'DE', '3'),
('253', 'IF3120', 'WW', '4'),
('263', 'IF5555', 'HI', '4'),
('265', 'IF4321', 'BN', '3'),
('270', 'IF3211', 'WW', '4'),
('281', 'IF3333', 'HI', '4'),
('287', 'IF5555', 'BN', '3'),
('289', 'IF3211', 'DK', '3'),
('290', 'IF3031', 'DF', '4'),
('293', 'IF0230', 'HI', '4'),
('305', 'IF4041', 'HI', '3'),
('312', 'IF4321', 'DE', '4'),
('313', 'IF3120', 'DF', '3'),
('319', 'IF3333', 'KL', '4'),
('320', 'IF3211', 'DF', '3'),
('321', 'IF3211', 'WW', '3'),
('326', 'IF3211', 'FR', '3'),
('329', 'IF5555', 'DE', '3'),
('333', 'IF5555', 'KL', '3'),
('335', 'IF0230', 'DF', '3'),
('338', 'IF3031', 'DF', '4'),
('339', 'IF3022', 'BN', '4'),
('346', 'IF3030', 'DE', '3'),
('349', 'IF4041', 'DF', '3'),
('351', 'IF3120', 'RQ', '4'),
('353', 'IF5555', 'BN', '3'),
('354', 'IF4041', 'BN', '3'),
('355', 'IF3030', 'WW', '4'),
('356', 'IF3031', 'DF', '3'),
('362', 'IF0230', 'FR', '4'),
('369', 'IF4041', 'FR', '4'),
('375', 'IF3022', 'DF', '3'),
('383', 'IF4321', 'RQ', '3'),
('386', 'IF3030', 'DE', '3'),
('387', 'IF3333', 'DK', '3'),
('394', 'IF4041', 'DE', '3'),
('410', 'IF3022', 'KL', '4'),
('413', 'IF5555', 'EL', '4'),
('415', 'IF3022', 'KL', '3'),
('417', 'IF3031', 'EL', '4'),
('421', 'IF4321', 'HI', '3'),
('425', 'IF3022', 'BN', '3'),
('441', 'IF3031', 'KL', '4'),
('442', 'IF0230', 'HI', '3'),
('446', 'IF3022', 'HI', '4'),
('448', 'IF4041', 'DF', '3'),
('450', 'IF0230', 'KL', '3'),
('453', 'IF3031', 'FR', '3'),
('459', 'IF3211', 'KL', '4'),
('471', 'IF4041', 'EL', '4'),
('475', 'IF0230', 'WW', '4'),
('480', 'IF3211', 'FR', '3'),
('487', 'IF5555', 'HI', '4'),
('494', 'IF5555', 'RQ', '3'),
('496', 'IF4041', 'FR', '4'),
('498', 'IF4321', 'RQ', '4'),
('500', 'IF3031', 'FR', '4'),
('504', 'IF0230', 'DE', '3'),
('505', 'IF3333', 'BN', '4'),
('508', 'IF0230', 'BN', '3'),
('519', 'IF3031', 'DF', '3'),
('525', 'IF3030', 'HI', '3'),
('532', 'IF4321', 'KL', '3'),
('535', 'IF3333', 'FR', '4'),
('538', 'IF3030', 'WW', '4'),
('540', 'IF3333', 'EL', '4'),
('541', 'IF3031', 'BN', '3'),
('548', 'IF3120', 'KL', '3'),
('550', 'IF3031', 'DF', '4'),
('551', 'IF3211', 'RQ', '4'),
('565', 'IF5555', 'FR', '3'),
('571', 'IF5555', 'DE', '4'),
('573', 'IF3031', 'BN', '4'),
('574', 'IF4041', 'EL', '3'),
('576', 'IF3030', 'DK', '3'),
('582', 'IF4321', 'DE', '4'),
('586', 'IF3031', 'HI', '4'),
('587', 'IF3211', 'DE', '3'),
('589', 'IF3022', 'HI', '4'),
('600', 'IF3022', 'DF', '4'),
('603', 'IF4321', 'DE', '3'),
('605', 'IF3022', 'DF', '4'),
('612', 'IF3022', 'HI', '4'),
('616', 'IF5555', 'HI', '4'),
('617', 'IF0230', 'KL', '4'),
('618', 'IF4041', 'RQ', '4'),
('619', 'IF3030', 'DF', '4'),
('629', 'IF3211', 'BN', '4'),
('634', 'IF3211', 'HI', '3'),
('640', 'IF3031', 'BN', '4'),
('645', 'IF4041', 'DK', '4'),
('646', 'IF3030', 'DF', '4'),
('647', 'IF3333', 'RQ', '3'),
('648', 'IF3022', 'RQ', '3'),
('650', 'IF3333', 'FR', '4'),
('666', 'IF4321', 'HI', '4'),
('680', 'IF3333', 'RQ', '3'),
('681', 'IF3211', 'KL', '4'),
('682', 'IF3022', 'DE', '3'),
('684', 'IF3031', 'DF', '3'),
('690', 'IF3120', 'RQ', '3'),
('693', 'IF3211', 'FR', '4'),
('698', 'IF3333', 'KL', '4'),
('699', 'IF4041', 'DK', '4'),
('700', 'IF0230', 'DE', '4'),
('701', 'IF3211', 'DE', '4'),
('706', 'IF3120', 'DE', '3'),
('707', 'IF3030', 'FR', '3'),
('712', 'IF0230', 'FR', '3'),
('722', 'IF3333', 'RQ', '4'),
('727', 'IF3031', 'FR', '4'),
('732', 'IF5555', 'RQ', '4'),
('740', 'IF4041', 'DK', '4'),
('742', 'IF3333', 'BN', '3'),
('744', 'IF5555', 'KL', '4'),
('755', 'IF3030', 'BN', '4'),
('756', 'IF3031', 'HI', '4'),
('757', 'IF3031', 'EL', '3'),
('759', 'IF4041', 'FR', '3'),
('761', 'IF3333', 'EL', '3'),
('768', 'IF3120', 'DK', '4'),
('769', 'IF3031', 'DF', '4'),
('770', 'IF4321', 'EL', '4'),
('777', 'IF3022', 'BN', '4'),
('779', 'IF3211', 'WW', '4'),
('784', 'IF4041', 'DF', '3'),
('798', 'IF3333', 'FR', '4'),
('800', 'IF3333', 'DE', '3'),
('801', 'IF3031', 'WW', '4'),
('804', 'IF3333', 'WW', '3'),
('812', 'IF5555', 'WW', '4'),
('815', 'IF3022', 'RQ', '4'),
('819', 'IF3031', 'KL', '3'),
('823', 'IF4321', 'DK', '4'),
('826', 'IF3211', 'DF', '3'),
('831', 'IF3333', 'BN', '3'),
('841', 'IF3120', 'WW', '4'),
('844', 'IF3031', 'EL', '4'),
('855', 'IF3022', 'EL', '4'),
('862', 'IF3333', 'KL', '4'),
('875', 'IF3333', 'DE', '3'),
('877', 'IF4041', 'FR', '3'),
('878', 'IF3031', 'EL', '3'),
('882', 'IF4041', 'DE', '4'),
('887', 'IF4321', 'RQ', '4'),
('894', 'IF3030', 'EL', '3'),
('896', 'IF3120', 'HI', '4'),
('897', 'IF3022', 'EL', '3'),
('900', 'IF3030', 'DK', '3'),
('908', 'IF3211', 'EL', '4'),
('913', 'IF0230', 'DE', '4'),
('917', 'IF3022', 'RQ', '4'),
('918', 'IF4041', 'FR', '4'),
('922', 'IF5555', 'DK', '4'),
('923', 'IF3022', 'BN', '4'),
('924', 'IF3211', 'RQ', '3'),
('925', 'IF4041', 'BN', '3'),
('928', 'IF0230', 'FR', '3'),
('933', 'IF0230', 'RQ', '3'),
('943', 'IF4041', 'DK', '3'),
('951', 'IF3120', 'EL', '4'),
('961', 'IF5555', 'EL', '4'),
('965', 'IF5555', 'DE', '4'),
('971', 'IF3211', 'DK', '3'),
('977', 'IF3120', 'KL', '3'),
('984', 'IF4041', 'FR', '4'),
('985', 'IF0230', 'RQ', '3'),
('994', 'IF4041', 'HI', '3'),
('998', 'IF3120', 'DE', '4'),
('999', 'IF4321', 'EL', '3');

-- --------------------------------------------------------

--
-- Struktur dari tabel `department`
--

CREATE TABLE `department` (
  `dept_name` varchar(20) NOT NULL,
  `building` varchar(15) DEFAULT NULL,
  `budget` decimal(12,2) DEFAULT NULL
) ENGINE=InnoDB DEFAULT CHARSET=latin1;

--
-- Dumping data untuk tabel `department`
--

INSERT INTO `department` (`dept_name`, `building`, `budget`) VALUES
('BN', 'E', '463590.40'),
('DE', 'J', '55808.07'),
('DF', 'B', '45060.35'),
('DK', 'A', '675967.73'),
('EL', 'J', '14531.96'),
('FR', 'J', '749864.13'),
('HI', 'H', '910056.87'),
('KL', 'A', '286356.52'),
('RQ', 'J', '688009.17'),
('WW', 'I', '426817.88');

-- --------------------------------------------------------

--
-- Struktur dari tabel `instructor`
--

CREATE TABLE `instructor` (
  `ID` varchar(5) NOT NULL,
  `name` varchar(20) NOT NULL,
  `dept_name` varchar(20) DEFAULT NULL,
  `salary` decimal(8,2) DEFAULT NULL
) ENGINE=InnoDB DEFAULT CHARSET=latin1;

--
-- Dumping data untuk tabel `instructor`
--

INSERT INTO `instructor` (`ID`, `name`, `dept_name`, `salary`) VALUES
('10184', 'Johan', 'FR', '94654.61'),
('10749', 'Yohan', 'BN', '122724.88'),
('11321', 'Yohan', 'RQ', '84650.55'),
('15747', 'Ahmad', 'RQ', '39733.82'),
('17871', 'yuyun', 'WW', '93295.05'),
('20560', 'yuyun', 'DE', '110781.18'),
('21952', 'yuyun', 'KL', '38081.62'),
('2406', 'Johan', 'BN', '58639.09'),
('26545', 'Kiki', 'BN', '73202.97'),
('26579', 'Josu', 'BN', '44199.51'),
('33955', 'Adri', 'WW', '109459.90'),
('3629', 'Yohan', 'EL', '111771.27'),
('36369', 'Josu', 'RQ', '62967.36'),
('36773', 'Yohan', 'WW', '66296.68'),
('3796', 'Adri', 'DK', '124121.63'),
('38899', 'Ande', 'WW', '45992.16'),
('40533', 'Budi', 'BN', '48382.16'),
('43134', 'Budi', 'KL', '85963.66'),
('44127', 'Josu', 'DE', '117271.72'),
('47388', 'Adri', 'FR', '32652.24'),
('48329', 'Johan', 'DF', '123989.75'),
('49229', 'yuyun', 'HI', '40140.25'),
('49468', 'Ahmad', 'DK', '75286.54'),
('50459', 'Adri', 'HI', '40090.22'),
('51213', 'Ahmad', 'HI', '55298.39'),
('52874', 'Johan', 'EL', '105129.66'),
('529', 'rahmat', 'FR', '29208.65'),
('54518', 'Johan', 'DK', '114291.42'),
('61444', 'Adri', 'FR', '75516.76'),
('61758', 'Ahmad', 'WW', '118514.79'),
('66170', 'Johan', 'DK', '94429.42'),
('67550', 'Yohan', 'RQ', '69979.15'),
('71282', 'yuyun', 'DE', '92020.11'),
('72329', 'rahmat', 'FR', '69224.70'),
('72783', 'Yohan', 'EL', '82390.82'),
('72922', 'Yohan', 'DK', '59760.17'),
('73658', 'Ande', 'EL', '63793.35'),
('76338', 'Josu', 'DF', '37505.55'),
('78717', 'Budi', 'BN', '94174.26'),
('79036', 'Josu', 'FR', '83797.82'),
('7947', 'Adri', 'DE', '81729.67'),
('79821', 'rahmat', 'HI', '64566.73'),
('79917', 'Ahmad', 'BN', '121239.77'),
('80274', 'Johan', 'BN', '60984.50'),
('80431', 'Kiki', 'BN', '123412.60'),
('80616', 'yuyun', 'DE', '65598.84'),
('81288', 'Adri', 'FR', '99034.82'),
('83288', 'Ande', 'RQ', '52727.97'),
('8728', 'Ande', 'DK', '58315.60'),
('99002', 'Yohan', 'BN', '81867.73');

-- --------------------------------------------------------

--
-- Struktur dari tabel `prereq`
--

CREATE TABLE `prereq` (
  `course_id` varchar(8) NOT NULL,
  `prereq_id` varchar(8) NOT NULL
) ENGINE=InnoDB DEFAULT CHARSET=latin1;

--
-- Dumping data untuk tabel `prereq`
--

INSERT INTO `prereq` (`course_id`, `prereq_id`) VALUES
('112', '119'),
('119', '240'),
('119', '417'),
('122', '573'),
('125', '538'),
('176', '157'),
('179', '798'),
('195', '519'),
('195', '699'),
('205', '928'),
('237', '355'),
('237', '394'),
('240', '175'),
('240', '800'),
('246', '878'),
('263', '356'),
('263', '923'),
('281', '338'),
('287', '290'),
('290', '815'),
('312', '586'),
('319', '681'),
('319', '700'),
('321', '589'),
('326', '504'),
('333', '386'),
('335', '339'),
('338', '122'),
('339', '265'),
('354', '619'),
('383', '183'),
('383', '508'),
('425', '922'),
('450', '540'),
('450', '587'),
('471', '175'),
('475', '125'),
('480', '134'),
('487', '338'),
('487', '355'),
('487', '699'),
('538', '727'),
('540', '587'),
('541', '219'),
('548', '205'),
('548', '682'),
('551', '508'),
('571', '354'),
('571', '498'),
('586', '157'),
('587', '768'),
('600', '647'),
('605', '475'),
('619', '900'),
('634', '815'),
('640', '617'),
('645', '417'),
('646', '878'),
('648', '706'),
('648', '923'),
('666', '826'),
('666', '961'),
('680', '349'),
('701', '112'),
('701', '321'),
('701', '917'),
('707', '532'),
('722', '421'),
('732', '666'),
('732', '682'),
('740', '707'),
('740', '917'),
('755', '339'),
('755', '740'),
('756', '574'),
('761', '293'),
('761', '394'),
('761', '459'),
('769', '183'),
('779', '329'),
('798', '844'),
('819', '312'),
('841', '386'),
('844', '961'),
('875', '195'),
('875', '619'),
('875', '693'),
('878', '351'),
('887', '985'),
('897', '875'),
('900', '167'),
('923', '574'),
('924', '699'),
('925', '500'),
('933', '680'),
('951', '706'),
('965', '362'),
('971', '951'),
('984', '326'),
('984', '538');

-- --------------------------------------------------------

--
-- Struktur dari tabel `section`
--

CREATE TABLE `section` (
  `course_id` varchar(8) NOT NULL,
  `sec_id` varchar(8) NOT NULL,
  `semester` varchar(6) NOT NULL,
  `year` decimal(4,0) NOT NULL,
  `building` varchar(15) DEFAULT NULL,
  `room_number` varchar(7) DEFAULT NULL,
  `time_slot_id` varchar(4) DEFAULT NULL
) ENGINE=InnoDB DEFAULT CHARSET=latin1;

--
-- Dumping data untuk tabel `section`
--

INSERT INTO `section` (`course_id`, `sec_id`, `semester`, `year`, `building`, `room_number`, `time_slot_id`) VALUES
('104', '1', 'Fall', '2003', 'I', '194', 'K'),
('119', '1', 'Spring', '2002', 'C', '656', 'M'),
('120', '1', 'Spring', '2004', 'B', '872', 'C'),
('122', '1', 'Fall', '2006', 'C', '939', 'A'),
('125', '1', 'Fall', '2009', 'A', '717', 'G'),
('155', '1', 'Spring', '2009', 'I', '194', 'L'),
('157', '1', 'Spring', '2004', 'D', '806', 'M'),
('157', '2', 'Fall', '2003', 'D', '919', 'J'),
('167', '1', 'Fall', '2002', 'C', '939', 'A'),
('167', '2', 'Fall', '2010', 'H', '864', 'M'),
('176', '1', 'Spring', '2005', 'C', '656', 'O'),
('183', '1', 'Fall', '2010', 'D', '51', 'A'),
('194', '1', 'Fall', '2009', 'I', '194', 'K'),
('194', '2', 'Spring', '2003', 'C', '656', 'D'),
('195', '1', 'Fall', '2002', 'C', '939', 'F'),
('196', '1', 'Spring', '2005', 'C', '939', 'L'),
('204', '1', 'Spring', '2008', 'A', '164', 'A'),
('204', '2', 'Spring', '2002', 'B', '872', 'G'),
('205', '1', 'Fall', '2003', 'D', '51', 'I'),
('218', '1', 'Spring', '2001', 'D', '806', 'D'),
('218', '2', 'Fall', '2009', 'B', '872', 'F'),
('218', '3', 'Fall', '2007', 'D', '919', 'A'),
('219', '1', 'Spring', '2007', 'D', '919', 'K'),
('219', '2', 'Spring', '2005', 'C', '656', 'D'),
('220', '1', 'Spring', '2001', 'A', '164', 'F'),
('220', '2', 'Spring', '2008', 'C', '939', 'K'),
('231', '1', 'Fall', '2007', 'C', '656', 'M'),
('231', '2', 'Spring', '2005', 'A', '717', 'D'),
('231', '3', 'Fall', '2001', 'C', '656', 'F'),
('235', '1', 'Fall', '2010', 'D', '51', 'G'),
('235', '2', 'Fall', '2006', 'C', '656', 'A'),
('235', '3', 'Fall', '2001', 'C', '656', 'A'),
('240', '1', 'Fall', '2010', 'C', '656', 'I'),
('240', '2', 'Fall', '2006', 'C', '939', 'G'),
('243', '1', 'Spring', '2005', 'C', '656', 'E'),
('243', '2', 'Spring', '2006', 'D', '919', 'P'),
('265', '1', 'Spring', '2004', 'D', '51', 'J'),
('270', '1', 'Spring', '2003', 'A', '717', 'I'),
('270', '2', 'Fall', '2002', 'I', '194', 'A'),
('287', '1', 'Fall', '2004', 'D', '919', 'A'),
('287', '2', 'Spring', '2010', 'C', '939', 'M'),
('287', '3', 'Fall', '2003', 'I', '194', 'O'),
('287', '4', 'Fall', '2004', 'A', '164', 'N'),
('287', '5', 'Spring', '2009', 'D', '51', 'C'),
('289', '1', 'Spring', '2010', 'A', '717', 'F'),
('290', '1', 'Fall', '2005', 'H', '864', 'D'),
('305', '1', 'Spring', '2009', 'D', '51', 'M'),
('319', '1', 'Fall', '2003', 'D', '51', 'H'),
('319', '2', 'Fall', '2009', 'D', '919', 'F'),
('320', '1', 'Spring', '2004', 'A', '717', 'C'),
('321', '1', 'Spring', '2001', 'C', '656', 'A'),
('329', '1', 'Fall', '2003', 'A', '717', 'N'),
('335', '1', 'Fall', '2010', 'A', '164', 'L'),
('339', '1', 'Spring', '2008', 'B', '872', 'E'),
('346', '1', 'Fall', '2002', 'D', '919', 'J'),
('351', '1', 'Fall', '2007', 'D', '51', 'B'),
('354', '1', 'Fall', '2010', 'C', '939', 'J'),
('355', '1', 'Fall', '2007', 'D', '51', 'L'),
('355', '2', 'Spring', '2007', 'D', '51', 'L'),
('356', '1', 'Spring', '2003', 'A', '164', 'J'),
('369', '1', 'Fall', '2004', 'C', '939', 'I'),
('375', '1', 'Spring', '2009', 'D', '919', 'M'),
('383', '1', 'Spring', '2005', 'I', '194', 'G'),
('383', '2', 'Fall', '2006', 'D', '919', 'N'),
('386', '1', 'Fall', '2002', 'D', '919', 'P'),
('387', '1', 'Fall', '2001', 'C', '656', 'D'),
('394', '1', 'Fall', '2010', 'I', '194', 'A'),
('394', '2', 'Spring', '2006', 'I', '194', 'P'),
('394', '3', 'Fall', '2006', 'H', '864', 'M'),
('413', '1', 'Spring', '2008', 'D', '806', 'F'),
('415', '1', 'Fall', '2006', 'C', '656', 'K'),
('421', '1', 'Fall', '2007', 'D', '51', 'I'),
('446', '1', 'Spring', '2007', 'H', '864', 'C'),
('446', '2', 'Fall', '2010', 'I', '194', 'F'),
('446', '3', 'Fall', '2008', 'B', '872', 'I'),
('446', '4', 'Fall', '2001', 'A', '717', 'B'),
('448', '1', 'Fall', '2004', 'D', '806', 'J'),
('450', '1', 'Fall', '2003', 'A', '717', 'N'),
('453', '1', 'Fall', '2009', 'C', '939', 'H'),
('453', '2', 'Spring', '2005', 'D', '806', 'B'),
('453', '3', 'Fall', '2005', 'A', '717', 'I'),
('471', '1', 'Fall', '2002', 'A', '164', 'H'),
('475', '1', 'Fall', '2008', 'D', '51', 'O'),
('480', '1', 'Fall', '2007', 'H', '864', 'G'),
('480', '2', 'Spring', '2006', 'I', '194', 'L'),
('487', '1', 'Spring', '2002', 'C', '656', 'M'),
('494', '1', 'Spring', '2001', 'D', '51', 'M'),
('496', '1', 'Spring', '2004', 'D', '806', 'H'),
('500', '1', 'Spring', '2007', 'D', '919', 'O'),
('500', '2', 'Spring', '2007', 'C', '656', 'C'),
('504', '1', 'Spring', '2009', 'I', '194', 'A'),
('505', '1', 'Fall', '2001', 'D', '806', 'J'),
('508', '1', 'Spring', '2002', 'C', '939', 'C'),
('519', '1', 'Fall', '2004', 'D', '919', 'N'),
('519', '2', 'Spring', '2008', 'I', '194', 'N'),
('525', '1', 'Spring', '2004', 'A', '717', 'K'),
('535', '1', 'Spring', '2001', 'C', '939', 'E'),
('535', '2', 'Fall', '2004', 'D', '806', 'L'),
('540', '1', 'Spring', '2005', 'A', '164', 'I'),
('541', '1', 'Spring', '2004', 'I', '194', 'N'),
('541', '2', 'Spring', '2001', 'A', '164', 'K'),
('548', '1', 'Spring', '2004', 'D', '51', 'D'),
('548', '2', 'Fall', '2001', 'C', '656', 'I'),
('548', '3', 'Spring', '2009', 'D', '806', 'O'),
('550', '1', 'Spring', '2005', 'D', '806', 'L'),
('551', '1', 'Spring', '2004', 'I', '194', 'K'),
('551', '2', 'Fall', '2006', 'A', '164', 'E'),
('565', '1', 'Spring', '2002', 'H', '864', 'M'),
('571', '1', 'Spring', '2009', 'H', '864', 'D'),
('571', '2', 'Spring', '2006', 'D', '919', 'F'),
('573', '1', 'Spring', '2002', 'D', '919', 'A'),
('573', '2', 'Spring', '2005', 'C', '939', 'C'),
('574', '1', 'Spring', '2010', 'C', '939', 'N'),
('576', '1', 'Spring', '2003', 'D', '51', 'C'),
('586', '1', 'Fall', '2001', 'I', '194', 'L'),
('587', '1', 'Spring', '2005', 'A', '717', 'I'),
('587', '2', 'Spring', '2006', 'C', '656', 'H'),
('587', '3', 'Spring', '2008', 'C', '939', 'B'),
('587', '4', 'Fall', '2008', 'D', '806', 'L'),
('589', '1', 'Fall', '2004', 'D', '806', 'D'),
('600', '1', 'Fall', '2006', 'D', '919', 'C'),
('600', '2', 'Spring', '2003', 'D', '919', 'N'),
('603', '1', 'Fall', '2008', 'D', '919', 'F'),
('603', '2', 'Spring', '2003', 'C', '939', 'O'),
('612', '1', 'Fall', '2009', 'A', '164', 'D'),
('612', '2', 'Spring', '2003', 'D', '806', 'K'),
('617', '1', 'Fall', '2008', 'A', '717', 'J'),
('618', '1', 'Fall', '2005', 'D', '51', 'I'),
('618', '2', 'Fall', '2007', 'D', '51', 'F'),
('618', '3', 'Spring', '2005', 'A', '164', 'A'),
('619', '1', 'Spring', '2009', 'D', '806', 'O'),
('619', '2', 'Fall', '2003', 'H', '864', 'N'),
('634', '1', 'Spring', '2005', 'D', '919', 'G'),
('645', '1', 'Spring', '2010', 'I', '194', 'B'),
('645', '2', 'Spring', '2005', 'A', '717', 'O'),
('666', '1', 'Spring', '2009', 'C', '656', 'O'),
('681', '1', 'Spring', '2005', 'A', '717', 'P'),
('681', '2', 'Fall', '2006', 'C', '939', 'M'),
('684', '1', 'Spring', '2006', 'I', '194', 'I'),
('684', '2', 'Spring', '2007', 'I', '194', 'N'),
('706', '1', 'Spring', '2010', 'A', '717', 'B'),
('722', '1', 'Fall', '2010', 'H', '864', 'C'),
('732', '1', 'Fall', '2005', 'A', '717', 'O'),
('740', '1', 'Spring', '2007', 'D', '51', 'N'),
('742', '1', 'Fall', '2008', 'A', '717', 'H'),
('744', '1', 'Fall', '2003', 'H', '864', 'K'),
('769', '1', 'Fall', '2003', 'A', '164', 'B'),
('784', '1', 'Spring', '2008', 'D', '806', 'C'),
('798', '1', 'Fall', '2010', 'C', '939', 'K'),
('801', '1', 'Fall', '2007', 'C', '939', 'C'),
('801', '2', 'Spring', '2007', 'A', '717', 'A'),
('804', '1', 'Spring', '2003', 'C', '939', 'F'),
('812', '1', 'Fall', '2010', 'C', '939', 'D'),
('812', '2', 'Spring', '2006', 'D', '51', 'J'),
('815', '1', 'Fall', '2002', 'C', '656', 'H'),
('815', '2', 'Fall', '2006', 'D', '806', 'F'),
('815', '3', 'Spring', '2005', 'H', '864', 'A'),
('819', '1', 'Fall', '2009', 'C', '656', 'C'),
('826', '1', 'Fall', '2002', 'D', '51', 'E'),
('826', '2', 'Fall', '2009', 'C', '939', 'K'),
('831', '1', 'Spring', '2002', 'D', '806', 'G'),
('831', '2', 'Spring', '2002', 'D', '806', 'M'),
('841', '1', 'Fall', '2006', 'D', '806', 'I'),
('841', '2', 'Fall', '2004', 'B', '872', 'G'),
('841', '3', 'Fall', '2003', 'D', '51', 'O'),
('844', '1', 'Fall', '2006', 'C', '656', 'B'),
('844', '2', 'Fall', '2005', 'H', '864', 'H'),
('844', '3', 'Fall', '2009', 'D', '51', 'L'),
('855', '1', 'Fall', '2003', 'D', '919', 'G'),
('875', '1', 'Spring', '2005', 'A', '164', 'O'),
('877', '1', 'Spring', '2006', 'D', '919', 'A'),
('878', '1', 'Fall', '2003', 'D', '919', 'P'),
('882', '1', 'Spring', '2010', 'A', '717', 'E'),
('887', '1', 'Spring', '2009', 'D', '806', 'D'),
('894', '1', 'Fall', '2001', 'A', '717', 'G'),
('900', '1', 'Fall', '2008', 'C', '939', 'L'),
('908', '1', 'Spring', '2008', 'C', '656', 'M'),
('913', '1', 'Spring', '2007', 'D', '51', 'A'),
('917', '1', 'Spring', '2008', 'C', '939', 'B'),
('922', '1', 'Fall', '2010', 'D', '51', 'B'),
('922', '2', 'Fall', '2009', 'A', '717', 'F'),
('923', '1', 'Spring', '2004', 'D', '919', 'E'),
('923', '2', 'Fall', '2001', 'I', '194', 'A'),
('924', '1', 'Spring', '2001', 'A', '717', 'F'),
('924', '2', 'Spring', '2009', 'B', '872', 'B'),
('928', '1', 'Fall', '2007', 'B', '872', 'L'),
('928', '2', 'Fall', '2005', 'B', '872', 'O'),
('933', '1', 'Fall', '2001', 'C', '939', 'H'),
('933', '2', 'Spring', '2009', 'B', '872', 'L'),
('943', '1', 'Fall', '2005', 'B', '872', 'K'),
('943', '2', 'Fall', '2010', 'H', '864', 'F'),
('951', '1', 'Spring', '2005', 'I', '194', 'L'),
('971', '1', 'Fall', '2005', 'I', '194', 'A'),
('977', '1', 'Fall', '2010', 'C', '939', 'I'),
('977', '2', 'Fall', '2005', 'C', '656', 'A'),
('984', '1', 'Spring', '2007', 'C', '656', 'O'),
('985', '1', 'Spring', '2007', 'B', '872', 'K'),
('985', '2', 'Fall', '2002', 'A', '164', 'F'),
('994', '1', 'Spring', '2003', 'D', '919', 'H'),
('994', '2', 'Fall', '2009', 'D', '51', 'B');

-- --------------------------------------------------------

--
-- Struktur dari tabel `student`
--

CREATE TABLE `student` (
  `ID` varchar(5) NOT NULL,
  `name` varchar(20) NOT NULL,
  `dept_name` varchar(20) DEFAULT NULL,
  `tot_cred` decimal(3,0) DEFAULT NULL
) ENGINE=InnoDB DEFAULT CHARSET=latin1;

--
-- Dumping data untuk tabel `student`
--

INSERT INTO `student` (`ID`, `name`, `dept_name`, `tot_cred`) VALUES
('10132', 'Johan', 'DF', '58'),
('10549', 'Budi', 'KL', '39'),
('10700', 'yuyun', 'WW', '91'),
('13494', 'Johan', 'HI', '50'),
('15793', 'Yohan', 'BN', '125'),
('16974', 'yuyun', 'HI', '49'),
('17148', 'Adri', 'DK', '76'),
('17180', 'rahmat', 'DK', '88'),
('17854', 'Ande', 'BN', '96'),
('18543', 'Adri', 'HI', '86'),
('20980', 'Johan', 'RQ', '32'),
('24977', 'Ahmad', 'WW', '77'),
('26063', 'rahmat', 'HI', '15'),
('2656', 'rahmat', 'RQ', '122'),
('2676', 'Ande', 'BN', '61'),
('27133', 'Ahmad', 'DE', '109'),
('28310', 'Ahmad', 'KL', '21'),
('28837', 'yuyun', 'BN', '114'),
('29345', 'Ande', 'RQ', '25'),
('30144', 'rahmat', 'BN', '25'),
('3073', 'Budi', 'FR', '127'),
('30765', 'Adri', 'HI', '107'),
('31652', 'Budi', 'BN', '61'),
('33048', 'Budi', 'DE', '92'),
('34258', 'Kiki', 'BN', '29'),
('34454', 'Ahmad', 'KL', '25'),
('34850', 'rahmat', 'DE', '12'),
('34924', 'Johan', 'EL', '13'),
('35776', 'Adri', 'DF', '46'),
('36550', 'Ande', 'HI', '107'),
('36766', 'Josu', 'FR', '129'),
('38689', 'yuyun', 'HI', '10'),
('39038', 'Ahmad', 'KL', '112'),
('39326', 'Johan', 'RQ', '128'),
('41555', 'yuyun', 'DE', '9'),
('42029', 'Budi', 'FR', '48'),
('42090', 'Yohan', 'DK', '46'),
('42703', 'yuyun', 'BN', '13'),
('44305', 'Kiki', 'DE', '62'),
('44675', 'Yohan', 'DK', '126'),
('44930', 'Josu', 'DE', '3'),
('45057', 'Josu', 'EL', '100'),
('45411', 'Ahmad', 'DE', '81'),
('46743', 'yuyun', 'DE', '57'),
('469', 'Kiki', 'RQ', '0'),
('47030', 'Ahmad', 'DK', '72'),
('4793', 'rahmat', 'RQ', '45'),
('49257', 'rahmat', 'DE', '14'),
('49414', 'yuyun', 'DK', '25'),
('51149', 'yuyun', 'KL', '48'),
('52215', 'Budi', 'KL', '67'),
('53751', 'Yohan', 'EL', '42'),
('53880', 'rahmat', 'RQ', '108'),
('55662', 'Yohan', 'FR', '106'),
('56134', 'rahmat', 'KL', '16'),
('56468', 'Budi', 'FR', '17'),
('58686', 'Adri', 'DK', '75'),
('58963', 'Ande', 'DF', '119'),
('59332', 'Josu', 'EL', '46'),
('60959', 'Kiki', 'EL', '34'),
('61951', 'Adri', 'WW', '46'),
('63053', 'Yohan', 'EL', '9'),
('63228', 'Kiki', 'DF', '39'),
('64254', 'rahmat', 'HI', '78'),
('65902', 'Kiki', 'WW', '55'),
('66805', 'Josu', 'BN', '84'),
('66986', 'Kiki', 'KL', '117'),
('69793', 'Kiki', 'DE', '99'),
('70287', 'yuyun', 'FR', '3'),
('70393', 'Ande', 'HI', '1'),
('70802', 'Johan', 'BN', '128'),
('73036', 'yuyun', 'KL', '0'),
('73400', 'Budi', 'DE', '101'),
('74433', 'Adri', 'DK', '89'),
('75996', 'Yohan', 'FR', '34'),
('77688', 'Josu', 'KL', '59'),
('78622', 'Budi', 'BN', '111'),
('79127', 'rahmat', 'KL', '50'),
('79364', 'rahmat', 'DE', '116'),
('80198', 'Budi', 'DF', '52'),
('80851', 'yuyun', 'RQ', '120'),
('81942', 'Johan', 'FR', '43'),
('84022', 'rahmat', 'RQ', '10'),
('84575', 'Yohan', 'DF', '110'),
('84706', 'Kiki', 'DE', '65'),
('84813', 'Yohan', 'EL', '120'),
('84866', 'Johan', 'HI', '23'),
('85560', 'yuyun', 'HI', '102'),
('86096', 'rahmat', 'BN', '85'),
('86626', 'Josu', 'HI', '101'),
('8690', 'Budi', 'RQ', '98'),
('88021', 'Johan', 'WW', '35'),
('89950', 'Ahmad', 'HI', '44'),
('92743', 'Josu', 'EL', '13'),
('93735', 'Ande', 'DK', '54'),
('95342', 'Kiki', 'RQ', '36'),
('96046', 'Ande', 'HI', '53'),
('9667', 'Josu', 'BN', '46'),
('98916', 'yuyun', 'EL', '85'),
('99214', 'Yohan', 'RQ', '68');

-- --------------------------------------------------------

--
-- Struktur dari tabel `takes`
--

CREATE TABLE `takes` (
  `ID` varchar(5) NOT NULL,
  `course_id` varchar(8) NOT NULL,
  `sec_id` varchar(8) NOT NULL,
  `semester` varchar(6) NOT NULL,
  `year` decimal(4,0) NOT NULL,
  `grade` varchar(2) DEFAULT NULL
) ENGINE=InnoDB DEFAULT CHARSET=latin1;

--
-- Dumping data untuk tabel `takes`
--

INSERT INTO `takes` (`ID`, `course_id`, `sec_id`, `semester`, `year`, `grade`) VALUES
('10132', '243', '2', 'Spring', '2006', 'C+'),
('10549', '204', '2', 'Spring', '2002', 'B-'),
('10549', '589', '1', 'Fall', '2004', 'A-'),
('10700', '195', '1', 'Fall', '2002', 'C-'),
('10700', '894', '1', 'Fall', '2001', 'C '),
('13494', '351', '1', 'Fall', '2007', 'C '),
('13494', '480', '2', 'Spring', '2006', 'A-'),
('13494', '684', '1', 'Spring', '2006', 'C+'),
('13494', '740', '1', 'Spring', '2007', 'B+'),
('16974', '421', '1', 'Fall', '2007', 'A '),
('16974', '571', '2', 'Spring', '2006', 'A '),
('16974', '618', '2', 'Fall', '2007', 'C '),
('16974', '878', '1', 'Fall', '2003', 'A-'),
('17148', '339', '1', 'Spring', '2008', 'C '),
('17148', '844', '3', 'Fall', '2009', 'A '),
('17148', '985', '2', 'Fall', '2002', 'B+'),
('17180', '120', '1', 'Spring', '2004', 'C+'),
('17854', '571', '1', 'Spring', '2009', 'C '),
('17854', '977', '1', 'Fall', '2010', 'A+'),
('18543', '475', '1', 'Fall', '2008', 'B-'),
('18543', '985', '1', 'Spring', '2007', 'B+'),
('20980', '204', '1', 'Spring', '2008', 'B-'),
('20980', '540', '1', 'Spring', '2005', 'C-'),
('20980', '645', '1', 'Spring', '2010', 'C-'),
('24977', '450', '1', 'Fall', '2003', 'A-'),
('24977', '540', '1', 'Spring', '2005', 'A+'),
('26063', '480', '2', 'Spring', '2006', 'C-'),
('26063', '548', '3', 'Spring', '2009', 'A+'),
('26063', '784', '1', 'Spring', '2008', 'B+'),
('26063', '831', '2', 'Spring', '2002', 'A+'),
('2656', '855', '1', 'Fall', '2003', 'B+'),
('2676', '480', '1', 'Fall', '2007', 'C+'),
('27133', '504', '1', 'Spring', '2009', 'C-'),
('27133', '844', '3', 'Fall', '2009', 'A-'),
('28310', '194', '1', 'Fall', '2009', 'A-'),
('28310', '923', '2', 'Fall', '2001', 'C-'),
('28310', '943', '2', 'Fall', '2010', 'A '),
('29345', '617', '1', 'Fall', '2008', 'C '),
('29345', '917', '1', 'Spring', '2008', 'C-'),
('30144', '913', '1', 'Spring', '2007', 'B+'),
('3073', '220', '2', 'Spring', '2008', 'B-'),
('3073', '413', '1', 'Spring', '2008', 'B+'),
('30765', '122', '1', 'Fall', '2006', 'C+'),
('30765', '415', '1', 'Fall', '2006', 'B '),
('31652', '218', '3', 'Fall', '2007', 'C-'),
('33048', '645', '2', 'Spring', '2005', 'B+'),
('34258', '157', '2', 'Fall', '2003', 'C-'),
('34258', '645', '1', 'Spring', '2010', 'B '),
('34454', '235', '3', 'Fall', '2001', 'C '),
('34454', '453', '3', 'Fall', '2005', 'C+'),
('34454', '573', '2', 'Spring', '2005', 'C+'),
('34454', '894', '1', 'Fall', '2001', 'C-'),
('34924', '415', '1', 'Fall', '2006', 'A-'),
('35776', '471', '1', 'Fall', '2002', 'B+'),
('35776', '815', '2', 'Fall', '2006', 'B+'),
('36550', '634', '1', 'Spring', '2005', 'C '),
('36550', '984', '1', 'Spring', '2007', 'B+'),
('36766', '196', '1', 'Spring', '2005', 'B+'),
('38689', '732', '1', 'Fall', '2005', 'B '),
('38689', '855', '1', 'Fall', '2003', 'B-'),
('39038', '287', '5', 'Spring', '2009', 'A '),
('39326', '157', '1', 'Spring', '2004', 'A-'),
('39326', '446', '3', 'Fall', '2008', 'B+'),
('39326', '984', '1', 'Spring', '2007', 'C+'),
('41555', '548', '3', 'Spring', '2009', 'C-'),
('41555', '571', '2', 'Spring', '2006', 'B '),
('41555', '600', '2', 'Spring', '2003', 'B-'),
('42029', '204', '2', 'Spring', '2002', 'A '),
('42029', '589', '1', 'Fall', '2004', 'C+'),
('42029', '612', '2', 'Spring', '2003', 'A '),
('42029', '928', '2', 'Fall', '2005', 'A-'),
('42090', '603', '1', 'Fall', '2008', 'C-'),
('42703', '535', '2', 'Fall', '2004', 'A+'),
('44305', '335', '1', 'Fall', '2010', 'C-'),
('44305', '354', '1', 'Fall', '2010', 'A '),
('44305', '573', '1', 'Spring', '2002', 'C+'),
('44305', '600', '1', 'Fall', '2006', 'B '),
('44305', '943', '2', 'Fall', '2010', 'B '),
('44675', '369', '1', 'Fall', '2004', 'A '),
('44675', '587', '2', 'Spring', '2006', 'C-'),
('44675', '908', '1', 'Spring', '2008', 'B-'),
('44930', '732', '1', 'Fall', '2005', 'C '),
('44930', '801', '1', 'Fall', '2007', 'A-'),
('45057', '446', '1', 'Spring', '2007', 'C '),
('45057', '453', '1', 'Fall', '2009', 'A+'),
('45057', '844', '3', 'Fall', '2009', 'C '),
('45411', '500', '2', 'Spring', '2007', 'A-'),
('45411', '943', '1', 'Fall', '2005', 'A+'),
('46743', '120', '1', 'Spring', '2004', 'A-'),
('469', '167', '1', 'Fall', '2002', 'A+'),
('469', '319', '1', 'Fall', '2003', 'A+'),
('469', '535', '1', 'Spring', '2001', 'B '),
('469', '943', '2', 'Fall', '2010', 'B+'),
('4793', '119', '1', 'Spring', '2002', 'C '),
('4793', '183', '1', 'Fall', '2010', 'C+'),
('4793', '480', '1', 'Fall', '2007', 'C+'),
('4793', '618', '2', 'Fall', '2007', 'A-'),
('49414', '587', '1', 'Spring', '2005', 'B '),
('51149', '394', '1', 'Fall', '2010', 'A-'),
('51149', '612', '1', 'Fall', '2009', 'A '),
('52215', '122', '1', 'Fall', '2006', 'A-'),
('52215', '289', '1', 'Spring', '2010', 'B '),
('52215', '394', '2', 'Spring', '2006', 'B-'),
('52215', '826', '1', 'Fall', '2002', 'A '),
('53880', '231', '1', 'Fall', '2007', 'B-'),
('55662', '634', '1', 'Spring', '2005', 'C '),
('56134', '446', '3', 'Fall', '2008', 'C-'),
('56134', '541', '2', 'Spring', '2001', 'C-'),
('56134', '924', '2', 'Spring', '2009', 'A+'),
('56134', '971', '1', 'Fall', '2005', 'B '),
('56468', '346', '1', 'Fall', '2002', 'A+'),
('58686', '801', '2', 'Spring', '2007', 'B-'),
('58963', '924', '1', 'Spring', '2001', 'A+'),
('58963', '994', '1', 'Spring', '2003', 'C-'),
('59332', '243', '1', 'Spring', '2005', 'B '),
('59332', '548', '2', 'Fall', '2001', 'C-'),
('59332', '548', '3', 'Spring', '2009', 'A+'),
('60959', '618', '1', 'Fall', '2005', 'C-'),
('61951', '219', '2', 'Spring', '2005', 'B-'),
('61951', '587', '1', 'Spring', '2005', 'C+'),
('61951', '977', '1', 'Fall', '2010', 'B '),
('63053', '550', '1', 'Spring', '2005', 'C+'),
('63053', '913', '1', 'Spring', '2007', 'A+'),
('63228', '243', '2', 'Spring', '2006', 'A '),
('65902', '235', '2', 'Fall', '2006', 'C-'),
('65902', '535', '2', 'Fall', '2004', 'B-'),
('65902', '574', '1', 'Spring', '2010', 'B '),
('65902', '612', '1', 'Fall', '2009', 'A '),
('66805', '167', '2', 'Fall', '2010', 'A+'),
('66805', '666', '1', 'Spring', '2009', 'B-'),
('66805', '855', '1', 'Fall', '2003', 'C+'),
('66986', '619', '1', 'Spring', '2009', 'A-'),
('69793', '339', '1', 'Spring', '2008', 'A '),
('69793', '571', '2', 'Spring', '2006', 'C '),
('69793', '994', '2', 'Fall', '2009', 'C+'),
('70393', '666', '1', 'Spring', '2009', 'C '),
('70802', '235', '3', 'Fall', '2001', 'C '),
('73400', '194', '1', 'Fall', '2009', 'C '),
('73400', '571', '1', 'Spring', '2009', 'C+'),
('73400', '801', '1', 'Fall', '2007', 'B-'),
('74433', '500', '2', 'Spring', '2007', 'B-'),
('74433', '535', '2', 'Fall', '2004', 'A-'),
('74433', '551', '1', 'Spring', '2004', 'B '),
('74433', '882', '1', 'Spring', '2010', 'B-'),
('74433', '971', '1', 'Fall', '2005', 'B '),
('75996', '453', '1', 'Fall', '2009', 'C-'),
('77688', '875', '1', 'Spring', '2005', 'A-'),
('78622', '287', '2', 'Spring', '2010', 'A+'),
('79127', '320', '1', 'Spring', '2004', 'A '),
('79127', '684', '1', 'Spring', '2006', 'A-'),
('79364', '551', '1', 'Spring', '2004', 'C-'),
('79364', '587', '1', 'Spring', '2005', 'C '),
('80198', '319', '1', 'Fall', '2003', 'A '),
('80198', '525', '1', 'Spring', '2004', 'C+'),
('80198', '706', '1', 'Spring', '2010', 'A-'),
('80851', '500', '2', 'Spring', '2007', 'B+'),
('80851', '541', '1', 'Spring', '2004', 'A-'),
('80851', '933', '2', 'Spring', '2009', 'B-'),
('84022', '183', '1', 'Fall', '2010', 'C '),
('84022', '784', '1', 'Spring', '2008', 'C+'),
('84813', '321', '1', 'Spring', '2001', 'A+'),
('84813', '587', '3', 'Spring', '2008', 'B-'),
('84813', '645', '2', 'Spring', '2005', 'A+'),
('84866', '204', '1', 'Spring', '2008', 'A '),
('84866', '287', '4', 'Fall', '2004', 'C '),
('84866', '587', '3', 'Spring', '2008', 'C-'),
('84866', '600', '1', 'Fall', '2006', 'B-'),
('84866', '844', '2', 'Fall', '2005', 'C '),
('85560', '551', '2', 'Fall', '2006', 'B+'),
('85560', '924', '1', 'Spring', '2001', 'B-'),
('86096', '183', '1', 'Fall', '2010', 'C-'),
('86096', '321', '1', 'Spring', '2001', 'C '),
('86096', '386', '1', 'Fall', '2002', 'A-'),
('86096', '421', '1', 'Fall', '2007', 'A-'),
('86096', '551', '1', 'Spring', '2004', 'B+'),
('86096', '634', '1', 'Spring', '2005', 'A '),
('86096', '831', '1', 'Spring', '2002', 'C '),
('86626', '287', '3', 'Fall', '2003', 'A '),
('86626', '453', '3', 'Fall', '2005', 'C-'),
('86626', '535', '1', 'Spring', '2001', 'B-'),
('86626', '923', '2', 'Fall', '2001', 'A '),
('8690', '195', '1', 'Fall', '2002', 'A-'),
('8690', '977', '1', 'Fall', '2010', 'A '),
('88021', '589', '1', 'Fall', '2004', 'A+'),
('89950', '204', '2', 'Spring', '2002', 'C-'),
('89950', '351', '1', 'Fall', '2007', 'B+'),
('89950', '841', '1', 'Fall', '2006', 'B-'),
('89950', '985', '2', 'Fall', '2002', 'C '),
('92743', '218', '1', 'Spring', '2001', 'A+'),
('92743', '240', '1', 'Fall', '2010', 'A+'),
('92743', '985', '1', 'Spring', '2007', 'B+'),
('93735', '548', '1', 'Spring', '2004', 'B-'),
('95342', '383', '1', 'Spring', '2005', 'A+'),
('95342', '600', '2', 'Spring', '2003', 'A+'),
('95342', '804', '1', 'Spring', '2003', 'B-'),
('96046', '122', '1', 'Fall', '2006', 'B-'),
('96046', '548', '1', 'Spring', '2004', 'A+'),
('98916', '240', '1', 'Fall', '2010', 'C+'),
('98916', '784', '1', 'Spring', '2008', 'B '),
('99214', '415', '1', 'Fall', '2006', 'A+');

-- --------------------------------------------------------

--
-- Struktur dari tabel `teaches`
--

CREATE TABLE `teaches` (
  `ID` varchar(5) NOT NULL,
  `course_id` varchar(8) NOT NULL,
  `sec_id` varchar(8) NOT NULL,
  `semester` varchar(6) NOT NULL,
  `year` decimal(4,0) NOT NULL
) ENGINE=InnoDB DEFAULT CHARSET=latin1;

--
-- Dumping data untuk tabel `teaches`
--

INSERT INTO `teaches` (`ID`, `course_id`, `sec_id`, `semester`, `year`) VALUES
('11321', '235', '1', 'Fall', '2010'),
('11321', '732', '1', 'Fall', '2005'),
('15747', '383', '2', 'Fall', '2006'),
('15747', '618', '2', 'Fall', '2007'),
('15747', '722', '1', 'Fall', '2010'),
('15747', '887', '1', 'Spring', '2009'),
('15747', '924', '1', 'Spring', '2001'),
('21952', '319', '2', 'Fall', '2009'),
('21952', '548', '2', 'Fall', '2001'),
('26545', '742', '1', 'Fall', '2008'),
('33955', '270', '2', 'Fall', '2002'),
('33955', '355', '1', 'Fall', '2007'),
('33955', '355', '2', 'Spring', '2007'),
('33955', '475', '1', 'Fall', '2008'),
('33955', '801', '2', 'Spring', '2007'),
('33955', '812', '2', 'Spring', '2006'),
('33955', '841', '3', 'Fall', '2003'),
('3796', '576', '1', 'Spring', '2003'),
('3796', '740', '1', 'Spring', '2007'),
('40533', '204', '1', 'Spring', '2008'),
('40533', '204', '2', 'Spring', '2002'),
('40533', '265', '1', 'Spring', '2004'),
('40533', '287', '4', 'Fall', '2004'),
('40533', '541', '1', 'Spring', '2004'),
('40533', '541', '2', 'Spring', '2001'),
('40533', '573', '2', 'Spring', '2005'),
('40533', '831', '1', 'Spring', '2002'),
('40533', '831', '2', 'Spring', '2002'),
('40533', '923', '1', 'Spring', '2004'),
('40533', '923', '2', 'Fall', '2001'),
('43134', '194', '1', 'Fall', '2009'),
('43134', '194', '2', 'Spring', '2003'),
('43134', '231', '2', 'Spring', '2005'),
('43134', '243', '1', 'Spring', '2005'),
('43134', '415', '1', 'Fall', '2006'),
('43134', '548', '3', 'Spring', '2009'),
('43134', '744', '1', 'Fall', '2003'),
('43134', '819', '1', 'Fall', '2009'),
('43134', '977', '1', 'Fall', '2010'),
('44127', '240', '2', 'Fall', '2006'),
('44127', '386', '1', 'Fall', '2002'),
('44127', '394', '3', 'Fall', '2006'),
('44127', '587', '1', 'Spring', '2005'),
('48329', '320', '1', 'Spring', '2004'),
('48329', '375', '1', 'Spring', '2009'),
('48329', '600', '1', 'Fall', '2006'),
('49468', '195', '1', 'Fall', '2002'),
('49468', '289', '1', 'Spring', '2010'),
('49468', '645', '1', 'Spring', '2010'),
('49468', '922', '2', 'Fall', '2009'),
('49468', '971', '1', 'Fall', '2005'),
('51213', '196', '1', 'Spring', '2005'),
('51213', '220', '1', 'Spring', '2001'),
('51213', '220', '2', 'Spring', '2008'),
('51213', '305', '1', 'Spring', '2009'),
('51213', '446', '3', 'Fall', '2008'),
('51213', '586', '1', 'Fall', '2001'),
('51213', '612', '1', 'Fall', '2009'),
('51213', '612', '2', 'Spring', '2003'),
('51213', '634', '1', 'Spring', '2005'),
('51213', '994', '1', 'Spring', '2003'),
('51213', '994', '2', 'Fall', '2009'),
('52874', '155', '1', 'Spring', '2009'),
('52874', '844', '3', 'Fall', '2009'),
('52874', '878', '1', 'Fall', '2003'),
('52874', '951', '1', 'Spring', '2005'),
('61758', '801', '1', 'Fall', '2007'),
('67550', '815', '1', 'Fall', '2002'),
('73658', '471', '1', 'Fall', '2002'),
('73658', '844', '1', 'Fall', '2006'),
('73658', '908', '1', 'Spring', '2008'),
('76338', '335', '1', 'Fall', '2010'),
('76338', '448', '1', 'Fall', '2004'),
('76338', '519', '1', 'Fall', '2004'),
('76338', '519', '2', 'Spring', '2008'),
('76338', '550', '1', 'Spring', '2005'),
('76338', '684', '1', 'Spring', '2006'),
('76338', '684', '2', 'Spring', '2007'),
('76338', '826', '1', 'Fall', '2002'),
('79036', '157', '1', 'Spring', '2004'),
('79036', '157', '2', 'Fall', '2003'),
('79036', '167', '2', 'Fall', '2010'),
('79036', '205', '1', 'Fall', '2003'),
('79036', '453', '1', 'Fall', '2009'),
('79036', '453', '2', 'Spring', '2005'),
('79036', '480', '1', 'Fall', '2007'),
('79036', '496', '1', 'Spring', '2004'),
('79036', '500', '2', 'Spring', '2007'),
('79036', '565', '1', 'Spring', '2002'),
('79036', '798', '1', 'Fall', '2010'),
('79036', '928', '1', 'Fall', '2007'),
('79036', '928', '2', 'Fall', '2005'),
('79036', '984', '1', 'Spring', '2007'),
('7947', '218', '1', 'Spring', '2001'),
('7947', '240', '1', 'Fall', '2010'),
('7947', '329', '1', 'Fall', '2003'),
('7947', '587', '3', 'Spring', '2008'),
('7947', '587', '4', 'Fall', '2008'),
('7947', '875', '1', 'Spring', '2005'),
('7947', '882', '1', 'Spring', '2010');

--
-- Indexes for dumped tables
--

--
-- Indeks untuk tabel `advisor`
--
ALTER TABLE `advisor`
  ADD PRIMARY KEY (`s_ID`),
  ADD KEY `i_ID` (`i_ID`);

--
-- Indeks untuk tabel `classroom`
--
ALTER TABLE `classroom`
  ADD PRIMARY KEY (`building`,`room_number`);

--
-- Indeks untuk tabel `course`
--
ALTER TABLE `course`
  ADD PRIMARY KEY (`course_id`),
  ADD KEY `dept_name` (`dept_name`);

--
-- Indeks untuk tabel `department`
--
ALTER TABLE `department`
  ADD PRIMARY KEY (`dept_name`);

--
-- Indeks untuk tabel `instructor`
--
ALTER TABLE `instructor`
  ADD PRIMARY KEY (`ID`),
  ADD KEY `dept_name` (`dept_name`);

--
-- Indeks untuk tabel `prereq`
--
ALTER TABLE `prereq`
  ADD PRIMARY KEY (`course_id`,`prereq_id`),
  ADD KEY `prereq_id` (`prereq_id`);

--
-- Indeks untuk tabel `section`
--
ALTER TABLE `section`
  ADD PRIMARY KEY (`course_id`,`sec_id`,`semester`,`year`),
  ADD KEY `building` (`building`,`room_number`);

--
-- Indeks untuk tabel `student`
--
ALTER TABLE `student`
  ADD PRIMARY KEY (`ID`),
  ADD KEY `idx_dept_name` (`dept_name`,`tot_cred`) USING BTREE;

--
-- Indeks untuk tabel `takes`
--
ALTER TABLE `takes`
  ADD PRIMARY KEY (`ID`,`course_id`,`sec_id`,`semester`,`year`),
  ADD KEY `course_id` (`course_id`,`sec_id`,`semester`,`year`);

--
-- Indeks untuk tabel `teaches`
--
ALTER TABLE `teaches`
  ADD PRIMARY KEY (`ID`,`course_id`,`sec_id`,`semester`,`year`),
  ADD KEY `course_id` (`course_id`,`sec_id`,`semester`,`year`);

--
-- Ketidakleluasaan untuk tabel pelimpahan (Dumped Tables)
--

--
-- Ketidakleluasaan untuk tabel `advisor`
--
ALTER TABLE `advisor`
  ADD CONSTRAINT `advisor_ibfk_1` FOREIGN KEY (`i_ID`) REFERENCES `instructor` (`ID`) ON DELETE SET NULL,
  ADD CONSTRAINT `advisor_ibfk_2` FOREIGN KEY (`s_ID`) REFERENCES `student` (`ID`) ON DELETE CASCADE;

--
-- Ketidakleluasaan untuk tabel `course`
--
ALTER TABLE `course`
  ADD CONSTRAINT `course_ibfk_1` FOREIGN KEY (`dept_name`) REFERENCES `department` (`dept_name`) ON DELETE SET NULL;

--
-- Ketidakleluasaan untuk tabel `instructor`
--
ALTER TABLE `instructor`
  ADD CONSTRAINT `instructor_ibfk_1` FOREIGN KEY (`dept_name`) REFERENCES `department` (`dept_name`) ON DELETE SET NULL;

--
-- Ketidakleluasaan untuk tabel `prereq`
--
ALTER TABLE `prereq`
  ADD CONSTRAINT `prereq_ibfk_1` FOREIGN KEY (`course_id`) REFERENCES `course` (`course_id`) ON DELETE CASCADE,
  ADD CONSTRAINT `prereq_ibfk_2` FOREIGN KEY (`prereq_id`) REFERENCES `course` (`course_id`);

--
-- Ketidakleluasaan untuk tabel `section`
--
ALTER TABLE `section`
  ADD CONSTRAINT `section_ibfk_1` FOREIGN KEY (`course_id`) REFERENCES `course` (`course_id`) ON DELETE CASCADE,
  ADD CONSTRAINT `section_ibfk_2` FOREIGN KEY (`building`,`room_number`) REFERENCES `classroom` (`building`, `room_number`) ON DELETE SET NULL;

--
-- Ketidakleluasaan untuk tabel `student`
--
ALTER TABLE `student`
  ADD CONSTRAINT `student_ibfk_1` FOREIGN KEY (`dept_name`) REFERENCES `department` (`dept_name`) ON DELETE SET NULL;

--
-- Ketidakleluasaan untuk tabel `takes`
--
ALTER TABLE `takes`
  ADD CONSTRAINT `takes_ibfk_1` FOREIGN KEY (`course_id`,`sec_id`,`semester`,`year`) REFERENCES `section` (`course_id`, `sec_id`, `semester`, `year`) ON DELETE CASCADE,
  ADD CONSTRAINT `takes_ibfk_2` FOREIGN KEY (`ID`) REFERENCES `student` (`ID`) ON DELETE CASCADE;

--
-- Ketidakleluasaan untuk tabel `teaches`
--
ALTER TABLE `teaches`
  ADD CONSTRAINT `teaches_ibfk_1` FOREIGN KEY (`course_id`,`sec_id`,`semester`,`year`) REFERENCES `section` (`course_id`, `sec_id`, `semester`, `year`) ON DELETE CASCADE,
  ADD CONSTRAINT `teaches_ibfk_2` FOREIGN KEY (`ID`) REFERENCES `instructor` (`ID`) ON DELETE CASCADE;
COMMIT;

/*!40101 SET CHARACTER_SET_CLIENT=@OLD_CHARACTER_SET_CLIENT */;
/*!40101 SET CHARACTER_SET_RESULTS=@OLD_CHARACTER_SET_RESULTS */;
/*!40101 SET COLLATION_CONNECTION=@OLD_COLLATION_CONNECTION */;
