insert into classroom values('C', 985, 10);
insert into classroom values('H', 390, 12);
insert into classroom values('H', 912, 51);
insert into classroom values('E', 950, 10);
insert into classroom values('D', 934, 14);
insert into classroom values('E', 516, 66);
insert into classroom values('F', 606, 24);
insert into classroom values('J', 447, 10);
insert into classroom values('B', 870, 13);
insert into classroom values('H', 578, 12);
insert into department values('RR', 'A', 167847.47);
insert into department values('MT', 'J', 953864.57);
insert into department values('ED', 'A', 92410.95);
insert into department values('KL', 'I', 480482.75);
insert into department values('SS', 'C', 854059.50);
insert into department values('BN', 'C', 235714.92);
insert into department values('GO', 'J', 635470.41);
insert into department values('GT', 'E', 834598.90);
insert into department values('HI', 'A', 364325.04);
insert into department values('IF', 'C', 316624.98);
insert into course values('117', 'IF4041', 'KL', 4);
insert into course values('103', 'IF3030', 'GT', 4);
insert into course values('747', 'IF4041', 'GT', 4);
insert into course values('739', 'IF3031', 'SS', 3);
insert into course values('160', 'IF3031', 'SS', 3);
insert into course values('651', 'IF3333', 'IF', 4);
insert into course values('591', 'IF0230', 'HI', 4);
insert into course values('936', 'IF3333', 'KL', 4);
insert into course values('954', 'IF4321', 'GO', 4);
insert into course values('164', 'IF4321', 'BN', 4);
insert into course values('663', 'IF0230', 'RR', 3);
insert into course values('714', 'IF3120', 'SS', 4);
insert into course values('967', 'IF3031', 'ED', 4);
insert into course values('849', 'IF0230', 'BN', 4);
insert into course values('596', 'IF4321', 'GT', 4);
insert into course values('881', 'IF5555', 'MT', 4);
insert into course values('683', 'IF4321', 'KL', 3);
insert into course values('479', 'IF3211', 'SS', 3);
insert into course values('684', 'IF3030', 'RR', 4);
insert into course values('430', 'IF3030', 'SS', 4);
insert into course values('566', 'IF3333', 'KL', 3);
insert into course values('236', 'IF4041', 'HI', 4);
insert into course values('333', 'IF3030', 'SS', 3);
insert into course values('507', 'IF3030', 'BN', 3);
insert into course values('706', 'IF4321', 'BN', 4);
insert into course values('872', 'IF5555', 'KL', 3);
insert into course values('237', 'IF4041', 'GT', 4);
insert into course values('234', 'IF3031', 'ED', 4);
insert into course values('960', 'IF4321', 'IF', 4);
insert into course values('889', 'IF3333', 'MT', 3);
insert into course values('664', 'IF3333', 'MT', 3);
insert into course values('576', 'IF3120', 'KL', 4);
insert into course values('246', 'IF3031', 'GO', 3);
insert into course values('914', 'IF3120', 'MT', 4);
insert into course values('540', 'IF3022', 'BN', 3);
insert into course values('191', 'IF0230', 'GT', 4);
insert into course values('340', 'IF3022', 'RR', 4);
insert into course values('500', 'IF4321', 'BN', 4);
insert into course values('209', 'IF3120', 'KL', 3);
insert into course values('841', 'IF3030', 'IF', 4);
insert into course values('533', 'IF3031', 'GT', 4);
insert into course values('640', 'IF4321', 'HI', 3);
insert into course values('781', 'IF0230', 'IF', 4);
insert into course values('931', 'IF4041', 'ED', 4);
insert into course values('707', 'IF3211', 'KL', 3);
insert into course values('618', 'IF3022', 'KL', 3);
insert into course values('765', 'IF4041', 'SS', 4);
insert into course values('367', 'IF3031', 'SS', 4);
insert into course values('643', 'IF3333', 'HI', 4);
insert into course values('338', 'IF0230', 'IF', 3);
insert into course values('973', 'IF4041', 'KL', 4);
insert into course values('950', 'IF3211', 'ED', 4);
insert into course values('887', 'IF4321', 'HI', 4);
insert into course values('341', 'IF4041', 'BN', 3);
insert into course values('746', 'IF0230', 'MT', 4);
insert into course values('918', 'IF3022', 'ED', 4);
insert into course values('101', 'IF3333', 'ED', 4);
insert into course values('551', 'IF3211', 'KL', 4);
insert into course values('420', 'IF3031', 'GT', 3);
insert into course values('708', 'IF3031', 'SS', 4);
insert into course values('270', 'IF0230', 'SS', 3);
insert into course values('169', 'IF3030', 'GO', 4);
insert into course values('353', 'IF5555', 'MT', 3);
insert into course values('657', 'IF0230', 'ED', 3);
insert into course values('559', 'IF3211', 'SS', 3);
insert into course values('352', 'IF5555', 'SS', 3);
insert into course values('531', 'IF3031', 'MT', 4);
insert into course values('242', 'IF5555', 'GO', 3);
insert into course values('414', 'IF3120', 'SS', 4);
insert into course values('812', 'IF3333', 'RR', 4);
insert into course values('274', 'IF3120', 'SS', 4);
insert into course values('291', 'IF4041', 'HI', 3);
insert into course values('176', 'IF4041', 'BN', 3);
insert into course values('426', 'IF3211', 'HI', 3);
insert into course values('326', 'IF3211', 'MT', 4);
insert into course values('895', 'IF3333', 'HI', 4);
insert into course values('930', 'IF4321', 'IF', 4);
insert into course values('903', 'IF3120', 'SS', 4);
insert into course values('919', 'IF3211', 'BN', 4);
insert into course values('485', 'IF3022', 'MT', 4);
insert into course values('553', 'IF5555', 'ED', 4);
insert into course values('721', 'IF3030', 'GT', 3);
insert into course values('198', 'IF3211', 'GO', 4);
insert into course values('834', 'IF3120', 'RR', 4);
insert into course values('519', 'IF3333', 'SS', 3);
insert into course values('577', 'IF3211', 'HI', 3);
insert into course values('616', 'IF0230', 'ED', 4);
insert into course values('148', 'IF3120', 'HI', 4);
insert into course values('218', 'IF3120', 'SS', 3);
insert into course values('813', 'IF4321', 'GO', 4);
insert into course values('474', 'IF0230', 'SS', 4);
insert into course values('580', 'IF3120', 'ED', 3);
insert into course values('418', 'IF5555', 'MT', 3);
insert into course values('109', 'IF0230', 'BN', 4);
insert into course values('483', 'IF3022', 'IF', 3);
insert into course values('490', 'IF3120', 'SS', 4);
insert into course values('709', 'IF0230', 'RR', 3);
insert into course values('388', 'IF4041', 'ED', 4);
insert into course values('864', 'IF4321', 'BN', 4);
insert into course values('281', 'IF4041', 'BN', 3);
insert into course values('572', 'IF5555', 'BN', 3);
insert into course values('758', 'IF0230', 'KL', 3);
insert into course values('124', 'IF3031', 'HI', 4);
insert into course values('939', 'IF3031', 'SS', 3);
insert into course values('653', 'IF3031', 'IF', 4);
insert into course values('230', 'IF3333', 'BN', 3);
insert into course values('523', 'IF5555', 'HI', 4);
insert into course values('486', 'IF3022', 'GO', 4);
insert into course values('778', 'IF4041', 'HI', 4);
insert into course values('233', 'IF3120', 'BN', 3);
insert into course values('389', 'IF3333', 'IF', 3);
insert into course values('365', 'IF4321', 'SS', 4);
insert into course values('766', 'IF3333', 'ED', 4);
insert into course values('211', 'IF3333', 'GT', 3);
insert into course values('636', 'IF3031', 'GT', 3);
insert into course values('772', 'IF3022', 'GT', 4);
insert into course values('256', 'IF0230', 'ED', 3);
insert into course values('311', 'IF3022', 'KL', 3);
insert into course values('855', 'IF3120', 'RR', 3);
insert into course values('906', 'IF3211', 'SS', 3);
insert into course values('614', 'IF4321', 'GT', 3);
insert into course values('511', 'IF3333', 'IF', 4);
insert into course values('250', 'IF3211', 'IF', 3);
insert into course values('297', 'IF0230', 'GO', 3);
insert into course values('728', 'IF3333', 'GO', 4);
insert into course values('115', 'IF3022', 'MT', 4);
insert into course values('309', 'IF0230', 'GT', 3);
insert into course values('904', 'IF3120', 'KL', 3);
insert into course values('677', 'IF5555', 'BN', 3);
insert into course values('647', 'IF3030', 'GO', 3);
insert into course values('295', 'IF3120', 'GO', 3);
insert into course values('978', 'IF3022', 'MT', 3);
insert into course values('276', 'IF3030', 'SS', 4);
insert into course values('494', 'IF3022', 'HI', 4);
insert into course values('339', 'IF4041', 'KL', 4);
insert into course values('988', 'IF3211', 'BN', 4);
insert into course values('741', 'IF5555', 'SS', 4);
insert into course values('907', 'IF4321', 'ED', 4);
insert into course values('143', 'IF5555', 'GO', 4);
insert into course values('269', 'IF4321', 'KL', 3);
insert into course values('795', 'IF0230', 'BN', 3);
insert into course values('735', 'IF0230', 'IF', 3);
insert into course values('527', 'IF3211', 'GT', 4);
insert into course values('139', 'IF4041', 'IF', 3);
insert into course values('107', 'IF3022', 'ED', 3);
insert into course values('949', 'IF3031', 'BN', 4);
insert into course values('245', 'IF5555', 'RR', 4);
insert into course values('961', 'IF4041', 'HI', 3);
insert into course values('521', 'IF3120', 'HI', 4);
insert into course values('451', 'IF4041', 'GT', 4);
insert into course values('980', 'IF5555', 'KL', 4);
insert into course values('455', 'IF5555', 'GO', 4);
insert into course values('557', 'IF0230', 'SS', 3);
insert into course values('324', 'IF4321', 'GT', 4);
insert into course values('592', 'IF3030', 'ED', 4);
insert into course values('520', 'IF0230', 'SS', 4);
insert into course values('819', 'IF0230', 'MT', 3);
insert into course values('310', 'IF3120', 'HI', 3);
insert into course values('491', 'IF3211', 'GO', 3);
insert into course values('397', 'IF3022', 'BN', 3);
insert into course values('441', 'IF3120', 'IF', 3);
insert into course values('458', 'IF3211', 'SS', 4);
insert into course values('175', 'IF3031', 'RR', 3);
insert into course values('471', 'IF3211', 'HI', 3);
insert into course values('567', 'IF5555', 'KL', 4);
insert into course values('477', 'IF4041', 'SS', 4);
insert into course values('346', 'IF0230', 'KL', 3);
insert into course values('712', 'IF3211', 'HI', 4);
insert into course values('740', 'IF0230', 'GO', 3);
insert into course values('803', 'IF3333', 'RR', 4);
insert into course values('506', 'IF3333', 'KL', 4);
insert into course values('127', 'IF3211', 'GO', 4);
insert into course values('581', 'IF5555', 'GO', 3);
insert into course values('565', 'IF3030', 'ED', 3);
insert into course values('886', 'IF4041', 'BN', 3);
insert into course values('293', 'IF3031', 'GT', 4);
insert into course values('312', 'IF3031', 'GO', 4);
insert into course values('894', 'IF3030', 'IF', 4);
insert into course values('381', 'IF3120', 'HI', 3);
insert into course values('729', 'IF4321', 'ED', 4);
insert into course values('137', 'IF3333', 'MT', 3);
insert into course values('743', 'IF4041', 'GO', 4);
insert into course values('189', 'IF4041', 'IF', 4);
insert into course values('633', 'IF3031', 'BN', 4);
insert into course values('650', 'IF3031', 'IF', 4);
insert into course values('502', 'IF4321', 'SS', 3);
insert into course values('734', 'IF3022', 'GO', 3);
insert into course values('395', 'IF3031', 'RR', 4);
insert into course values('776', 'IF4321', 'BN', 3);
insert into course values('693', 'IF3211', 'MT', 4);
insert into course values('619', 'IF4041', 'GO', 4);
insert into course values('852', 'IF3022', 'KL', 3);
insert into course values('680', 'IF5555', 'HI', 3);
insert into course values('676', 'IF4041', 'HI', 3);
insert into course values('994', 'IF0230', 'GO', 3);
insert into course values('827', 'IF3030', 'GO', 3);
insert into course values('241', 'IF3120', 'MT', 3);
insert into course values('968', 'IF3333', 'ED', 4);
insert into course values('868', 'IF3022', 'MT', 4);
insert into course values('768', 'IF4321', 'ED', 4);
insert into instructor values('33043', 'Budi', 'ED', 62430.98);
insert into instructor values('89520', 'yuyun', 'HI', 40426.72);
insert into instructor values('96760', 'Yohan', 'IF', 117780.14);
insert into instructor values('38505', 'rahmat', 'GT', 43094.95);
insert into instructor values('75910', 'Josu', 'ED', 71148.64);
insert into instructor values('30291', 'Budi', 'RR', 97827.93);
insert into instructor values('32293', 'Ahmad', 'SS', 93318.70);
insert into instructor values('94634', 'yuyun', 'MT', 47810.26);
insert into instructor values('31861', 'Johan', 'SS', 37846.01);
insert into instructor values('8643', 'Ande', 'BN', 95311.93);
insert into instructor values('57711', 'yuyun', 'RR', 68122.06);
insert into instructor values('95534', 'Budi', 'ED', 81723.44);
insert into instructor values('38953', 'Kiki', 'RR', 74947.02);
insert into instructor values('72501', 'Johan', 'KL', 100388.28);
insert into instructor values('69776', 'Johan', 'BN', 57883.08);
insert into instructor values('37785', 'Josu', 'ED', 105785.62);
insert into instructor values('36268', 'Yohan', 'MT', 56255.31);
insert into instructor values('42874', 'Adri', 'ED', 71776.14);
insert into instructor values('75201', 'Kiki', 'GT', 106390.09);
insert into instructor values('72621', 'Ahmad', 'GO', 68909.35);
insert into instructor values('4490', 'Josu', 'RR', 70528.82);
insert into instructor values('58469', 'Kiki', 'GT', 76200.46);
insert into instructor values('55358', 'Ande', 'GT', 29827.03);
insert into instructor values('37452', 'rahmat', 'MT', 116320.58);
insert into instructor values('41581', 'Josu', 'KL', 58946.99);
insert into instructor values('58792', 'Budi', 'GT', 104803.64);
insert into instructor values('75138', 'yuyun', 'RR', 102974.25);
insert into instructor values('28633', 'Johan', 'SS', 33658.96);
insert into instructor values('27807', 'Ahmad', 'HI', 58736.51);
insert into instructor values('72535', 'Johan', 'GO', 67688.37);
insert into instructor values('93285', 'Yohan', 'IF', 122075.59);
insert into instructor values('23061', 'Yohan', 'BN', 117842.03);
insert into instructor values('98348', 'Budi', 'IF', 100221.15);
insert into instructor values('79746', 'Ahmad', 'RR', 70107.11);
insert into instructor values('92996', 'Ande', 'SS', 104137.35);
insert into instructor values('90629', 'rahmat', 'GT', 90708.94);
insert into instructor values('83068', 'Johan', 'GO', 29561.26);
insert into instructor values('97918', 'rahmat', 'MT', 98813.96);
insert into instructor values('97305', 'rahmat', 'SS', 107424.71);
insert into instructor values('52586', 'Johan', 'HI', 96459.42);
insert into instructor values('24475', 'Yohan', 'HI', 54448.56);
insert into instructor values('91613', 'yuyun', 'GT', 72094.55);
insert into instructor values('66365', 'Josu', 'RR', 82921.39);
insert into instructor values('65894', 'yuyun', 'RR', 48903.40);
insert into instructor values('46324', 'Kiki', 'GO', 35021.99);
insert into instructor values('99472', 'Yohan', 'GO', 31989.43);
insert into instructor values('44621', 'Ande', 'GO', 91517.96);
insert into instructor values('12221', 'Yohan', 'KL', 119537.20);
insert into instructor values('85456', 'Ande', 'KL', 67270.00);
insert into instructor values('12523', 'Kiki', 'GT', 82226.82);
insert into section values('458', '1', 'Spring', 2007, 'H', '390', 'F');
insert into section values('758', '1', 'Fall', 2010, 'J', '447', 'P');
insert into section values('397', '1', 'Fall', 2006, 'H', '912', 'H');
insert into section values('950', '1', 'Spring', 2010, 'E', '516', 'G');
insert into section values('834', '1', 'Fall', 2004, 'E', '950', 'B');
insert into section values('527', '1', 'Fall', 2010, 'C', '985', 'N');
insert into section values('276', '1', 'Spring', 2002, 'E', '516', 'B');
insert into section values('819', '1', 'Spring', 2003, 'C', '985', 'N');
insert into section values('339', '1', 'Spring', 2004, 'D', '934', 'L');
insert into section values('175', '1', 'Spring', 2005, 'H', '390', 'J');
insert into section values('477', '1', 'Fall', 2003, 'B', '870', 'D');
insert into section values('849', '1', 'Fall', 2006, 'E', '516', 'P');
insert into section values('950', '2', 'Spring', 2008, 'H', '390', 'O');
insert into section values('270', '1', 'Spring', 2007, 'E', '516', 'D');
insert into section values('270', '2', 'Spring', 2002, 'H', '912', 'A');
insert into section values('148', '1', 'Fall', 2010, 'H', '578', 'D');
insert into section values('580', '1', 'Fall', 2005, 'D', '934', 'D');
insert into section values('734', '1', 'Fall', 2005, 'H', '390', 'E');
insert into section values('988', '1', 'Fall', 2002, 'H', '912', 'J');
insert into section values('684', '1', 'Fall', 2005, 'D', '934', 'I');
insert into section values('889', '1', 'Spring', 2001, 'C', '985', 'A');
insert into section values('803', '1', 'Fall', 2005, 'E', '950', 'I');
insert into section values('803', '2', 'Fall', 2003, 'B', '870', 'L');
insert into section values('274', '1', 'Spring', 2006, 'J', '447', 'N');
insert into section values('520', '1', 'Fall', 2007, 'E', '950', 'K');
insert into section values('420', '1', 'Spring', 2002, 'B', '870', 'M');
insert into section values('295', '1', 'Fall', 2010, 'C', '985', 'C');
insert into section values('978', '1', 'Spring', 2001, 'F', '606', 'C');
insert into section values('338', '1', 'Spring', 2002, 'H', '912', 'A');
insert into section values('381', '1', 'Spring', 2006, 'B', '870', 'K');
insert into section values('160', '1', 'Fall', 2001, 'H', '578', 'I');
insert into section values('269', '1', 'Fall', 2007, 'D', '934', 'F');
insert into section values('895', '1', 'Spring', 2001, 'H', '912', 'H');
insert into section values('980', '1', 'Spring', 2008, 'H', '390', 'D');
insert into section values('242', '1', 'Fall', 2004, 'F', '606', 'M');
insert into section values('269', '2', 'Spring', 2008, 'F', '606', 'A');
insert into section values('175', '2', 'Spring', 2006, 'D', '934', 'J');
insert into section values('728', '1', 'Fall', 2009, 'D', '934', 'G');
insert into section values('533', '1', 'Fall', 2003, 'E', '950', 'D');
insert into section values('636', '1', 'Fall', 2006, 'H', '578', 'H');
insert into section values('592', '1', 'Spring', 2009, 'D', '934', 'H');
insert into section values('618', '1', 'Fall', 2002, 'B', '870', 'I');
insert into section values('540', '1', 'Spring', 2004, 'B', '870', 'C');
insert into section values('907', '1', 'Fall', 2010, 'H', '578', 'B');
insert into section values('714', '1', 'Fall', 2009, 'H', '390', 'D');
insert into section values('293', '1', 'Fall', 2005, 'D', '934', 'B');
insert into section values('426', '1', 'Spring', 2003, 'B', '870', 'E');
insert into section values('676', '1', 'Fall', 2001, 'C', '985', 'K');
insert into section values('734', '2', 'Spring', 2003, 'C', '985', 'H');
insert into section values('906', '1', 'Fall', 2009, 'H', '578', 'M');
insert into section values('906', '2', 'Fall', 2007, 'B', '870', 'F');
insert into section values('245', '1', 'Spring', 2010, 'B', '870', 'L');
insert into section values('471', '1', 'Fall', 2002, 'H', '390', 'B');
insert into section values('967', '1', 'Spring', 2010, 'F', '606', 'M');
insert into section values('903', '1', 'Fall', 2006, 'F', '606', 'D');
insert into section values('533', '2', 'Spring', 2002, 'D', '934', 'M');
insert into section values('735', '1', 'Spring', 2006, 'F', '606', 'A');
insert into section values('553', '1', 'Spring', 2008, 'D', '934', 'G');
insert into section values('533', '3', 'Fall', 2002, 'E', '950', 'H');
insert into section values('551', '1', 'Fall', 2010, 'D', '934', 'J');
insert into section values('663', '1', 'Spring', 2009, 'D', '934', 'C');
insert into section values('426', '2', 'Spring', 2007, 'H', '390', 'B');
insert into section values('855', '1', 'Spring', 2004, 'E', '950', 'C');
insert into section values('592', '2', 'Spring', 2008, 'H', '390', 'K');
insert into section values('388', '1', 'Fall', 2010, 'H', '390', 'P');
insert into section values('581', '1', 'Fall', 2002, 'H', '390', 'G');
insert into section values('680', '1', 'Fall', 2003, 'E', '950', 'N');
insert into section values('479', '1', 'Fall', 2008, 'B', '870', 'E');
insert into section values('458', '2', 'Fall', 2008, 'H', '578', 'N');
insert into section values('458', '3', 'Fall', 2010, 'H', '578', 'N');
insert into section values('735', '2', 'Spring', 2008, 'H', '390', 'J');
insert into section values('728', '2', 'Spring', 2002, 'J', '447', 'B');
insert into section values('960', '1', 'Spring', 2003, 'B', '870', 'H');
insert into section values('420', '2', 'Fall', 2008, 'B', '870', 'J');
insert into section values('647', '1', 'Spring', 2005, 'E', '516', 'E');
insert into section values('936', '1', 'Fall', 2001, 'E', '516', 'N');
insert into section values('919', '1', 'Fall', 2004, 'B', '870', 'D');
insert into section values('596', '1', 'Fall', 2004, 'E', '950', 'L');
insert into section values('741', '1', 'Spring', 2005, 'E', '950', 'O');
insert into section values('191', '1', 'Spring', 2007, 'H', '912', 'D');
insert into section values('741', '2', 'Spring', 2002, 'H', '578', 'I');
insert into section values('572', '1', 'Spring', 2003, 'B', '870', 'C');
insert into section values('895', '2', 'Spring', 2010, 'F', '606', 'G');
insert into section values('864', '1', 'Spring', 2008, 'C', '985', 'N');
insert into section values('115', '1', 'Spring', 2003, 'H', '912', 'J');
insert into section values('211', '1', 'Spring', 2005, 'F', '606', 'M');
insert into section values('500', '1', 'Fall', 2008, 'E', '516', 'G');
insert into section values('680', '2', 'Fall', 2009, 'H', '390', 'O');
insert into section values('455', '1', 'Fall', 2008, 'F', '606', 'A');
insert into section values('245', '2', 'Spring', 2007, 'C', '985', 'I');
insert into section values('237', '1', 'Fall', 2006, 'E', '950', 'A');
insert into section values('776', '1', 'Spring', 2009, 'J', '447', 'I');
insert into section values('291', '1', 'Fall', 2001, 'C', '985', 'I');
insert into section values('616', '1', 'Fall', 2001, 'B', '870', 'D');
insert into section values('795', '1', 'Spring', 2009, 'E', '950', 'O');
insert into section values('903', '2', 'Fall', 2008, 'C', '985', 'D');
insert into section values('148', '2', 'Spring', 2005, 'E', '950', 'K');
insert into section values('707', '1', 'Fall', 2002, 'H', '390', 'I');
insert into section values('895', '3', 'Fall', 2008, 'F', '606', 'I');
insert into section values('533', '4', 'Fall', 2002, 'H', '912', 'F');
insert into section values('849', '2', 'Spring', 2009, 'H', '578', 'J');
insert into section values('242', '2', 'Spring', 2004, 'H', '578', 'G');
insert into section values('721', '1', 'Spring', 2003, 'H', '912', 'C');
insert into section values('918', '1', 'Fall', 2005, 'C', '985', 'E');
insert into section values('881', '1', 'Fall', 2008, 'J', '447', 'C');
insert into section values('904', '1', 'Fall', 2005, 'E', '516', 'C');
insert into section values('988', '2', 'Fall', 2007, 'B', '870', 'J');
insert into section values('707', '2', 'Spring', 2004, 'C', '985', 'D');
insert into section values('565', '1', 'Fall', 2001, 'J', '447', 'M');
insert into section values('712', '1', 'Spring', 2007, 'E', '516', 'A');
insert into section values('367', '1', 'Spring', 2008, 'H', '390', 'F');
insert into section values('281', '1', 'Fall', 2002, 'E', '950', 'J');
insert into section values('553', '2', 'Fall', 2002, 'H', '390', 'I');
insert into section values('930', '1', 'Fall', 2005, 'B', '870', 'C');
insert into section values('346', '1', 'Spring', 2010, 'B', '870', 'G');
insert into section values('980', '2', 'Fall', 2003, 'J', '447', 'N');
insert into section values('776', '2', 'Spring', 2002, 'F', '606', 'D');
insert into section values('236', '1', 'Fall', 2006, 'J', '447', 'N');
insert into section values('812', '1', 'Spring', 2010, 'C', '985', 'I');
insert into section values('973', '1', 'Spring', 2008, 'D', '934', 'I');
insert into section values('566', '1', 'Spring', 2003, 'H', '578', 'B');
insert into section values('494', '1', 'Fall', 2003, 'F', '606', 'G');
insert into section values('256', '1', 'Fall', 2005, 'B', '870', 'K');
insert into section values('643', '1', 'Spring', 2006, 'E', '950', 'B');
insert into section values('269', '3', 'Spring', 2009, 'H', '578', 'J');
insert into section values('633', '1', 'Fall', 2005, 'H', '390', 'M');
insert into section values('707', '3', 'Spring', 2008, 'J', '447', 'I');
insert into section values('939', '1', 'Spring', 2003, 'H', '390', 'P');
insert into section values('973', '2', 'Spring', 2010, 'F', '606', 'K');
insert into section values('511', '1', 'Spring', 2003, 'H', '390', 'D');
insert into section values('657', '1', 'Spring', 2010, 'D', '934', 'K');
insert into section values('855', '2', 'Fall', 2003, 'F', '606', 'H');
insert into section values('143', '1', 'Fall', 2008, 'E', '950', 'J');
insert into section values('735', '3', 'Spring', 2008, 'E', '516', 'N');
insert into section values('483', '1', 'Spring', 2003, 'D', '934', 'M');
insert into section values('311', '1', 'Fall', 2008, 'B', '870', 'H');
insert into section values('148', '3', 'Fall', 2010, 'J', '447', 'N');
insert into section values('310', '1', 'Spring', 2009, 'H', '390', 'J');
insert into section values('291', '2', 'Fall', 2007, 'E', '950', 'O');
insert into section values('776', '3', 'Fall', 2008, 'B', '870', 'H');
insert into section values('490', '1', 'Spring', 2007, 'E', '950', 'L');
insert into section values('341', '1', 'Fall', 2001, 'H', '578', 'G');
insert into section values('559', '1', 'Spring', 2005, 'H', '390', 'I');
insert into section values('728', '3', 'Fall', 2007, 'D', '934', 'P');
insert into section values('189', '1', 'Spring', 2009, 'D', '934', 'I');
insert into section values('520', '2', 'Spring', 2004, 'H', '390', 'D');
insert into section values('418', '1', 'Fall', 2003, 'D', '934', 'P');
insert into section values('531', '1', 'Fall', 2007, 'J', '447', 'D');
insert into section values('712', '2', 'Fall', 2003, 'H', '390', 'B');
insert into section values('592', '3', 'Fall', 2002, 'C', '985', 'H');
insert into section values('872', '1', 'Spring', 2002, 'F', '606', 'O');
insert into section values('486', '1', 'Fall', 2003, 'H', '390', 'I');
insert into section values('312', '1', 'Fall', 2010, 'B', '870', 'D');
insert into section values('812', '2', 'Spring', 2003, 'F', '606', 'G');
insert into section values('297', '1', 'Fall', 2010, 'D', '934', 'H');
insert into section values('640', '1', 'Fall', 2002, 'H', '912', 'P');
insert into section values('734', '3', 'Fall', 2005, 'C', '985', 'F');
insert into section values('936', '2', 'Spring', 2004, 'E', '516', 'N');
insert into section values('553', '3', 'Fall', 2005, 'E', '950', 'P');
insert into section values('572', '2', 'Fall', 2001, 'E', '950', 'M');
insert into section values('566', '2', 'Fall', 2008, 'D', '934', 'A');
insert into section values('559', '2', 'Fall', 2007, 'H', '912', 'N');
insert into section values('324', '1', 'Spring', 2007, 'E', '516', 'G');
insert into section values('577', '1', 'Fall', 2004, 'H', '912', 'K');
insert into section values('961', '1', 'Fall', 2001, 'D', '934', 'D');
insert into section values('663', '2', 'Spring', 2009, 'B', '870', 'N');
insert into section values('803', '3', 'Spring', 2009, 'E', '516', 'C');
insert into section values('651', '1', 'Spring', 2003, 'H', '912', 'O');
insert into section values('741', '3', 'Spring', 2010, 'E', '950', 'A');
insert into section values('834', '2', 'Fall', 2002, 'J', '447', 'L');
insert into section values('758', '2', 'Spring', 2004, 'D', '934', 'K');
insert into section values('864', '2', 'Spring', 2007, 'J', '447', 'L');
insert into section values('980', '3', 'Fall', 2005, 'J', '447', 'F');
insert into section values('160', '2', 'Fall', 2008, 'C', '985', 'J');
insert into section values('766', '1', 'Fall', 2005, 'C', '985', 'J');
insert into section values('245', '3', 'Fall', 2009, 'C', '985', 'P');
insert into section values('886', '1', 'Fall', 2008, 'H', '912', 'B');
insert into section values('189', '2', 'Fall', 2001, 'D', '934', 'P');
insert into section values('636', '2', 'Fall', 2010, 'H', '390', 'O');
insert into section values('872', '2', 'Fall', 2005, 'C', '985', 'E');
insert into section values('740', '1', 'Spring', 2002, 'E', '516', 'L');
insert into section values('115', '2', 'Fall', 2008, 'E', '950', 'D');
insert into section values('137', '1', 'Fall', 2009, 'H', '578', 'D');
insert into section values('868', '1', 'Spring', 2010, 'B', '870', 'D');
insert into section values('312', '2', 'Fall', 2006, 'H', '390', 'O');
insert into section values('115', '3', 'Spring', 2010, 'E', '516', 'N');
insert into section values('295', '2', 'Fall', 2006, 'C', '985', 'M');
insert into section values('175', '3', 'Spring', 2006, 'B', '870', 'O');
insert into section values('245', '4', 'Spring', 2005, 'D', '934', 'G');
insert into section values('734', '4', 'Spring', 2005, 'D', '934', 'F');
insert into section values('565', '2', 'Fall', 2005, 'C', '985', 'D');
insert into section values('164', '1', 'Spring', 2002, 'F', '606', 'J');
insert into section values('269', '4', 'Spring', 2003, 'H', '390', 'K');
insert into section values('707', '4', 'Fall', 2003, 'C', '985', 'A');
insert into section values('572', '3', 'Fall', 2008, 'H', '390', 'A');
insert into section values('781', '1', 'Spring', 2006, 'B', '870', 'A');
insert into section values('500', '2', 'Spring', 2010, 'J', '447', 'A');
insert into section values('650', '1', 'Spring', 2003, 'E', '950', 'C');
insert into section values('596', '2', 'Fall', 2001, 'F', '606', 'P');
insert into section values('643', '2', 'Spring', 2002, 'E', '950', 'N');
insert into teaches values('69776', '281', '1', 'Fall', 2002);
insert into teaches values('95534', '565', '1', 'Fall', 2001);
insert into teaches values('42874', '592', '2', 'Spring', 2008);
insert into teaches values('85456', '551', '1', 'Fall', 2010);
insert into teaches values('12221', '936', '2', 'Spring', 2004);
insert into teaches values('23061', '919', '1', 'Fall', 2004);
insert into teaches values('92996', '903', '2', 'Fall', 2008);
insert into teaches values('44621', '647', '1', 'Spring', 2005);
insert into teaches values('27807', '291', '1', 'Fall', 2001);
insert into teaches values('24475', '643', '2', 'Spring', 2002);
insert into teaches values('12221', '758', '1', 'Fall', 2010);
insert into teaches values('52586', '895', '1', 'Spring', 2001);
insert into teaches values('12523', '636', '1', 'Fall', 2006);
insert into teaches values('65894', '245', '1', 'Spring', 2010);
insert into teaches values('24475', '426', '1', 'Spring', 2003);
insert into teaches values('65894', '245', '2', 'Spring', 2007);
insert into teaches values('12523', '596', '2', 'Fall', 2001);
insert into teaches values('93285', '735', '3', 'Spring', 2008);
insert into teaches values('85456', '707', '1', 'Fall', 2002);
insert into teaches values('97305', '906', '2', 'Fall', 2007);
insert into teaches values('85456', '707', '2', 'Spring', 2004);
insert into teaches values('65894', '803', '3', 'Spring', 2009);
insert into teaches values('44621', '295', '2', 'Fall', 2006);
insert into teaches values('12523', '636', '2', 'Fall', 2010);
insert into teaches values('98348', '511', '1', 'Spring', 2003);
insert into teaches values('24475', '148', '2', 'Spring', 2005);
insert into teaches values('23061', '164', '1', 'Spring', 2002);
insert into teaches values('12523', '533', '4', 'Fall', 2002);
insert into teaches values('65894', '175', '1', 'Spring', 2005);
insert into teaches values('24475', '236', '1', 'Fall', 2006);
insert into teaches values('27807', '712', '2', 'Fall', 2003);
insert into teaches values('37452', '115', '3', 'Spring', 2010);
insert into teaches values('97305', '458', '3', 'Fall', 2010);
insert into teaches values('85456', '707', '4', 'Fall', 2003);
insert into teaches values('37785', '592', '3', 'Fall', 2002);
insert into teaches values('99472', '740', '1', 'Spring', 2002);
insert into teaches values('23061', '341', '1', 'Fall', 2001);
insert into teaches values('23061', '540', '1', 'Spring', 2004);
insert into teaches values('85456', '980', '1', 'Spring', 2008);
insert into teaches values('91613', '293', '1', 'Fall', 2005);
insert into teaches values('42874', '657', '1', 'Spring', 2010);
insert into teaches values('23061', '864', '1', 'Spring', 2008);
insert into teaches values('65894', '855', '2', 'Fall', 2003);
insert into teaches values('24475', '895', '3', 'Fall', 2008);
insert into teaches values('42874', '907', '1', 'Fall', 2010);
insert into teaches values('93285', '650', '1', 'Spring', 2003);
insert into teaches values('44621', '734', '2', 'Spring', 2003);
insert into teaches values('97918', '418', '1', 'Fall', 2003);
insert into teaches values('12523', '533', '3', 'Fall', 2002);
insert into teaches values('44621', '581', '1', 'Fall', 2002);
insert into teaches values('42874', '580', '1', 'Fall', 2005);
insert into teaches values('66365', '684', '1', 'Fall', 2005);
insert into teaches values('85456', '973', '1', 'Spring', 2008);
insert into teaches values('65894', '663', '2', 'Spring', 2009);
insert into teaches values('97305', '458', '2', 'Fall', 2008);
insert into teaches values('92996', '741', '2', 'Spring', 2002);
insert into teaches values('28633', '490', '1', 'Spring', 2007);
insert into teaches values('12523', '420', '2', 'Fall', 2008);
insert into teaches values('97918', '115', '1', 'Spring', 2003);
insert into teaches values('85456', '269', '2', 'Spring', 2008);
insert into teaches values('97305', '906', '1', 'Fall', 2009);
insert into teaches values('42874', '967', '1', 'Spring', 2010);
insert into teaches values('97305', '477', '1', 'Fall', 2003);
insert into teaches values('90629', '721', '1', 'Spring', 2003);
insert into teaches values('85456', '707', '3', 'Spring', 2008);
insert into teaches values('97305', '270', '1', 'Spring', 2007);
insert into teaches values('85456', '936', '1', 'Fall', 2001);
insert into teaches values('99472', '297', '1', 'Fall', 2010);
insert into teaches values('23061', '633', '1', 'Fall', 2005);
insert into teaches values('97305', '520', '2', 'Spring', 2004);
insert into teaches values('93285', '735', '1', 'Spring', 2006);
insert into teaches values('98348', '338', '1', 'Spring', 2002);
insert into teaches values('65894', '175', '3', 'Spring', 2006);
insert into teaches values('37452', '531', '1', 'Fall', 2007);
insert into teaches values('65894', '803', '2', 'Fall', 2003);
insert into teaches values('46324', '312', '2', 'Fall', 2006);
insert into teaches values('37785', '553', '3', 'Fall', 2005);
insert into teaches values('85456', '758', '2', 'Spring', 2004);
insert into teaches values('97918', '819', '1', 'Spring', 2003);
insert into teaches values('23061', '864', '2', 'Spring', 2007);
insert into teaches values('37785', '616', '1', 'Fall', 2001);
insert into teaches values('24475', '680', '1', 'Fall', 2003);
insert into teaches values('23061', '849', '2', 'Spring', 2009);
insert into teaches values('65894', '803', '1', 'Fall', 2005);
insert into teaches values('66365', '812', '1', 'Spring', 2010);
insert into teaches values('23061', '776', '2', 'Spring', 2002);
insert into teaches values('98348', '930', '1', 'Fall', 2005);
insert into teaches values('98348', '651', '1', 'Spring', 2003);
insert into teaches values('23061', '500', '1', 'Fall', 2008);
insert into teaches values('24475', '961', '1', 'Fall', 2001);
insert into teaches values('97305', '479', '1', 'Fall', 2008);
insert into teaches values('28633', '274', '1', 'Spring', 2006);
insert into teaches values('66365', '245', '3', 'Fall', 2009);
insert into teaches values('97305', '367', '1', 'Spring', 2008);
insert into teaches values('24475', '643', '1', 'Spring', 2006);
insert into teaches values('24475', '426', '2', 'Spring', 2007);
insert into teaches values('12523', '420', '1', 'Spring', 2002);
insert into teaches values('24475', '310', '1', 'Spring', 2009);
insert into teaches values('23061', '397', '1', 'Fall', 2006);
insert into teaches values('44621', '728', '1', 'Fall', 2009);
insert into student values('32483', 'Budi', 'ED', 27);
insert into student values('79039', 'Ahmad', 'SS', 9);
insert into student values('10310', 'Johan', 'BN', 31);
insert into student values('31234', 'Johan', 'KL', 40);
insert into student values('35724', 'Ande', 'ED', 0);
insert into student values('34079', 'Ahmad', 'IF', 50);
insert into student values('48809', 'Adri', 'MT', 28);
insert into student values('87707', 'Johan', 'KL', 5);
insert into student values('9663', 'Budi', 'BN', 12);
insert into student values('73224', 'Ahmad', 'RR', 11);
insert into student values('78181', 'Johan', 'SS', 76);
insert into student values('88208', 'rahmat', 'SS', 74);
insert into student values('33571', 'Adri', 'ED', 118);
insert into student values('33194', 'Ahmad', 'HI', 116);
insert into student values('1587', 'rahmat', 'ED', 62);
insert into student values('1218', 'Josu', 'IF', 91);
insert into student values('63937', 'Adri', 'GO', 84);
insert into student values('41749', 'Adri', 'GO', 123);
insert into student values('94092', 'Adri', 'IF', 35);
insert into student values('53938', 'Ahmad', 'IF', 128);
insert into student values('92962', 'Adri', 'ED', 94);
insert into student values('94233', 'Ahmad', 'HI', 8);
insert into student values('72839', 'rahmat', 'GT', 93);
insert into student values('11743', 'Johan', 'KL', 71);
insert into student values('25198', 'Yohan', 'GT', 34);
insert into student values('70696', 'yuyun', 'HI', 74);
insert into student values('87421', 'Ahmad', 'MT', 34);
insert into student values('3787', 'Ahmad', 'HI', 113);
insert into student values('54221', 'Johan', 'SS', 52);
insert into student values('89425', 'Ahmad', 'IF', 19);
insert into student values('62248', 'yuyun', 'SS', 68);
insert into student values('69430', 'Kiki', 'MT', 12);
insert into student values('82697', 'Josu', 'MT', 28);
insert into student values('52966', 'Johan', 'RR', 72);
insert into student values('9983', 'Josu', 'BN', 105);
insert into student values('39040', 'Kiki', 'MT', 95);
insert into student values('66153', 'rahmat', 'BN', 72);
insert into student values('2262', 'Johan', 'GT', 0);
insert into student values('85914', 'rahmat', 'KL', 124);
insert into student values('61899', 'Yohan', 'MT', 87);
insert into student values('80118', 'rahmat', 'GO', 0);
insert into student values('42227', 'Ahmad', 'GO', 78);
insert into student values('64275', 'Budi', 'HI', 24);
insert into student values('36566', 'Budi', 'ED', 20);
insert into student values('78041', 'Josu', 'SS', 100);
insert into student values('18220', 'Yohan', 'GO', 127);
insert into student values('33730', 'Ande', 'MT', 63);
insert into student values('83809', 'Budi', 'IF', 123);
insert into student values('23610', 'Johan', 'GT', 41);
insert into student values('61138', 'yuyun', 'ED', 47);
insert into student values('43679', 'Yohan', 'RR', 88);
insert into student values('6446', 'Budi', 'MT', 91);
insert into student values('64577', 'Adri', 'GO', 103);
insert into student values('71478', 'Budi', 'BN', 42);
insert into student values('64322', 'Ande', 'ED', 70);
insert into student values('1662', 'Adri', 'BN', 85);
insert into student values('60951', 'Kiki', 'HI', 119);
insert into student values('56617', 'Ahmad', 'HI', 18);
insert into student values('97478', 'Budi', 'SS', 17);
insert into student values('97519', 'Adri', 'RR', 123);
insert into student values('76485', 'Kiki', 'GO', 93);
insert into student values('76890', 'Yohan', 'KL', 86);
insert into student values('57377', 'Yohan', 'RR', 91);
insert into student values('51876', 'Ande', 'IF', 125);
insert into student values('53555', 'Kiki', 'SS', 4);
insert into student values('60314', 'Ande', 'HI', 102);
insert into student values('56876', 'rahmat', 'RR', 65);
insert into student values('59932', 'Kiki', 'KL', 110);
insert into student values('22186', 'Budi', 'BN', 20);
insert into student values('36186', 'Kiki', 'GO', 11);
insert into student values('50688', 'yuyun', 'BN', 52);
insert into student values('35991', 'Johan', 'IF', 2);
insert into student values('37842', 'Yohan', 'BN', 92);
insert into student values('45194', 'Kiki', 'RR', 51);
insert into student values('36789', 'Yohan', 'IF', 31);
insert into student values('55608', 'Yohan', 'MT', 20);
insert into student values('58803', 'Adri', 'GO', 74);
insert into student values('64027', 'Josu', 'RR', 11);
insert into student values('56613', 'Adri', 'KL', 46);
insert into student values('93', 'yuyun', 'BN', 21);
insert into student values('97686', 'yuyun', 'RR', 95);
insert into student values('69084', 'Johan', 'SS', 56);
insert into student values('518', 'Yohan', 'MT', 75);
insert into student values('43976', 'yuyun', 'IF', 2);
insert into student values('99748', 'Ande', 'ED', 27);
insert into student values('86400', 'Adri', 'SS', 50);
insert into student values('59475', 'yuyun', 'IF', 73);
insert into student values('25816', 'Johan', 'SS', 52);
insert into student values('24357', 'Ahmad', 'KL', 51);
insert into student values('32566', 'yuyun', 'RR', 70);
insert into student values('94530', 'rahmat', 'BN', 75);
insert into student values('46416', 'Budi', 'BN', 110);
insert into student values('60578', 'Johan', 'SS', 61);
insert into student values('42510', 'Ahmad', 'BN', 47);
insert into student values('10606', 'rahmat', 'IF', 115);
insert into student values('74766', 'Budi', 'RR', 52);
insert into student values('87523', 'Ande', 'GT', 117);
insert into student values('58426', 'rahmat', 'SS', 80);
insert into student values('68142', 'Budi', 'ED', 29);
insert into student values('4211', 'Ande', 'GO', 32);
insert into takes values('32483', '728', '1', 'Fall', 2009, 'A ');
insert into takes values('1587', '269', '4', 'Spring', 2003, 'C+');
insert into takes values('64275', '728', '1', 'Fall', 2009, 'C+');
insert into takes values('89425', '211', '1', 'Spring', 2005, 'B ');
insert into takes values('64275', '895', '1', 'Spring', 2001, 'A-');
insert into takes values('33194', '707', '1', 'Fall', 2002, 'B+');
insert into takes values('9663', '339', '1', 'Spring', 2004, 'C-');
insert into takes values('1218', '293', '1', 'Fall', 2005, 'C ');
insert into takes values('10310', '766', '1', 'Fall', 2005, 'B ');
insert into takes values('10606', '734', '4', 'Spring', 2005, 'A-');
insert into takes values('37842', '494', '1', 'Fall', 2003, 'A+');
insert into takes values('42510', '741', '2', 'Spring', 2002, 'B+');
insert into takes values('58803', '553', '3', 'Fall', 2005, 'B-');
insert into takes values('1218', '663', '1', 'Spring', 2009, 'C ');
insert into takes values('33730', '486', '1', 'Fall', 2003, 'C ');
insert into takes values('59475', '950', '2', 'Spring', 2008, 'C-');
insert into takes values('9663', '565', '2', 'Fall', 2005, 'A-');
insert into takes values('94530', '551', '1', 'Fall', 2010, 'B ');
insert into takes values('88208', '734', '1', 'Fall', 2005, 'A+');
insert into takes values('9663', '881', '1', 'Fall', 2008, 'B+');
insert into takes values('80118', '980', '3', 'Fall', 2005, 'A ');
insert into takes values('63937', '680', '1', 'Fall', 2003, 'C+');
insert into takes values('54221', '950', '2', 'Spring', 2008, 'C ');
insert into takes values('45194', '245', '1', 'Spring', 2010, 'A+');
insert into takes values('43976', '960', '1', 'Spring', 2003, 'A ');
insert into takes values('64577', '592', '2', 'Spring', 2008, 'A ');
insert into takes values('35724', '741', '2', 'Spring', 2002, 'C+');
insert into takes values('87523', '855', '2', 'Fall', 2003, 'A+');
insert into takes values('94092', '148', '2', 'Spring', 2005, 'B ');
insert into takes values('25816', '960', '1', 'Spring', 2003, 'B+');
insert into takes values('58803', '643', '1', 'Spring', 2006, 'A+');
insert into takes values('69430', '148', '1', 'Fall', 2010, 'B-');
insert into takes values('57377', '906', '1', 'Fall', 2009, 'C+');
insert into takes values('57377', '961', '1', 'Fall', 2001, 'B-');
insert into takes values('42510', '864', '2', 'Spring', 2007, 'A-');
insert into takes values('62248', '889', '1', 'Spring', 2001, 'B+');
insert into takes values('3787', '980', '3', 'Fall', 2005, 'C-');
insert into takes values('33194', '618', '1', 'Fall', 2002, 'A-');
insert into takes values('54221', '281', '1', 'Fall', 2002, 'A-');
insert into takes values('9983', '237', '1', 'Fall', 2006, 'A+');
insert into takes values('18220', '160', '2', 'Fall', 2008, 'A-');
insert into takes values('89425', '734', '4', 'Spring', 2005, 'A-');
insert into takes values('33571', '903', '1', 'Fall', 2006, 'A ');
insert into takes values('94530', '868', '1', 'Spring', 2010, 'C+');
insert into takes values('56613', '950', '2', 'Spring', 2008, 'C+');
insert into takes values('64275', '734', '2', 'Spring', 2003, 'C+');
insert into takes values('31234', '728', '1', 'Fall', 2009, 'B+');
insert into takes values('35724', '295', '2', 'Fall', 2006, 'C-');
insert into takes values('56617', '973', '2', 'Spring', 2010, 'A-');
insert into takes values('42510', '312', '2', 'Fall', 2006, 'A ');
insert into takes values('58426', '500', '2', 'Spring', 2010, 'A ');
insert into takes values('54221', '980', '1', 'Spring', 2008, 'C ');
insert into takes values('1662', '721', '1', 'Spring', 2003, 'C-');
insert into takes values('50688', '781', '1', 'Spring', 2006, 'A ');
insert into takes values('69084', '812', '2', 'Spring', 2003, 'A+');
insert into takes values('57377', '237', '1', 'Fall', 2006, 'B-');
insert into takes values('37842', '426', '2', 'Spring', 2007, 'B ');
insert into takes values('57377', '458', '1', 'Spring', 2007, 'C ');
insert into takes values('50688', '295', '1', 'Fall', 2010, 'C+');
insert into takes values('25816', '740', '1', 'Spring', 2002, 'A+');
insert into takes values('9983', '776', '3', 'Fall', 2008, 'C-');
insert into takes values('33571', '766', '1', 'Fall', 2005, 'C+');
insert into takes values('61899', '803', '2', 'Fall', 2003, 'A-');
insert into takes values('97686', '160', '1', 'Fall', 2001, 'B-');
insert into takes values('34079', '189', '1', 'Spring', 2009, 'B ');
insert into takes values('6446', '636', '2', 'Fall', 2010, 'C ');
insert into takes values('60314', '907', '1', 'Fall', 2010, 'C ');
insert into takes values('94233', '707', '3', 'Spring', 2008, 'A+');
insert into takes values('53555', '297', '1', 'Fall', 2010, 'A-');
insert into takes values('43679', '936', '1', 'Fall', 2001, 'C ');
insert into takes values('35724', '834', '2', 'Fall', 2002, 'C ');
insert into takes values('43679', '418', '1', 'Fall', 2003, 'A-');
insert into takes values('36186', '819', '1', 'Spring', 2003, 'B+');
insert into takes values('73224', '566', '2', 'Fall', 2008, 'C-');
insert into takes values('69084', '596', '1', 'Fall', 2004, 'B+');
insert into takes values('35724', '477', '1', 'Fall', 2003, 'B ');
insert into takes values('60578', '458', '3', 'Fall', 2010, 'B+');
insert into takes values('64322', '651', '1', 'Spring', 2003, 'A ');
insert into takes values('23610', '633', '1', 'Fall', 2005, 'C+');
insert into takes values('1218', '980', '2', 'Fall', 2003, 'C+');
insert into takes values('33730', '175', '2', 'Spring', 2006, 'A-');
insert into takes values('87523', '339', '1', 'Spring', 2004, 'B ');
insert into takes values('57377', '295', '1', 'Fall', 2010, 'C+');
insert into takes values('23610', '115', '1', 'Spring', 2003, 'C-');
insert into takes values('43679', '707', '4', 'Fall', 2003, 'C-');
insert into takes values('56617', '572', '2', 'Fall', 2001, 'C ');
insert into takes values('58803', '973', '2', 'Spring', 2010, 'A ');
insert into takes values('25198', '776', '3', 'Fall', 2008, 'B ');
insert into takes values('518', '663', '1', 'Spring', 2009, 'C+');
insert into takes values('87523', '712', '2', 'Fall', 2003, 'A+');
insert into takes values('79039', '812', '1', 'Spring', 2010, 'A-');
insert into takes values('55608', '566', '2', 'Fall', 2008, 'C ');
insert into takes values('83809', '477', '1', 'Fall', 2003, 'A+');
insert into takes values('9983', '707', '3', 'Spring', 2008, 'A-');
insert into takes values('36789', '531', '1', 'Fall', 2007, 'C ');
insert into takes values('94233', '148', '2', 'Spring', 2005, 'C-');
insert into takes values('99748', '297', '1', 'Fall', 2010, 'C+');
insert into takes values('82697', '988', '1', 'Fall', 2002, 'B ');
insert into takes values('61138', '276', '1', 'Spring', 2002, 'A ');
insert into takes values('93', '256', '1', 'Fall', 2005, 'B+');
insert into takes values('43679', '781', '1', 'Spring', 2006, 'C-');
insert into takes values('61899', '148', '3', 'Fall', 2010, 'A-');
insert into takes values('58803', '270', '1', 'Spring', 2007, 'A+');
insert into takes values('59475', '650', '1', 'Spring', 2003, 'B ');
insert into takes values('42510', '479', '1', 'Fall', 2008, 'C-');
insert into takes values('50688', '341', '1', 'Fall', 2001, 'B ');
insert into takes values('56613', '903', '1', 'Fall', 2006, 'B ');
insert into takes values('42510', '245', '3', 'Fall', 2009, 'C ');
insert into takes values('25816', '420', '2', 'Fall', 2008, 'A ');
insert into takes values('43679', '572', '1', 'Spring', 2003, 'B+');
insert into takes values('518', '269', '4', 'Spring', 2003, 'C+');
insert into takes values('68142', '559', '1', 'Spring', 2005, 'C ');
insert into takes values('3787', '175', '3', 'Spring', 2006, 'A-');
insert into takes values('63937', '397', '1', 'Fall', 2006, 'C ');
insert into takes values('37842', '895', '2', 'Spring', 2010, 'B-');
insert into takes values('73224', '245', '2', 'Spring', 2007, 'B-');
insert into takes values('9983', '592', '2', 'Spring', 2008, 'B+');
insert into takes values('9663', '242', '2', 'Spring', 2004, 'C ');
insert into takes values('9983', '707', '4', 'Fall', 2003, 'A-');
insert into takes values('4211', '643', '2', 'Spring', 2002, 'C-');
insert into takes values('41749', '650', '1', 'Spring', 2003, 'C-');
insert into takes values('1218', '531', '1', 'Fall', 2007, 'B+');
insert into takes values('32483', '270', '1', 'Spring', 2007, 'B-');
insert into takes values('4211', '795', '1', 'Spring', 2009, 'B-');
insert into takes values('82697', '577', '1', 'Fall', 2004, 'C-');
insert into takes values('42227', '420', '1', 'Spring', 2002, 'A ');
insert into takes values('57377', '864', '1', 'Spring', 2008, 'A ');
insert into takes values('39040', '211', '1', 'Spring', 2005, 'B+');
insert into takes values('46416', '903', '1', 'Fall', 2006, 'A+');
insert into takes values('518', '650', '1', 'Spring', 2003, 'C ');
insert into takes values('69084', '490', '1', 'Spring', 2007, 'C ');
insert into takes values('56876', '494', '1', 'Fall', 2003, 'B+');
insert into takes values('92962', '276', '1', 'Spring', 2002, 'C ');
insert into takes values('9663', '486', '1', 'Fall', 2003, 'B+');
insert into takes values('69084', '338', '1', 'Spring', 2002, 'A+');
insert into takes values('36566', '988', '2', 'Fall', 2007, 'B ');
insert into takes values('10310', '540', '1', 'Spring', 2004, 'B-');
insert into takes values('46416', '211', '1', 'Spring', 2005, 'B ');
insert into takes values('53555', '295', '1', 'Fall', 2010, 'B-');
insert into takes values('24357', '160', '1', 'Fall', 2001, 'A ');
insert into takes values('78181', '269', '1', 'Fall', 2007, 'C-');
insert into takes values('69430', '616', '1', 'Fall', 2001, 'B-');
insert into takes values('23610', '341', '1', 'Fall', 2001, 'B ');
insert into takes values('94092', '565', '1', 'Fall', 2001, 'A-');
insert into takes values('45194', '490', '1', 'Spring', 2007, 'C+');
insert into takes values('66153', '707', '3', 'Spring', 2008, 'B ');
insert into takes values('518', '572', '3', 'Fall', 2008, 'B ');
insert into takes values('34079', '735', '2', 'Spring', 2008, 'C ');
insert into takes values('42510', '143', '1', 'Fall', 2008, 'B-');
insert into takes values('87523', '819', '1', 'Spring', 2003, 'B+');
insert into takes values('76890', '895', '3', 'Fall', 2008, 'A ');
insert into takes values('60951', '483', '1', 'Spring', 2003, 'C-');
insert into takes values('94092', '572', '2', 'Fall', 2001, 'B ');
insert into takes values('24357', '175', '2', 'Spring', 2006, 'A+');
insert into takes values('68142', '581', '1', 'Fall', 2002, 'A+');
insert into takes values('70696', '572', '3', 'Fall', 2008, 'C ');
insert into takes values('94092', '728', '2', 'Spring', 2002, 'A+');
insert into takes values('55608', '651', '1', 'Spring', 2003, 'C ');
insert into takes values('58426', '297', '1', 'Fall', 2010, 'B+');
insert into takes values('58803', '643', '2', 'Spring', 2002, 'C ');
insert into takes values('72839', '160', '1', 'Fall', 2001, 'C-');
insert into takes values('36789', '479', '1', 'Fall', 2008, 'C ');
insert into takes values('73224', '651', '1', 'Spring', 2003, 'C-');
insert into takes values('45194', '663', '2', 'Spring', 2009, 'A ');
insert into takes values('56613', '553', '3', 'Fall', 2005, 'B+');
insert into takes values('48809', '540', '1', 'Spring', 2004, 'C-');
insert into takes values('64027', '712', '2', 'Fall', 2003, 'C ');
insert into takes values('87523', '458', '1', 'Spring', 2007, 'A ');
insert into takes values('11743', '864', '2', 'Spring', 2007, 'C+');
insert into takes values('97519', '311', '1', 'Fall', 2008, 'C-');
insert into takes values('4211', '297', '1', 'Fall', 2010, 'B+');
insert into takes values('1218', '906', '2', 'Fall', 2007, 'B-');
insert into takes values('48809', '680', '2', 'Fall', 2009, 'B ');
insert into takes values('71478', '115', '1', 'Spring', 2003, 'C-');
insert into takes values('36186', '714', '1', 'Fall', 2009, 'B+');
insert into takes values('518', '728', '1', 'Fall', 2009, 'B+');
insert into takes values('85914', '712', '2', 'Fall', 2003, 'C+');
insert into takes values('2262', '426', '2', 'Spring', 2007, 'B-');
insert into takes values('4211', '663', '1', 'Spring', 2009, 'A-');
insert into takes values('82697', '936', '2', 'Spring', 2004, 'C ');
insert into takes values('76890', '291', '1', 'Fall', 2001, 'C+');
insert into takes values('92962', '636', '2', 'Fall', 2010, 'A-');
insert into takes values('78181', '721', '1', 'Spring', 2003, 'B+');
insert into takes values('58803', '978', '1', 'Spring', 2001, 'A-');
insert into takes values('43976', '643', '1', 'Spring', 2006, 'B-');
insert into takes values('64027', '741', '3', 'Spring', 2010, 'B+');
insert into takes values('59475', '295', '1', 'Fall', 2010, 'A ');
insert into takes values('69084', '864', '1', 'Spring', 2008, 'C-');
insert into takes values('33571', '175', '3', 'Spring', 2006, 'C-');
insert into takes values('83809', '741', '2', 'Spring', 2002, 'C-');
insert into takes values('6446', '381', '1', 'Spring', 2006, 'A-');
insert into takes values('32483', '367', '1', 'Spring', 2008, 'C-');
insert into takes values('71478', '650', '1', 'Spring', 2003, 'C ');
insert into takes values('22186', '734', '4', 'Spring', 2005, 'C-');
insert into takes values('39040', '494', '1', 'Fall', 2003, 'B ');
insert into takes values('32483', '680', '2', 'Fall', 2009, 'C+');
insert into takes values('53938', '707', '3', 'Spring', 2008, 'C+');
insert into takes values('32566', '758', '1', 'Fall', 2010, 'A ');
insert into takes values('58426', '651', '1', 'Spring', 2003, 'A-');
insert into takes values('78041', '312', '1', 'Fall', 2010, 'C-');
insert into advisor values('32483', '94634');
insert into advisor values('79039', '72535');
insert into advisor values('10310', '4490');
insert into advisor values('31234', '57711');
insert into advisor values('35724', '4490');
insert into advisor values('34079', '28633');
insert into advisor values('48809', '27807');
insert into advisor values('87707', '42874');
insert into advisor values('9663', '65894');
insert into advisor values('73224', '38505');
insert into advisor values('78181', '4490');
insert into advisor values('88208', '36268');
insert into advisor values('33571', '37785');
insert into advisor values('33194', '8643');
insert into advisor values('1587', '92996');
insert into advisor values('1218', '30291');
insert into advisor values('63937', '38505');
insert into advisor values('41749', '83068');
insert into advisor values('94092', '95534');
insert into advisor values('53938', '89520');
insert into advisor values('92962', '36268');
insert into advisor values('94233', '52586');
insert into advisor values('72839', '46324');
insert into advisor values('11743', '12221');
insert into advisor values('25198', '38953');
insert into advisor values('70696', '96760');
insert into advisor values('87421', '41581');
insert into advisor values('3787', '12221');
insert into advisor values('54221', '27807');
insert into advisor values('89425', '98348');
insert into advisor values('62248', '46324');
insert into advisor values('69430', '93285');
insert into advisor values('82697', '75910');
insert into advisor values('52966', '94634');
insert into advisor values('9983', '69776');
insert into advisor values('39040', '57711');
insert into advisor values('66153', '65894');
insert into advisor values('2262', '36268');
insert into advisor values('85914', '38953');
insert into advisor values('61899', '30291');
insert into advisor values('80118', '37452');
insert into advisor values('42227', '79746');
insert into advisor values('64275', '94634');
insert into advisor values('36566', '99472');
insert into advisor values('78041', '99472');
insert into advisor values('18220', '75201');
insert into advisor values('33730', '94634');
insert into advisor values('83809', '97918');
insert into advisor values('23610', '66365');
insert into advisor values('61138', '28633');
insert into advisor values('43679', '38505');
insert into advisor values('6446', '37785');
insert into advisor values('64577', '38505');
insert into advisor values('71478', '65894');
insert into advisor values('64322', '33043');
insert into advisor values('1662', '75138');
insert into advisor values('60951', '72501');
insert into advisor values('56617', '69776');
insert into advisor values('97478', '99472');
insert into advisor values('97519', '66365');
insert into advisor values('76485', '57711');
insert into advisor values('76890', '37785');
insert into advisor values('57377', '31861');
insert into advisor values('51876', '23061');
insert into advisor values('53555', '37785');
insert into advisor values('60314', '85456');
insert into advisor values('56876', '24475');
insert into advisor values('59932', '28633');
insert into advisor values('22186', '28633');
insert into advisor values('36186', '90629');
insert into advisor values('50688', '72535');
insert into advisor values('35991', '75201');
insert into advisor values('37842', '38953');
insert into advisor values('45194', '58792');
insert into advisor values('36789', '44621');
insert into advisor values('55608', '37452');
insert into advisor values('58803', '97918');
insert into advisor values('64027', '24475');
insert into advisor values('56613', '75910');
insert into advisor values('93', '31861');
insert into advisor values('97686', '79746');
insert into advisor values('69084', '97918');
insert into advisor values('518', '37785');
insert into advisor values('43976', '38953');
insert into advisor values('99748', '41581');
insert into advisor values('86400', '4490');
insert into advisor values('59475', '65894');
insert into advisor values('25816', '24475');
insert into advisor values('24357', '98348');
insert into advisor values('32566', '8643');
insert into advisor values('94530', '65894');
insert into advisor values('46416', '28633');
insert into advisor values('60578', '57711');
insert into advisor values('42510', '90629');
insert into advisor values('10606', '90629');
insert into advisor values('74766', '96760');
insert into advisor values('87523', '65894');
insert into advisor values('58426', '85456');
insert into advisor values('68142', '23061');
insert into advisor values('4211', '55358');
insert into prereq values('781', '577');
insert into prereq values('506', '326');
insert into prereq values('388', '643');
insert into prereq values('881', '521');
insert into prereq values('511', '633');
insert into prereq values('540', '740');
insert into prereq values('176', '795');
insert into prereq values('276', '968');
insert into prereq values('103', '483');
insert into prereq values('127', '483');
insert into prereq values('734', '894');
insert into prereq values('521', '954');
insert into prereq values('640', '677');
insert into prereq values('918', '693');
insert into prereq values('148', '813');
insert into prereq values('721', '234');
insert into prereq values('746', '233');
insert into prereq values('139', '651');
insert into prereq values('397', '250');
insert into prereq values('616', '834');
insert into prereq values('340', '139');
insert into prereq values('657', '101');
insert into prereq values('728', '795');
insert into prereq values('904', '643');
insert into prereq values('778', '776');
insert into prereq values('500', '340');
insert into prereq values('191', '533');
insert into prereq values('233', '887');
insert into prereq values('527', '949');
insert into prereq values('994', '397');
insert into prereq values('245', '640');
insert into prereq values('107', '420');
insert into prereq values('338', '274');
insert into prereq values('616', '191');
insert into prereq values('978', '241');
insert into prereq values('474', '441');
insert into prereq values('477', '619');
insert into prereq values('291', '907');
insert into prereq values('936', '502');
insert into prereq values('663', '852');
insert into prereq values('766', '477');
insert into prereq values('175', '633');
insert into prereq values('270', '511');
insert into prereq values('339', '881');
insert into prereq values('494', '245');
insert into prereq values('741', '572');
insert into prereq values('397', '988');
insert into prereq values('906', '491');
insert into prereq values('889', '707');
insert into prereq values('531', '553');
insert into prereq values('734', '813');
insert into prereq values('680', '557');
insert into prereq values('531', '367');
insert into prereq values('310', '712');
insert into prereq values('367', '746');
insert into prereq values('148', '236');
insert into prereq values('485', '746');
insert into prereq values('768', '521');
insert into prereq values('143', '559');
insert into prereq values('864', '768');
insert into prereq values('230', '490');
insert into prereq values('367', '650');
insert into prereq values('250', '640');
insert into prereq values('708', '931');
insert into prereq values('766', '795');
insert into prereq values('677', '747');
insert into prereq values('291', '293');
insert into prereq values('967', '310');
insert into prereq values('619', '765');
insert into prereq values('616', '758');
insert into prereq values('849', '907');
insert into prereq values('729', '886');
insert into prereq values('664', '684');
insert into prereq values('596', '918');
insert into prereq values('553', '352');
insert into prereq values('507', '367');
insert into prereq values('483', '491');
insert into prereq values('973', '346');
insert into prereq values('980', '511');
insert into prereq values('533', '500');
insert into prereq values('311', '164');
insert into prereq values('961', '395');
insert into prereq values('507', '650');
insert into prereq values('781', '903');
insert into prereq values('341', '246');
insert into prereq values('233', '709');
insert into prereq values('906', '567');
insert into prereq values('474', '596');
insert into prereq values('324', '758');
insert into prereq values('812', '269');
insert into prereq values('772', '643');
insert into prereq values('365', '729');
insert into prereq values('139', '680');
insert into prereq values('693', '580');
insert into prereq values('904', '889');
insert into prereq values('245', '553');
insert into prereq values('293', '677');
insert into prereq values('507', '988');
insert into prereq values('353', '949');
insert into prereq values('855', '734');
